time,inter_arrival,pkt_size,ttl
0.0,0.0,1168,64
5e-05,5e-05,1168,64
5e-05,0.0,94,64
0.000322,0.000272,60,242
0.00116,0.000838,167,128
0.001306,0.00014600000000000008,67,51
0.001307,9.999999999999159e-07,60,242
0.005263,0.003956,60,241
0.005988,0.000725,167,128
0.006739,0.0007509999999999999,66,128
0.008991,0.0022520000000000005,265,128
0.009041,4.99999999999997e-05,167,52
0.009043,2.0000000000002655e-06,265,127
0.009839,0.0007959999999999998,78,53
0.009938,9.900000000000013e-05,78,53
0.010139,0.0002009999999999998,78,52
0.010924,0.0007849999999999992,60,128
0.010925,1.000000000001e-06,60,127
0.01111,0.0001849999999999994,60,243
0.011356,0.0002459999999999997,60,128
0.013185,0.0018290000000000008,60,128
0.013186,9.999999999992654e-07,60,128
0.013188,2.0000000000002655e-06,60,127
0.013189,9.999999999992654e-07,60,127
0.013448,0.00025900000000000055,60,128
0.01345,2.0000000000002655e-06,60,128
0.013451,9.999999999992654e-07,60,128
0.013452,1.000000000001e-06,60,127
0.013994,0.0005419999999999991,66,128
0.014056,6.200000000000129e-05,66,127
0.014123,6.699999999999935e-05,101,243
0.014634,0.0005109999999999993,167,52
0.014746,0.00011200000000000099,60,64
0.01486,0.00011399999999999952,60,128
0.014861,9.999999999992654e-07,60,128
0.014935,7.400000000000115e-05,60,128
0.014937,2.0000000000002655e-06,60,127
0.015202,0.0002649999999999996,78,255
0.015534,0.00033199999999999896,167,128
0.016841,0.0013069999999999991,60,128
0.017845,0.0010040000000000014,60,128
0.017847,1.9999999999985307e-06,60,128
0.018029,0.0001820000000000016,1414,242
0.018084,5.4999999999999494e-05,66,64
0.018289,0.00020500000000000032,167,51
0.018812,0.0005229999999999992,167,52
0.019282,0.00047000000000000167,1414,242
0.019333,5.099999999999896e-05,66,64
0.019494,0.00016100000000000142,1414,242
0.019495,9.999999999975306e-07,288,242
0.019698,0.0002030000000000018,1414,242
0.019699,1.000000000001e-06,167,52
0.019836,0.00013699999999999823,1414,242
0.01996,0.0001239999999999991,1414,242
0.01996,0.0,96,242
0.019962,2.000000000002e-06,85,242
0.020024,6.199999999999956e-05,91,52
0.02077,0.0007460000000000001,67,51
0.020772,1.9999999999985307e-06,60,128
0.021003,0.00023100000000000204,91,52
0.02174,0.0007369999999999981,167,52
0.022078,0.0003380000000000015,1168,64
0.022953,0.0008750000000000008,1168,64
0.022954,9.999999999975306e-07,1168,64
0.022955,1.000000000001e-06,145,64
0.024821,0.0018659999999999996,167,128
0.025257,0.00043600000000000236,265,128
0.025258,9.999999999975306e-07,167,128
0.02533,7.199999999999915e-05,265,127
0.025659,0.0003290000000000029,167,128
0.025978,0.00031899999999999984,91,128
0.026039,6.0999999999998555e-05,91,128
0.026095,5.6000000000000494e-05,91,128
0.027057,0.000962000000000001,78,63
0.027896,0.0008389999999999995,579,64
0.029337,0.0014409999999999978,60,128
0.02934,3.0000000000030003e-06,60,127
0.029434,9.399999999999686e-05,60,128
0.029435,1.000000000001e-06,60,127
0.029672,0.0002370000000000011,167,52
0.031862,0.002190000000000001,167,128
0.032049,0.00018699999999999967,60,128
0.03205,1.000000000001e-06,60,128
0.033237,0.0011870000000000006,167,128
0.035184,0.0019469999999999973,78,255
0.035792,0.0006079999999999974,60,128
0.035794,2.000000000002e-06,60,127
0.03679,0.0009960000000000038,98,128
0.036791,9.999999999940612e-07,60,128
0.036843,5.200000000000343e-05,98,127
0.036845,2.000000000002e-06,60,127
0.039811,0.0029659999999999964,167,128
0.040787,0.0009759999999999977,67,51
0.04093,0.00014300000000000423,1266,64
0.04143,0.0005000000000000004,1266,64
0.04143,0.0,637,64
0.043116,0.001686,67,64
0.046155,0.003039,167,128
0.053409,0.0072539999999999966,66,128
0.054034,0.0006250000000000006,67,64
0.055225,0.0011910000000000046,78,255
0.05554,0.00031499999999999584,167,48
0.056943,0.0014030000000000015,167,46
0.057172,0.00022900000000000004,167,128
0.059112,0.0019399999999999973,155,128
0.060372,0.0012600000000000042,60,128
0.060374,1.9999999999950613e-06,60,128
0.060375,1.000000000001e-06,60,128
0.060474,9.900000000000186e-05,167,52
0.061092,0.0006180000000000005,279,51
0.06141,0.00031799999999999884,60,128
0.061928,0.0005179999999999976,167,64
0.06227,0.000342000000000002,78,64
0.062582,0.0003119999999999998,66,128
0.062644,6.20000000000065e-05,66,127
0.062882,0.00023799999999998822,167,51
0.063001,0.00011900000000000799,60,128
0.063003,2.000000000002e-06,60,127
0.063778,0.0007749999999999979,66,128
0.065661,0.0018829999999999958,66,128
0.066584,0.0009230000000000071,78,49
0.066642,5.8000000000002494e-05,78,49
0.06686,0.00021799999999999597,73,128
0.071942,0.005082000000000003,60,128
0.073022,0.0010799999999999976,265,128
0.073093,7.100000000000162e-05,265,127
0.073584,0.0004909999999999914,334,128
0.075183,0.0015990000000000032,78,255
0.076075,0.0008920000000000039,1168,64
0.076531,0.0004559999999999981,1168,64
0.07658,4.899999999999349e-05,1168,64
0.076581,1.000000000001e-06,189,64
0.077081,0.0005000000000000004,167,128
0.077182,0.00010100000000000386,60,128
0.077243,6.1000000000005494e-05,60,127
0.077244,9.999999999871223e-07,60,128
0.077294,5.000000000000837e-05,60,127
0.077296,2.000000000002e-06,60,128
0.077364,6.799999999999862e-05,60,127
0.077899,0.0005349999999999938,60,128
0.078836,0.0009370000000000073,167,52
0.080366,0.0015300000000000036,60,128
0.080843,0.0004769999999999913,335,51
0.080844,1.000000000001e-06,167,46
0.081997,0.0011530000000000012,60,128
0.085388,0.003391000000000005,91,50
0.085994,0.0006059999999999954,91,52
0.086886,0.0008920000000000039,60,128
0.086888,2.000000000002e-06,60,128
0.087869,0.0009809999999999958,60,128
0.087871,2.000000000002e-06,60,128
0.090802,0.002930999999999989,167,128
0.091255,0.00045300000000000895,167,48
0.091257,2.000000000002e-06,66,51
0.091555,0.0002979999999999927,676,51
0.091556,1.000000000001e-06,66,51
0.091645,8.900000000000574e-05,66,64
0.091701,5.6000000000000494e-05,60,237
0.091903,0.00020199999999999385,60,128
0.091904,1.000000000001e-06,78,63
0.092003,9.900000000000186e-05,91,50
0.09209,8.700000000000374e-05,60,128
0.092142,5.1999999999996493e-05,91,51
0.092144,2.000000000002e-06,167,128
0.092239,9.499999999999786e-05,91,51
0.092546,0.0003070000000000017,483,242
0.092605,5.9000000000003494e-05,66,64
0.0928,0.00019499999999998685,60,243
0.092973,0.00017300000000000648,78,63
0.093028,5.4999999999999494e-05,66,64
0.093029,1.000000000001e-06,139,243
0.093137,0.00010799999999999699,357,64
0.093654,0.0005170000000000036,78,63
0.095018,0.001364000000000004,1139,64
0.095164,0.00014599999999999336,267,128
0.095215,5.099999999999549e-05,78,255
0.095651,0.00043600000000000583,167,128
0.095941,0.0002899999999999986,66,128
0.096013,7.200000000000262e-05,66,127
0.09688,0.0008669999999999928,60,128
0.096882,2.000000000002e-06,60,127
0.097133,0.0002510000000000012,67,64
0.097256,0.0001229999999999981,265,128
0.097328,7.200000000000262e-05,265,127
0.097924,0.0005959999999999993,167,51
0.09857,0.0006460000000000077,74,64
0.100754,0.0021839999999999915,67,51
0.101139,0.00038500000000001033,167,128
0.101382,0.00024299999999999322,60,128
0.101383,1.000000000001e-06,60,127
0.101479,9.599999999999886e-05,60,128
0.101481,2.000000000002e-06,60,127
0.101582,0.00010100000000000386,60,128
0.105715,0.004132999999999998,85,128
0.105857,0.00014200000000000323,167,52
0.105975,0.00011799999999999311,167,128
0.107078,0.0011030000000000068,92,128
0.10806,0.0009819999999999968,92,128
0.109204,0.0011439999999999922,167,52
0.112067,0.0028630000000000044,60,128
0.113427,0.00136,450,64
0.113842,0.0004149999999999987,78,63
0.114484,0.0006420000000000037,167,52
0.115186,0.0007019999999999943,78,255
0.115512,0.00032600000000000684,167,128
0.115894,0.00038199999999999346,85,64
0.117787,0.0018930000000000058,167,51
0.118404,0.0006169999999999926,67,64
0.118406,2.000000000002e-06,167,52
0.119488,0.0010819999999999996,167,52
0.120195,0.0007069999999999993,66,128
0.120261,6.60000000000105e-05,66,127
0.120508,0.0002469999999999972,60,128
0.120509,1.000000000001e-06,60,127
0.120593,8.400000000000074e-05,67,51
0.121616,0.0010229999999999961,167,52
0.121751,0.00013499999999999623,91,61
0.122735,0.0009839999999999988,91,61
0.127207,0.00447199999999999,74,64
0.127208,1.000000000001e-06,167,128
0.128564,0.0013560000000000239,167,128
0.12929,0.0007259999999999767,167,128
0.130641,0.0013510000000000189,60,241
0.130713,7.199999999998874e-05,265,128
0.130785,7.20000000000165e-05,265,127
0.130785,0.0,167,52
0.131764,0.0009789999999999799,167,128
0.133243,0.001479000000000008,167,128
0.134837,0.001594000000000012,60,128
0.134839,1.9999999999742446e-06,60,127
0.134941,0.00010200000000001874,60,128
0.134943,2.000000000002e-06,60,127
0.135552,0.0006089999999999984,60,243
0.136566,0.0010139999999999871,60,243
0.136751,0.00018500000000001848,60,243
0.137813,0.0010619999999999796,60,243
0.139892,0.0020789999999999975,1168,64
0.139893,1.000000000001e-06,167,128
0.140001,0.00010799999999999699,971,243
0.140321,0.0003200000000000147,60,128
0.140323,2.000000000002e-06,1168,64
0.140323,0.0,1168,64
0.140324,1.000000000001e-06,86,64
0.140526,0.00020200000000000773,131,128
0.14076,0.00023399999999998422,303,51
0.140832,7.20000000000165e-05,124,116
0.141755,0.0009229999999999794,66,128
0.141825,7.00000000000145e-05,66,127
0.141827,2.000000000002e-06,261,241
0.142659,0.0008319999999999994,60,128
0.142661,2.000000000002e-06,60,127
0.143064,0.0004029999999999867,265,128
0.143127,6.30000000000075e-05,1414,241
0.143128,1.000000000001e-06,102,241
0.143134,6.0000000000060005e-06,265,127
0.143572,0.00043799999999999395,60,128
0.144148,0.0005759999999999932,1414,241
0.144283,0.00013499999999999623,1414,241
0.144284,1.000000000001e-06,273,241
0.145132,0.0008480000000000154,60,128
0.146041,0.0009089999999999931,167,128
0.146043,2.000000000002e-06,1414,128
0.14609,4.699999999999149e-05,569,128
0.146225,0.00013499999999999623,1414,128
0.146341,0.00011600000000000499,1414,128
0.146408,6.70000000000115e-05,885,128
0.148684,0.0022760000000000002,60,128
0.148686,2.000000000002e-06,60,127
0.148687,1.000000000001e-06,60,128
0.148734,4.699999999999149e-05,60,127
0.151234,0.0025000000000000022,575,64
0.152365,0.0011309999999999931,66,241
0.152635,0.00026999999999999247,60,128
0.152987,0.00035200000000001896,279,128
0.153485,0.0004979999999999984,60,242
0.154511,0.0010259999999999991,78,241
0.154567,5.6000000000000494e-05,66,64
0.154917,0.0003499999999999892,192,64
0.155493,0.0005759999999999932,100,241
0.156332,0.0008390000000000064,608,128
0.15676,0.0004280000000000117,1414,242
0.156761,1.000000000001e-06,167,48
0.156762,1.000000000001e-06,91,128
0.157022,0.00025999999999998247,1414,242
0.157076,5.3999999999998494e-05,66,64
0.157257,0.00018100000000001448,167,128
0.157949,0.0006919999999999982,1414,242
0.158186,0.00023699999999998722,1414,242
0.15824,5.3999999999998494e-05,66,64
0.158292,5.1999999999996493e-05,1414,242
0.158599,0.0003070000000000017,60,128
0.158601,2.000000000002e-06,1414,242
0.158679,7.799999999999474e-05,66,64
0.158765,8.600000000000274e-05,1414,242
0.158987,0.00022199999999999998,1414,242
0.158987,0.0,376,242
0.159039,5.200000000002425e-05,66,64
0.159288,0.0002489999999999992,66,128
0.15935,6.199999999997874e-05,66,127
0.15997,0.0006200000000000094,60,128
0.159971,1.000000000001e-06,60,127
0.160366,0.00039500000000000646,265,128
0.160442,7.599999999999274e-05,265,127
0.160597,0.00015499999999998848,1414,242
0.160649,5.1999999999996493e-05,66,64
0.160725,7.60000000000205e-05,1414,242
0.160726,1.000000000001e-06,167,46
0.160727,1.000000000001e-06,167,52
0.160733,5.999999999978245e-06,67,51
0.160911,0.00017800000000001148,1180,242
0.160912,1.000000000001e-06,60,46
0.160965,5.2999999999997494e-05,66,64
0.161143,0.00017800000000001148,60,128
0.161382,0.00023899999999998922,74,50
0.16151,0.00012799999999998923,66,64
0.16195,0.0004400000000000237,67,64
0.162155,0.00020499999999998297,472,64
0.162908,0.0007530000000000037,66,128
0.162968,6.0000000000004494e-05,66,127
0.163074,0.00010599999999999499,167,51
0.164585,0.0015110000000000123,60,128
0.165921,0.0013360000000000039,60,128
0.165923,1.9999999999742446e-06,60,127
0.165924,1.000000000001e-06,60,128
0.165971,4.700000000001925e-05,60,127
0.165973,2.000000000002e-06,60,128
0.166037,6.399999999998074e-05,60,127
0.166573,0.0005360000000000087,60,128
0.167155,0.0005819999999999992,66,128
0.167215,6.0000000000004494e-05,66,127
0.167974,0.0007590000000000097,60,128
0.168032,5.799999999997474e-05,89,58
0.168034,2.000000000002e-06,60,127
0.168364,0.0003300000000000247,265,128
0.168436,7.199999999998874e-05,265,127
0.168817,0.00038099999999999246,103,128
0.168998,0.00018100000000001448,265,128
0.16907,7.199999999998874e-05,265,127
0.169071,1.000000000001e-06,60,243
0.170004,0.0009329999999999894,66,51
0.171167,0.0011630000000000251,60,255
0.172568,0.0014009999999999856,60,128
0.17257,2.000000000002e-06,60,128
0.172571,1.000000000001e-06,60,127
0.172637,6.60000000000105e-05,60,127
0.172746,0.00010899999999999799,67,64
0.172747,1.000000000001e-06,160,1
0.173473,0.0007259999999999767,66,128
0.173533,6.0000000000004494e-05,66,127
0.173591,5.8000000000002494e-05,64,128
0.174215,0.0006240000000000134,60,128
0.174216,1.000000000001e-06,60,127
0.174551,0.00033500000000000196,265,128
0.174622,7.099999999998774e-05,265,127
0.177113,0.0024909999999999932,167,128
0.177876,0.0007630000000000137,60,128
0.178885,0.0010089999999999821,167,52
0.180534,0.0016490000000000116,60,128
0.180535,1.000000000001e-06,60,127
0.180535,0.0,60,128
0.18058,4.499999999998949e-05,60,127
0.181031,0.00045100000000000695,66,128
0.181096,6.50000000000095e-05,66,127
0.181388,0.0002919999999999867,316,51
0.182,0.0006120000000000014,60,128
0.182002,2.000000000002e-06,60,127
0.18321,0.0012080000000000146,167,46
0.185927,0.002716999999999997,89,58
0.186625,0.0006980000000000042,60,128
0.186627,1.9999999999742446e-06,60,127
0.18709,0.00046300000000001895,60,128
0.187092,2.000000000002e-06,60,128
0.187093,1.000000000001e-06,60,127
0.187095,2.000000000002e-06,60,127
0.188016,0.0009209999999999774,60,48
0.190352,0.0023360000000000047,89,115
0.190613,0.0002610000000000112,167,64
0.190872,0.0002590000000000092,167,128
0.191088,0.00021599999999999397,60,128
0.191463,0.00037499999999998646,630,48
0.191464,1.000000000001e-06,265,128
0.191464,0.0,167,48
0.191539,7.499999999999174e-05,265,127
0.19154,1.000000000001e-06,60,64
0.192048,0.0005080000000000084,60,128
0.19205,2.000000000002e-06,60,128
0.192106,5.6000000000000494e-05,167,128
0.192198,9.200000000000874e-05,60,241
0.193375,0.0011769999999999836,60,241
0.193931,0.0005560000000000009,77,64
0.194952,0.0010209999999999941,139,242
0.195558,0.0006060000000000232,60,128
0.19556,2.000000000002e-06,60,127
0.195657,9.699999999998599e-05,60,128
0.19566,3.0000000000030003e-06,60,127
0.195753,9.300000000000974e-05,167,128
0.196276,0.0005229999999999957,1266,243
0.197208,0.0009319999999999884,832,243
0.197258,4.999999999999449e-05,99,243
0.197803,0.0005450000000000177,60,64
0.198295,0.0004919999999999924,167,51
0.198374,7.899999999999574e-05,60,64
0.198879,0.0005050000000000054,1514,50
0.199023,0.00014400000000000523,66,64
0.199506,0.00048299999999998344,1514,50
0.199595,8.900000000000574e-05,66,64
0.199645,4.999999999999449e-05,1514,50
0.199711,6.60000000000105e-05,66,64
0.199767,5.6000000000000494e-05,1514,50
0.199847,7.999999999999674e-05,66,64
0.20109,0.0012429999999999941,348,242
0.201148,5.8000000000002494e-05,167,128
0.201501,0.00035300000000001996,67,51
0.202359,0.0008579999999999977,1414,241
0.202414,5.4999999999999494e-05,66,64
0.202464,4.999999999999449e-05,1080,241
0.202464,0.0,183,241
0.202465,1.000000000001e-06,60,239
0.202466,1.000000000001e-06,66,64
0.202738,0.00027199999999999447,60,128
0.203212,0.0004740000000000022,97,128
0.203437,0.00022500000000000298,376,64
0.203514,7.699999999999374e-05,60,48
0.204545,0.0010310000000000041,78,63
0.205184,0.0006390000000000007,446,64
0.20535,0.00016599999999999948,167,52
0.205554,0.00020399999999998197,139,242
0.205715,0.00016100000000002224,78,63
0.205813,9.799999999998699e-05,78,63
0.205814,1.000000000001e-06,66,128
0.205924,0.00010999999999999899,60,128
0.20599,6.60000000000105e-05,167,128
0.206576,0.0005860000000000032,103,128
0.206792,0.00021599999999999397,78,63
0.207155,0.0003630000000000022,78,63
0.207507,0.0003519999999999912,78,255
0.209454,0.0019470000000000043,167,52
0.212349,0.0028950000000000087,509,241
0.212456,0.00010699999999999599,60,128
0.2153,0.0028439999999999854,1266,243
0.215531,0.00023100000000000898,167,128
0.216089,0.0005580000000000029,1168,64
0.21609,1.000000000001e-06,167,52
0.216383,0.0002929999999999877,1266,243
0.216572,0.00018899999999999473,1266,243
0.216622,5.000000000002225e-05,1168,64
0.216671,4.899999999999349e-05,1168,64
0.216672,1.000000000001e-06,242,64
0.216673,1.000000000001e-06,1266,243
0.216803,0.00012999999999999123,1266,243
0.216866,6.30000000000075e-05,60,128
0.216868,2.000000000002e-06,60,128
0.216916,4.799999999999249e-05,1266,243
0.217242,0.00032599999999999296,552,243
0.217357,0.00011500000000000399,103,243
0.217359,2.000000000002e-06,60,64
0.21746,0.00010099999999998999,100,243
0.218232,0.0007720000000000227,60,64
0.218334,0.00010199999999999099,167,51
0.218572,0.00023799999999998822,60,64
0.218836,0.0002640000000000142,167,52
0.219012,0.00017600000000000948,73,128
0.219013,1.000000000001e-06,73,128
0.219066,5.2999999999997494e-05,60,241
0.219067,1.000000000001e-06,73,128
0.219288,0.00022099999999999898,60,128
0.219395,0.00010699999999999599,60,128
0.219535,0.00014000000000000123,60,64
0.219744,0.00020899999999998697,60,128
0.219914,0.00017000000000000348,60,64
0.220114,0.00020000000000000573,167,52
0.220374,0.00025999999999998247,582,64
0.220723,0.00034900000000001596,60,128
0.221092,0.0003690000000000082,67,51
0.222213,0.0011209999999999831,167,52
0.224473,0.002260000000000012,78,48
0.224526,5.2999999999997494e-05,78,48
0.226131,0.0016049999999999953,167,128
0.227177,0.0010459999999999914,78,255
0.22873,0.0015529999999999988,82,128
0.228731,1.000000000001e-06,82,127
0.229246,0.0005150000000000154,167,128
0.22989,0.0006440000000000057,82,128
0.229892,2.000000000002e-06,82,127
0.230271,0.00037899999999999046,167,52
0.231758,0.0014869999999999883,167,128
0.231844,8.600000000000274e-05,138,128
0.231899,5.4999999999999494e-05,138,127
0.232624,0.0007250000000000034,82,128
0.232625,1.000000000001e-06,82,127
0.233233,0.0006079999999999974,167,128
0.233309,7.599999999999274e-05,138,128
0.233364,5.4999999999999494e-05,138,127
0.234208,0.0008440000000000114,89,56
0.234989,0.0007810000000000039,167,128
0.235106,0.00011700000000000599,82,128
0.235108,2.000000000002e-06,82,127
0.235367,0.00025899999999998147,138,128
0.235423,5.6000000000000494e-05,138,127
0.236315,0.0008920000000000039,74,64
0.236626,0.0003110000000000057,1345,50
0.236932,0.0003060000000000007,1266,64
0.237212,0.00028000000000000247,66,64
0.237315,0.00010299999999999199,115,64
0.237316,1.000000000001e-06,82,128
0.237392,7.599999999999274e-05,82,127
0.237393,1.000000000001e-06,60,242
0.237604,0.00021100000000001673,138,128
0.23766,5.6000000000000494e-05,138,127
0.237842,0.00018199999999998773,1168,64
0.237891,4.899999999999349e-05,1168,64
0.237892,1.000000000001e-06,1168,64
0.237892,0.0,630,64
0.238785,0.0008930000000000049,138,128
0.238786,1.000000000001e-06,138,128
0.238835,4.899999999999349e-05,138,127
0.238837,2.000000000002e-06,138,127
0.239869,0.0010320000000000051,167,128
0.240369,0.0005000000000000004,82,128
0.240371,2.000000000002e-06,82,127
0.240694,0.00032299999999998996,138,128
0.240751,5.7000000000001494e-05,138,127
0.240817,6.60000000000105e-05,233,51
0.240948,0.00013099999999999223,66,64
0.242097,0.0011490000000000111,60,240
0.242267,0.00017000000000000348,1410,64
0.242517,0.0002500000000000002,138,128
0.242572,5.4999999999999494e-05,138,127
0.242748,0.00017599999999998173,1514,128
0.242872,0.000124000000000013,1514,128
0.242921,4.899999999999349e-05,860,64
0.242921,0.0,138,128
0.242982,6.1000000000005494e-05,1334,128
0.243038,5.6000000000000494e-05,1514,127
0.243159,0.00012099999999998223,1514,127
0.243159,0.0,138,127
0.243332,0.00017300000000000648,1334,127
0.244508,0.0011760000000000104,60,243
0.245472,0.0009639999999999926,82,128
0.245473,1.000000000001e-06,60,241
0.24552,4.699999999999149e-05,82,127
0.245927,0.00040700000000001846,138,128
0.245982,5.4999999999999494e-05,138,127
0.246109,0.00012699999999998823,167,128
0.246162,5.2999999999997494e-05,1514,128
0.246442,0.00028000000000000247,1514,127
0.247058,0.0006160000000000054,60,128
0.24706,2.000000000002e-06,60,127
0.247255,0.00019500000000000073,78,255
0.248056,0.0008009999999999962,138,128
0.24811,5.3999999999998494e-05,138,127
0.248493,0.00038299999999999446,1514,128
0.248493,0.0,1514,128
0.248543,4.999999999999449e-05,1334,128
0.248628,8.500000000000174e-05,109,241
0.248782,0.00015400000000001524,1514,127
0.248905,0.00012299999999998423,1514,127
0.249014,0.00010900000000002574,1334,127
0.249209,0.00019500000000000073,1388,64
0.249328,0.00011899999999998023,1514,128
0.249452,0.000124000000000013,1514,128
0.249564,0.00011200000000000099,1334,128
0.249618,5.3999999999998494e-05,1514,127
0.249737,0.00011899999999998023,1514,127
0.249846,0.00010900000000002574,1334,127
0.251906,0.0020600000000000063,138,128
0.251962,5.6000000000000494e-05,138,127
0.252977,0.0010149999999999881,1514,128
0.253262,0.0002849999999999797,1514,127
0.253367,0.00010500000000002174,1334,128
0.25345,8.299999999999974e-05,73,112
0.253624,0.00017400000000000748,1334,127
0.253625,9.999999999732445e-07,82,128
0.253674,4.900000000002125e-05,82,127
0.254781,0.0011069999999999691,138,128
0.254835,5.3999999999998494e-05,138,127
0.255097,0.00026200000000004,60,128
0.255099,2.000000000002e-06,60,127
0.255162,6.299999999997974e-05,167,48
0.255945,0.0007829999999999782,1514,128
0.256069,0.000124000000000013,1514,128
0.256136,6.699999999998374e-05,138,128
0.256186,5.0000000000050004e-05,1334,128
0.256237,5.099999999996774e-05,1514,127
0.256356,0.00011899999999998023,1514,127
0.256356,0.0,138,127
0.256358,2.000000000002e-06,60,128
0.256478,0.00012000000000000899,1334,127
0.256478,0.0,60,127
0.257159,0.0006810000000000427,167,128
0.257161,1.999999999946489e-06,167,46
0.258756,0.001595000000000013,67,64
0.259126,0.00037000000000003697,1514,128
0.259249,0.00012299999999998423,1514,128
0.259356,0.00010699999999996823,1334,128
0.259413,5.700000000002925e-05,1514,127
0.259536,0.00012299999999998423,1514,127
0.259645,0.00010900000000002574,1334,127
0.259833,0.00018799999999996597,60,128
0.259835,2.000000000002e-06,60,127
0.259922,8.700000000000374e-05,1514,128
0.260045,0.00012300000000003974,1514,128
0.260045,0.0,60,128
0.260152,0.00010699999999996823,1334,128
0.260152,0.0,66,128
0.260214,6.20000000000065e-05,1514,127
0.260334,0.00012000000000000899,1514,127
0.260334,0.0,60,127
0.260406,7.20000000000165e-05,60,128
0.260456,4.999999999999449e-05,1334,127
0.260456,0.0,66,127
0.260457,9.999999999732445e-07,167,52
0.260462,5.000000000032756e-06,60,127
0.261046,0.0005839999999999734,67,51
0.261137,9.100000000000774e-05,60,128
0.261139,2.000000000002e-06,60,127
0.261365,0.00022600000000000398,89,48
0.262367,0.0010020000000000029,60,128
0.262369,2.000000000002e-06,60,127
0.262802,0.0004329999999999612,78,48
0.262855,5.300000000002525e-05,78,48
0.263033,0.00017800000000001148,60,128
0.263035,2.000000000002e-06,60,127
0.263293,0.00025799999999998047,167,51
0.263618,0.0003250000000000197,198,126
0.26512,0.0015020000000000033,60,128
0.265122,2.000000000002e-06,60,127
0.271225,0.0061029999999999696,265,128
0.271296,7.099999999998774e-05,265,127
0.273102,0.0018060000000000298,78,49
0.273237,0.00013499999999999623,66,64
0.27389,0.0006530000000000147,445,64
0.274432,0.0005419999999999869,60,243
0.275429,0.0009969999999999701,89,114
0.275538,0.00010900000000002574,60,128
0.275539,9.999999999732445e-07,60,127
0.275646,0.00010700000000002374,60,128
0.275648,2.000000000002e-06,60,127
0.275944,0.00029600000000001847,138,128
0.275999,5.499999999997174e-05,138,127
0.277269,0.0012699999999999934,167,128
0.277873,0.0006039999999999934,777,48
0.277993,0.00012000000000000899,60,64
0.27865,0.0006570000000000187,845,128
0.278859,0.00020900000000001473,1414,128
0.278859,0.0,167,46
0.278959,9.999999999998899e-05,167,52
0.278961,2.000000000002e-06,1414,128
0.27909,0.00012899999999999023,1414,128
0.279205,0.00011499999999997623,1414,128
0.279206,1.0000000000287557e-06,396,128
0.280296,0.0010899999999999799,72,64
0.280733,0.0004370000000000207,60,128
0.281193,0.00046000000000001595,82,51
0.281337,0.00014399999999997748,66,50
0.2831,0.0017630000000000146,60,128
0.288647,0.005546999999999969,167,64
0.288702,5.500000000002725e-05,78,255
0.28986,0.0011579999999999924,60,128
0.290773,0.0009129999999999971,167,128
0.291318,0.0005450000000000177,167,48
0.291821,0.0005029999999999757,60,128
0.292108,0.0002869999999999817,167,128
0.292821,0.0007130000000000192,60,128
0.29438,0.001558999999999977,66,128
0.294381,1.0000000000287557e-06,60,241
0.294428,4.700000000001925e-05,66,127
0.294716,0.00028799999999995496,60,128
0.295263,0.0005470000000000197,60,128
0.295265,2.000000000002e-06,60,127
0.295742,0.0004770000000000052,167,128
0.296278,0.0005359999999999809,74,64
0.298023,0.0017449999999999966,167,51
0.300983,0.002960000000000018,233,51
0.301188,0.00020500000000001073,167,128
0.301988,0.0007999999999999674,60,48
0.301989,1.0000000000287557e-06,67,64
0.302973,0.0009839999999999849,60,48
0.303157,0.00018400000000001748,60,128
0.303432,0.0002749999999999697,1414,241
0.3054,0.0019680000000000253,167,52
0.305605,0.00020500000000001073,265,128
0.305674,6.899999999998574e-05,265,127
0.305981,0.0003070000000000017,167,128
0.306789,0.0008079999999999754,78,253
0.309254,0.002464999999999995,167,52
0.309667,0.0004130000000000522,60,128
0.309669,2.000000000002e-06,60,127
0.310393,0.0007239999999999469,138,128
0.31045,5.700000000002925e-05,138,127
0.310451,9.999999999732445e-07,60,128
0.310453,2.000000000002e-06,60,127
0.3105,4.700000000001925e-05,60,128
0.310502,2.000000000002e-06,60,127
0.31128,0.0007780000000000009,73,128
0.311851,0.0005709999999999882,78,255
0.312246,0.0003950000000000342,74,64
0.313022,0.0007759999999999989,67,64
0.313201,0.00017899999999998473,60,112
0.31437,0.0011689999999999756,590,128
0.31437,0.0,1002,49
0.314501,0.00013099999999999223,590,127
0.314501,0.0,66,64
0.314957,0.00045600000000001195,167,52
0.315072,0.00011500000000003174,590,128
0.315144,7.199999999996098e-05,590,128
0.315201,5.700000000002925e-05,590,127
0.315202,9.999999999732445e-07,66,49
0.315275,7.300000000004525e-05,590,127
0.31551,0.00023499999999998522,590,128
0.315511,9.999999999732445e-07,167,128
0.315572,6.100000000003325e-05,590,128
0.315655,8.299999999999974e-05,590,127
0.315715,6.0000000000004494e-05,590,127
0.315716,9.999999999732445e-07,66,64
0.316024,0.00030800000000003047,590,128
0.316125,0.00010099999999996223,590,128
0.316126,1.0000000000287557e-06,590,127
0.316254,0.00012799999999996148,590,127
0.316494,0.00024000000000001798,502,128
0.316607,0.00011300000000002974,502,127
0.318235,0.0016279999999999628,167,51
0.319258,0.0010229999999999961,167,52
0.319388,0.000130000000000019,1248,128
0.319584,0.00019599999999997397,167,52
0.319638,5.3999999999998494e-05,60,128
0.319891,0.0002530000000000032,60,128
0.320331,0.00043999999999999595,60,128
0.320333,2.000000000002e-06,60,127
0.320483,0.000150000000000039,1216,128
0.321264,0.0007809999999999762,176,51
0.321371,0.00010700000000002374,138,128
0.32143,5.899999999997574e-05,138,127
0.321484,5.3999999999998494e-05,78,253
0.321789,0.0003049999999999997,167,52
0.32329,0.00150100000000003,138,128
0.323346,5.6000000000000494e-05,138,127
0.323566,0.00021999999999999797,66,128
0.323631,6.499999999998174e-05,66,127
0.323903,0.00027199999999999447,167,128
0.3241,0.00019700000000000273,66,128
0.324501,0.0004009999999999847,60,128
0.324502,1.0000000000287557e-06,60,127
0.324716,0.00021399999999999197,60,128
0.324722,6.0000000000060005e-06,60,128
0.324837,0.00011499999999997623,60,128
0.324839,2.000000000002e-06,60,127
0.324919,8.00000000000245e-05,183,52
0.324921,2.000000000002e-06,265,128
0.325005,8.399999999997299e-05,265,127
0.325104,9.900000000001574e-05,166,128
0.325162,5.8000000000002494e-05,166,127
0.325231,6.899999999998574e-05,167,128
0.325472,0.00024099999999999122,66,64
0.326206,0.0007340000000000124,167,128
0.327022,0.0008159999999999834,386,128
0.327023,1.0000000000287557e-06,60,50
0.327116,9.300000000000974e-05,386,127
0.327258,0.00014199999999997548,60,128
0.327795,0.0005370000000000097,60,128
0.327796,9.999999999732445e-07,60,127
0.328025,0.00022900000000003473,60,242
0.328106,8.099999999999774e-05,66,128
0.328789,0.0006829999999999892,210,128
0.32885,6.099999999997774e-05,210,127
0.329274,0.00042400000000003546,60,242
0.329491,0.00021699999999996722,60,242
0.329668,0.00017700000000003824,167,52
0.330251,0.0005830000000000002,150,128
0.330308,5.699999999997374e-05,150,127
0.331494,0.0011860000000000204,1514,128
0.331551,5.699999999997374e-05,746,128
0.33178,0.00022900000000003473,1514,127
0.331841,6.099999999997774e-05,746,127
0.331895,5.3999999999998494e-05,167,128
0.331896,1.0000000000287557e-06,171,51
0.331901,4.999999999977245e-06,60,128
0.331944,4.300000000001525e-05,60,127
0.332586,0.0006419999999999759,171,51
0.333307,0.0007210000000000272,167,128
0.333597,0.00028999999999995696,74,51
0.333724,0.00012700000000004374,66,64
0.3338,7.599999999996498e-05,171,51
0.334082,0.00028200000000000447,60,128
0.334083,1.0000000000287557e-06,60,127
0.334322,0.00023899999999998922,443,64
0.335077,0.0007550000000000057,1168,64
0.335458,0.0003809999999999647,60,128
0.33546,2.000000000002e-06,60,127
0.335508,4.799999999999249e-05,1168,64
0.335509,1.0000000000287557e-06,1168,64
0.335509,0.0,491,64
0.335862,0.0003529999999999922,78,255
0.336329,0.0004669999999999952,60,128
0.336331,2.000000000002e-06,60,127
0.33639,5.900000000003125e-05,60,128
0.336392,2.000000000002e-06,60,127
0.338424,0.0020319999999999783,502,255
0.338603,0.00017899999999998473,70,255
0.338782,0.00017900000000004024,74,64
0.339831,0.0010489999999999666,167,128
0.340593,0.0007619999999999849,167,64
0.340883,0.00029000000000001247,167,64
0.340982,9.900000000001574e-05,1280,128
0.341046,6.40000000000085e-05,60,128
0.341126,7.999999999996898e-05,67,51
0.341535,0.0004089999999999927,66,128
0.341594,5.900000000003125e-05,66,127
0.342436,0.0008420000000000094,60,128
0.342437,9.999999999732445e-07,60,127
0.342845,0.00040800000000001946,265,128
0.342916,7.099999999998774e-05,265,127
0.342917,1.0000000000287557e-06,66,64
0.346135,0.0032179999999999986,167,128
0.346868,0.0007329999999999837,60,128
0.34687,2.000000000002e-06,60,127
0.346924,5.3999999999998494e-05,155,128
0.346926,2.000000000002e-06,60,128
0.346997,7.099999999998774e-05,60,127
0.347185,0.00018800000000002148,78,255
0.347447,0.00026199999999998447,155,128
0.34814,0.0006929999999999992,66,128
0.3482,6.0000000000004494e-05,66,127
0.34892,0.0007199999999999984,117,127
0.349075,0.00015500000000001624,60,128
0.349076,9.999999999732445e-07,60,127
0.34946,0.00038399999999999546,265,128
0.349532,7.20000000000165e-05,265,127
0.349533,9.999999999732445e-07,60,243
0.349666,0.00013299999999999423,60,43
0.349734,6.80000000000125e-05,60,128
0.349862,0.000128000000000017,117,127
0.349864,2.000000000002e-06,60,128
0.350005,0.00014100000000000223,60,54
0.350121,0.00011600000000000499,60,54
0.350241,0.00012000000000000899,66,49
0.350447,0.00020599999999998397,117,127
0.351,0.0005529999999999702,117,127
0.351128,0.000128000000000017,117,127
0.351196,6.80000000000125e-05,60,240
0.351576,0.00037999999999999146,60,240
0.351862,0.00028600000000000847,129,64
0.352636,0.0007739999999999969,60,64
0.352954,0.00031799999999998496,60,64
0.353551,0.0005970000000000142,60,128
0.353552,9.999999999732445e-07,60,127
0.353553,1.0000000000287557e-06,60,128
0.353601,4.799999999999249e-05,60,127
0.353787,0.00018600000000001948,60,242
0.354018,0.00023099999999998122,60,128
0.354097,7.899999999999574e-05,123,64
0.354167,7.00000000000145e-05,60,128
0.354972,0.0008050000000000002,129,64
0.355033,6.099999999997774e-05,60,43
0.355361,0.00032799999999999496,167,48
0.35556,0.00019900000000000473,130,64
0.356139,0.0005789999999999962,167,46
0.356265,0.000126000000000015,78,253
0.3572,0.0009350000000000191,67,64
0.357262,6.20000000000065e-05,167,128
0.357736,0.00047399999999997444,60,128
0.358617,0.0008810000000000207,395,43
0.359614,0.0009969999999999701,395,42
0.360289,0.0006750000000000367,167,52
0.360595,0.00030599999999997296,67,51
0.360662,6.699999999998374e-05,60,128
0.361598,0.0009359999999999924,95,240
0.362633,0.0010350000000000081,95,240
0.362823,0.00019000000000002348,66,52
0.362892,6.899999999998574e-05,167,51
0.362956,6.40000000000085e-05,66,52
0.363926,0.0009700000000000264,131,64
0.365172,0.0012459999999999694,91,128
0.367205,0.002033000000000007,78,255
0.368134,0.0009290000000000131,66,128
0.368331,0.00019700000000000273,60,43
0.369204,0.0008729999999999571,85,51
0.369272,6.80000000000125e-05,85,128
0.369391,0.00011900000000003574,74,51
0.369514,0.00012299999999998423,66,64
0.37011,0.0005959999999999854,461,64
0.371208,0.0010979999999999879,507,51
0.371322,0.00011400000000000299,66,64
0.371996,0.0006740000000000079,66,51
0.372201,0.00020500000000001073,66,64
0.373071,0.0008699999999999819,395,43
0.37395,0.0008790000000000187,60,52
0.374009,5.899999999997574e-05,66,128
0.374067,5.8000000000002494e-05,866,64
0.374119,5.1999999999996493e-05,60,128
0.374321,0.00020200000000003548,866,253
0.374322,9.999999999732445e-07,66,128
0.374421,9.900000000001574e-05,66,127
0.374741,0.00031999999999998696,60,128
0.374743,2.000000000002e-06,60,127
0.37541,0.0006670000000000287,78,64
0.375891,0.0004809999999999537,60,128
0.37594,4.900000000002125e-05,1414,241
0.377129,0.0011889999999999956,167,128
0.377334,0.00020500000000001073,1414,241
0.377334,0.0,167,46
0.377575,0.00024099999999999122,1414,241
0.377715,0.000140000000000029,1414,241
0.377716,9.999999999732445e-07,117,241
0.377811,9.500000000001174e-05,60,128
0.37788,6.899999999998574e-05,605,241
0.378032,0.00015199999999998548,60,187
0.37816,0.000128000000000017,60,64
0.378692,0.0005319999999999769,60,128
0.378693,1.0000000000287557e-06,73,64
0.378757,6.40000000000085e-05,167,52
0.378828,7.099999999998774e-05,782,64
0.380055,0.001226999999999978,89,112
0.38044,0.0003850000000000242,66,128
0.380501,6.099999999997774e-05,66,127
0.380706,0.00020500000000001073,60,128
0.380708,2.000000000002e-06,60,127
0.380862,0.00015399999999998748,76,51
0.380928,6.60000000000105e-05,265,128
0.381,7.20000000000165e-05,265,127
0.381486,0.00048599999999998644,60,51
0.381692,0.00020599999999998397,60,51
0.383673,0.0019810000000000105,140,241
0.383674,1.0000000000287557e-06,66,64
0.384413,0.0007389999999999897,265,128
0.384483,7.00000000000145e-05,265,127
0.385195,0.0007119999999999904,60,128
0.385242,4.699999999996374e-05,1356,64
0.385243,1.0000000000287557e-06,60,128
0.385244,9.999999999732445e-07,60,127
0.385374,0.000130000000000019,60,127
0.386308,0.0009339999999999904,60,51
0.386515,0.00020700000000001273,60,128
0.387198,0.0006829999999999892,78,255
0.388639,0.0014410000000000256,60,128
0.388996,0.0003569999999999962,60,128
0.388997,9.999999999732445e-07,60,127
0.38932,0.0003230000000000177,60,128
0.389322,2.000000000002e-06,60,127
0.389378,5.6000000000000494e-05,60,128
0.38938,2.000000000002e-06,60,127
0.390075,0.0006950000000000012,60,128
0.390199,0.000124000000000013,107,61
0.390783,0.0005839999999999734,167,128
0.391208,0.0004250000000000087,297,112
0.391389,0.00018099999999998673,60,128
0.391664,0.0002750000000000252,167,48
0.392073,0.0004089999999999927,78,48
0.392075,2.000000000002e-06,167,128
0.392128,5.299999999996974e-05,78,48
0.394767,0.0026390000000000025,167,64
0.395426,0.0006590000000000207,78,253
0.395701,0.0002750000000000252,167,128
0.397929,0.0022279999999999522,95,240
0.398445,0.0005160000000000164,167,51
0.398893,0.00044800000000000395,66,128
0.398956,6.299999999997974e-05,66,127
0.399347,0.0003910000000000302,60,128
0.399348,9.999999999732445e-07,60,127
0.399728,0.00038000000000004697,265,128
0.399799,7.099999999998774e-05,265,127
0.400108,0.0003090000000000037,1168,64
0.400258,0.00014999999999998348,60,128
0.400314,5.6000000000000494e-05,60,128
0.400496,0.00018200000000001548,1168,64
0.400545,4.899999999996574e-05,1168,64
0.400545,0.0,725,64
0.400765,0.00021999999999999797,221,51
0.401181,0.00041600000000002746,167,128
0.40257,0.0013889999999999736,60,242
0.403769,0.0011990000000000056,60,128
0.403771,2.000000000002e-06,60,127
0.40407,0.0002989999999999937,60,128
0.404072,2.000000000002e-06,60,127
0.404127,5.500000000002725e-05,60,128
0.404129,2.000000000002e-06,60,127
0.40506,0.0009309999999999596,70,253
0.405348,0.00028800000000001047,167,52
0.405987,0.0006390000000000007,167,128
0.405989,2.000000000002e-06,60,128
0.406113,0.000124000000000013,78,253
0.407202,0.0010890000000000066,78,255
0.40726,5.8000000000002494e-05,334,128
0.40855,0.0012900000000000134,66,51
0.408876,0.00032599999999999296,167,52
0.412758,0.0038819999999999966,60,242
0.412995,0.00023699999999998722,60,128
0.414633,0.0016379999999999728,167,52
0.414634,1.0000000000287557e-06,66,128
0.414704,7.00000000000145e-05,66,127
0.414757,5.299999999996974e-05,60,242
0.4155,0.0007429999999999937,60,128
0.415501,1.0000000000287557e-06,60,127
0.415502,9.999999999732445e-07,167,128
0.415787,0.0002850000000000352,265,128
0.415859,7.199999999996098e-05,265,127
0.416137,0.00027800000000000047,60,128
0.417161,0.0010240000000000249,438,50
0.417286,0.00012499999999998623,60,64
0.417783,0.0004970000000000252,167,51
0.418264,0.0004810000000000092,60,50
0.418471,0.00020699999999995722,60,64
0.419034,0.0005630000000000357,167,52
0.419556,0.0005219999999999669,66,128
0.419614,5.8000000000002494e-05,66,127
0.419834,0.00021999999999999797,167,52
0.420161,0.0003270000000000217,67,64
0.420345,0.00018400000000001748,60,128
0.420347,2.000000000002e-06,60,127
0.420502,0.00015499999999996072,60,128
0.420504,2.000000000002e-06,60,127
0.420844,0.00034000000000000696,78,48
0.420902,5.8000000000002494e-05,265,128
0.420903,1.0000000000287557e-06,188,51
0.420976,7.299999999998974e-05,265,127
0.421122,0.00014599999999997948,60,128
0.421124,2.000000000002e-06,60,128
0.421125,1.0000000000287557e-06,60,127
0.421126,9.999999999732445e-07,60,127
0.421316,0.00019000000000002348,78,48
0.421373,5.699999999997374e-05,78,48
0.421714,0.0003409999999999802,89,112
0.421886,0.00017200000000000548,167,52
0.422681,0.0007949999999999902,60,128
0.422683,2.000000000002e-06,91,48
0.423442,0.0007590000000000097,60,64
0.423675,0.00023300000000003873,91,128
0.423677,2.000000000002e-06,167,128
0.423737,5.999999999994898e-05,60,242
0.42395,0.00021300000000001873,60,128
0.423951,1.0000000000287557e-06,91,128
0.424229,0.00027800000000000047,91,128
0.424478,0.0002489999999999992,91,128
0.425252,0.0007739999999999969,60,128
0.425255,2.9999999999752447e-06,167,128
0.425256,1.0000000000287557e-06,60,127
0.425347,9.099999999995223e-05,60,128
0.425349,2.000000000002e-06,60,127
0.425557,0.00020800000000004149,167,128
0.427842,0.0022849999999999815,66,51
0.427959,0.00011699999999997823,283,128
0.428722,0.0007630000000000137,60,128
0.428723,1.0000000000287557e-06,60,127
0.42897,0.0002469999999999972,60,128
0.428971,9.999999999732445e-07,60,127
0.429693,0.0007220000000000004,167,52
0.429869,0.00017600000000000948,187,128
0.430211,0.00034200000000000896,78,253
0.430293,8.199999999997098e-05,60,114
0.430415,0.00012200000000001099,60,114
0.43132,0.0009049999999999891,60,128
0.431695,0.0003750000000000142,167,128
0.432284,0.0005890000000000062,1414,241
0.433272,0.0009879999999999889,1414,241
0.433272,0.0,167,128
0.433326,5.3999999999998494e-05,66,64
0.433601,0.0002750000000000252,138,128
0.433655,5.3999999999998494e-05,138,127
0.433713,5.8000000000002494e-05,60,128
0.435086,0.0013729999999999576,60,128
0.435088,2.000000000002e-06,60,127
0.435317,0.00022900000000003473,676,51
0.435436,0.00011899999999998023,66,64
0.435632,0.00019600000000002948,60,128
0.436217,0.0005850000000000022,66,51
0.43645,0.00023299999999998322,60,126
0.436865,0.0004149999999999987,66,64
0.436961,9.599999999998499e-05,60,128
0.436962,1.0000000000287557e-06,60,127
0.439871,0.002908999999999995,167,128
0.440309,0.00043799999999999395,67,64
0.44073,0.0004210000000000047,67,51
0.441324,0.0005939999999999834,752,128
0.442131,0.0008070000000000022,60,237
0.442377,0.000246000000000024,60,128
0.4425,0.00012299999999998423,60,128
0.443289,0.0007889999999999842,60,116
0.443497,0.00020799999999998597,60,116
0.443821,0.0003240000000000465,60,241
0.443913,9.199999999998099e-05,66,128
0.443979,6.60000000000105e-05,66,127
0.444043,6.40000000000085e-05,60,128
0.444044,9.999999999732445e-07,60,127
0.444317,0.0002730000000000232,60,128
0.444719,0.00040199999999995795,66,128
0.444783,6.40000000000085e-05,66,127
0.444857,7.40000000000185e-05,60,128
0.444858,9.999999999732445e-07,60,127
0.445266,0.00040800000000001946,265,128
0.445339,7.299999999998974e-05,265,127
0.445651,0.00031200000000003447,60,128
0.445653,2.000000000002e-06,60,127
0.446052,0.0003989999999999827,265,128
0.446123,7.099999999998774e-05,265,127
0.446124,1.0000000000287557e-06,167,128
0.446833,0.0007089999999999597,60,128
0.446835,2.000000000002e-06,60,127
0.446901,6.60000000000105e-05,73,128
0.447992,0.0010910000000000086,78,253
0.448779,0.0007869999999999822,66,128
0.448837,5.8000000000002494e-05,66,127
0.4497,0.0008630000000000027,60,128
0.449702,2.000000000002e-06,60,128
0.449706,4.000000000004e-06,60,127
0.449707,1.0000000000287557e-06,60,127
0.449799,9.199999999998099e-05,60,128
0.449801,2.000000000002e-06,60,127
0.450081,0.00028000000000000247,265,128
0.450152,7.099999999998774e-05,265,127
0.451477,0.0013250000000000206,66,128
0.451541,6.40000000000085e-05,66,127
0.452304,0.0007629999999999582,1414,128
0.452305,1.0000000000287557e-06,521,128
0.452353,4.799999999999249e-05,60,128
0.452473,0.00012000000000000899,1414,128
0.452523,4.999999999999449e-05,167,46
0.452525,2.000000000002e-06,60,127
0.452587,6.20000000000065e-05,1414,128
0.452703,0.00011600000000000499,1414,128
0.4528,9.699999999995823e-05,1219,128
0.453006,0.00020600000000003948,60,128
0.453007,9.999999999732445e-07,60,127
0.454538,0.0015310000000000046,167,48
0.45454,2.000000000002e-06,60,128
0.454592,5.1999999999996493e-05,60,127
0.455146,0.0005539999999999989,107,61
0.455804,0.0006579999999999919,60,243
0.455864,6.0000000000004494e-05,60,128
0.455865,1.0000000000287557e-06,60,127
0.455934,6.899999999998574e-05,60,51
0.455998,6.40000000000085e-05,60,128
0.455999,9.999999999732445e-07,60,127
0.456067,6.80000000000125e-05,73,112
0.456757,0.0006900000000000239,60,50
0.457236,0.0004789999999999517,167,128
0.460289,0.003053000000000028,167,52
0.460443,0.00015399999999998748,66,128
0.460772,0.0003290000000000237,67,51
0.460821,4.899999999996574e-05,1168,64
0.461065,0.00024400000000002198,60,128
0.461066,9.999999999732445e-07,60,128
0.461067,1.0000000000287557e-06,60,127
0.461069,2.000000000002e-06,60,128
0.461139,7.00000000000145e-05,60,127
0.461289,0.00014999999999998348,1168,64
0.461338,4.900000000002125e-05,1168,64
0.461339,9.999999999732445e-07,126,64
0.461796,0.0004569999999999852,91,53
0.462487,0.0006909999999999972,265,128
0.462559,7.20000000000165e-05,265,127
0.462768,0.00020900000000001473,91,52
0.462978,0.00020999999999998797,91,51
0.463166,0.00018800000000002148,167,51
0.463798,0.0006319999999999659,91,52
0.463991,0.00019299999999999873,78,244
0.464769,0.0007780000000000009,66,64
0.465036,0.0002670000000000172,60,128
0.465038,2.000000000002e-06,60,127
0.465245,0.00020700000000001273,866,64
0.466375,0.0011299999999999644,78,253
0.466717,0.00034200000000000896,60,128
0.466806,8.900000000000574e-05,60,128
0.466857,5.100000000002325e-05,60,127
0.466858,9.999999999732445e-07,60,128
0.466974,0.00011600000000000499,60,127
0.466975,9.999999999732445e-07,60,127
0.467279,0.00030400000000002647,115,45
0.467377,9.799999999998699e-05,95,45
0.467487,0.00010999999999999899,60,45
0.467488,1.0000000000287557e-06,66,128
0.467583,9.500000000001174e-05,66,127
0.467687,0.00010399999999999299,60,128
0.467899,0.00021199999999998997,60,128
0.467901,2.000000000002e-06,60,127
0.468089,0.00018799999999996597,60,128
0.468297,0.00020800000000004149,265,128
0.468368,7.099999999998774e-05,265,127
0.469215,0.0008469999999999867,91,128
0.469217,2.000000000002e-06,91,128
0.469302,8.500000000000174e-05,91,128
0.469461,0.00015900000000002024,235,243
0.469619,0.00015799999999999148,66,128
0.469678,5.899999999997574e-05,66,127
0.469875,0.00019700000000000273,60,128
0.469877,2.000000000002e-06,60,127
0.469936,5.900000000003125e-05,135,42
0.470055,0.00011899999999998023,66,64
0.470114,5.899999999997574e-05,265,128
0.470185,7.100000000004325e-05,265,127
0.470346,0.00016099999999996673,1514,42
0.470462,0.00011600000000000499,66,64
0.470639,0.00017699999999998273,1514,42
0.470697,5.8000000000002494e-05,695,42
0.470697,0.0,66,64
0.470777,8.00000000000245e-05,66,64
0.470863,8.599999999997499e-05,1431,42
0.470955,9.20000000000365e-05,66,64
0.471754,0.0007989999999999942,187,51
0.472047,0.0002929999999999877,60,128
0.472348,0.0003009999999999957,187,51
0.472531,0.00018299999999998873,60,128
0.472738,0.00020700000000001273,60,128
0.47274,2.000000000002e-06,60,128
0.472741,1.0000000000287557e-06,60,127
0.472806,6.499999999998174e-05,60,127
0.472808,2.000000000002e-06,60,128
0.47287,6.20000000000065e-05,60,127
0.473352,0.00048199999999998244,60,51
0.47357,0.00021799999999999597,60,128
0.475632,0.0020620000000000083,60,128
0.475722,8.999999999997899e-05,932,241
0.475723,1.0000000000287557e-06,167,46
0.47679,0.0010669999999999846,60,128
0.476792,2.000000000002e-06,60,127
0.476866,7.40000000000185e-05,60,128
0.476867,9.999999999732445e-07,60,127
0.477044,0.00017700000000003824,60,48
0.477147,0.00010299999999996423,167,128
0.478312,0.0011650000000000271,160,1
0.478827,0.0005149999999999877,167,52
0.479127,0.00030000000000002247,66,128
0.479175,4.799999999999249e-05,1135,64
0.479176,9.999999999732445e-07,66,127
0.480087,0.0009109999999999951,60,128
0.480088,1.0000000000287557e-06,206,126
0.480089,9.999999999732445e-07,60,127
0.480237,0.000148000000000037,60,126
0.480397,0.00015999999999999348,206,126
0.480492,9.499999999995623e-05,206,126
0.480494,2.000000000002e-06,265,128
0.480494,0.0,60,126
0.480592,9.80000000000425e-05,265,127
0.480592,0.0,76,51
0.480706,0.00011400000000000299,60,128
0.480885,0.00017899999999998473,60,128
0.48123,0.0003449999999999842,60,128
0.481347,0.00011700000000003374,60,128
0.4822,0.0008529999999999927,60,126
0.482387,0.00018699999999999273,60,128
0.482452,6.499999999998174e-05,206,126
0.482544,9.199999999998099e-05,206,126
0.482546,2.000000000002e-06,77,64
0.482594,4.8000000000048004e-05,60,126
0.482676,8.199999999997098e-05,60,126
0.482832,0.00015599999999998948,206,126
0.482834,2.000000000002e-06,60,126
0.483004,0.00017000000000000348,206,126
0.483005,1.0000000000287557e-06,60,128
0.483006,9.999999999732445e-07,60,126
0.483137,0.00013099999999999223,187,128
0.483187,4.999999999999449e-05,60,128
0.483237,5.0000000000050004e-05,206,126
0.483238,9.999999999732445e-07,60,126
0.483239,9.999999999732445e-07,60,128
0.483495,0.000256000000000034,206,126
0.483496,9.999999999732445e-07,60,128
0.483548,5.1999999999996493e-05,60,126
0.483665,0.00011700000000003374,60,128
0.483666,9.999999999732445e-07,60,128
0.483718,5.1999999999996493e-05,206,126
0.48372,2.000000000002e-06,60,126
0.483852,0.000132000000000021,60,128
0.483902,4.999999999999449e-05,60,128
0.483904,2.000000000002e-06,206,126
0.483957,5.300000000002525e-05,60,126
0.484082,0.00012499999999998623,60,128
0.484082,0.0,206,126
0.484134,5.1999999999996493e-05,60,126
0.484135,9.999999999732445e-07,60,128
0.484135,0.0,450,64
0.484277,0.000142000000000031,206,126
0.484336,5.899999999997574e-05,60,128
0.484425,8.900000000000574e-05,60,126
0.484426,1.0000000000287557e-06,60,128
0.484586,0.00015999999999999348,60,128
0.484587,9.999999999732445e-07,206,126
0.484636,4.900000000002125e-05,60,128
0.484637,9.999999999732445e-07,60,127
0.484638,1.0000000000287557e-06,60,126
0.484639,9.999999999732445e-07,60,127
0.484695,5.6000000000000494e-05,60,128
0.484812,0.00011700000000003374,206,126
0.484814,2.000000000002e-06,60,126
0.484888,7.399999999996298e-05,60,128
0.485088,0.00020000000000003348,60,128
0.485154,6.599999999995498e-05,206,126
0.485155,1.0000000000287557e-06,60,126
0.485204,4.900000000002125e-05,60,128
0.485391,0.00018699999999999273,60,128
0.485392,9.999999999732445e-07,60,128
0.485447,5.500000000002725e-05,60,128
0.48545,2.9999999999752447e-06,206,126
0.485584,0.000134000000000023,60,126
0.485635,5.099999999996774e-05,60,128
0.485692,5.700000000002925e-05,206,126
0.485693,9.999999999732445e-07,60,128
0.485792,9.900000000001574e-05,206,126
0.485793,9.999999999732445e-07,60,126
0.485881,8.80000000000325e-05,60,126
0.486033,0.00015199999999998548,206,126
0.486034,1.0000000000287557e-06,60,126
0.486196,0.00016199999999999548,60,128
0.486198,2.000000000002e-06,206,126
0.48625,5.1999999999996493e-05,60,128
0.48625,0.0,60,128
0.486374,0.00012399999999995748,60,126
0.486519,0.00014500000000000624,60,128
0.486521,2.000000000002e-06,206,126
0.486579,5.8000000000002494e-05,60,126
0.486636,5.700000000002925e-05,60,128
0.486803,0.00016699999999997273,60,128
0.486804,1.0000000000287557e-06,206,126
0.486877,7.299999999998974e-05,60,128
0.486878,9.999999999732445e-07,60,128
0.486879,1.0000000000287557e-06,60,128
0.487092,0.00021300000000001873,206,126
0.487094,2.000000000002e-06,60,126
0.487095,9.999999999732445e-07,60,126
0.487096,9.999999999732445e-07,60,128
0.487206,0.00010999999999999899,60,128
0.487268,6.20000000000065e-05,206,126
0.487552,0.00028400000000000647,60,128
0.487728,0.00017600000000000948,60,128
0.48787,0.000142000000000031,60,128
0.487875,4.999999999977245e-06,60,128
0.48814,0.0002650000000000152,60,128
0.488141,9.999999999732445e-07,60,128
0.488474,0.0003330000000000277,60,126
0.48865,0.00017599999999995397,60,128
0.488747,9.700000000001374e-05,206,126
0.488842,9.500000000001174e-05,60,126
0.488843,1.0000000000287557e-06,60,128
0.489013,0.00016999999999994797,206,126
0.489014,1.0000000000287557e-06,60,126
0.489196,0.00018200000000001548,60,128
0.489433,0.00023699999999998722,60,128
0.489487,5.3999999999998494e-05,60,128
0.489709,0.00022199999999999998,60,128
0.490766,0.0010569999999999746,167,128
0.491024,0.000258000000000036,60,128
0.491214,0.00018999999999996797,167,48
0.492085,0.0008710000000000107,167,128
0.493623,0.0015379999999999838,67,64
0.493898,0.0002750000000000252,167,64
0.494522,0.0006240000000000134,60,51
0.494687,0.00016499999999997073,60,128
0.495741,0.0010539999999999994,167,128
0.497353,0.0016120000000000023,60,128
0.497614,0.0002610000000000112,74,64
0.498386,0.0007719999999999949,266,241
0.498387,1.0000000000287557e-06,167,51
0.498456,6.899999999998574e-05,78,253
0.498457,9.999999999732445e-07,66,51
0.499568,0.0011110000000000286,60,241
0.49981,0.00024199999999996447,78,52
0.499867,5.700000000002925e-05,78,51
0.499869,2.000000000002e-06,78,253
0.499874,4.999999999977245e-06,78,52
0.500303,0.0004290000000000682,60,241
0.50043,0.00012699999999998823,60,241
0.501114,0.0006839999999999069,167,128
0.501177,6.300000000003525e-05,67,51
0.505726,0.004549000000000025,167,52
0.506007,0.0002809999999999757,167,128
0.506009,2.0000000000575113e-06,66,242
0.50609,8.099999999999774e-05,91,128
0.506091,9.999999999177334e-07,91,128
0.506092,1.0000000000287557e-06,91,128
0.506315,0.00022299999999997322,60,128
0.506669,0.0003540000000000765,768,128
0.50684,0.00017099999999992122,279,128
0.507123,0.0002830000000000332,60,128
0.508394,0.0012710000000000221,60,45
0.508975,0.0005809999999999427,167,52
0.509316,0.0003410000000000357,91,50
0.509515,0.00019900000000006024,91,51
0.509648,0.00013299999999993872,91,51
0.510185,0.0005370000000000097,78,53
0.510389,0.00020399999999998197,78,53
0.51062,0.00023099999999998122,78,52
0.514506,0.003886000000000056,167,52
0.514606,9.999999999998899e-05,60,51
0.514945,0.0003389999999999782,66,64
0.51515,0.00020500000000001073,1514,128
0.515151,1.0000000000287557e-06,60,128
0.515569,0.00041800000000002946,167,128
0.516236,0.0006669999999999732,1168,64
0.517352,0.0011160000000000059,1168,64
0.517353,9.999999999177334e-07,1020,64
0.517861,0.000508000000000064,167,51
0.518631,0.0007699999999999374,167,52
0.519424,0.0007930000000000437,167,52
0.520816,0.0013919999999999488,240,51
0.521611,0.0007950000000001012,167,52
0.523715,0.0021039999999999948,187,51
0.525242,0.001526999999999945,60,128
0.525244,2.0000000000575113e-06,60,127
0.525902,0.0006579999999999364,167,128
0.526244,0.0003420000000000645,167,128
0.527023,0.0007789999999999742,1514,54
0.527719,0.0006960000000000299,1514,54
0.527891,0.00017199999999994997,60,128
0.527996,0.00010500000000002174,60,128
0.528466,0.00046999999999997044,1514,54
0.528649,0.00018300000000004424,187,51
0.529135,0.00048599999999998644,70,126
0.52949,0.0003549999999999942,1414,242
0.529546,5.599999999994498e-05,66,64
0.529667,0.00012100000000003774,1414,242
0.529718,5.100000000002325e-05,66,64
0.529918,0.00019999999999997797,167,52
0.531571,0.0016530000000000156,74,50
0.531678,0.00010699999999996823,66,64
0.531759,8.099999999999774e-05,167,128
0.532368,0.0006089999999999707,472,64
0.532585,0.00021700000000002273,60,61
0.533306,0.0007209999999999717,167,128
0.534263,0.0009570000000000967,60,128
0.537221,0.002957999999999905,1168,64
0.537685,0.00046400000000001995,1168,64
0.537735,4.999999999999449e-05,1168,64
0.537735,0.0,253,64
0.539871,0.0021360000000000268,167,128
0.540783,0.0009120000000000239,67,51
0.542029,0.0012459999999999694,66,128
0.542085,5.6000000000056005e-05,66,128
0.542193,0.00010799999999999699,66,128
0.542885,0.0006919999999999149,261,241
0.543088,0.00020300000000006424,103,64
0.543431,0.0003429999999999822,1434,128
0.543515,8.399999999997299e-05,103,64
0.543516,1.0000000000287557e-06,1082,128
0.543516,0.0,103,64
0.545016,0.0014999999999999458,154,128
0.545073,5.700000000008476e-05,154,127
0.546147,0.0010740000000000194,167,128
0.546893,0.0007459999999999134,66,128
0.546895,2.0000000000575113e-06,66,128
0.547028,0.00013299999999993872,66,128
0.547156,0.000128000000000017,66,128
0.547262,0.0001060000000000505,66,128
0.547701,0.0004389999999999672,187,128
0.548172,0.0004709999999999992,60,242
0.549147,0.0009750000000000592,66,128
0.549266,0.00011899999999998023,889,128
0.549267,9.999999999177334e-07,91,128
0.550685,0.0014180000000000303,60,118
0.550946,0.00026100000000006673,91,50
0.552459,0.0015129999999999866,167,46
0.555635,0.0031759999999999566,167,48
0.555637,2.0000000000575113e-06,66,128
0.555735,9.799999999993148e-05,66,127
0.556616,0.0008810000000000207,60,128
0.556617,1.0000000000287557e-06,411,244
0.556618,9.999999999177334e-07,60,127
0.557015,0.0003970000000000917,265,128
0.557086,7.099999999993223e-05,265,127
0.557206,0.00012000000000000899,167,128
0.557414,0.00020799999999998597,66,64
0.557606,0.000192000000000081,91,51
0.557812,0.00020599999999992846,91,51
0.558326,0.0005140000000000144,60,128
0.55895,0.0006239999999999579,1414,242
0.559091,0.00014100000000005775,1414,242
0.55919,9.899999999996023e-05,67,64
0.559192,2.0000000000575113e-06,1414,242
0.559192,0.0,66,54
0.559842,0.0006499999999999284,60,128
0.560283,0.0004410000000000247,60,128
0.560348,6.499999999998174e-05,60,128
0.560406,5.8000000000002494e-05,167,52
0.561073,0.0006670000000000842,217,51
0.56181,0.0007369999999999877,60,128
0.562398,0.0005879999999999219,1342,64
0.563041,0.0006430000000000602,167,51
0.5631,5.900000000003125e-05,60,128
0.563102,1.999999999946489e-06,60,127
0.564945,0.001843000000000039,66,54
0.565215,0.00026999999999999247,60,128
0.565737,0.0005220000000000224,465,128
0.566049,0.00031199999999997896,143,242
0.567271,0.0012219999999999454,1514,54
0.567271,0.0,287,128
0.567488,0.00021700000000002273,60,128
0.567489,1.0000000000287557e-06,1514,54
0.567555,6.60000000000105e-05,685,54
0.567786,0.00023099999999998122,60,128
0.568152,0.00036599999999997745,78,49
0.568253,0.00010100000000001774,78,49
0.570212,0.001959000000000044,66,49
0.570476,0.00026399999999993096,60,128
0.571074,0.0005979999999999874,258,128
0.571236,0.00016199999999999548,66,49
0.571438,0.00020200000000003548,66,49
0.571544,0.0001060000000000505,66,49
0.571679,0.00013499999999999623,66,49
0.571794,0.00011499999999997623,60,51
0.572109,0.0003149999999999542,60,128
0.57211,1.0000000000287557e-06,60,128
0.572112,1.999999999946489e-06,60,128
0.572113,1.0000000000287557e-06,60,128
0.572463,0.0003500000000000725,630,48
0.572567,0.00010399999999999299,60,64
0.572568,9.999999999177334e-07,60,128
0.572663,9.500000000006725e-05,258,128
0.572944,0.0002809999999999757,1514,50
0.572945,1.0000000000287557e-06,258,128
0.573056,0.00011099999999997223,66,64
0.57326,0.00020399999999998197,258,128
0.573542,0.00028200000000000447,258,128
0.574068,0.0005260000000000264,1514,50
0.574163,9.499999999995623e-05,66,64
0.574213,4.999999999999449e-05,1514,50
0.574273,6.0000000000060005e-05,66,64
0.575003,0.0007300000000000084,167,46
0.575991,0.0009879999999999889,1514,50
0.576106,0.00011499999999997623,66,64
0.577167,0.0010609999999999786,167,128
0.577692,0.0005249999999999977,73,112
0.578803,0.0011109999999999731,167,52
0.579121,0.00031800000000004047,91,128
0.580363,0.0012419999999999654,72,64
0.580438,7.500000000004725e-05,82,242
0.580492,5.3999999999998494e-05,66,64
0.580711,0.00021899999999996922,81,51
0.580846,0.00013499999999999623,60,126
0.580944,9.80000000000425e-05,60,128
0.580945,1.0000000000287557e-06,60,126
0.580947,1.999999999946489e-06,60,127
0.581015,6.799999999995698e-05,60,128
0.581017,2.0000000000575113e-06,60,127
0.581111,9.40000000000385e-05,60,128
0.581112,9.999999999177334e-07,60,127
0.581845,0.0007329999999999837,60,126
0.581949,0.00010400000000010401,60,126
0.582046,9.699999999990272e-05,60,126
0.582364,0.00031800000000004047,446,64
0.582757,0.0003929999999999767,1148,64
0.582951,0.00019400000000002748,60,126
0.583051,9.999999999998899e-05,60,126
0.583185,0.00013399999999996748,60,126
0.583292,0.00010700000000007925,60,126
0.583392,9.999999999998899e-05,60,126
0.58361,0.00021799999999994046,103,50
0.583748,0.0001380000000000825,103,52
0.583883,0.00013499999999999623,103,50
0.584325,0.00044199999999994244,60,54
0.584464,0.00013900000000000023,66,64
0.584739,0.0002750000000000252,66,128
0.584804,6.499999999998174e-05,66,127
0.585017,0.00021300000000001873,218,54
0.585672,0.0006549999999999612,60,128
0.585674,2.0000000000575113e-06,66,64
0.585675,9.999999999177334e-07,60,127
0.585995,0.000320000000000098,66,45
0.586053,5.8000000000002494e-05,66,64
0.58611,5.699999999997374e-05,60,45
0.586223,0.00011300000000002974,91,45
0.587049,0.0008259999999999934,187,51
0.587268,0.00021899999999996922,60,128
0.5889,0.0016319999999999668,60,126
0.588997,9.700000000001374e-05,60,126
0.589089,9.199999999998099e-05,60,126
0.589181,9.199999999998099e-05,60,126
0.589272,9.100000000006325e-05,60,126
0.589569,0.0002969999999999917,187,51
0.589763,0.00019400000000002748,60,128
0.590439,0.0006760000000000099,273,128
0.590752,0.0003130000000000077,167,128
0.591166,0.00041399999999991444,167,48
0.591576,0.00041000000000002146,167,64
0.592073,0.0004969999999999697,167,128
0.592611,0.0005380000000000384,60,126
0.592717,0.0001060000000000505,60,126
0.592817,9.999999999998899e-05,60,126
0.592907,8.999999999992347e-05,60,126
0.593001,9.40000000000385e-05,60,126
0.593093,9.199999999998099e-05,60,126
0.593181,8.799999999997699e-05,60,126
0.593271,9.00000000000345e-05,60,126
0.593363,9.199999999998099e-05,60,126
0.594318,0.0009550000000000392,60,242
0.594533,0.00021499999999996522,60,49
0.594965,0.00043199999999998795,815,242
0.595148,0.00018300000000004424,265,128
0.595212,6.399999999995298e-05,1514,49
0.595311,9.900000000007125e-05,60,128
0.59536,4.899999999996574e-05,1514,49
0.59536,0.0,265,127
0.595475,0.00011499999999997623,1230,49
0.595597,0.0001220000000000665,1514,49
0.595778,0.00018099999999998673,167,128
0.596552,0.0007739999999999414,60,128
0.597626,0.0010740000000000194,60,128
0.598092,0.00046599999999996644,66,128
0.598166,7.40000000000185e-05,66,127
0.598251,8.500000000000174e-05,60,49
0.598862,0.0006110000000000282,60,126
0.598919,5.699999999997374e-05,167,51
0.59892,1.0000000000287557e-06,60,49
0.59901,9.00000000000345e-05,60,128
0.599011,9.999999999177334e-07,60,127
0.599123,0.00011200000000000099,138,128
0.599179,5.6000000000056005e-05,138,127
0.599325,0.00014599999999997948,1514,49
0.599481,0.000156000000000045,265,128
0.599553,7.199999999996098e-05,265,127
0.600244,0.0006909999999999972,1514,49
0.600344,9.999999999998899e-05,1230,49
0.600468,0.000124000000000013,1514,49
0.600475,6.999999999979245e-06,60,49
0.600819,0.00034400000000001096,60,128
0.600868,4.899999999996574e-05,1514,49
0.601068,0.000200000000000089,1514,49
0.601068,0.0,301,51
0.60118,0.00011200000000000099,167,128
0.601181,9.999999999177334e-07,1230,49
0.601182,1.0000000000287557e-06,60,128
0.601183,1.0000000000287557e-06,60,49
0.601184,1.0000000000287557e-06,60,128
0.601248,6.399999999995298e-05,60,128
0.60125,1.999999999946489e-06,60,127
0.601251,1.0000000000287557e-06,60,127
0.601251,0.0,60,127
0.60154,0.0002889999999999837,60,128
0.601541,1.0000000000287557e-06,60,127
0.601601,6.0000000000060005e-05,60,128
0.601841,0.00023999999999990695,166,128
0.6019,5.900000000003125e-05,166,127
0.602299,0.0003990000000000382,1514,49
0.6024,0.00010100000000001774,1168,64
0.602522,0.00012199999999995548,1514,49
0.602667,0.00014499999999995072,1514,49
0.602776,0.00010900000000002574,1230,49
0.602825,4.900000000007676e-05,1168,64
0.602825,0.0,1168,64
0.602826,9.999999999177334e-07,377,64
0.603042,0.00021599999999999397,1514,49
0.603044,2.0000000000575113e-06,60,128
0.603271,0.00022699999999997722,1514,49
0.603459,0.00018799999999996597,386,128
0.603459,0.0,1514,49
0.603576,0.00011700000000003374,1230,49
0.603578,1.999999999946489e-06,386,127
0.603784,0.00020600000000003948,1514,49
0.603911,0.00012699999999998823,60,128
0.604157,0.0002460000000000795,243,242
0.604244,8.699999999994823e-05,60,49
0.604605,0.0003609999999999447,117,45
0.604734,0.00012900000000004574,60,128
0.604735,1.0000000000287557e-06,60,128
0.605026,0.0002909999999999302,60,64
0.605165,0.00013900000000000023,376,45
0.60536,0.00019500000000005624,210,128
0.605482,0.00012199999999995548,1345,50
0.605482,0.0,167,52
0.605484,2.0000000000575113e-06,210,127
0.6056,0.00011600000000000499,364,128
0.605928,0.00032799999999999496,66,64
0.605996,6.799999999995698e-05,60,128
0.605998,2.0000000000575113e-06,167,128
0.605999,9.999999999177334e-07,60,127
0.606161,0.00016199999999999548,139,244
0.606789,0.0006280000000000729,187,128
0.607028,0.00023899999999998922,150,128
0.607084,5.599999999994498e-05,150,127
0.607421,0.0003370000000000317,66,128
0.607486,6.499999999998174e-05,66,127
0.607645,0.00015900000000002024,267,128
0.608339,0.0006939999999999724,60,128
0.60834,1.0000000000287557e-06,60,127
0.608561,0.00022100000000002673,60,126
0.608736,0.00017500000000003624,265,128
0.608808,7.199999999996098e-05,265,127
0.609074,0.00026599999999998847,167,52
0.609333,0.0002590000000000092,1514,128
0.609334,1.0000000000287557e-06,60,61
0.609393,5.899999999992023e-05,746,128
0.60962,0.00022700000000008824,1514,127
0.609681,6.099999999997774e-05,746,127
0.610303,0.0006220000000000114,107,54
0.611511,0.0012079999999999869,60,128
0.611513,1.999999999946489e-06,60,127
0.611783,0.00026999999999999247,138,128
0.611838,5.500000000002725e-05,138,127
0.612487,0.0006490000000000107,67,64
0.61254,5.299999999996974e-05,60,128
0.612542,2.0000000000575113e-06,60,127
0.612614,7.199999999996098e-05,60,128
0.612616,2.0000000000575113e-06,60,127
0.614195,0.001578999999999997,60,128
0.614197,1.999999999946489e-06,60,127
0.614529,0.00033199999999999896,167,52
0.615559,0.0010299999999999754,167,128
0.616544,0.0009850000000000136,60,128
0.616546,2.0000000000575113e-06,60,127
0.616594,4.799999999993698e-05,60,128
0.616595,1.0000000000287557e-06,60,127
0.617781,0.0011860000000000204,167,51
0.618014,0.0002329999999999277,85,51
0.618353,0.00033900000000008923,85,64
0.618785,0.00043199999999998795,167,52
0.618878,9.300000000000974e-05,160,1
0.61953,0.0006519999999999859,167,52
0.620481,0.0009509999999999241,144,49
0.62099,0.0005090000000000927,75,51
0.621633,0.0006429999999999492,236,128
0.621859,0.0002260000000000595,167,52
0.624045,0.0021859999999999102,66,128
0.624113,6.8000000000068e-05,66,127
0.62499,0.0008770000000000167,60,128
0.624991,9.999999999177334e-07,60,127
0.625111,0.00012000000000000899,167,128
0.625354,0.00024299999999999322,265,128
0.625426,7.2000000000072e-05,265,127
0.62635,0.0009239999999999249,1414,242
0.627476,0.0011260000000000714,1414,242
0.62753,5.3999999999998494e-05,66,64
0.627708,0.00017800000000001148,1414,242
0.627859,0.0001509999999999012,1414,242
0.627913,5.4000000000109516e-05,66,64
0.62797,5.699999999997374e-05,1414,242
0.628105,0.00013499999999999623,1414,242
0.628106,1.0000000000287557e-06,144,49
0.628166,5.999999999994898e-05,66,64
0.628214,4.8000000000048004e-05,167,128
0.628393,0.00017899999999992922,60,128
0.629196,0.0008029999999999982,236,128
0.629646,0.00045000000000006146,1414,242
0.629944,0.00029799999999990945,1414,242
0.629998,5.3999999999998494e-05,66,64
0.630065,6.700000000003925e-05,1414,242
0.6302,0.00013499999999999623,1414,242
0.630257,5.699999999997374e-05,66,64
0.631004,0.0007470000000000532,1414,242
0.631005,1.0000000000287557e-06,167,52
0.631155,0.00014999999999998348,1414,242
0.631209,5.3999999999998494e-05,66,64
0.631263,5.3999999999998494e-05,1414,242
0.631402,0.00013900000000000023,1414,242
0.631458,5.599999999994498e-05,66,64
0.631611,0.00015300000000006975,167,128
0.632338,0.0007269999999999222,1414,242
0.632485,0.00014700000000000824,1414,242
0.632539,5.3999999999998494e-05,66,64
0.632592,5.300000000008076e-05,1414,242
0.632807,0.00021499999999996522,67,64
0.63281,2.9999999999752447e-06,83,127
0.632864,5.3999999999998494e-05,1414,242
0.632864,0.0,144,49
0.63288,1.6000000000016e-05,144,49
0.632881,1.0000000000287557e-06,66,64
0.632918,3.6999999999953737e-05,144,49
0.633024,0.0001060000000000505,167,128
0.633261,0.0002369999999999317,167,128
0.633262,1.0000000000287557e-06,1414,242
0.633719,0.0004570000000000407,60,128
0.633833,0.00011399999999994748,236,128
0.633986,0.00015300000000006975,138,128
0.633988,1.999999999946489e-06,138,128
0.634038,4.999999999999449e-05,138,127
0.634092,5.3999999999998494e-05,138,127
0.634223,0.00013099999999999223,1414,242
0.634277,5.3999999999998494e-05,66,64
0.634332,5.500000000002725e-05,1414,242
0.634386,5.3999999999998494e-05,138,128
0.634471,8.500000000000174e-05,1414,242
0.634471,0.0,138,127
0.634528,5.699999999997374e-05,66,64
0.634584,5.6000000000056005e-05,236,128
0.634586,1.999999999946489e-06,1414,242
0.634587,1.0000000000287557e-06,138,128
0.634644,5.699999999997374e-05,138,128
0.634646,2.0000000000575113e-06,138,127
0.634708,6.20000000000065e-05,138,127
0.634841,0.00013299999999993872,1414,242
0.634842,1.0000000000287557e-06,60,51
0.634843,1.0000000000287557e-06,60,126
0.634896,5.299999999996974e-05,66,64
0.634898,1.999999999946489e-06,138,128
0.634961,6.300000000003525e-05,138,127
0.635235,0.00027399999999999647,236,128
0.63568,0.0004450000000000287,167,128
0.635898,0.00021799999999994046,60,128
0.6359,2.0000000000575113e-06,60,128
0.635901,1.0000000000287557e-06,60,127
0.635963,6.199999999989547e-05,60,127
0.636402,0.0004390000000000782,60,128
0.636404,1.999999999946489e-06,60,127
0.636538,0.0001340000000000785,60,128
0.63654,1.999999999946489e-06,60,127
0.636708,0.000168000000000057,60,128
0.63671,1.999999999946489e-06,60,127
0.636978,0.000268000000000046,66,128
0.637043,6.499999999998174e-05,66,127
0.6371,5.699999999997374e-05,60,128
0.637102,1.999999999946489e-06,60,127
0.637183,8.100000000010876e-05,66,242
0.637425,0.00024199999999996447,138,128
0.637481,5.599999999994498e-05,138,127
0.637562,8.099999999999774e-05,66,242
0.637681,0.00011900000000009126,66,242
0.637763,8.199999999991547e-05,60,242
0.637887,0.000124000000000013,60,128
0.637889,2.0000000000575113e-06,60,128
0.63789,9.999999999177334e-07,60,128
0.637944,5.3999999999998494e-05,66,50
0.637945,1.0000000000287557e-06,60,127
0.638578,0.0006329999999999947,278,128
0.638578,0.0,60,128
0.639011,0.0004330000000000167,278,128
0.639394,0.0003830000000000222,278,128
0.639815,0.0004210000000000047,167,128
0.640205,0.00039000000000000146,1414,128
0.640288,8.299999999994423e-05,1048,128
0.640406,0.0001180000000000625,1414,128
0.640521,0.00011499999999997623,1414,128
0.640636,0.00011499999999997623,1414,128
0.640637,1.0000000000287557e-06,138,128
0.640642,5.000000000032756e-06,283,128
0.640768,0.00012599999999995948,399,51
0.640769,1.0000000000287557e-06,138,128
0.64077,9.999999999177334e-07,138,127
0.640844,7.40000000000185e-05,138,127
0.64122,0.00037600000000004297,138,128
0.641275,5.500000000002725e-05,138,127
0.641327,5.199999999994098e-05,1414,128
0.641404,7.699999999999374e-05,1048,128
0.641457,5.300000000008076e-05,138,128
0.641508,5.099999999991223e-05,138,128
0.64151,2.0000000000575113e-06,1414,128
0.641586,7.599999999996498e-05,138,127
0.641588,2.0000000000575113e-06,138,127
0.641643,5.499999999991623e-05,1414,128
0.641753,0.0001100000000000545,1414,128
0.641753,0.0,283,128
0.642029,0.00027599999999994296,138,128
0.642084,5.500000000002725e-05,138,127
0.64255,0.00046599999999996644,1414,128
0.642633,8.300000000005525e-05,1065,128
0.64275,0.00011700000000003374,1414,128
0.642865,0.00011499999999997623,1414,128
0.64298,0.00011499999999997623,1414,128
0.642981,1.0000000000287557e-06,283,128
0.643648,0.0006669999999999732,1414,128
0.643648,0.0,187,51
0.643729,8.099999999999774e-05,1046,128
0.643848,0.00011899999999998023,1414,128
0.643963,0.00011499999999997623,1414,128
0.644078,0.00011500000000008725,1414,128
0.644079,9.999999999177334e-07,283,128
0.645795,0.0017160000000000508,1414,128
0.645888,9.300000000000974e-05,1180,128
0.646003,0.00011499999999997623,1414,128
0.646106,0.00010299999999996423,167,128
0.646108,2.0000000000575113e-06,1414,128
0.646235,0.00012699999999998823,1414,128
0.646235,0.0,283,128
0.646758,0.0005230000000000512,187,51
0.647124,0.00036599999999997745,1414,128
0.647206,8.199999999991547e-05,1055,128
0.647324,0.0001180000000000625,1414,128
0.64744,0.00011600000000000499,1414,128
0.647555,0.00011499999999997623,1414,128
0.647555,0.0,283,128
0.648244,0.0006890000000000507,265,128
0.648314,6.999999999990347e-05,265,127
0.648617,0.0003030000000000532,60,244
0.648619,1.999999999946489e-06,890,128
0.650295,0.0016760000000000108,304,49
0.650879,0.0005840000000000289,235,244
0.650979,9.999999999998899e-05,139,240
0.650981,2.0000000000575113e-06,60,128
0.651133,0.00015199999999992997,97,242
0.651451,0.00031800000000004047,777,48
0.651574,0.00012299999999998423,60,64
0.652459,0.0008850000000000247,167,46
0.654294,0.001835000000000031,74,64
0.65468,0.00038599999999999746,72,64
0.654738,5.8000000000002494e-05,91,128
0.65482,8.199999999991547e-05,91,128
0.65487,4.999999999999449e-05,1414,128
0.65487,0.0,91,128
0.654872,2.0000000000575113e-06,521,128
0.654931,5.900000000003125e-05,91,128
0.655012,8.099999999999774e-05,1414,128
0.655012,0.0,167,48
0.655465,0.0004529999999999257,66,128
0.655528,6.300000000003525e-05,66,127
0.656485,0.0009569999999999856,283,128
0.65714,0.0006549999999999612,60,128
0.657142,2.0000000000575113e-06,167,128
0.657144,1.999999999946489e-06,60,127
0.659716,0.0025720000000000187,304,49
0.659943,0.00022699999999997722,60,128
0.660361,0.00041800000000002946,167,52
0.660992,0.0006310000000000482,67,51
0.661317,0.0003250000000000197,60,126
0.661613,0.00029599999999996296,60,255
0.66182,0.00020699999999995722,60,128
0.661996,0.000176000000000065,60,128
0.661997,9.999999999177334e-07,60,127
0.661999,2.0000000000575113e-06,60,128
0.662045,4.599999999999049e-05,60,127
0.662564,0.0005190000000000472,60,128
0.662816,0.00025199999999991896,342,128
0.662885,6.899999999998574e-05,167,51
0.662958,7.300000000010076e-05,342,128
0.663464,0.0005060000000000064,60,128
0.663639,0.00017499999999992522,60,128
0.663641,2.0000000000575113e-06,304,49
0.663699,5.8000000000002494e-05,299,128
0.663752,5.299999999996974e-05,60,128
0.664398,0.0006460000000000354,114,128
0.664467,6.899999999998574e-05,114,127
0.664687,0.00021999999999999797,304,49
0.664876,0.00018899999999999473,304,49
0.66655,0.0016739999999999533,60,128
0.666551,1.0000000000287557e-06,60,128
0.666553,1.999999999946489e-06,60,127
0.666599,4.6000000000101515e-05,60,127
0.667092,0.0004929999999999657,64,128
0.667796,0.0007039999999999269,265,128
0.667869,7.300000000010076e-05,265,127
0.668869,0.0010000000000000009,187,128
0.669098,0.0002289999999999237,60,128
0.669569,0.0004709999999999992,92,128
0.671255,0.0016860000000000763,66,45
0.671521,0.00026599999999998847,60,128
0.671523,1.999999999946489e-06,60,127
0.672312,0.0007890000000000397,60,128
0.672313,1.0000000000287557e-06,60,128
0.672314,9.999999999177334e-07,60,127
0.672362,4.8000000000048004e-05,60,127
0.672567,0.00020500000000001073,138,128
0.672624,5.699999999997374e-05,138,127
0.674591,0.001967000000000052,1414,242
0.675702,0.0011109999999999731,1414,242
0.675756,5.3999999999998494e-05,66,64
0.675907,0.00015100000000001224,1168,64
0.675908,9.999999999177334e-07,1414,242
0.67603,0.0001220000000000665,1414,242
0.676175,0.00014499999999995072,1414,242
0.676332,0.00015700000000007375,1414,242
0.676333,9.999999999177334e-07,1168,64
0.676378,4.500000000007276e-05,1168,64
0.676379,9.999999999177334e-07,105,64
0.676428,4.900000000007676e-05,66,64
0.676494,6.60000000000105e-05,1414,242
0.676607,0.00011299999999991872,167,46
0.677126,0.0005190000000000472,1414,242
0.677126,0.0,167,128
0.677181,5.500000000002725e-05,66,64
0.677304,0.00012299999999998423,1414,242
0.677474,0.00017000000000000348,1414,242
0.677526,5.199999999994098e-05,66,64
0.678971,0.0014450000000000296,138,128
0.679023,5.2000000000052005e-05,138,127
0.680292,0.0012689999999999646,1414,242
0.680548,0.000256000000000034,1414,242
0.680548,0.0,60,46
0.680603,5.499999999991623e-05,66,64
0.68074,0.00013700000000005375,60,128
0.681727,0.0009869999999999601,60,128
0.681728,1.0000000000287557e-06,60,127
0.681848,0.00012000000000000899,60,128
0.681898,4.999999999999449e-05,1414,242
0.681974,7.599999999996498e-05,66,128
0.682323,0.0003490000000000437,386,128
0.682324,1.0000000000287557e-06,167,52
0.682416,9.199999999998099e-05,386,127
0.682417,1.0000000000287557e-06,76,51
0.682869,0.00045199999999989693,1414,242
0.68292,5.100000000002325e-05,66,64
0.682997,7.699999999999374e-05,1414,242
0.683131,0.0001340000000000785,1414,242
0.683183,5.199999999994098e-05,66,64
0.683246,6.300000000003525e-05,1414,242
0.683473,0.00022699999999997722,1414,242
0.683524,5.100000000002325e-05,66,64
0.683601,7.699999999999374e-05,1414,242
0.683731,0.00012999999999996348,1414,242
0.683844,0.00011300000000002974,66,64
0.683845,1.0000000000287557e-06,1414,242
0.683976,0.00013099999999999223,1414,242
0.684029,5.299999999996974e-05,66,64
0.684085,5.6000000000056005e-05,1414,242
0.684194,0.00010899999999991472,210,128
0.684195,1.0000000000287557e-06,1414,242
0.684265,7.00000000000145e-05,66,64
0.684436,0.00017100000000003224,1414,242
0.684436,0.0,210,127
0.68458,0.00014399999999992197,1414,242
0.684632,5.2000000000052005e-05,66,64
0.684698,6.60000000000105e-05,1414,242
0.684827,0.00012899999999993472,1414,242
0.684879,5.2000000000052005e-05,66,64
0.684942,6.300000000003525e-05,1414,242
0.685066,0.00012399999999990197,1414,242
0.685118,5.2000000000052005e-05,66,64
0.685118,0.0,91,128
0.685176,5.8000000000002494e-05,1414,242
0.685311,0.00013499999999999623,1414,242
0.685576,0.0002649999999999597,1414,242
0.685653,7.699999999999374e-05,66,64
0.685704,5.100000000002325e-05,1414,242
0.685843,0.00013900000000000023,1414,242
0.685898,5.500000000002725e-05,66,64
0.685947,4.899999999996574e-05,1414,242
0.686076,0.00012900000000004574,1414,242
0.68613,5.3999999999998494e-05,66,64
0.686179,4.899999999996574e-05,1414,242
0.686315,0.000136000000000025,1414,242
0.686369,5.3999999999998494e-05,66,64
0.686462,9.300000000000974e-05,1514,128
0.686521,5.900000000003125e-05,746,128
0.686748,0.00022699999999997722,1514,127
0.686806,5.8000000000002494e-05,60,128
0.686808,1.999999999946489e-06,746,127
0.689505,0.0026970000000000605,167,64
0.69009,0.0005849999999999467,60,128
0.690092,2.0000000000575113e-06,60,127
0.69056,0.00046799999999991293,1414,242
0.690767,0.00020700000000006824,167,128
0.69084,7.299999999998974e-05,1414,242
0.690895,5.500000000002725e-05,66,64
0.69096,6.499999999998174e-05,1414,242
0.691085,0.00012499999999993072,1414,242
0.691202,0.00011700000000003374,1414,242
0.691327,0.00012500000000004174,1414,242
0.691327,0.0,167,48
0.69146,0.00013299999999993872,1414,242
0.691565,0.00010500000000002174,66,64
0.692087,0.0005220000000000224,167,128
0.692556,0.0004689999999999417,1414,242
0.692556,0.0,60,241
0.692644,8.800000000008801e-05,60,241
0.692763,0.00011899999999998023,60,241
0.693103,0.00034000000000000696,60,48
0.693248,0.00014499999999995072,78,49
0.693392,0.000144000000000033,66,64
0.694188,0.0007960000000000189,445,64
0.694277,8.900000000000574e-05,66,55
0.694486,0.00020900000000001473,60,242
0.694615,0.00012899999999993472,60,242
0.694744,0.00012900000000004574,91,53
0.694847,0.00010299999999996423,60,242
0.695046,0.00019900000000006024,91,52
0.695176,0.00012999999999996348,91,51
0.695295,0.00011899999999998023,91,52
0.695517,0.00022200000000005549,60,241
0.695645,0.00012799999999990597,60,241
0.695751,0.0001060000000000505,167,128
0.696541,0.0007899999999999574,60,241
0.696671,0.0001300000000000745,67,64
0.696671,0.0,60,241
0.696796,0.00012499999999993072,60,241
0.696904,0.00010799999999999699,60,241
0.696906,2.0000000000575113e-06,60,128
0.69702,0.00011399999999994748,60,51
0.697225,0.00020500000000001073,60,242
0.697891,0.0006660000000000554,167,51
0.697976,8.500000000000174e-05,60,242
0.698407,0.0004309999999999592,60,242
0.698566,0.00015900000000002024,60,242
0.701158,0.0025919999999999277,167,128
0.701477,0.00031900000000006923,413,51
0.701695,0.00021799999999994046,60,242
0.702688,0.0009930000000000216,60,242
0.703825,0.0011370000000000546,60,242
0.704017,0.00019199999999996997,60,242
0.70432,0.0003029999999999422,1414,128
0.704435,0.00011500000000008725,1414,128
0.705286,0.0008509999999999351,1304,128
0.705648,0.0003620000000000845,167,52
0.705981,0.0003329999999999167,167,128
0.707051,0.0010700000000000154,187,51
0.707328,0.0002769999999999717,60,128
0.707331,3.000000000086267e-06,187,51
0.70751,0.00017899999999992922,60,128
0.707796,0.00028600000000000847,334,128
0.709075,0.0012790000000000301,167,52
0.709295,0.00021999999999999797,60,244
0.709426,0.00013099999999999223,91,128
0.710376,0.0009500000000000064,105,45
0.710806,0.00043000000000004146,66,128
0.711667,0.0008610000000000007,393,45
0.711816,0.00014899999999995472,66,55
0.711916,9.999999999998899e-05,60,128
0.711918,2.0000000000575113e-06,60,244
0.71209,0.00017199999999994997,60,128
0.712092,1.999999999946489e-06,60,128
0.712093,1.0000000000287557e-06,60,128
0.712805,0.0007120000000000459,251,244
0.714657,0.0018519999999999648,167,52
0.714887,0.0002300000000000635,66,128
0.715562,0.0006749999999999812,167,128
0.717895,0.0023329999999999185,66,55
0.718021,0.0001260000000000705,67,64
0.718023,1.999999999946489e-06,167,51
0.719856,0.0018330000000000846,167,52
0.72023,0.00037399999999998546,167,52
0.721187,0.0009569999999999856,67,51
0.721632,0.0004450000000000287,167,52
0.723304,0.0016719999999998958,1414,242
0.723357,5.300000000008076e-05,66,64
0.723552,0.00019499999999994522,1414,242
0.724316,0.0007639999999999869,74,64
0.725821,0.0015050000000000896,78,48
0.725873,5.199999999994098e-05,78,48
0.72719,0.0013170000000000126,60,255
0.727544,0.00035399999999996545,167,128
0.72814,0.0005960000000000409,60,128
0.729214,0.0010740000000000194,167,128
0.730213,0.0009989999999999721,167,128
0.731009,0.0007960000000000189,1414,242
0.731064,5.500000000002725e-05,66,64
0.731523,0.0004589999999999872,1414,242
0.731688,0.00016499999999997073,1414,242
0.731744,5.599999999994498e-05,66,64
0.7318,5.6000000000056005e-05,1414,242
0.731984,0.00018399999999996197,1414,242
0.732038,5.3999999999998494e-05,66,64
0.732203,0.00016500000000008175,1414,242
0.73235,0.0001469999999998972,1414,242
0.732405,5.500000000002725e-05,66,64
0.732462,5.699999999997374e-05,1414,242
0.732595,0.00013300000000004975,1414,242
0.732647,5.2000000000052005e-05,66,64
0.732712,6.499999999998174e-05,1414,242
0.732712,0.0,167,128
0.732838,0.00012599999999995948,1414,242
0.732889,5.100000000002325e-05,66,64
0.733066,0.00017699999999998273,167,52
0.733369,0.0003030000000000532,167,128
0.734488,0.0011189999999999811,1414,242
0.734725,0.0002369999999999317,1414,242
0.734779,5.3999999999998494e-05,66,64
0.734836,5.700000000008476e-05,1414,242
0.73498,0.00014399999999992197,1414,242
0.735034,5.3999999999998494e-05,66,64
0.735096,6.20000000000065e-05,1414,242
0.736031,0.0009350000000000191,1414,242
0.736086,5.500000000002725e-05,66,64
0.736145,5.900000000003125e-05,1414,242
0.73635,0.0002049999999998997,1434,242
0.736492,0.0001420000000000865,1414,242
0.736547,5.499999999991623e-05,66,64
0.736712,0.00016500000000008175,1414,242
0.73685,0.00013799999999997148,1414,242
0.736906,5.599999999994498e-05,66,64
0.736962,5.6000000000056005e-05,1414,242
0.737087,0.00012500000000004174,1414,242
0.737138,5.099999999991223e-05,66,64
0.737198,6.0000000000060005e-05,1434,242
0.737261,6.300000000003525e-05,761,242
0.737261,0.0,66,242
0.737262,9.999999999177334e-07,176,242
0.737486,0.00022400000000000198,176,242
0.737547,6.099999999997774e-05,60,128
0.7376,5.300000000008076e-05,60,240
0.737831,0.00023099999999998122,60,128
0.737887,5.599999999994498e-05,279,128
0.738935,0.001048000000000049,364,128
0.739253,0.00031800000000004047,1414,242
0.739405,0.00015199999999992997,1414,242
0.739459,5.3999999999998494e-05,66,64
0.739563,0.00010399999999999299,97,128
0.739611,4.8000000000048004e-05,1414,242
0.739751,0.000140000000000029,1414,242
0.739806,5.499999999991623e-05,66,64
0.739875,6.899999999998574e-05,167,128
0.739877,2.0000000000575113e-06,67,64
0.739936,5.900000000003125e-05,1414,242
0.740082,0.00014599999999997948,1414,242
0.740141,5.900000000003125e-05,66,64
0.740143,1.999999999946489e-06,74,64
0.7402,5.699999999997374e-05,1414,242
0.740322,0.0001220000000000665,97,128
0.740374,5.199999999994098e-05,1414,242
0.740427,5.299999999996974e-05,66,64
0.740477,5.0000000000105516e-05,1414,242
0.740693,0.00021599999999999397,1414,242
0.740747,5.3999999999998494e-05,66,64
0.740811,6.399999999995298e-05,1414,242
0.740954,0.00014300000000000423,1414,242
0.74101,5.599999999994498e-05,66,64
0.741061,5.100000000002325e-05,1414,242
0.741197,0.000136000000000025,1414,242
0.741251,5.3999999999998494e-05,66,64
0.741304,5.299999999996974e-05,1414,242
0.741426,0.0001220000000000665,1414,242
0.741426,0.0,445,51
0.741468,4.199999999998649e-05,66,64
0.741653,0.00018499999999999073,1414,242
0.74179,0.00013699999999994272,1414,242
0.741853,6.300000000003525e-05,60,128
0.742073,0.00021999999999999797,66,64
0.743133,0.001060000000000061,1278,64
0.743398,0.0002649999999999597,95,243
0.744973,0.001574999999999993,60,128
0.744974,1.0000000000287557e-06,60,128
0.746098,0.0011240000000000139,167,128
0.746944,0.0008460000000000134,1002,49
0.747007,6.299999999992423e-05,66,49
0.747089,8.20000000000265e-05,66,64
0.747389,0.00029999999999996696,1414,241
0.747516,0.00012699999999998823,1414,241
0.747639,0.00012300000000009526,1414,241
0.747759,0.00011999999999989797,1414,241
0.74776,1.0000000000287557e-06,96,241
0.747814,5.3999999999998494e-05,471,241
0.748499,0.0006850000000000467,66,64
0.748819,0.00031999999999998696,60,128
0.748821,1.999999999946489e-06,235,240
0.74913,0.0003090000000000037,60,128
0.749299,0.00016900000000008575,1414,242
0.749421,0.00012199999999995548,1414,242
0.749548,0.00012699999999998823,1414,242
0.749549,1.0000000000287557e-06,96,242
0.749871,0.00032199999999993345,1414,242
0.749921,4.999999999999449e-05,492,242
0.750362,0.0004410000000000247,1414,128
0.750445,8.300000000005525e-05,1048,128
0.750562,0.00011699999999992272,1414,128
0.750563,1.0000000000287557e-06,60,242
0.750678,0.00011499999999997623,1414,128
0.750793,0.00011500000000008725,1414,128
0.750796,2.9999999999752447e-06,368,128
0.750796,0.0,60,128
0.751858,0.0010620000000000074,1414,128
0.751941,8.299999999994423e-05,1048,128
0.751942,1.0000000000287557e-06,100,242
0.752059,0.00011700000000003374,1414,128
0.752174,0.00011499999999997623,1414,128
0.75229,0.00011600000000000499,1414,128
0.75229,0.0,368,128
0.752352,6.20000000000065e-05,1414,241
0.752443,9.099999999995223e-05,608,128
0.752588,0.00014500000000006175,1414,241
0.752588,0.0,66,242
0.752844,0.00025599999999992296,60,128
0.753248,0.00040400000000007097,279,128
0.753653,0.0004049999999999887,60,128
0.754135,0.00048199999999998244,167,46
0.754646,0.0005110000000000392,105,46
0.755026,0.00037999999999993594,60,128
0.755284,0.00025799999999998047,167,48
0.755443,0.00015900000000002024,95,128
0.756914,0.001471,608,128
0.757256,0.0003420000000000645,167,128
0.757318,6.20000000000065e-05,91,41
0.757614,0.00029599999999996296,60,41
0.757794,0.00017999999999995797,60,128
0.757991,0.00019700000000000273,60,128
0.758639,0.0006479999999999819,91,49
0.759392,0.0007530000000000037,60,255
0.760374,0.0009820000000000384,60,128
0.760559,0.00018499999999999073,167,52
0.760671,0.00011200000000000099,1168,64
0.760767,9.599999999998499e-05,67,51
0.761258,0.0004910000000000192,1168,64
0.761259,1.0000000000287557e-06,790,64
0.762951,0.0016920000000000268,167,51
0.763645,0.0006939999999999724,78,48
0.763775,0.00012999999999996348,74,64
0.764273,0.0004979999999999984,78,48
0.766371,0.0020980000000000443,66,55
0.768462,0.002090999999999954,74,51
0.768576,0.0001140000000000585,66,64
0.769148,0.0005720000000000169,443,64
0.774813,0.00566499999999992,66,241
0.775059,0.0002460000000000795,60,128
0.775376,0.0003169999999999007,279,128
0.775599,0.00022300000000008424,66,49
0.775773,0.00017400000000000748,167,46
0.776757,0.0009839999999999849,66,128
0.777145,0.00038799999999994395,167,128
0.779881,0.0027360000000000717,60,128
0.779957,7.599999999996498e-05,167,52
0.781597,0.0016399999999999748,66,128
0.782223,0.0006260000000000154,1168,64
0.782408,0.00018499999999999073,76,51
0.782642,0.00023399999999995647,1168,64
0.782642,0.0,699,64
0.790788,0.008146000000000098,167,128
0.791718,0.0009299999999999864,167,48
0.792133,0.0004149999999999432,167,128
0.792439,0.00030600000000002847,67,64
0.794396,0.0019569999999999865,60,242
0.794398,2.0000000000575113e-06,77,242
0.794487,8.900000000000574e-05,60,242
0.794578,9.099999999995223e-05,60,128
0.794632,5.3999999999998494e-05,183,242
0.795067,0.0004349999999999632,140,242
0.795407,0.00034000000000000696,1414,241
0.795408,1.0000000000287557e-06,63,241
0.795457,4.899999999996574e-05,97,128
0.795639,0.00018200000000001548,1414,241
0.795755,0.00011600000000000499,1414,241
0.795756,1.0000000000287557e-06,167,128
0.795935,0.00017899999999992922,1414,128
0.795985,5.0000000000105516e-05,521,128
0.796786,0.0008009999999999406,60,128
0.797992,0.0012060000000000404,167,51
0.799556,0.0015640000000000098,167,64
0.800042,0.00048599999999998644,60,243
0.800989,0.0009469999999999201,522,51
0.801173,0.000184000000000073,167,128
0.802865,0.0016920000000000268,89,114
0.803882,0.0010169999999999346,74,51
0.804008,0.00012599999999995948,66,64
0.804623,0.0006150000000000322,461,64
0.804821,0.00019800000000003148,891,128
0.804822,1.0000000000287557e-06,60,128
0.804926,0.00010399999999999299,60,242
0.804928,1.999999999946489e-06,60,127
0.80514,0.00021199999999998997,60,128
0.805852,0.0007120000000000459,167,52
0.805986,0.00013399999999996748,167,128
0.806816,0.0008299999999999974,60,128
0.806817,1.0000000000287557e-06,66,128
0.806933,0.00011600000000000499,66,127
0.807735,0.0008019999999999694,60,128
0.807735,0.0,60,243
0.807737,2.0000000000575113e-06,60,127
0.807978,0.0002409999999999357,60,128
0.808163,0.00018499999999999073,265,128
0.808237,7.40000000000185e-05,265,127
0.808813,0.0005760000000000209,60,241
0.80897,0.00015699999999996272,167,52
0.809034,6.4000000000064e-05,60,241
0.809791,0.0007570000000000077,60,241
0.809897,0.00010599999999993948,60,128
0.810005,0.00010799999999999699,60,242
0.810184,0.00017900000000004024,91,48
0.81076,0.0005760000000000209,60,242
0.810762,1.999999999946489e-06,60,128
0.810882,0.00012000000000000899,60,64
0.810997,0.00011499999999997623,60,187
0.811111,0.0001140000000000585,60,64
0.811747,0.0006359999999999699,782,64
0.8118,5.299999999996974e-05,60,242
0.812352,0.0005519999999999969,60,128
0.812354,2.0000000000575113e-06,60,127
0.812709,0.0003549999999999942,66,128
0.812939,0.00022999999999995246,507,51
0.813039,9.999999999998899e-05,66,51
0.813041,2.0000000000575113e-06,66,64
0.813186,0.00014499999999995072,60,128
0.813188,2.0000000000575113e-06,60,127
0.813267,7.899999999994023e-05,60,128
0.813268,1.0000000000287557e-06,60,127
0.813467,0.00019900000000006024,1414,241
0.813601,0.00013399999999996748,1414,241
0.813772,0.00017100000000003224,67,64
0.813887,0.00011499999999997623,66,64
0.814173,0.00028600000000000847,534,241
0.814235,6.20000000000065e-05,183,242
0.814326,9.099999999995223e-05,60,128
0.814427,0.00010100000000001774,167,52
0.814579,0.000152000000000041,66,128
0.814704,0.00012499999999993072,60,128
0.814969,0.00026500000000007073,60,241
0.815143,0.00017399999999989646,77,241
0.815307,0.000164000000000053,97,128
0.81556,0.0002529999999999477,167,128
0.815703,0.00014300000000000423,1414,128
0.815786,8.300000000005525e-05,1055,128
0.815905,0.00011899999999998023,1414,128
0.815961,5.6000000000056005e-05,1414,128
0.815961,0.0,60,128
0.816011,4.999999999999449e-05,521,128
0.816011,0.0,1414,128
0.816135,0.000124000000000013,1414,128
0.816135,0.0,368,128
0.816271,0.00013599999999991397,60,48
0.81657,0.0002990000000000492,509,242
0.817323,0.0007530000000000037,60,128
0.817853,0.0005300000000000304,167,51
0.818315,0.00046199999999996244,60,128
0.819282,0.0009669999999999401,167,52
0.819959,0.0006770000000000387,183,241
0.82003,7.100000000004325e-05,167,52
0.820903,0.0008730000000000127,97,128
0.821247,0.00034399999999989994,512,51
0.821594,0.00034700000000009723,1414,128
0.821643,4.899999999996574e-05,521,128
0.822307,0.0006639999999999979,167,52
0.827248,0.004940999999999973,167,128
0.828036,0.0007880000000000109,86,128
0.829256,0.0012199999999999989,167,128
0.829532,0.000276000000000054,1514,240
0.829659,0.00012699999999998823,546,240
0.829719,5.999999999994898e-05,167,52
0.829722,2.9999999999752447e-06,100,240
0.829795,7.299999999998974e-05,167,128
0.831046,0.0012510000000000021,60,64
0.831532,0.00048600000000009747,106,126
0.831588,5.599999999994498e-05,60,64
0.832106,0.0005180000000000184,106,255
0.832652,0.0005459999999999354,66,55
0.832865,0.00021300000000001873,167,128
0.832924,5.900000000003125e-05,590,128
0.833192,0.000268000000000046,262,128
0.833305,0.00011299999999991872,167,128
0.833651,0.0003460000000000685,66,55
0.834949,0.0012980000000000214,66,64
0.835143,0.00019399999999991646,67,64
0.835543,0.00040000000000006697,60,242
0.837192,0.0016490000000000116,60,128
0.837195,2.9999999999752447e-06,60,127
0.838523,0.0013279999999999959,138,128
0.838525,1.999999999946489e-06,114,128
0.838525,0.0,60,128
0.838587,6.20000000000065e-05,138,127
0.838588,1.0000000000287557e-06,60,127
0.838589,1.0000000000287557e-06,114,127
0.83897,0.0003809999999999647,60,51
0.839141,0.00017100000000003224,60,128
0.839914,0.0007730000000000237,167,128
0.839969,5.499999999991623e-05,60,242
0.840139,0.00017000000000000348,60,242
0.840546,0.0004070000000000462,66,54
0.840742,0.00019599999999997397,60,52
0.840898,0.000156000000000045,67,51
0.840899,9.999999999177334e-07,60,128
0.843547,0.0026480000000000947,60,128
0.843549,1.999999999946489e-06,60,127
0.843619,7.00000000000145e-05,138,128
0.843673,5.3999999999998494e-05,138,127
0.844005,0.00033199999999999896,60,128
0.844006,1.0000000000287557e-06,60,127
0.844348,0.00034199999999995345,97,242
0.844875,0.0005270000000000552,60,128
0.845879,0.0010040000000000049,1414,241
0.845949,6.999999999990347e-05,648,241
0.846027,7.80000000000225e-05,438,50
0.846028,1.0000000000287557e-06,60,50
0.846098,7.00000000000145e-05,167,128
0.846155,5.699999999997374e-05,60,242
0.846157,2.0000000000575113e-06,60,64
0.846242,8.500000000000174e-05,60,242
0.846736,0.0004939999999999944,1414,128
0.846852,0.00011600000000000499,1414,128
0.846966,0.00011399999999994748,1414,128
0.847042,7.599999999996498e-05,60,64
0.847101,5.900000000003125e-05,60,128
0.847974,0.0008730000000000127,1514,128
0.847975,1.0000000000287557e-06,183,128
0.848028,5.299999999996974e-05,491,128
0.849043,0.0010149999999999881,105,46
0.849113,7.00000000000145e-05,60,128
0.849116,2.9999999999752447e-06,60,127
0.850208,0.0010919999999999819,66,51
0.853028,0.0028200000000000447,60,128
0.853037,9.000000000036756e-06,60,127
0.853655,0.0006180000000000074,167,46
0.853886,0.00023099999999998122,60,128
0.853888,1.999999999946489e-06,60,127
0.855208,0.0013199999999999878,167,48
0.8554,0.000192000000000081,60,242
0.855722,0.00032199999999993345,60,64
0.856459,0.0007369999999999877,105,45
0.8568,0.0003410000000000357,1168,64
0.856848,4.8000000000048004e-05,1168,64
0.856849,9.999999999177334e-07,602,64
0.856919,7.00000000000145e-05,60,128
0.857206,0.0002870000000000372,92,128
0.857277,7.099999999993223e-05,167,128
0.857565,0.000288000000000066,378,45
0.857719,0.00015399999999998748,60,242
0.857981,0.00026199999999998447,92,128
0.858213,0.00023200000000000998,60,128
0.858215,1.999999999946489e-06,60,128
0.859496,0.0012810000000000876,60,241
0.860999,0.001502999999999921,1414,242
0.861127,0.000128000000000017,167,52
0.86113,2.9999999999752447e-06,67,51
0.861131,1.0000000000287557e-06,66,128
0.861211,7.999999999996898e-05,66,127
0.862111,0.0009000000000000119,60,128
0.862167,5.6000000000056005e-05,1414,242
0.862168,1.0000000000287557e-06,60,127
0.862391,0.00022299999999997322,1414,242
0.862391,0.0,96,242
0.862392,1.0000000000287557e-06,60,242
0.862477,8.500000000000174e-05,265,128
0.862552,7.499999999993623e-05,265,127
0.862553,1.0000000000287557e-06,60,128
0.862753,0.00019999999999997797,1414,242
0.862807,5.3999999999998494e-05,652,242
0.862807,0.0,60,241
0.862867,6.0000000000060005e-05,1414,128
0.862867,0.0,60,241
0.862982,0.00011499999999997623,1414,128
0.863097,0.00011499999999997623,1414,128
0.863097,0.0,60,241
0.863189,9.199999999998099e-05,167,51
0.863511,0.00032200000000004447,60,128
0.864277,0.0007659999999999334,60,128
0.864281,4.000000000004e-06,60,127
0.864631,0.0003500000000000725,1414,128
0.864715,8.399999999997299e-05,1065,128
0.864833,0.00011799999999995148,1414,128
0.864892,5.900000000003125e-05,66,51
0.864949,5.699999999997374e-05,1414,128
0.865063,0.0001140000000000585,1414,128
0.865064,1.0000000000287557e-06,368,128
0.86689,0.0018259999999999943,60,128
0.866902,1.1999999999900979e-05,60,128
0.866905,3.000000000086267e-06,60,128
0.866907,1.999999999946489e-06,60,127
0.866908,1.0000000000287557e-06,60,127
0.867682,0.0007739999999999414,60,126
0.86791,0.00022800000000000598,60,242
0.868116,0.00020600000000003948,60,128
0.868248,0.000132000000000021,60,128
0.868303,5.500000000002725e-05,60,128
0.870721,0.00241799999999992,676,51
0.870822,0.00010100000000001774,66,64
0.871585,0.0007630000000000692,66,51
0.872252,0.0006669999999999732,66,64
0.875015,0.00276299999999996,304,49
0.875283,0.000268000000000046,66,128
0.875821,0.0005379999999999274,167,46
0.876059,0.0002380000000000715,73,64
0.876189,0.00012999999999996348,66,128
0.876266,7.699999999999374e-05,66,127
0.877116,0.0008500000000000174,167,128
0.878629,0.0015129999999999866,60,128
0.878632,2.9999999999752447e-06,60,127
0.879091,0.0004589999999999872,265,128
0.87916,6.900000000009676e-05,265,127
0.87925,8.999999999992347e-05,167,52
0.880105,0.0008550000000000502,60,55
0.8804,0.0002949999999999342,60,55
0.880527,0.00012699999999998823,60,55
0.881281,0.0007540000000000324,76,51
0.883801,0.0025199999999999667,206,126
0.883802,1.0000000000287557e-06,206,126
0.884902,0.0010999999999999899,66,128
0.885003,0.00010100000000001774,66,127
0.885137,0.00013399999999996748,60,128
0.885138,1.0000000000287557e-06,60,127
0.885253,0.00011499999999997623,60,128
0.885821,0.0005680000000000129,60,128
0.885893,7.2000000000072e-05,60,128
0.885976,8.299999999994423e-05,60,128
0.885978,2.0000000000575113e-06,60,128
0.885979,9.999999999177334e-07,60,128
0.88598,1.0000000000287557e-06,60,128
0.886026,4.599999999999049e-05,60,127
0.886133,0.00010699999999996823,60,127
0.886134,1.0000000000287557e-06,60,127
0.886135,1.0000000000287557e-06,60,127
0.886137,1.999999999946489e-06,60,127
0.886283,0.0001460000000000905,265,128
0.886375,9.199999999998099e-05,265,127
0.887131,0.0007559999999999789,91,43
0.887132,1.0000000000287557e-06,60,43
0.887401,0.0002689999999999637,60,128
0.890757,0.0033560000000000256,60,128
0.890759,1.999999999946489e-06,60,127
0.890809,4.999999999999449e-05,167,128
0.890879,7.00000000000145e-05,60,128
0.890881,2.0000000000575113e-06,60,127
0.890935,5.3999999999998494e-05,60,128
0.890937,1.999999999946489e-06,60,127
0.892129,0.0011919999999999709,167,128
0.892208,7.900000000005125e-05,167,48
0.892652,0.00044399999999999995,60,128
0.893956,0.0013039999999999718,304,49
0.894215,0.0002590000000000092,66,128
0.894216,1.0000000000287557e-06,78,48
0.894443,0.00022699999999997722,78,48
0.894633,0.00019000000000002348,60,128
0.894635,1.999999999946489e-06,60,128
0.894636,1.0000000000287557e-06,60,128
0.894905,0.0002689999999999637,60,50
0.895745,0.0008400000000000629,167,128
0.896126,0.0003809999999999647,304,49
0.896231,0.00010500000000002174,167,64
0.896362,0.00013099999999999223,66,128
0.896834,0.00047200000000002795,60,128
0.896835,1.0000000000287557e-06,60,127
0.89692,8.500000000000174e-05,67,64
0.898143,0.001222999999999974,1414,242
0.899012,0.0008690000000000087,167,51
0.899246,0.00023399999999995647,1414,242
0.899478,0.00023200000000000998,1414,242
0.899479,1.0000000000287557e-06,96,242
0.899631,0.00015199999999992997,60,128
0.8998,0.00016900000000008575,1414,242
0.90019,0.00039000000000000146,492,242
0.90027,7.999999999996898e-05,60,241
0.900496,0.00022599999999994846,60,128
0.900752,0.000256000000000034,1414,128
0.900867,0.00011499999999997623,1414,128
0.900931,6.4000000000064e-05,60,242
0.900984,5.299999999996974e-05,1414,128
0.901209,0.00022500000000003073,167,128
0.901296,8.699999999994823e-05,67,51
0.901514,0.00021800000000005149,1414,128
0.901581,6.699999999992823e-05,1303,128
0.901582,1.0000000000287557e-06,1046,128
0.901715,0.00013300000000004975,1414,128
0.90183,0.00011499999999997623,1414,128
0.901945,0.00011499999999997623,1414,128
0.901946,1.0000000000287557e-06,368,128
0.904439,0.0024929999999999675,60,242
0.904844,0.0004049999999999887,1303,128
0.905386,0.0005420000000000424,60,242
0.905387,1.0000000000287557e-06,892,128
0.905943,0.0005560000000000009,167,52
0.905999,5.599999999994498e-05,167,128
0.906081,8.20000000000265e-05,60,128
0.906768,0.0006869999999999932,1414,241
0.906984,0.00021599999999999397,1414,241
0.90712,0.000136000000000025,1414,241
0.907255,0.00013499999999999623,1414,241
0.907255,0.0,117,241
0.907335,7.999999999996898e-05,114,128
0.907385,4.999999999999449e-05,631,241
0.907385,0.0,114,127
0.908022,0.0006369999999999987,60,128
0.908121,9.899999999996023e-05,60,242
0.908305,0.000184000000000073,60,242
0.908689,0.00038399999999993994,450,64
0.908946,0.00025700000000006273,167,52
0.909025,7.899999999994023e-05,1414,128
0.909119,9.40000000000385e-05,1180,128
0.909236,0.00011700000000003374,1414,128
0.909351,0.00011499999999997623,1414,128
0.909466,0.00011499999999997623,1414,128
0.909467,1.0000000000287557e-06,368,128
0.911859,0.0023919999999999497,60,51
0.912057,0.00019800000000003148,60,128
0.914363,0.0023060000000000302,60,242
0.914368,4.999999999921734e-06,167,52
0.915565,0.0011970000000000036,167,128
0.91788,0.002315000000000067,167,51
0.91797,8.999999999992347e-05,60,242
0.918104,0.0001340000000000785,1168,64
0.918174,7.00000000000145e-05,60,128
0.918877,0.0007030000000000092,167,52
0.918879,1.999999999946489e-06,1168,64
0.91888,1.0000000000287557e-06,560,64
0.919826,0.0009460000000000024,167,52
0.921246,0.0014199999999999768,519,51
0.921629,0.0003830000000000222,167,52
0.92163,9.999999999177334e-07,60,51
0.921631,1.0000000000287557e-06,78,48
0.921835,0.00020399999999998197,78,48
0.921837,2.0000000000575113e-06,60,128
0.921899,6.20000000000065e-05,60,127
0.922033,0.00013399999999996748,74,64
0.922517,0.00048400000000003995,78,48
0.923539,0.0010219999999999674,167,128
0.926223,0.0026840000000000197,138,128
0.926276,5.299999999996974e-05,138,127
0.926725,0.0004490000000000327,167,128
0.927077,0.00035200000000001896,91,128
0.927078,9.999999999177334e-07,91,128
0.927079,1.0000000000287557e-06,91,128
0.927156,7.699999999999374e-05,91,128
0.928239,0.0010830000000000561,167,128
0.928559,0.00031999999999998696,60,128
0.928611,5.199999999994098e-05,66,51
0.928612,1.0000000000287557e-06,60,127
0.929063,0.0004509999999999792,386,128
0.929156,9.300000000000974e-05,386,127
0.93001,0.0008540000000000214,167,52
0.930816,0.0008059999999999734,210,128
0.93088,6.4000000000064e-05,210,127
0.932741,0.0018610000000000015,167,128
0.932806,6.499999999998174e-05,1514,128
0.932861,5.500000000002725e-05,746,128
0.933093,0.00023199999999989895,1514,127
0.933154,6.100000000008876e-05,746,127
0.933235,8.099999999999774e-05,60,41
0.933285,4.999999999999449e-05,167,128
0.934793,0.0015079999999999538,60,128
0.934795,2.0000000000575113e-06,60,127
0.93559,0.0007949999999999902,1037,41
0.938826,0.0032360000000000166,66,128
0.938896,6.999999999990347e-05,66,127
0.939436,0.000540000000000096,66,128
0.939496,5.999999999994898e-05,66,127
0.939791,0.0002950000000000452,60,128
0.939792,9.999999999177334e-07,60,127
0.939872,8.000000000008001e-05,167,128
0.939873,9.999999999177334e-07,60,128
0.93996,8.700000000005925e-05,67,64
0.940337,0.0003769999999999607,60,128
0.940338,1.0000000000287557e-06,60,127
0.941028,0.0006899999999999684,481,51
0.943369,0.0023410000000000375,60,128
0.943425,5.599999999994498e-05,60,241
0.943872,0.0004470000000000862,1323,128
0.945926,0.0020540000000000003,60,242
0.945927,9.999999999177334e-07,60,242
0.946009,8.20000000000265e-05,60,242
0.946131,0.0001220000000000665,60,242
0.946132,9.999999999177334e-07,167,128
0.946466,0.0003340000000000565,1266,243
0.946516,4.999999999999449e-05,476,243
0.946516,0.0,60,242
0.947087,0.0005709999999999882,362,241
0.94761,0.0005229999999999402,85,128
0.947895,0.00028500000000009074,60,64
0.948706,0.0008110000000000062,101,243
0.949273,0.0005669999999999842,60,64
0.949939,0.0006659999999999444,265,128
0.95001,7.100000000004325e-05,265,127
0.950011,1.0000000000287557e-06,60,241
0.950064,5.299999999996974e-05,265,128
0.950133,6.899999999998574e-05,265,127
0.951037,0.0009040000000000159,60,241
0.951793,0.0007559999999999789,60,241
0.95283,0.0010369999999999546,122,126
0.953107,0.00027700000000008274,60,255
0.953448,0.0003409999999999247,138,255
0.953889,0.0004410000000000247,74,50
0.954015,0.00012599999999995948,60,128
0.954016,1.0000000000287557e-06,66,64
0.954017,1.0000000000287557e-06,167,46
0.954023,5.999999999950489e-06,60,128
0.954024,1.0000000000287557e-06,60,127
0.954065,4.100000000006876e-05,60,127
0.954655,0.0005899999999999794,472,64
0.955054,0.0003989999999999272,91,53
0.955165,0.00011100000000008325,91,51
0.955654,0.0004889999999999617,167,48
0.955654,0.0,91,52
0.956095,0.0004410000000000247,91,52
0.95653,0.0004349999999999632,66,128
0.9566,7.00000000000145e-05,66,127
0.956881,0.0002809999999999757,105,45
0.957069,0.00018799999999996597,443,45
0.957228,0.00015900000000002024,167,128
0.957475,0.0002469999999999972,60,128
0.957476,1.0000000000287557e-06,60,127
0.957831,0.0003549999999999942,95,243
0.957832,1.0000000000287557e-06,60,128
0.958576,0.0007439999999999669,60,128
0.958692,0.00011600000000000499,60,128
0.958693,1.0000000000287557e-06,60,127
0.958746,5.299999999996974e-05,60,128
0.958747,1.0000000000287557e-06,60,127
0.9598,0.0010529999999999706,66,54
0.960642,0.0008420000000000094,67,64
0.960732,9.00000000000345e-05,167,52
0.960785,5.299999999996974e-05,67,51
0.961143,0.00035799999999996945,1414,242
0.961357,0.00021400000000004749,1414,242
0.961452,9.499999999995623e-05,1414,242
0.961452,0.0,96,242
0.961706,0.00025399999999997647,1414,242
0.962219,0.0005130000000000967,652,242
0.962444,0.0002249999999999197,60,128
0.962878,0.00043400000000004546,167,51
0.967047,0.004168999999999978,265,128
0.967153,0.0001060000000000505,265,127
0.971193,0.0040399999999999325,60,128
0.971197,4.000000000004e-06,60,127
0.971323,0.0001260000000000705,60,128
0.971324,9.999999999177334e-07,60,127
0.971325,1.0000000000287557e-06,60,128
0.971372,4.700000000001925e-05,60,127
0.974224,0.0028519999999999657,60,126
0.974895,0.0006709999999999772,167,46
0.975212,0.0003170000000000117,60,126
0.977145,0.0019330000000000735,167,128
0.978724,0.001578999999999997,167,52
0.981161,0.0024369999999999115,78,51
0.982061,0.0009000000000000119,1168,64
0.982396,0.00033500000000008523,1133,64
0.984533,0.0021369999999999445,1414,242
0.985604,0.0010710000000000441,1414,242
0.985803,0.00019899999999994922,1414,242
0.985921,0.0001180000000000625,1414,242
0.985922,9.999999999177334e-07,102,51
0.98607,0.000148000000000037,60,128
0.986125,5.500000000002725e-05,1414,242
0.986597,0.00047199999999991693,1414,242
0.986649,5.2000000000052005e-05,630,48
0.98665,1.0000000000287557e-06,60,242
0.98674,8.999999999992347e-05,478,242
0.986741,1.0000000000287557e-06,60,64
0.986953,0.00021199999999998997,60,128
0.987014,6.099999999997774e-05,66,128
0.987336,0.00032200000000004447,66,128
0.987741,0.0004049999999999887,60,128
0.990329,0.0025880000000000347,1414,128
0.990396,6.700000000003925e-05,862,128
0.990844,0.00044799999999989293,167,128
0.991223,0.0003790000000000182,60,241
0.991454,0.00023099999999998122,167,48
0.992157,0.0007030000000000092,167,128
0.993063,0.0009060000000000734,67,64
0.993432,0.0003689999999999527,167,64
0.994686,0.0012539999999999774,446,64
0.995772,0.0010860000000000314,167,128
0.99609,0.00031800000000004047,1514,50
0.996225,0.00013499999999999623,66,64
0.997175,0.0009500000000000064,1514,50
0.997271,9.599999999998499e-05,66,64
0.99737,9.899999999996023e-05,1514,50
0.997458,8.799999999997699e-05,66,64
0.997508,4.999999999999449e-05,1514,50
0.997557,4.900000000007676e-05,715,55
0.997558,9.999999999177334e-07,66,64
0.997713,0.00015500000000001624,60,128
0.997862,0.00014900000000006575,167,51
1.000055,0.0021929999999998895,155,128
1.000055,0.0,155,128
1.000104,4.900000000018778e-05,78,52
1.000995,0.0008909999999999751,78,52
1.001048,5.2999999999858716e-05,78,51
1.001048,0.0,167,128
1.001337,0.0002889999999999837,552,51
1.002383,0.0010460000000001024,70,252
1.003103,0.0007200000000000539,60,128
1.003751,0.0006479999999999819,83,54
1.004765,0.0010139999999998484,102,54
1.0049,0.00013499999999999623,60,128
1.005343,0.00044300000000019324,167,52
1.005809,0.0004659999999998554,89,115
1.005995,0.00018600000000001948,167,128
1.008695,0.0026999999999999247,167,52
1.011302,0.002607000000000026,60,128
1.011396,9.40000000000385e-05,66,128
1.011451,5.500000000013827e-05,89,114
1.011452,9.999999999177334e-07,66,127
1.011511,5.900000000003125e-05,1148,64
1.01168,0.0001689999999998637,78,53
1.011778,9.800000000015352e-05,78,53
1.012266,0.00048800000000004395,60,128
1.012268,1.9999999998354667e-06,60,127
1.012433,0.00016499999999997073,78,52
1.012692,0.0002590000000000092,265,128
1.012764,7.2000000000072e-05,265,127
1.013924,0.0011600000000000499,60,242
1.014133,0.0002089999999999037,60,128
1.014322,0.00018899999999999473,167,52
1.015014,0.000692000000000137,1168,64
1.01543,0.00041599999999997195,901,64
1.015558,0.00012799999999990597,167,128
1.016792,0.0012339999999999574,60,128
1.016842,5.0000000000105516e-05,60,127
1.017606,0.0007639999999999869,60,128
1.017607,9.999999999177334e-07,60,128
1.017609,2.0000000000575113e-06,60,127
1.01761,9.999999999177334e-07,60,127
1.017705,9.500000000017828e-05,1514,128
1.017705,0.0,199,128
1.018327,0.0006219999999999004,167,51
1.018776,0.0004489999999999217,167,52
1.019653,0.0008770000000000167,167,52
1.021185,0.0015320000000000888,67,51
1.02173,0.0005450000000000177,167,52
1.022667,0.0009369999999999656,60,51
1.023489,0.0008220000000001004,155,128
1.023542,5.2999999999858716e-05,155,128
1.023644,0.0001020000000000465,60,51
1.023788,0.00014399999999992197,167,128
1.02523,0.0014420000000001654,167,128
1.025627,0.0003969999999999807,167,128
1.027338,0.001711000000000018,1345,50
1.027453,0.00011499999999986521,1414,242
1.027454,1.000000000139778e-06,261,242
1.027794,0.00034000000000000696,66,64
1.027893,9.899999999984921e-05,1414,242
1.027999,0.00010600000000016152,60,128
1.028827,0.0008279999999998289,60,128
1.029186,0.0003589999999999982,66,128
1.02925,6.4000000000064e-05,66,127
1.029642,0.00039199999999994795,60,52
1.029644,2.0000000000575113e-06,74,64
1.029914,0.00026999999999999247,167,52
1.030103,0.00018899999999999473,60,128
1.030105,2.0000000000575113e-06,60,127
1.031438,0.0013330000000000286,60,128
1.032538,0.0010999999999998789,60,242
1.03279,0.000252000000000141,167,128
1.033354,0.0005640000000000089,167,128
1.03353,0.00017599999999995397,89,116
1.034651,0.0011209999999999276,74,64
1.03532,0.0006690000000000307,60,128
1.035322,2.0000000000575113e-06,60,127
1.035765,0.0004429999999999712,67,64
1.036494,0.0007289999999999797,60,242
1.039416,0.002921999999999869,60,55
1.03986,0.00044400000000011097,167,128
1.04033,0.00046999999999997044,265,128
1.040401,7.099999999993223e-05,265,127
1.040402,1.000000000139778e-06,60,55
1.041123,0.0007209999999999717,67,51
1.041814,0.0006909999999999972,1414,241
1.041814,0.0,75,241
1.042035,0.00022100000000002673,1414,241
1.042036,9.999999999177334e-07,75,241
1.042227,0.00019100000000005224,1414,241
1.042228,9.999999999177334e-07,442,241
1.042354,0.0001260000000000705,60,128
1.043292,0.0009380000000001054,60,128
1.044428,0.0011359999999998038,60,128
1.044429,1.000000000139778e-06,60,127
1.044534,0.00010500000000002174,60,128
1.044536,1.9999999998354667e-06,60,127
1.045171,0.0006350000000001632,60,128
1.045234,6.299999999992423e-05,60,127
1.046107,0.0008729999999999016,167,128
1.048984,0.0028770000000000184,60,128
1.050843,0.001859000000000055,60,51
1.051272,0.0004290000000000127,60,128
1.05236,0.0010879999999999779,60,51
1.05368,0.0013199999999999878,167,46
1.054769,0.0010890000000001177,1414,242
1.054824,5.499999999991623e-05,66,64
1.055875,0.0010509999999999131,1414,242
1.055926,5.100000000002325e-05,66,64
1.056104,0.00017800000000001148,1414,242
1.056104,0.0,253,242
1.056105,1.000000000139778e-06,167,48
1.056106,9.999999999177334e-07,66,64
1.056153,4.6999999999908226e-05,541,242
1.056203,5.0000000000105516e-05,66,64
1.0562529999999999,4.999999999988347e-05,66,64
1.056254,1.000000000139778e-06,78,50
1.056398,0.00014399999999992197,66,64
1.056448,5.0000000000105516e-05,1168,64
1.056448,0.0,138,126
1.056881,0.0004329999999999057,1016,64
1.056977,9.600000000009601e-05,445,64
1.057269,0.00029199999999995896,167,128
1.057648,0.0003789999999999072,90,255
1.059281,0.0016329999999999956,304,42
1.060265,0.000984000000000096,1414,242
1.060265,0.0,304,42
1.06124,0.0009749999999999481,1414,242
1.061457,0.00021700000000013375,167,52
1.061636,0.00017899999999992922,67,51
1.061637,9.999999999177334e-07,60,128
1.062358,0.0007209999999999717,1414,242
1.062359,1.000000000139778e-06,96,242
1.062715,0.00035600000000002296,1414,242
1.062768,5.2999999999858716e-05,652,242
1.062818,5.0000000000105516e-05,507,43
1.062967,0.00014899999999995472,507,42
1.062967,0.0,167,51
1.063257,0.00028999999999990145,893,128
1.063353,9.600000000009601e-05,60,128
1.06341,5.699999999997374e-05,66,50
1.065296,0.0018860000000000543,304,41
1.066589,0.0012929999999999886,316,40
1.067248,0.0006589999999999652,155,128
1.0675729999999999,0.0003249999999999087,304,40
1.067706,0.00013300000000016077,777,48
1.067821,0.00011499999999986521,60,64
1.068655,0.0008340000000000014,304,40
1.068811,0.000156000000000045,1414,64
1.068811,0.0,519,64
1.068878,6.700000000003925e-05,304,40
1.069028,0.0001500000000000945,316,41
1.0698509999999999,0.0008229999999997961,304,40
1.069852,1.000000000139778e-06,66,64
1.069982,0.00012999999999996348,304,41
1.070171,0.00018899999999999473,78,49
1.070273,0.0001020000000000465,78,49
1.071047,0.0007740000000000524,316,40
1.071178,0.0001309999999998812,304,40
1.07195,0.0007719999999999949,670,242
1.071951,1.000000000139778e-06,66,64
1.071952,9.999999999177334e-07,74,51
1.072085,0.00013299999999993872,66,64
1.072662,0.0005770000000000497,443,64
1.072859,0.00019700000000000273,507,42
1.074817,0.0019579999999999043,167,46
1.074931,0.00011400000000016952,60,128
1.075015,8.399999999997299e-05,60,128
1.075067,5.199999999994098e-05,60,128
1.075119,5.199999999994098e-05,60,128
1.075169,5.0000000000105516e-05,60,128
1.075169,0.0,60,128
1.075268,9.899999999984921e-05,60,128
1.075269,1.000000000139778e-06,60,128
1.075349,8.000000000008001e-05,60,128
1.075401,5.199999999994098e-05,60,128
1.075403,2.0000000000575113e-06,60,128
1.075451,4.799999999982596e-05,60,128
1.07553,7.900000000016227e-05,60,128
1.075584,5.3999999999998494e-05,60,128
1.075634,4.999999999988347e-05,60,128
1.075685,5.100000000002325e-05,60,128
1.075686,9.999999999177334e-07,60,128
1.075779,9.300000000012076e-05,60,128
1.075829,4.999999999988347e-05,60,128
1.075831,2.0000000000575113e-06,60,128
1.075899,6.799999999995698e-05,60,128
1.075953,5.3999999999998494e-05,60,128
1.076025,7.2000000000072e-05,60,128
1.076076,5.100000000002325e-05,60,128
1.076141,6.499999999998174e-05,60,128
1.076191,4.999999999988347e-05,60,128
1.076243,5.200000000016303e-05,60,128
1.076244,9.999999999177334e-07,1514,128
1.076244,0.0,188,128
1.076293,4.899999999996574e-05,240,128
1.076294,1.000000000139778e-06,60,128
1.076295,9.999999999177334e-07,60,128
1.076343,4.8000000000048004e-05,60,128
1.076419,7.599999999996498e-05,60,128
1.076915,0.000496000000000052,66,128
1.076985,7.00000000000145e-05,66,127
1.077119,0.00013399999999985646,72,64
1.077119,0.0,167,128
1.077317,0.0001980000000001425,60,128
1.077319,1.9999999998354667e-06,60,127
1.07908,0.0017610000000001236,167,52
1.080904,0.0018240000000000478,1514,128
1.080905,9.999999999177334e-07,268,128
1.081033,0.00012799999999990597,461,51
1.083231,0.0021980000000001443,60,128
1.087045,0.003813999999999984,265,128
1.087119,7.399999999990747e-05,265,127
1.090842,0.003723000000000143,167,128
1.091082,0.00024000000000001798,167,48
1.091201,0.00011899999999998023,60,128
1.091203,1.9999999998354667e-06,60,127
1.091288,8.500000000011276e-05,60,128
1.091289,9.999999999177334e-07,60,127
1.091347,5.8000000000113516e-05,60,128
1.091349,1.9999999998354667e-06,60,127
1.091598,0.00024900000000016576,167,64
1.09213,0.0005319999999999769,167,128
1.095634,0.0035039999999999516,167,128
1.097036,0.0014019999999999033,66,64
1.097636,0.000600000000000156,73,64
1.098103,0.0004669999999999952,67,64
1.0982129999999999,0.00010999999999983245,167,51
1.100831,0.002618000000000009,381,51
1.10109,0.0002590000000000092,167,128
1.1053169999999999,0.004226999999999981,167,52
1.105996,0.0006790000000000962,167,128
1.106403,0.0004070000000000462,74,64
1.1072899999999999,0.0008869999999998601,60,128
1.107292,2.0000000000575113e-06,60,127
1.10872,0.0014279999999999848,167,52
1.108926,0.0002060000000001505,66,128
1.108996,7.00000000000145e-05,66,127
1.109785,0.0007889999999999286,60,128
1.109787,2.0000000000575113e-06,60,127
1.110154,0.0003670000000000062,265,128
1.110225,7.099999999993223e-05,265,127
1.114256,0.004030999999999896,60,128
1.114257,1.000000000139778e-06,60,127
1.114926,0.0006690000000000307,167,52
1.115078,0.00015199999999992997,60,128
1.11508,2.0000000000575113e-06,60,127
1.115143,6.299999999992423e-05,60,128
1.115145,2.0000000000575113e-06,60,127
1.115565,0.0004199999999998649,167,128
1.116427,0.0008620000000001404,1266,64
1.1183049999999999,0.0018779999999998243,167,51
1.118927,0.0006220000000001225,1168,64
1.119082,0.00015499999999990521,167,52
1.1194250000000001,0.00034300000000020425,167,52
1.119867,0.0004419999999998314,722,64
1.121157,0.0012900000000000134,67,51
1.121956,0.0007989999999999942,167,52
1.123334,0.0013780000000001014,167,128
1.124836,0.0015019999999998923,60,128
1.124838,2.0000000000575113e-06,60,127
1.125615,0.0007770000000000277,167,128
1.128207,0.0025919999999999277,167,128
1.129423,0.0012160000000001059,1414,128
1.129687,0.000264000000000042,167,52
1.130071,0.00038399999999993994,991,128
1.13327,0.003198999999999952,167,128
1.1337760000000001,0.0005060000000001175,167,128
1.13429,0.0005139999999999034,66,128
1.134352,6.20000000000065e-05,66,127
1.134635,0.0002830000000000332,60,128
1.1346370000000001,2.0000000000575113e-06,60,127
1.139895,0.005257999999999985,167,128
1.140272,0.0003769999999998497,61,51
1.140275,2.9999999999752447e-06,67,64
1.140899,0.00062400000000018,103,64
1.1409,9.999999999177334e-07,103,64
1.140902,2.0000000000575113e-06,103,64
1.140903,9.999999999177334e-07,103,64
1.141075,0.000172000000000061,67,51
1.142946,0.001870999999999956,531,128
1.143276,0.00032999999999994145,1414,241
1.1432769999999999,9.999999999177334e-07,265,241
1.1432769999999999,0.0,81,241
1.143763,0.0004860000000002085,1414,241
1.143764,9.999999999177334e-07,60,128
1.143765,9.999999999177334e-07,175,1
1.143897,0.000132000000000021,1414,241
1.144025,0.000128000000000128,1414,241
1.144025,0.0,66,45
1.144117,9.199999999998099e-05,60,243
1.144762,0.0006450000000000067,265,128
1.144853,9.099999999984121e-05,60,128
1.144923,7.00000000000145e-05,265,127
1.145069,0.00014599999999997948,60,50
1.145071,2.0000000000575113e-06,66,47
1.145173,0.0001020000000000465,60,41
1.145279,0.00010599999999993948,60,128
1.145281,2.0000000000575113e-06,89,118
1.145282,9.999999999177334e-07,60,128
1.145329,4.700000000013027e-05,60,128
1.145494,0.00016499999999997073,155,128
1.145572,7.80000000000225e-05,66,47
1.145642,7.00000000000145e-05,60,55
1.145643,9.999999999177334e-07,60,128
1.145738,9.499999999995623e-05,60,55
1.145833,9.500000000017828e-05,60,55
1.145933,9.999999999998899e-05,60,55
1.146024,9.099999999984121e-05,60,55
1.146094,7.00000000000145e-05,167,128
1.146097,2.9999999999752447e-06,60,55
1.146152,5.500000000013827e-05,60,128
1.146153,9.999999999177334e-07,155,128
1.146155,2.0000000000575113e-06,60,128
1.146212,5.699999999997374e-05,60,128
1.146213,9.999999999177334e-07,60,55
1.146214,1.000000000139778e-06,60,128
1.146215,9.999999999177334e-07,60,128
1.146281,6.600000000012152e-05,60,128
1.146443,0.00016199999999999548,60,55
1.146563,0.00011999999999989797,60,41
1.146941,0.00037799999999998946,60,128
1.147168,0.00022699999999997722,60,128
1.147219,5.100000000002325e-05,60,128
1.1474090000000001,0.0001900000000001345,60,52
1.147535,0.00012599999999984846,60,55
1.147638,0.00010299999999996423,60,55
1.14792,0.0002820000000001155,1002,50
1.147921,9.999999999177334e-07,66,50
1.148002,8.099999999999774e-05,113,127
1.148003,1.000000000139778e-06,60,128
1.148052,4.899999999996574e-05,66,64
1.148107,5.499999999991623e-05,60,128
1.148375,0.00026799999999993496,507,51
1.14846,8.500000000011276e-05,66,64
1.148518,5.799999999989147e-05,66,51
1.148645,0.00012699999999998823,89,54
1.148786,0.00014100000000016877,66,241
1.148842,5.599999999983396e-05,98,64
1.148843,1.000000000139778e-06,105,45
1.149045,0.00020200000000003548,456,45
1.149288,0.00024299999999999322,100,127
1.149459,0.00017099999999992122,66,64
1.149827,0.00036799999999992394,175,1
1.149884,5.699999999997374e-05,60,128
1.150468,0.00058400000000014,60,128
1.1504699999999999,1.9999999998354667e-06,60,127
1.150638,0.00016800000000016801,60,128
1.15064,2.0000000000575113e-06,60,127
1.150888,0.00024799999999980393,66,64
1.151103,0.00021500000000007624,107,64
1.1541839999999999,0.0030809999999998894,167,46
1.155304,0.001120000000000232,167,48
1.155671,0.00036699999999978417,85,51
1.155748,7.700000000010476e-05,85,128
1.155952,0.000204000000000093,60,128
1.155953,9.999999999177334e-07,60,128
1.156079,0.0001260000000000705,60,53
1.1561919999999999,0.0001129999999998077,60,53
1.15635,0.0001580000000001025,60,53
1.156465,0.00011500000000008725,60,53
1.156467,1.9999999998354667e-06,66,128
1.156567,9.999999999998899e-05,66,127
1.156568,1.000000000139778e-06,60,128
1.1565699999999999,1.9999999998354667e-06,60,52
1.157003,0.00043300000000012773,60,128
1.157004,9.999999999177334e-07,60,128
1.157058,5.3999999999998494e-05,60,128
1.15706,2.0000000000575113e-06,1434,242
1.157195,0.00013499999999999623,167,128
1.157471,0.00027599999999994296,60,128
1.157472,1.000000000139778e-06,60,127
1.157871,0.0003990000000000382,265,128
1.157943,7.199999999984996e-05,265,127
1.158155,0.000212000000000101,1434,242
1.158271,0.00011600000000000499,1434,242
1.158624,0.0003530000000000477,60,128
1.158674,4.999999999988347e-05,1434,242
1.158806,0.000132000000000021,1434,242
1.158807,9.999999999177334e-07,122,126
1.158808,1.000000000139778e-06,60,53
1.158955,0.0001469999999998972,60,53
1.159058,0.00010299999999996423,60,54
1.159157,9.900000000007125e-05,60,54
1.159247,8.999999999992347e-05,60,53
1.159338,9.100000000006325e-05,60,53
1.15934,2.0000000000575113e-06,106,255
1.159434,9.40000000000385e-05,60,54
1.159436,1.9999999998354667e-06,60,128
1.159776,0.00034000000000000696,74,64
1.159838,6.20000000000065e-05,60,128
1.15984,2.0000000000575113e-06,60,128
1.159905,6.499999999998174e-05,60,128
1.159907,2.0000000000575113e-06,60,128
1.159967,5.999999999994898e-05,60,128
1.160235,0.00026799999999993496,60,54
1.160335,9.999999999998899e-05,60,54
1.160759,0.000424000000000202,167,52
1.160761,1.9999999998354667e-06,60,128
1.160834,7.299999999998974e-05,60,128
1.160836,2.0000000000575113e-06,384,51
1.16187,0.0010339999999999794,72,64
1.161921,5.100000000002325e-05,60,128
1.161923,2.0000000000575113e-06,60,127
1.162269,0.00034599999999995745,60,55
1.162412,0.00014300000000000423,60,128
1.162465,5.300000000008076e-05,60,55
1.16256,9.499999999995623e-05,60,55
1.1626509999999999,9.099999999984121e-05,60,55
1.1627480000000001,9.700000000023579e-05,60,55
1.16275,1.9999999998354667e-06,60,128
1.162816,6.600000000012152e-05,60,127
1.162817,9.999999999177334e-07,60,128
1.162866,4.899999999996574e-05,167,51
1.162867,1.000000000139778e-06,60,55
1.162869,1.9999999998354667e-06,60,127
1.163228,0.0003589999999999982,60,128
1.163318,9.000000000014552e-05,60,128
1.16332,1.9999999998354667e-06,60,128
1.163977,0.0006570000000001297,60,42
1.164241,0.000264000000000042,60,128
1.164957,0.0007159999999999389,60,128
1.165111,0.00015399999999998748,60,43
1.165246,0.00013499999999999623,60,43
1.165455,0.0002089999999999037,60,43
1.16559,0.00013499999999999623,60,43
1.165719,0.00012900000000004574,91,48
1.165825,0.00010599999999993948,60,42
1.165826,1.000000000139778e-06,60,128
1.167554,0.0017279999999999518,60,52
1.169711,0.0021569999999999645,66,128
1.169777,6.600000000012152e-05,66,127
1.169848,7.099999999993223e-05,60,128
1.17108,0.0012319999999998998,444,49
1.171174,9.40000000000385e-05,60,128
1.171176,2.0000000000575113e-06,60,127
1.172113,0.0009369999999999656,60,52
1.172274,0.00016100000000007775,265,128
1.172346,7.2000000000072e-05,265,127
1.172818,0.0004719999999998059,67,64
1.173329,0.0005110000000001502,103,53
1.173753,0.00042399999999997995,103,52
1.173867,0.00011399999999994748,66,128
1.173869,2.0000000000575113e-06,66,64
1.1739169999999999,4.799999999982596e-05,66,127
1.174156,0.00023900000000010024,103,51
1.174364,0.00020799999999998597,60,128
1.174429,6.499999999998174e-05,103,51
1.174593,0.000164000000000053,167,46
1.174843,0.0002500000000000835,60,128
1.174844,9.999999999177334e-07,66,64
1.174845,9.999999999177334e-07,60,127
1.175012,0.00016700000000002824,66,50
1.175237,0.00022500000000014175,265,128
1.175309,7.199999999984996e-05,265,127
1.175402,9.300000000012076e-05,66,64
1.176006,0.0006040000000000489,66,64
1.177178,0.0011719999999999509,167,128
1.178669,0.001490999999999909,167,52
1.180117,0.0014480000000001159,89,50
1.180654,0.0005370000000000097,60,128
1.180656,1.9999999998354667e-06,60,128
1.180657,1.000000000139778e-06,60,127
1.180704,4.6999999999908226e-05,60,127
1.181683,0.0009790000000000632,66,128
1.181735,5.199999999994098e-05,75,51
1.181737,2.0000000000575113e-06,66,127
1.1822840000000001,0.0005470000000000752,60,128
1.182286,1.9999999998354667e-06,60,127
1.182616,0.00032999999999994145,60,128
1.182739,0.00012300000000009526,60,127
1.183064,0.0003249999999999087,265,128
1.183136,7.2000000000072e-05,265,127
1.183136,0.0,60,242
1.183404,0.00026799999999993496,60,128
1.183405,1.000000000139778e-06,60,127
1.184158,0.0007530000000000037,60,128
1.184159,9.999999999177334e-07,60,127
1.184839,0.0006800000000000139,66,51
1.187249,0.0024100000000000232,60,128
1.18725,9.999999999177334e-07,60,127
1.187758,0.000508000000000175,1414,241
1.188065,0.0003069999999998352,60,128
1.188066,1.000000000139778e-06,60,127
1.188122,5.599999999983396e-05,60,128
1.188123,1.000000000139778e-06,60,127
1.188767,0.0006439999999998669,1414,241
1.18903,0.00026300000000012425,60,128
1.1890830000000001,5.300000000008076e-05,66,128
1.189136,5.2999999999858716e-05,66,127
1.189459,0.00032300000000007323,167,64
1.18971,0.0002510000000000012,60,128
1.189984,0.00027399999999988545,60,128
1.189985,1.000000000139778e-06,60,127
1.190378,0.0003929999999998657,265,128
1.190452,7.400000000012952e-05,265,127
1.1908400000000001,0.00038800000000005497,167,128
1.191953,0.0011129999999999196,1414,241
1.192005,5.199999999994098e-05,167,48
1.192149,0.00014399999999992197,167,128
1.19317,0.0010210000000001607,1414,241
1.193321,0.00015100000000001224,77,64
1.193396,7.49999999998252e-05,1414,241
1.193616,0.000220000000000109,1414,241
1.194441,0.0008250000000000757,60,128
1.194444,2.9999999999752447e-06,60,127
1.194586,0.00014199999999986446,60,128
1.195251,0.0006650000000001377,60,128
1.195252,9.999999999177334e-07,60,127
1.195254,2.0000000000575113e-06,60,128
1.1953,4.599999999999049e-05,66,128
1.195302,2.0000000000575113e-06,60,127
1.1953719999999999,6.999999999979245e-05,66,127
1.19567,0.0002980000000001315,167,128
1.196204,0.0005340000000000344,60,128
1.196205,9.999999999177334e-07,60,127
1.196565,0.000360000000000138,60,242
1.196617,5.199999999994098e-05,265,128
1.196685,6.799999999995698e-05,265,127
1.196785,9.999999999998899e-05,60,128
1.197615,0.0008300000000001084,77,242
1.197805,0.00018999999999991246,60,242
1.197943,0.00013799999999997148,60,187
1.198057,0.00011399999999994748,60,64
1.198058,1.000000000139778e-06,167,51
1.19868,0.0006219999999999004,782,64
1.198814,0.0001340000000000785,74,51
1.198898,8.399999999997299e-05,66,64
1.199114,0.00021599999999999397,60,128
1.200217,0.0011030000000000761,461,64
1.200894,0.0006769999999998166,60,128
1.200895,1.000000000139778e-06,345,51
1.200896,9.999999999177334e-07,60,128
1.2008969999999999,9.999999999177334e-07,60,127
1.200964,6.700000000003925e-05,60,127
1.201099,0.00013499999999999623,167,128
1.2055150000000001,0.0044160000000001975,167,52
1.205927,0.0004119999999998569,167,128
1.2080980000000001,0.002171000000000145,60,128
1.209232,0.0011339999999999684,1414,241
1.209233,9.999999999177334e-07,167,52
1.209522,0.0002889999999999837,1414,241
1.209639,0.00011699999999992272,1414,241
1.20964,1.000000000139778e-06,96,241
1.21,0.00035999999999991594,1414,241
1.210056,5.6000000000056005e-05,652,241
1.210612,0.0005560000000000009,894,128
1.210612,0.0,60,128
1.211687,0.0010749999999999371,60,128
1.214936,0.0032490000000000574,1168,64
1.214996,5.999999999994898e-05,167,52
1.215351,0.00035500000000010523,1133,64
1.21557,0.00021899999999996922,167,128
1.216431,0.0008610000000000007,833,64
1.217923,0.0014920000000000488,167,51
1.219056,0.0011329999999998286,167,52
1.219398,0.0003420000000000645,167,52
1.220783,0.0013849999999999696,67,51
1.220926,0.00014300000000000423,60,240
1.222091,0.0011650000000000826,1254,64
1.222462,0.0003709999999998992,139,64
1.22258,0.0001180000000000625,167,52
1.223792,0.0012119999999999909,167,128
1.224455,0.0006630000000000802,353,45
1.225237,0.0007819999999998384,167,128
1.225757,0.000520000000000076,167,128
1.226076,0.0003189999999999582,60,128
1.226565,0.0004889999999999617,78,48
1.226687,0.00012200000000017752,78,48
1.228069,0.0013819999999999943,60,128
1.228443,0.00037399999999987443,438,48
1.228579,0.000136000000000136,60,64
1.229311,0.0007319999999999549,60,48
1.229574,0.0002629999999999022,60,64
1.229934,0.000360000000000138,167,52
1.230308,0.00037399999999987443,60,49
1.230494,0.00018600000000001948,60,128
1.231305,0.0008110000000001172,60,241
1.23208,0.0007749999999999702,60,128
1.232337,0.0002569999999999517,60,241
1.232524,0.00018699999999993722,60,49
1.233004,0.00048000000000003595,60,128
1.233007,2.9999999999752447e-06,60,128
1.233272,0.0002649999999999597,167,128
1.233383,0.00011099999999997223,60,241
1.233788,0.00040500000000021075,167,128
1.233859,7.099999999993223e-05,1414,241
1.23386,9.999999999177334e-07,60,128
1.233993,0.00013299999999993872,1414,241
1.234116,0.00012300000000009526,1414,241
1.2350349999999999,0.0009189999999998921,1414,241
1.235381,0.0003460000000001795,60,128
1.235607,0.00022599999999983744,67,64
1.236243,0.0006360000000000809,467,54
1.236386,0.00014300000000000423,66,64
1.2364709999999999,8.499999999989072e-05,60,128
1.237433,0.0009620000000001294,1414,241
1.23866,0.0012270000000000891,1414,241
1.238896,0.00023599999999990295,1414,241
1.239465,0.0005690000000000417,1414,241
1.239597,0.000132000000000021,1414,241
1.239794,0.00019700000000000273,60,128
1.2397960000000001,2.0000000000575113e-06,1414,241
1.239884,8.799999999986596e-05,167,128
1.239965,8.099999999999774e-05,1414,241
1.24008,0.00011500000000008725,1414,241
1.240621,0.0005409999999999027,67,51
1.240838,0.00021700000000013375,60,128
1.241865,0.0010269999999998891,60,128
1.243876,0.002010999999999985,60,128
1.244639,0.0007630000000000692,60,52
1.244924,0.0002849999999998687,95,128
1.245359,0.00043500000000018524,147,128
1.24613,0.0007709999999998551,167,128
1.24662,0.0004900000000001015,107,64
1.247796,0.0011759999999998438,1434,242
1.248573,0.0007770000000000277,1434,242
1.24869,0.00011700000000014477,1434,242
1.249077,0.0003869999999999152,60,128
1.252045,0.0029680000000000817,114,128
1.2522199999999999,0.0001749999999998142,114,127
1.253121,0.0009010000000000407,60,46
1.2533590000000001,0.0002380000000001825,139,243
1.253676,0.0003169999999999007,167,46
1.254377,0.0007010000000000627,99,241
1.254795,0.00041800000000002946,251,128
1.255502,0.0007069999999997911,167,48
1.256172,0.0006700000000001705,105,45
1.257239,0.0010669999999999291,167,128
1.257296,5.699999999997374e-05,464,45
1.257488,0.00019199999999996997,67,64
1.257489,1.000000000139778e-06,154,126
1.257494,4.999999999810711e-06,60,128
1.257552,5.8000000000113516e-05,66,51
1.257984,0.00043199999999998795,90,255
1.260146,0.0021619999999999973,60,128
1.26033,0.00018399999999996197,167,52
1.260703,0.0003729999999999567,60,128
1.260704,1.000000000139778e-06,330,51
1.2629000000000001,0.0021960000000000868,60,128
1.262902,1.9999999998354667e-06,676,51
1.262948,4.599999999999049e-05,167,51
1.2630430000000001,9.500000000017828e-05,66,64
1.263981,0.0009379999999998834,60,48
1.264185,0.00020399999999987095,66,51
1.264604,0.00041900000000016924,66,64
1.264691,8.699999999994823e-05,78,48
1.264745,5.3999999999998494e-05,78,48
1.26484,9.499999999995623e-05,60,242
1.266086,0.0012460000000000804,60,128
1.2675480000000001,0.0014620000000000744,60,128
1.2682959999999999,0.0007479999999997489,60,128
1.2691189999999999,0.0008230000000000182,60,128
1.269954,0.0008350000000001412,60,128
1.270735,0.0007809999999999206,60,128
1.273593,0.002858000000000027,60,128
1.273797,0.000204000000000093,66,128
1.273859,6.20000000000065e-05,66,127
1.274127,0.00026799999999993496,60,128
1.2745440000000001,0.0004170000000001117,167,46
1.2746979999999999,0.00015399999999976544,60,128
1.2747,2.0000000000575113e-06,60,127
1.277177,0.0024770000000000625,95,128
1.277179,2.0000000000575113e-06,167,128
1.2787709999999999,0.0015919999999998158,167,52
1.279366,0.0005950000000001232,1168,64
1.279862,0.000496000000000052,1168,64
1.279863,9.999999999177334e-07,842,64
1.281263,0.0014000000000000679,255,51
1.282245,0.0009820000000000384,60,242
1.282839,0.0005939999999999834,60,52
1.282986,0.0001469999999998972,131,242
1.283357,0.00037100000000012123,1414,241
1.283479,0.00012199999999995548,1414,241
1.283696,0.0002169999999999117,1414,241
1.283697,1.000000000139778e-06,103,128
1.283828,0.0001309999999998812,1414,241
1.283951,0.00012300000000009526,1414,241
1.283952,9.999999999177334e-07,155,128
1.28407,0.0001180000000000625,1414,241
1.284223,0.0001529999999998477,265,128
1.284223,0.0,1414,241
1.284324,0.00010100000000012876,155,128
1.284373,4.899999999996574e-05,1414,241
1.2843740000000001,1.000000000139778e-06,265,127
1.284505,0.0001309999999998812,1414,241
1.284506,9.999999999177334e-07,60,243
1.284851,0.0003450000000000397,60,128
1.2859720000000001,0.0011210000000001497,60,128
1.2863419999999999,0.0003699999999997594,427,243
1.286634,0.000292000000000181,60,128
1.28711,0.00047599999999992093,60,128
1.288565,0.001454999999999984,60,128
1.288568,2.9999999999752447e-06,60,127
1.288569,1.000000000139778e-06,60,128
1.288615,4.599999999999049e-05,60,127
1.288932,0.0003169999999999007,60,128
1.290841,0.0019089999999999385,167,128
1.291821,0.000980000000000203,167,48
1.292176,0.0003549999999998832,167,128
1.295191,0.00301499999999999,66,241
1.2956940000000001,0.0005030000000001422,304,44
1.2956940000000001,0.0,167,128
1.296502,0.0008079999999999199,362,241
1.297725,0.001222999999999974,167,64
1.297858,0.00013299999999993872,167,51
1.298467,0.0006090000000000817,572,241
1.298548,8.099999999999774e-05,66,64
1.299742,0.0011939999999999173,60,128
1.3006929999999999,0.0009509999999999241,67,51
1.300739,4.600000000021254e-05,450,64
1.301088,0.0003489999999999327,167,128
1.302165,0.0010769999999999946,67,64
1.3049140000000001,0.0027490000000001125,1414,64
1.304915,9.999999999177334e-07,560,64
1.305892,0.0009770000000000056,167,52
1.3059910000000001,9.900000000007125e-05,167,128
1.307159,0.0011679999999998358,223,51
1.3087900000000001,0.00163100000000016,167,52
1.309204,0.00041399999999991444,60,242
1.3095430000000001,0.00033900000000008923,66,128
1.309609,6.599999999989947e-05,66,127
1.310163,0.0005539999999999434,60,242
1.310371,0.00020799999999998597,60,242
1.310433,6.20000000000065e-05,60,128
1.3104339999999999,9.999999999177334e-07,60,127
1.310671,0.00023700000000004273,265,128
1.310743,7.2000000000072e-05,265,127
1.3142960000000001,0.0035530000000001394,167,52
1.31461,0.00031399999999992545,60,128
1.314612,1.9999999998354667e-06,60,127
1.31545,0.0008380000000001164,60,128
1.315452,2.0000000000575113e-06,60,128
1.315453,9.999999999177334e-07,60,127
1.31552,6.700000000003925e-05,60,127
1.315522,2.0000000000575113e-06,167,128
1.317748,0.0022259999999998392,167,51
1.319223,0.001475000000000115,167,52
1.319532,0.0003089999999998927,60,240
1.319998,0.00046600000000007746,167,52
1.320757,0.0007589999999999542,67,51
1.321795,0.0010380000000000944,1168,64
1.3222559999999999,0.00046099999999982266,1168,64
1.322257,1.000000000139778e-06,544,64
1.322877,0.0006200000000000649,167,52
1.323386,0.0005089999999998707,167,128
1.32458,0.0011940000000001394,171,52
1.324941,0.0003609999999998337,74,64
1.325752,0.0008110000000001172,171,52
1.326432,0.0006800000000000139,66,51
1.327213,0.0007809999999999206,167,128
1.327486,0.0002729999999999677,171,51
1.327617,0.00013100000000010326,183,51
1.328214,0.0005969999999999587,167,128
1.328265,5.100000000002325e-05,66,64
1.328648,0.0003830000000000222,171,52
1.328865,0.0002169999999999117,89,114
1.329049,0.00018399999999996197,171,52
1.3298860000000001,0.0008370000000001987,167,52
1.333264,0.003377999999999881,167,128
1.33379,0.0005260000000000264,167,128
1.336417,0.002626999999999935,1484,128
1.336495,7.80000000000225e-05,1007,128
1.336497,2.0000000000575113e-06,163,128
1.336876,0.0003789999999999072,60,48
1.33701,0.0001340000000000785,60,48
1.337108,9.799999999993148e-05,66,128
1.337167,5.900000000003125e-05,171,51
1.3371680000000001,1.000000000139778e-06,66,127
1.337269,0.00010099999999990672,171,51
1.337482,0.00021300000000001873,171,51
1.33804,0.0005579999999998364,60,128
1.338042,2.0000000000575113e-06,60,127
1.33841,0.000368000000000146,91,128
1.338412,1.9999999998354667e-06,91,128
1.3384610000000001,4.900000000018778e-05,265,128
1.3384610000000001,0.0,91,128
1.3385259999999999,6.49999999997597e-05,265,127
1.339916,0.0013900000000002244,167,128
1.340852,0.0009359999999998259,316,41
1.340919,6.700000000003925e-05,67,51
1.3414329999999999,0.0005139999999999034,66,64
1.34235,0.0009170000000000567,91,50
1.3426529999999999,0.0003029999999999422,60,128
1.342702,4.900000000018778e-05,60,128
1.342803,0.00010099999999990672,60,127
1.342804,1.000000000139778e-06,60,127
1.342883,7.899999999994023e-05,67,64
1.345148,0.0022649999999999615,60,128
1.346004,0.0008559999999999679,60,128
1.3461210000000001,0.00011700000000014477,167,128
1.351467,0.005345999999999851,117,127
1.351952,0.0004850000000000687,106,126
1.35233,0.00037799999999998946,117,127
1.352331,9.999999999177334e-07,155,128
1.352432,0.00010100000000012876,155,128
1.352433,9.999999999177334e-07,90,255
1.352435,2.0000000000575113e-06,117,127
1.352657,0.00022199999999994446,117,127
1.352659,2.0000000000575113e-06,60,46
1.352837,0.00017800000000001148,66,241
1.352894,5.699999999997374e-05,161,64
1.3528959999999999,1.9999999998354667e-06,106,255
1.35399,0.0010940000000001504,67,64
1.354329,0.0003389999999998672,123,64
1.35439,6.100000000008876e-05,1414,128
1.354753,0.00036300000000011323,167,46
1.354802,4.899999999996574e-05,1414,128
1.354803,9.999999999177334e-07,330,128
1.355134,0.00033100000000008123,60,128
1.355658,0.0005239999999999689,123,64
1.355805,0.0001469999999998972,66,128
1.355876,7.100000000015427e-05,66,127
1.35593,5.3999999999998494e-05,167,48
1.356541,0.0006109999999999172,129,64
1.3567580000000001,0.00021700000000013375,60,128
1.356759,9.999999999177334e-07,60,127
1.356916,0.00015699999999996272,60,54
1.357157,0.0002409999999999357,265,128
1.35723,7.299999999998974e-05,265,127
1.35723,0.0,167,128
1.357367,0.00013700000000005375,60,54
1.358233,0.0008660000000000334,130,64
1.360454,0.0022210000000000285,167,52
1.360835,0.0003809999999999647,67,51
1.361423,0.0005880000000000329,60,128
1.3614709999999999,4.799999999982596e-05,60,128
1.362384,0.0009130000000001637,66,128
1.364768,0.0023839999999999417,167,51
1.365248,0.00048000000000003595,60,127
1.365499,0.0002510000000000012,60,127
1.366668,0.0011689999999999756,66,127
1.36697,0.00030200000000002447,60,128
1.366972,2.0000000000575113e-06,60,127
1.3673790000000001,0.0004070000000000462,265,128
1.36745,7.099999999993223e-05,265,127
1.370132,0.002681999999999851,1438,64
1.3710149999999999,0.0008829999999999671,91,128
1.3710740000000001,5.9000000000253294e-05,74,52
1.371197,0.0001229999999998732,66,64
1.3712550000000001,5.8000000000113516e-05,60,52
1.371765,0.0005099999999997884,182,117
1.371824,5.900000000003125e-05,472,64
1.3721999999999999,0.00037599999999993194,60,128
1.372202,2.0000000000575113e-06,60,127
1.372264,6.20000000000065e-05,60,128
1.372266,2.0000000000575113e-06,60,127
1.372543,0.00027700000000008274,64,117
1.3726880000000001,0.00014500000000006175,60,128
1.37405,0.0013619999999998633,224,117
1.374714,0.0006639999999999979,167,46
1.375281,0.0005669999999999842,91,50
1.375587,0.00030599999999991745,1168,64
1.375986,0.0003990000000000382,1168,64
1.375987,1.000000000139778e-06,318,64
1.376315,0.00032799999999988394,91,51
1.376544,0.00022900000000003473,91,51
1.377191,0.0006470000000000642,167,128
1.377452,0.0002609999999998447,60,128
1.378058,0.0006060000000001065,60,128
1.378059,9.999999999177334e-07,91,128
1.378064,5.000000000032756e-06,91,128
1.378064,0.0,91,128
1.379044,0.0009799999999999809,167,52
1.380318,0.0012739999999999974,630,48
1.3804319999999999,0.00011399999999994748,60,64
1.381098,0.0006660000000000554,60,52
1.381248,0.0001500000000000945,322,51
1.381488,0.00024000000000001798,60,52
1.3830339999999999,0.0015459999999998253,84,128
1.386189,0.003155000000000019,60,128
1.387016,0.0008270000000001332,66,128
1.387082,6.599999999989947e-05,66,127
1.38733,0.000248000000000026,60,128
1.387331,1.000000000139778e-06,60,127
1.387665,0.00033399999999983443,265,128
1.387883,0.00021800000000005149,265,127
1.39085,0.002966999999999942,167,128
1.391402,0.000552000000000108,167,48
1.391813,0.0004109999999999392,60,128
1.391815,2.0000000000575113e-06,60,127
1.392136,0.0003210000000000157,60,128
1.392138,2.0000000000575113e-06,60,128
1.392139,9.999999999177334e-07,60,127
1.39214,9.999999999177334e-07,167,128
1.392185,4.500000000007276e-05,60,127
1.393996,0.001811000000000007,167,64
1.394649,0.0006530000000000147,446,64
1.395443,0.0007939999999999614,78,48
1.395444,9.999999999177334e-07,66,128
1.395494,5.0000000000105516e-05,78,48
1.395496,2.0000000000575113e-06,66,127
1.395735,0.0002389999999998782,60,128
1.3957359999999999,9.999999999177334e-07,60,127
1.395815,7.900000000016227e-05,167,128
1.395934,0.00011899999999998023,265,128
1.396007,7.299999999998974e-05,265,127
1.397155,0.0011479999999999269,67,64
1.397884,0.0007289999999999797,167,51
1.398963,0.0010790000000000521,95,240
1.400399,0.0014359999999999928,60,128
1.4003999999999999,9.999999999177334e-07,60,128
1.400452,5.200000000016303e-05,60,127
1.4004539999999999,1.9999999998354667e-06,60,127
1.401079,0.0006250000000000977,167,128
1.401344,0.0002649999999999597,224,51
1.402015,0.0006710000000000882,114,128
1.402065,4.999999999988347e-05,114,127
1.402067,2.0000000000575113e-06,60,241
1.403082,0.0010149999999999881,60,241
1.405437,0.002355000000000107,167,52
1.406001,0.0005640000000000089,167,128
1.4067370000000001,0.0007360000000000699,107,54
1.407782,0.0010449999999999626,97,54
1.407964,0.00018199999999990446,60,128
1.407966,2.0000000000575113e-06,111,54
1.408322,0.00035600000000002296,87,54
1.408822,0.0004999999999999449,60,128
1.409366,0.0005439999999998779,167,52
1.413348,0.003982000000000152,66,128
1.41341,6.20000000000065e-05,66,127
1.413729,0.0003189999999999582,60,128
1.41373,9.999999999177334e-07,60,127
1.4140869999999999,0.0003569999999999407,265,128
1.414159,7.2000000000072e-05,265,127
1.414593,0.00043400000000004546,167,52
1.415603,0.0010099999999999554,167,128
1.4176250000000001,0.0020220000000001903,67,64
1.418173,0.0005479999999997709,60,128
1.418174,1.000000000139778e-06,60,127
1.418696,0.0005219999999999114,167,52
1.418992,0.000296000000000074,92,128
1.419471,0.0004789999999998962,167,52
1.4197739999999999,0.0003029999999999422,60,128
1.419776,2.0000000000575113e-06,60,127
1.419777,1.000000000139778e-06,60,128
1.419824,4.6999999999908226e-05,60,127
1.422456,0.0026319999999999677,75,51
1.422575,0.00011899999999998023,167,52
1.422843,0.000268000000000157,91,53
1.422939,9.599999999987396e-05,78,48
1.42294,1.000000000139778e-06,78,48
1.422941,9.999999999177334e-07,78,48
1.423466,0.0005249999999998867,167,128
1.423862,0.00039600000000006297,91,52
1.423914,5.199999999994098e-05,60,128
1.42398,6.600000000012152e-05,91,51
1.424848,0.0008679999999998689,91,52
1.425691,0.0008430000000001492,167,128
1.4282110000000001,0.0025200000000000777,167,128
1.428518,0.0003069999999998352,66,128
1.428583,6.499999999998174e-05,66,127
1.42939,0.0008070000000000022,60,128
1.429528,0.00013799999999997148,60,127
1.429772,0.000244000000000133,265,128
1.429865,9.299999999989872e-05,265,127
1.430458,0.0005930000000000657,167,52
1.432223,0.0017650000000000166,140,51
1.432286,6.299999999992423e-05,167,128
1.432668,0.0003820000000001045,1514,52
1.43278,0.00011199999999988997,66,64
1.43286,8.000000000008001e-05,1514,52
1.432943,8.300000000005525e-05,66,64
1.433279,0.00033599999999989194,1514,52
1.4333719999999999,9.299999999989872e-05,66,64
1.433422,5.0000000000105516e-05,1514,52
1.433497,7.500000000004725e-05,66,64
1.433923,0.00042600000000003746,167,128
1.43423,0.0003069999999998352,60,128
1.434232,2.0000000000575113e-06,60,128
1.434234,2.0000000000575113e-06,60,127
1.434235,9.999999999177334e-07,60,127
1.434349,0.00011400000000016952,66,128
1.434415,6.599999999989947e-05,66,127
1.435187,0.0007719999999999949,60,128
1.435303,0.00011600000000000499,60,127
1.435438,0.00013499999999999623,265,128
1.435584,0.00014599999999997948,265,127
1.437468,0.0018839999999999968,89,110
1.4375879999999999,0.00011999999999989797,85,51
1.4377849999999999,0.00019700000000000273,167,51
1.437786,1.000000000139778e-06,85,64
1.439337,0.00155100000000008,1168,64
1.439769,0.00043199999999998795,1168,64
1.43977,9.999999999177334e-07,83,64
1.439868,9.799999999993148e-05,167,128
1.439931,6.300000000014627e-05,60,128
1.439933,1.9999999998354667e-06,60,128
1.439934,1.000000000139778e-06,60,127
1.439991,5.699999999997374e-05,60,127
1.440668,0.0006770000000000387,67,51
1.445641,0.004972999999999894,60,127
1.446132,0.0004910000000000192,167,128
1.44685,0.0007179999999999964,402,241
1.4500009999999999,0.003150999999999904,60,128
1.45073,0.0007290000000002017,1414,64
1.450731,9.999999999177334e-07,543,64
1.452022,0.001290999999999931,60,128
1.452024,2.0000000000575113e-06,60,127
1.4534989999999999,0.001474999999999893,167,46
1.453945,0.0004460000000001685,60,126
1.454999,0.0010539999999998884,167,48
1.457236,0.0022370000000000445,167,128
1.45753,0.00029400000000001647,66,128
1.457599,6.900000000009676e-05,66,127
1.4576,9.999999999177334e-07,78,64
1.457961,0.0003610000000000557,70,247
1.458455,0.0004939999999999944,60,128
1.4584570000000001,2.0000000000575113e-06,60,127
1.458874,0.0004169999999998897,265,128
1.458946,7.2000000000072e-05,265,127
1.459478,0.0005319999999999769,1414,242
1.459755,0.0002769999999998607,67,64
1.459893,0.00013800000000019352,66,128
1.459952,5.8999999999809205e-05,66,127
1.460544,0.000592000000000148,1414,242
1.460777,0.0002329999999999277,1414,242
1.460831,5.3999999999998494e-05,60,128
1.460912,8.099999999999774e-05,1414,242
1.460912,0.0,60,127
1.461033,0.00012100000000003774,60,128
1.4610349999999999,1.9999999998354667e-06,1414,242
1.461807,0.000772000000000217,1414,242
1.461807,0.0,167,52
1.4618090000000001,2.0000000000575113e-06,199,51
1.461932,0.0001229999999998732,66,128
1.461934,2.0000000000575113e-06,60,128
1.461935,9.999999999177334e-07,1414,242
1.462072,0.00013700000000005375,1414,242
1.462072,0.0,66,127
1.462193,0.00012100000000003774,1414,242
1.462361,0.00016799999999994597,1414,242
1.462494,0.00013299999999993872,1414,242
1.462726,0.00023200000000000998,1414,242
1.462864,0.00013799999999997148,1414,242
1.462986,0.00012199999999995548,1414,242
1.462986,0.0,60,128
1.462988,2.0000000000575113e-06,60,128
1.4630830000000001,9.500000000017828e-05,60,128
1.463085,1.9999999998354667e-06,60,128
1.4631319999999999,4.6999999999908226e-05,1414,242
1.463133,1.000000000139778e-06,60,128
1.463134,9.999999999177334e-07,167,51
1.463136,2.0000000000575113e-06,60,127
1.463255,0.00011899999999998023,1414,242
1.463256,9.999999999177334e-07,60,127
1.463258,2.0000000000575113e-06,60,127
1.463429,0.00017100000000014326,265,128
1.463502,7.299999999998974e-05,265,127
1.463997,0.0004949999999999122,60,128
1.464247,0.0002500000000000835,1414,242
1.464373,0.00012599999999984846,1414,242
1.464642,0.00026900000000007473,1414,242
1.465177,0.0005349999999999522,175,1
1.46523,5.300000000008076e-05,60,128
1.465948,0.0007179999999999964,66,128
1.4660090000000001,6.100000000008876e-05,66,127
1.4670290000000001,0.0010200000000000209,60,128
1.4670320000000001,2.9999999999752447e-06,60,127
1.467411,0.0003789999999999072,265,128
1.467482,7.099999999993223e-05,265,127
1.467915,0.00043300000000012773,60,128
1.467917,1.9999999998354667e-06,60,127
1.467918,1.000000000139778e-06,60,128
1.467964,4.599999999999049e-05,60,127
1.469437,0.0014730000000000576,1254,64
1.470352,0.0009149999999999991,265,128
1.470424,7.199999999984996e-05,265,127
1.471162,0.0007380000000001274,139,64
1.471979,0.0008169999999998456,60,128
1.471981,2.0000000000575113e-06,60,128
1.4719820000000001,1.000000000139778e-06,60,127
1.472043,6.0999999999866716e-05,60,127
1.473093,0.0010499999999999954,1345,52
1.473207,0.00011399999999994748,777,48
1.473297,9.000000000014552e-05,60,64
1.474681,0.0013839999999998298,66,64
1.475765,0.001084000000000085,167,46
1.475854,8.900000000000574e-05,66,128
1.4759039999999999,4.999999999988347e-05,60,128
1.475905,1.000000000139778e-06,66,127
1.475906,9.999999999177334e-07,60,127
1.475907,1.000000000139778e-06,60,128
1.475973,6.599999999989947e-05,60,127
1.4762870000000001,0.0003140000000001475,60,128
1.476288,9.999999999177334e-07,60,127
1.477151,0.0008630000000000582,167,128
1.478769,0.0016179999999998973,167,52
1.48018,0.001411000000000051,74,64
1.480692,0.0005119999999998459,77,51
1.481845,0.0011530000000001817,77,64
1.4826679999999999,0.0008229999999997961,66,128
1.482729,6.100000000008876e-05,66,127
1.483071,0.0003420000000000645,60,128
1.483072,9.999999999177334e-07,60,127
1.483425,0.0003530000000000477,60,128
1.483478,5.300000000008076e-05,265,128
1.483544,6.599999999989947e-05,265,127
1.483911,0.0003670000000000062,60,128
1.486011,0.0020999999999999908,265,128
1.486079,6.799999999995698e-05,265,127
1.487107,0.0010280000000000289,74,64
1.487362,0.00025500000000011624,60,128
1.487741,0.0003789999999999072,60,128
1.487743,2.0000000000575113e-06,60,128
1.487744,9.999999999177334e-07,60,127
1.487807,6.300000000014627e-05,60,127
1.487808,9.999999999177334e-07,60,128
1.487876,6.799999999995698e-05,60,127
1.490613,0.0027369999999999894,167,64
1.490917,0.000304000000000082,167,128
1.490987,7.00000000000145e-05,167,48
1.49145,0.0004629999999998802,60,128
1.491451,1.000000000139778e-06,60,127
1.491706,0.0002549999999998942,60,128
1.491708,2.0000000000575113e-06,60,127
1.4917639999999999,5.599999999983396e-05,60,128
1.491766,2.0000000000575113e-06,60,127
1.492166,0.000400000000000178,167,128
1.49309,0.0009239999999999249,74,64
1.49348,0.00038999999999989043,66,241
1.49363,0.0001500000000000945,66,128
1.493693,6.299999999992423e-05,66,127
1.4937529999999999,5.999999999994898e-05,60,128
1.494554,0.0008010000000000517,60,128
1.494555,1.000000000139778e-06,60,127
1.494958,0.0004029999999999312,265,128
1.49503,7.2000000000072e-05,265,127
1.495549,0.0005189999999999362,373,241
1.49576,0.00021099999999996122,167,128
1.496906,0.0011460000000000914,60,53
1.497782,0.0008759999999998769,167,51
1.499285,0.001503000000000032,60,128
1.499288,2.9999999999752447e-06,60,127
1.499338,5.0000000000105516e-05,60,128
1.499339,9.999999999177334e-07,60,127
1.500797,0.0014579999999999593,239,51
1.501126,0.0003290000000000237,167,128
1.501315,0.00018899999999999473,78,52
1.50144,0.00012500000000015277,78,52
1.501493,5.2999999999858716e-05,1414,64
1.501493,0.0,78,51
1.501494,1.000000000139778e-06,540,64
1.5019749999999998,0.00048099999999973164,60,241
1.502583,0.000608000000000164,1168,64
1.5029759999999999,0.0003929999999998657,60,240
1.503936,0.0009600000000000719,78,49
1.504047,0.00011099999999997223,66,64
1.504141,9.40000000000385e-05,1168,64
1.5041419999999999,9.999999999177334e-07,768,64
1.504603,0.0004610000000000447,445,64
1.5049860000000002,0.00038300000000024426,60,64
1.505265,0.0002789999999999182,167,52
1.505431,0.00016599999999988846,60,64
1.505999,0.000568000000000124,167,128
1.5086249999999999,0.002625999999999795,66,52
1.508713,8.800000000008801e-05,167,52
1.511592,0.002879000000000076,820,242
1.51205,0.0004579999999998474,78,53
1.512102,5.200000000016303e-05,78,53
1.512626,0.0005239999999999689,78,52
1.5129540000000001,0.000328000000000106,67,64
1.5136910000000001,0.0007369999999999877,89,51
1.513741,4.999999999988347e-05,1514,128
1.5137909999999999,4.999999999988347e-05,780,128
1.5137909999999999,0.0,240,128
1.513966,0.00017500000000003624,316,44
1.514081,0.00011500000000008725,304,44
1.514443,0.00036199999999997345,167,52
1.514898,0.0004550000000000942,103,128
1.515592,0.0006939999999999724,167,128
1.516066,0.0004739999999998634,60,128
1.518596,0.0025300000000001432,167,52
1.518597,9.999999999177334e-07,60,128
1.519396,0.0007989999999999942,167,52
1.520902,0.0015060000000000073,67,51
1.521924,0.0010220000000000784,167,52
1.523119,0.001194999999999835,788,241
1.523482,0.00036300000000011323,167,128
1.524259,0.0007770000000000277,74,51
1.5243799999999998,0.0001209999999998157,66,64
1.524947,0.0005670000000002062,443,64
1.525141,0.00019400000000002748,60,128
1.525271,0.00012999999999996348,167,128
1.527729,0.002457999999999849,167,128
1.529169,0.0014400000000001079,60,128
1.529387,0.00021800000000005149,298,54
1.529481,9.40000000000385e-05,66,128
1.5295480000000001,6.700000000003925e-05,60,128
1.529614,6.599999999989947e-05,155,128
1.529931,0.0003169999999999007,1514,54
1.530059,0.000128000000000128,66,128
1.531281,0.0012219999999998343,1514,54
1.5314269999999999,0.00014599999999997948,60,128
1.531633,0.0002060000000001505,167,52
1.5322689999999999,0.0006359999999998589,167,128
1.533807,0.0015380000000000393,167,128
1.5347849999999998,0.0009779999999999234,1168,64
1.535161,0.000376000000000154,1168,64
1.5351620000000001,1.000000000139778e-06,726,64
1.5376560000000001,0.0024939999999999962,60,42
1.538024,0.00036799999999992394,60,128
1.538941,0.0009169999999998346,167,51
1.538942,1.000000000139778e-06,60,42
1.5390000000000001,5.8000000000113516e-05,60,128
1.539002,1.9999999998354667e-06,60,42
1.539147,0.00014500000000006175,231,51
1.539898,0.0007509999999999462,167,128
1.540717,0.0008189999999999031,67,51
1.541001,0.000284000000000173,66,241
1.541667,0.0006659999999998334,155,128
1.542342,0.0006750000000002032,268,241
1.543051,0.0007089999999998486,60,128
1.5432700000000001,0.00021900000000019126,1414,241
1.544376,0.0011059999999998293,1414,241
1.544524,0.000148000000000037,1414,241
1.5446819999999999,0.00015799999999988046,1125,242
1.544883,0.00020100000000011775,1414,241
1.54501,0.00012699999999998823,1414,241
1.545423,0.0004129999999999967,60,128
1.5454940000000001,7.100000000015427e-05,1414,241
1.545725,0.0002309999999998702,1414,241
1.545904,0.00017899999999992922,1414,241
1.546047,0.00014300000000000423,1414,241
1.546047,0.0,395,241
1.546047,0.0,60,242
1.546092,4.500000000007276e-05,167,128
1.546287,0.00019499999999994522,60,128
1.546359,7.2000000000072e-05,159,128
1.5464099999999998,5.0999999999801204e-05,1414,241
1.546532,0.00012200000000017752,1414,241
1.54677,0.00023799999999996047,60,128
1.5467710000000001,1.000000000139778e-06,1414,241
1.5467710000000001,0.0,222,241
1.546772,9.999999999177334e-07,82,241
1.546884,0.00011199999999988997,60,128
1.548622,0.0017380000000000173,362,241
1.5487950000000001,0.00017300000000020077,60,128
1.549472,0.0006769999999998166,1000,49
1.549472,0.0,66,49
1.549641,0.00016900000000008575,66,64
1.549756,0.00011499999999986521,60,128
1.549757,1.000000000139778e-06,60,128
1.5506980000000001,0.0009410000000000807,60,128
1.550764,6.599999999989947e-05,1414,64
1.550765,9.999999999177334e-07,540,64
1.551083,0.00031800000000004047,66,64
1.551085,2.0000000000575113e-06,60,128
1.551265,0.00017999999999984695,60,49
1.5520749999999999,0.0008099999999999774,60,64
1.552898,0.0008230000000000182,74,51
1.5530080000000002,0.00011000000000027654,66,64
1.553747,0.0007389999999998231,461,64
1.5540509999999998,0.00030399999999985994,167,46
1.55465,0.0005990000000002382,1514,54
1.555173,0.0005229999999998292,167,48
1.5567980000000001,0.0016250000000002096,67,64
1.557242,0.00044399999999988893,167,128
1.55971,0.0024679999999999147,167,52
1.560222,0.000512000000000068,66,128
1.560873,0.0006509999999999572,265,51
1.5616379999999999,0.0007649999999999046,60,128
1.5616400000000001,2.000000000279556e-06,60,128
1.563298,0.0016579999999999373,936,54
1.5634320000000002,0.0001340000000000785,66,128
1.5635539999999999,0.00012199999999973343,1514,54
1.563603,4.900000000018778e-05,507,51
1.563604,9.999999999177334e-07,66,51
1.563701,9.700000000001374e-05,66,128
1.5637020000000001,1.000000000139778e-06,66,64
1.5647600000000002,0.0010580000000000034,1110,64
1.564825,6.49999999997597e-05,66,64
1.564963,0.00013800000000019352,1514,54
1.565112,0.00014899999999995472,60,128
1.565707,0.0005949999999999012,167,51
1.569779,0.0040720000000000756,60,128
1.569866,8.699999999994823e-05,66,128
1.569931,6.499999999998174e-05,66,127
1.5708579999999999,0.0009269999999999001,60,128
1.5708600000000001,2.000000000279556e-06,60,127
1.57127,0.0004099999999997994,265,128
1.571342,7.2000000000072e-05,265,127
1.572073,0.0007310000000000372,78,49
1.5723500000000001,0.00027700000000008274,60,242
1.572568,0.00021799999999982944,78,49
1.572569,1.000000000139778e-06,74,64
1.5732270000000002,0.0006580000000000474,66,128
1.575475,0.0022479999999998057,60,128
1.57548,5.000000000032756e-06,167,46
1.575481,9.999999999177334e-07,60,127
1.575548,6.700000000003925e-05,60,128
1.575549,1.000000000139778e-06,60,127
1.57562,7.099999999993223e-05,60,128
1.575621,9.999999999177334e-07,60,127
1.5766909999999998,0.0010699999999999044,60,244
1.577154,0.0004630000000001022,167,128
1.577398,0.000244000000000133,60,243
1.577399,9.999999999177334e-07,74,64
1.577585,0.00018600000000001948,60,128
1.5775869999999999,1.9999999998354667e-06,74,64
1.577928,0.00034100000000014674,72,64
1.578113,0.00018500000000010175,60,128
1.578692,0.0005789999999998852,167,52
1.580932,0.0022400000000000198,66,49
1.581004,7.2000000000072e-05,235,51
1.58172,0.0007159999999999389,60,48
1.5820539999999998,0.00033399999999983443,60,128
1.582712,0.0006580000000000474,60,48
1.5868259999999998,0.004113999999999951,60,128
1.5908229999999999,0.003997000000000028,167,128
1.5909499999999999,0.00012699999999998823,167,48
1.592165,0.0012150000000001882,167,128
1.5931950000000001,0.0010300000000000864,66,241
1.5949849999999999,0.0017899999999997362,60,128
1.595196,0.00021100000000018326,393,241
1.5958489999999999,0.0006529999999997926,167,128
1.596503,0.0006540000000001545,66,51
1.597884,0.0013810000000000766,167,51
1.598654,0.0007699999999999374,167,64
1.599656,0.0010019999999999474,60,242
1.5997780000000001,0.00012200000000017752,60,128
1.59995,0.00017199999999983895,1168,64
1.6000079999999999,5.799999999989147e-05,66,128
1.600104,9.600000000009601e-05,66,127
1.6002960000000002,0.00019200000000019202,1168,64
1.6002969999999999,9.999999996956888e-07,560,64
1.600665,0.000368000000000146,67,51
1.600929,0.000264000000000042,60,128
1.600931,2.0000000000575113e-06,60,127
1.601185,0.00025399999999997647,167,128
1.6031360000000001,0.001951000000000036,66,128
1.603853,0.0007169999999998566,60,128
1.6038540000000001,1.000000000139778e-06,60,127
1.6041889999999999,0.00033499999999975216,486,242
1.604244,5.500000000013827e-05,66,64
1.604584,0.00034000000000000696,167,52
1.604682,9.799999999993148e-05,1116,64
1.605998,0.0013160000000000949,167,128
1.6070630000000001,0.0010650000000000936,66,64
1.608737,0.0016739999999999533,167,52
1.609206,0.00046899999999983066,66,51
1.609765,0.0005589999999999762,60,128
1.6100569999999998,0.00029199999999995896,60,128
1.610133,7.600000000018703e-05,60,128
1.610389,0.000256000000000034,60,52
1.610512,0.0001229999999998732,60,128
1.611227,0.0007150000000000212,265,128
1.611299,7.2000000000072e-05,265,127
1.611424,0.00012499999999993072,60,240
1.6116380000000001,0.0002140000000001585,60,241
1.613222,0.0015839999999998078,66,128
1.613224,2.0000000000575113e-06,60,187
1.6132849999999999,6.0999999999866716e-05,66,127
1.613343,5.8000000000113516e-05,60,64
1.6139679999999998,0.0006249999999998757,782,64
1.61414,0.000172000000000061,60,128
1.614142,2.0000000000575113e-06,60,127
1.614369,0.00022699999999997722,676,51
1.61437,1.000000000139778e-06,167,52
1.614459,8.900000000000574e-05,66,64
1.614573,0.00011399999999994748,265,128
1.6146470000000002,7.400000000012952e-05,265,127
1.615247,0.0005999999999999339,66,51
1.6155789999999999,0.0003319999999997769,167,128
1.6158320000000002,0.0002530000000002808,60,128
1.615834,1.9999999998354667e-06,60,128
1.6158350000000001,1.000000000139778e-06,60,127
1.615837,1.9999999998354667e-06,60,127
1.616097,0.00025999999999992696,66,64
1.616327,0.0002300000000001745,78,242
1.616383,5.599999999983396e-05,66,64
1.6167259999999999,0.0003429999999999822,190,64
1.618997,0.002271000000000134,167,52
1.619748,0.0007509999999999462,60,128
1.619749,1.000000000139778e-06,167,52
1.61975,9.999999999177334e-07,60,127
1.620223,0.0004729999999999457,66,128
1.6202830000000001,6.000000000017103e-05,66,127
1.6205829999999999,0.0002999999999997449,60,128
1.620633,5.0000000000105516e-05,60,127
1.620634,9.999999999177334e-07,67,51
1.620636,2.0000000000575113e-06,60,128
1.620698,6.20000000000065e-05,60,127
1.621194,0.000496000000000052,60,128
1.621197,2.9999999999752447e-06,60,127
1.621318,0.00012100000000003774,67,64
1.622123,0.0008049999999999446,60,128
1.622125,2.0000000000575113e-06,167,52
1.622249,0.000124000000000013,78,241
1.622304,5.499999999991623e-05,66,64
1.622525,0.00022100000000002673,190,64
1.622706,0.00018099999999998673,413,242
1.6230470000000001,0.00034100000000014674,588,64
1.62316,0.0001129999999998077,66,128
1.62347,0.00031000000000003247,687,128
1.623615,0.00014500000000006175,1414,242
1.6240670000000001,0.000452000000000119,60,128
1.62478,0.0007129999999997416,1414,242
1.624975,0.00019500000000016726,83,127
1.626917,0.0019419999999998883,167,128
1.628285,0.0013680000000000359,167,128
1.628526,0.0002409999999999357,95,243
1.6300050000000001,0.0014790000000002301,167,52
1.631689,0.0016839999999997968,265,128
1.6317620000000002,7.300000000021178e-05,265,127
1.631909,0.0001469999999998972,167,128
1.632255,0.00034599999999995745,167,128
1.63477,0.002515000000000045,167,128
1.634943,0.00017299999999997873,66,64
1.635686,0.0007429999999999382,60,128
1.635687,9.999999999177334e-07,60,127
1.635755,6.800000000017903e-05,60,128
1.635757,1.9999999998354667e-06,60,127
1.635844,8.700000000017027e-05,60,128
1.635845,9.999999999177334e-07,60,127
1.6370770000000001,0.0012320000000001219,60,128
1.637768,0.0006909999999997751,66,128
1.6378279999999998,5.999999999994898e-05,66,127
1.638286,0.00045800000000006946,167,51
1.638678,0.00039200000000017,60,128
1.638679,9.999999999177334e-07,60,127
1.638859,0.000180000000000069,60,51
1.638985,0.00012599999999984846,60,128
1.639917,0.0009320000000001549,167,128
1.640816,0.0008989999999999831,67,51
1.642325,0.0015089999999999826,60,128
1.642751,0.00042600000000003746,60,128
1.643254,0.0005029999999999202,67,64
1.643866,0.0006120000000000569,66,54
1.646176,0.0023100000000000342,167,128
1.647248,0.0010719999999999619,60,128
1.6482890000000001,0.0010410000000000696,265,128
1.6483590000000001,7.00000000000145e-05,265,127
1.649681,0.0013219999999998233,60,128
1.649744,6.300000000014627e-05,66,128
1.6498110000000001,6.700000000003925e-05,66,127
1.6505990000000001,0.0007880000000000109,60,128
1.650601,1.9999999998354667e-06,60,127
1.650927,0.0003260000000000485,265,128
1.650979,5.199999999994098e-05,713,242
1.6509800000000001,1.000000000139778e-06,265,127
1.651415,0.0004349999999999632,1117,64
1.652269,0.0008539999999999104,60,242
1.65244,0.00017099999999992122,60,128
1.652712,0.00027200000000005,60,128
1.6527129999999999,9.999999999177334e-07,60,127
1.6532909999999998,0.0005779999999999674,438,50
1.653402,0.00011100000000019428,60,50
1.653404,2.0000000000575113e-06,60,64
1.653516,0.00011199999999988997,60,128
1.653518,2.0000000000575113e-06,60,127
1.65357,5.199999999994098e-05,60,128
1.653572,2.0000000000575113e-06,60,127
1.653893,0.0003210000000000157,72,64
1.654335,0.00044200000000005346,60,64
1.654337,1.9999999998354667e-06,251,64
1.6544379999999999,0.00010099999999990672,167,46
1.654971,0.0005330000000001167,167,48
1.6567530000000001,0.0017820000000001723,60,128
1.656755,1.9999999998354667e-06,60,127
1.65686,0.00010500000000002174,1414,128
1.656942,8.199999999991547e-05,60,243
1.656944,2.0000000000575113e-06,1147,128
1.6572580000000001,0.0003140000000001475,167,128
1.657516,0.00025799999999986944,60,128
1.657517,9.999999999177334e-07,60,128
1.657519,2.0000000000575113e-06,60,127
1.6575199999999999,9.999999999177334e-07,60,127
1.658213,0.0006930000000000547,60,242
1.6593740000000001,0.0011610000000001897,167,52
1.660898,0.0015239999999998588,280,51
1.661858,0.0009600000000000719,60,128
1.6629049999999999,0.001046999999999798,167,51
1.663611,0.0007060000000000954,135,242
1.66439,0.0007790000000000852,66,128
1.664459,6.899999999987472e-05,66,127
1.66546,0.0010010000000000296,60,128
1.665461,1.000000000139778e-06,60,127
1.665587,0.00012599999999984846,1266,64
1.665852,0.00026500000000018176,265,128
1.665918,6.599999999989947e-05,1414,242
1.6659190000000001,1.000000000139778e-06,265,127
1.6659739999999998,5.499999999969418e-05,66,64
1.666805,0.0008310000000002482,1266,64
1.666806,9.999999999177334e-07,1266,64
1.666807,9.999999999177334e-07,1080,242
1.6668530000000001,4.600000000021254e-05,1266,64
1.6668530000000001,0.0,66,64
1.667852,0.00099899999999975,376,64
1.667904,5.200000000016303e-05,1414,241
1.667958,5.3999999999998494e-05,66,64
1.66989,0.0019320000000000448,1080,241
1.669942,5.199999999994098e-05,66,64
1.669944,2.0000000000575113e-06,287,242
1.670126,0.00018199999999990446,60,128
1.670128,2.0000000000575113e-06,60,127
1.670202,7.399999999990747e-05,60,128
1.6708699999999999,0.0006679999999998909,376,64
1.670951,8.100000000021979e-05,60,128
1.670952,9.999999999177334e-07,60,128
1.670953,9.999999999177334e-07,60,127
1.670955,2.0000000000575113e-06,60,127
1.671395,0.00043999999999999595,78,64
1.6715520000000001,0.00015700000000018477,351,128
1.6717710000000001,0.00021899999999996922,66,51
1.6719119999999998,0.00014099999999972468,78,64
1.672441,0.0005290000000002237,351,128
1.67348,0.0010390000000000121,1414,242
1.6737579999999999,0.0002779999999997784,91,64
1.674002,0.000244000000000133,60,128
1.6743000000000001,0.0002980000000001315,1414,242
1.67595,0.0016499999999999293,1168,64
1.6761620000000002,0.000212000000000101,167,46
1.676403,0.0002409999999999357,1168,64
1.676403,0.0,474,64
1.6771310000000001,0.0007280000000000619,167,128
1.678247,0.0011159999999998949,91,128
1.678248,9.999999999177334e-07,91,128
1.6782979999999998,4.999999999988347e-05,91,128
1.6783510000000001,5.3000000000302805e-05,91,128
1.6787670000000001,0.00041599999999997195,167,52
1.680949,0.0021819999999999062,336,51
1.6816740000000001,0.0007250000000000867,60,242
1.681837,0.00016299999999991321,60,128
1.6820330000000001,0.000196000000000085,66,128
1.682118,8.499999999989072e-05,91,128
1.68218,6.20000000000065e-05,91,128
1.682233,5.300000000008076e-05,91,128
1.682341,0.00010799999999999699,66,128
1.6832150000000001,0.0008740000000000414,66,128
1.68652,0.0033049999999998914,283,128
1.688676,0.0021560000000000468,114,128
1.688727,5.100000000002325e-05,114,127
1.690159,0.0014319999999998778,60,243
1.690832,0.0006729999999999237,167,128
1.690922,9.000000000014552e-05,1266,64
1.6910530000000001,0.00013100000000010326,167,48
1.691137,8.399999999975094e-05,60,243
1.69138,0.00024300000000021527,1266,64
1.691381,9.999999999177334e-07,1266,64
1.691381,0.0,1266,64
1.6918389999999999,0.0004579999999998474,60,128
1.692032,0.00019300000000010975,1266,64
1.692129,9.700000000001374e-05,167,128
1.6925729999999999,0.00044399999999988893,1266,64
1.692574,1.000000000139778e-06,1266,64
1.6926269999999999,5.2999999999858716e-05,1266,64
1.6943890000000001,0.0017620000000002634,60,50
1.694968,0.0005789999999998852,167,64
1.695602,0.0006340000000000234,1434,128
1.695671,6.899999999987472e-05,901,128
1.695728,5.699999999997374e-05,167,128
1.696442,0.0007140000000001034,1434,128
1.696515,7.299999999998974e-05,954,128
1.696515,0.0,67,64
1.696801,0.00028600000000000847,60,128
1.696802,9.999999999177334e-07,1414,242
1.697236,0.00043400000000004546,1434,128
1.697303,6.700000000003925e-05,884,128
1.697805,0.0005020000000000024,60,128
1.698057,0.00025199999999991896,167,51
1.69865,0.0005930000000000657,1414,242
1.698705,5.499999999991623e-05,66,64
1.698867,0.00016199999999999548,1414,242
1.6993040000000001,0.00043700000000024275,1434,128
1.699369,6.49999999997597e-05,878,128
1.700305,0.0009360000000000479,1414,242
1.7003599999999999,5.499999999991623e-05,66,64
1.7004489999999999,8.900000000000574e-05,1414,242
1.7006679999999998,0.00021899999999996922,1414,242
1.7007219999999998,5.3999999999998494e-05,66,64
1.700877,0.00015500000000012726,1414,242
1.701009,0.000132000000000021,1414,242
1.7010640000000001,5.500000000013827e-05,66,64
1.701121,5.699999999997374e-05,1414,242
1.701122,9.999999999177334e-07,67,51
1.701123,9.999999999177334e-07,364,242
1.701194,7.100000000015427e-05,167,128
1.701195,9.999999999177334e-07,66,64
1.701344,0.00014899999999995472,1414,242
1.701525,0.00018099999999998673,1414,242
1.701579,5.3999999999998494e-05,66,64
1.701642,6.300000000014627e-05,1414,242
1.701895,0.0002529999999998367,1414,242
1.701896,1.000000000139778e-06,60,242
1.701897,9.999999999177334e-07,60,242
1.70195,5.300000000008076e-05,66,64
1.702248,0.00029799999999990945,1414,242
1.702248,0.0,432,242
1.702346,9.799999999993148e-05,66,64
1.704288,0.0019420000000001103,60,241
1.704359,7.099999999993223e-05,167,52
1.704593,0.0002340000000000675,60,51
1.704762,0.00016900000000008575,60,128
1.706016,0.0012539999999998663,167,128
1.707388,0.0013719999999999288,1514,242
1.708583,0.0011950000000000571,1514,242
1.7087569999999999,0.00017399999999989646,1239,242
1.7087569999999999,0.0,167,52
1.708944,0.00018700000000015926,1514,242
1.709032,8.800000000008801e-05,60,128
1.709082,4.999999999988347e-05,1514,242
1.7091880000000002,0.00010600000000016152,1239,242
1.7091889999999998,9.999999996956888e-07,60,128
1.70946,0.00027100000000013225,1514,242
1.709589,0.00012900000000004574,859,242
1.709876,0.0002869999999999262,60,128
1.7101009999999999,0.0002249999999999197,109,242
1.711113,0.001012000000000235,91,52
1.713004,0.001890999999999865,91,50
1.713702,0.0006980000000000874,60,128
1.713705,2.9999999999752447e-06,60,128
1.714035,0.00032999999999994145,91,51
1.71429,0.00025500000000011624,167,52
1.7152720000000001,0.0009820000000000384,109,241
1.715571,0.0002989999999998272,167,128
1.716386,0.0008150000000000102,1326,64
1.7170100000000001,0.00062400000000018,67,64
1.717533,0.0005229999999998292,60,243
1.718129,0.0005960000000000409,1266,64
1.7186050000000002,0.000476000000000143,1266,64
1.7186059999999999,9.999999996956888e-07,1266,64
1.718656,5.0000000000105516e-05,1266,64
1.719022,0.0003660000000000885,167,52
1.719158,0.00013599999999991397,60,243
1.7197390000000001,0.0005810000000001647,1266,64
1.719903,0.00016399999999983095,167,52
1.720195,0.00029199999999995896,1266,64
1.720195,0.0,1266,64
1.720245,5.0000000000105516e-05,1266,64
1.7204869999999999,0.00024199999999985344,91,52
1.7207059999999998,0.00021899999999996922,60,243
1.720969,0.00026300000000012425,450,64
1.721225,0.000256000000000034,67,51
1.7212809999999998,5.599999999983396e-05,1266,64
1.7212809999999998,0.0,91,52
1.72143,0.00014900000000017677,91,50
1.721631,0.0002009999999998957,60,243
1.721777,0.00014599999999997948,91,51
1.721779,2.0000000000575113e-06,167,52
1.721862,8.300000000005525e-05,1266,64
1.721862,0.0,1266,64
1.721913,5.100000000002325e-05,1266,64
1.722332,0.0004189999999999472,587,64
1.722493,0.00016100000000007775,107,128
1.722494,9.999999999177334e-07,115,128
1.72283,0.000336000000000114,1266,64
1.722831,9.999999999177334e-07,1266,64
1.722912,8.099999999999774e-05,1266,64
1.7229130000000001,1.000000000139778e-06,1266,64
1.7237209999999998,0.0008079999999996978,167,128
1.723782,6.100000000008876e-05,1484,128
1.723889,0.00010700000000007925,1333,128
1.72459,0.0007010000000000627,66,242
1.725253,0.0006629999999998581,167,128
1.725322,6.900000000009676e-05,60,128
1.725778,0.00045600000000001195,284,128
1.725778,0.0,167,128
1.726202,0.00042399999999997995,168,53
1.727034,0.0008319999999999439,78,48
1.727157,0.00012300000000009526,78,48
1.7271589999999999,1.9999999998354667e-06,66,128
1.727783,0.00062400000000018,60,128
1.7281870000000001,0.00040400000000007097,60,244
1.729702,0.001514999999999933,167,52
1.731997,0.002294999999999936,60,128
1.732256,0.0002590000000000092,167,128
1.7327460000000001,0.0004900000000001015,1266,64
1.733238,0.0004919999999999369,1266,64
1.733239,9.999999999177334e-07,1266,64
1.734506,0.0012670000000001291,74,64
1.7349269999999999,0.00042099999999978266,167,128
1.737671,0.0027440000000000797,1168,64
1.738112,0.00044100000000013573,167,51
1.738114,1.9999999998354667e-06,1168,64
1.738114,0.0,317,64
1.738847,0.0007330000000000947,271,242
1.73908,0.0002329999999999277,60,128
1.739765,0.0006850000000000467,167,128
1.739766,9.999999999177334e-07,66,53
1.739911,0.00014500000000006175,335,128
1.7400060000000002,9.500000000017828e-05,89,110
1.7409249999999998,0.0009189999999996701,382,51
1.743916,0.002991000000000188,60,51
1.7441,0.00018399999999996197,60,128
1.746138,0.0020379999999999843,167,128
1.748669,0.002531000000000061,60,243
1.7486709999999999,1.9999999998354667e-06,60,128
1.74935,0.0006790000000000962,1266,64
1.749778,0.00042800000000009497,1266,64
1.749778,0.0,198,64
1.749946,0.00016799999999994597,66,64
1.7530670000000002,0.0031210000000001514,60,54
1.753545,0.0004779999999997564,167,46
1.7542710000000001,0.0007260000000002265,60,128
1.754894,0.0006229999999998181,167,48
1.7548949999999999,9.999999999177334e-07,60,54
1.7548970000000002,2.000000000279556e-06,66,64
1.755951,0.0010539999999998884,281,54
1.756106,0.00015499999999990521,122,54
1.7568570000000001,0.0007510000000001682,60,243
1.757066,0.0002089999999999037,60,128
1.757236,0.00017000000000000348,167,128
1.757886,0.0006500000000000394,60,243
1.758228,0.00034199999999984243,60,243
1.758998,0.0007700000000001594,60,243
1.759071,7.299999999998974e-05,67,64
1.7591459999999999,7.49999999998252e-05,60,243
1.759266,0.00012000000000012001,60,243
1.7596690000000001,0.00040300000000015324,60,128
1.7597749999999999,0.00010599999999971743,167,52
1.7598639999999999,8.900000000000574e-05,60,243
1.760539,0.0006750000000002032,484,64
1.7607789999999999,0.00023999999999979593,67,51
1.760926,0.00014700000000011926,60,243
1.761137,0.00021099999999996122,60,53
1.763201,0.0020640000000000658,167,51
1.763476,0.0002750000000000252,89,47
1.765486,0.0020100000000000673,78,48
1.765635,0.00014899999999995472,78,48
1.7671700000000001,0.001535000000000064,60,48
1.768316,0.0011459999999998693,60,242
1.769115,0.0007989999999999942,60,64
1.769202,8.699999999994823e-05,60,236
1.769397,0.00019500000000016726,60,243
1.7696450000000001,0.000248000000000026,60,64
1.770098,0.00045299999999981466,60,64
1.770101,2.9999999999752447e-06,60,64
1.770964,0.0008630000000000582,66,242
1.771698,0.0007340000000000124,60,128
1.771833,0.00013499999999999623,66,242
1.771944,0.00011099999999997223,60,242
1.772275,0.00033100000000008123,278,128
1.7726600000000001,0.0003850000000000797,60,128
1.7731080000000001,0.00044800000000000395,278,128
1.773239,0.0001309999999998812,91,128
1.774515,0.0012760000000000549,91,128
1.774517,1.9999999998354667e-06,91,128
1.7749329999999999,0.00041599999999997195,91,48
1.775536,0.0006030000000001312,60,64
1.775786,0.0002500000000000835,167,46
1.7759200000000002,0.0001340000000000785,267,128
1.776206,0.0002859999999997864,1266,48
1.777116,0.0009099999999999664,431,48
1.777166,5.0000000000105516e-05,167,128
1.7772489999999999,8.299999999983321e-05,66,53
1.777383,0.0001340000000000785,74,50
1.77749,0.00010700000000007925,183,242
1.777491,9.999999999177334e-07,66,64
1.777686,0.00019500000000016726,60,64
1.7781799999999999,0.0004939999999997724,472,64
1.778181,1.000000000139778e-06,66,128
1.778451,0.00026999999999999247,91,64
1.778765,0.00031399999999992545,167,52
1.778767,2.0000000000575113e-06,60,128
1.779537,0.0007699999999999374,97,128
1.780327,0.0007900000000000684,863,242
1.7806250000000001,0.0002980000000001315,894,128
1.7806760000000001,5.100000000002325e-05,76,51
1.780881,0.00020499999999978868,73,64
1.781244,0.00036300000000011323,1414,128
1.7818100000000001,0.0005660000000000664,358,64
1.782146,0.00033599999999989194,271,128
1.782369,0.00022300000000008424,60,243
1.7825739999999999,0.00020499999999978868,60,243
1.785031,0.0024570000000001535,60,243
1.7874379999999999,0.002406999999999826,60,242
1.790762,0.0033240000000001046,89,112
1.790851,8.900000000000574e-05,167,128
1.791074,0.00022300000000008424,167,48
1.791172,9.799999999993148e-05,167,64
1.791559,0.0003869999999999152,60,242
1.7916910000000001,0.00013200000000024303,60,48
1.79188,0.00018899999999977268,60,242
1.791991,0.00011099999999997223,1414,128
1.792151,0.00016000000000016001,167,128
1.792491,0.00034000000000000696,863,128
1.792491,0.0,833,128
1.7925550000000001,6.4000000000064e-05,60,242
1.79269,0.0001349999999997742,89,116
1.793274,0.00058400000000014,103,128
1.7957999999999998,0.002525999999999806,167,128
1.798003,0.002203000000000177,167,51
1.8007849999999999,0.00278199999999984,67,51
1.8011819999999998,0.0003969999999999807,167,128
1.80246,0.0012780000000001124,1168,64
1.802843,0.0003830000000000222,1266,243
1.802844,9.999999999177334e-07,799,64
1.80401,0.0011660000000000004,1266,243
1.804238,0.000228000000000117,1266,243
1.804369,0.0001309999999998812,1266,243
1.804503,0.0001340000000000785,1266,243
1.80461,0.00010700000000007925,60,64
1.804671,6.0999999999866716e-05,1266,243
1.8048220000000001,0.00015100000000023428,1266,243
1.804942,0.00011999999999989797,1266,243
1.805007,6.499999999998174e-05,167,52
1.805225,0.00021800000000005149,1266,243
1.8053590000000002,0.0001340000000000785,1266,243
1.805565,0.00020599999999992846,60,64
1.8060260000000001,0.0004610000000000447,167,128
1.80617,0.00014399999999992197,1266,243
1.806306,0.00013599999999991397,1266,243
1.806435,0.00012900000000004574,1266,243
1.806498,6.299999999992423e-05,757,243
1.806595,9.700000000001374e-05,60,64
1.806677,8.200000000013752e-05,1266,243
1.8067950000000002,0.0001180000000000625,1266,243
1.806911,0.00011599999999978294,1266,243
1.806911,0.0,60,64
1.807034,0.00012300000000009526,1266,243
1.807283,0.0002489999999999437,1266,243
1.807412,0.00012900000000004574,1266,243
1.807815,0.0004029999999999312,60,64
1.808185,0.00036999999999998145,60,64
1.808487,0.00030200000000002447,1266,243
1.808656,0.00016900000000008575,1266,243
1.8087879999999998,0.00013199999999979894,1266,243
1.808887,9.900000000007125e-05,1128,243
1.809031,0.000144000000000144,1266,243
1.809122,9.099999999984121e-05,60,64
1.809279,0.00015700000000018477,1266,243
1.809391,0.00011199999999988997,1266,243
1.809392,9.999999999177334e-07,434,243
1.809498,0.00010600000000016152,60,64
1.809619,0.00012100000000003774,1266,243
1.809739,0.00011999999999989797,1266,243
1.809796,5.699999999997374e-05,680,243
1.809796,0.0,100,243
1.8099910000000001,0.00019500000000016726,66,242
1.810087,9.599999999987396e-05,167,52
1.810311,0.00022400000000000198,60,128
1.8103609999999999,4.999999999988347e-05,630,48
1.810476,0.00011500000000008725,60,64
1.810788,0.00031200000000009,60,242
1.81079,1.9999999998354667e-06,285,128
1.810879,8.900000000000574e-05,60,128
1.811045,0.0001660000000001105,271,242
1.811642,0.0005969999999999587,60,64
1.811734,9.199999999998099e-05,60,128
1.8126280000000001,0.0008940000000001724,66,128
1.812847,0.00021899999999996922,67,64
1.812986,0.0001389999999998892,1514,50
1.813119,0.00013299999999993872,66,64
1.813175,5.6000000000056005e-05,1514,50
1.813256,8.099999999999774e-05,66,64
1.8132570000000001,1.000000000139778e-06,60,64
1.813259,1.9999999998354667e-06,60,64
1.8133059999999999,4.6999999999908226e-05,1514,50
1.813385,7.900000000016227e-05,66,64
1.81345,6.499999999998174e-05,1514,50
1.8134510000000001,1.000000000139778e-06,91,50
1.813528,7.699999999988272e-05,66,64
1.814267,0.0007390000000000452,167,52
1.814513,0.00024599999999996847,91,51
1.814643,0.00012999999999996348,91,51
1.815595,0.0009520000000000639,167,128
1.81674,0.0011449999999999516,1434,242
1.817393,0.0006530000000000147,100,242
1.81805,0.0006569999999999077,60,128
1.818354,0.000304000000000082,287,128
1.8186930000000001,0.00033900000000008923,167,52
1.818695,1.9999999998354667e-06,66,52
1.819843,0.001148000000000149,167,52
1.8204099999999999,0.0005669999999997621,1248,128
1.820919,0.0005090000000000927,446,64
1.8210250000000001,0.00010600000000016152,67,51
1.821124,9.899999999984921e-05,60,242
1.82187,0.0007460000000001354,167,52
1.822111,0.0002409999999999357,60,242
1.822935,0.0008239999999999359,1414,128
1.823687,0.0007520000000000859,167,128
1.8240560000000001,0.0003690000000000637,1414,128
1.824109,5.2999999999858716e-05,1414,128
1.824109,0.0,85,128
1.824357,0.000248000000000026,66,128
1.8244259999999999,6.899999999987472e-05,66,127
1.825242,0.0008160000000001499,60,128
1.825243,9.999999999177334e-07,60,127
1.8256700000000001,0.00042700000000017724,265,128
1.825742,7.199999999984996e-05,265,127
1.826106,0.00036400000000003097,81,242
1.826893,0.0007870000000000932,167,128
1.8272460000000001,0.0003530000000000477,167,128
1.8272490000000001,2.9999999999752447e-06,1414,242
1.827474,0.0002249999999999197,1414,242
1.827637,0.00016299999999991321,60,128
1.828322,0.0006850000000000467,60,128
1.828925,0.0006029999999999092,1414,242
1.8291,0.00017500000000003624,1414,242
1.8292410000000001,0.00014100000000016877,1414,242
1.8292410000000001,0.0,96,242
1.829584,0.0003429999999999822,1414,242
1.8297189999999999,0.0001349999999997742,1414,242
1.829844,0.00012500000000015277,1414,242
1.829844,0.0,60,128
1.829969,0.00012499999999993072,60,128
1.8299699999999999,9.999999999177334e-07,1414,242
1.8299699999999999,0.0,60,127
1.830051,8.100000000021979e-05,905,242
1.830051,0.0,167,52
1.830677,0.0006260000000000154,60,128
1.830678,9.999999999177334e-07,60,127
1.830759,8.099999999999774e-05,60,128
1.8307600000000002,1.000000000139778e-06,60,127
1.8309389999999999,0.00017899999999970717,60,128
1.832139,0.0012000000000000899,89,118
1.832243,0.00010400000000010401,167,128
1.83479,0.002546999999999855,167,128
1.835565,0.0007749999999999702,1168,64
1.836014,0.00044900000000014373,1061,64
1.8363260000000001,0.00031200000000009,60,241
1.837573,0.001246999999999776,1266,243
1.837788,0.00021500000000007624,1266,243
1.837879,9.100000000006325e-05,167,51
1.838696,0.0008170000000000677,60,64
1.838697,9.999999999177334e-07,1266,243
1.838746,4.899999999996574e-05,298,243
1.8387470000000001,1.000000000139778e-06,94,243
1.838899,0.00015199999999992997,99,243
1.839556,0.0006569999999999077,60,64
1.839758,0.00020200000000003548,1434,242
1.83986,0.0001020000000000465,167,128
1.8404639999999999,0.0006039999999998269,64,64
1.8407010000000001,0.00023700000000026478,60,64
1.840762,6.0999999999866716e-05,1434,242
1.840814,5.199999999994098e-05,620,242
1.840815,1.000000000139778e-06,386,51
1.841186,0.0003709999999998992,60,128
1.841622,0.00043600000000010297,60,240
1.841701,7.899999999994023e-05,60,128
1.841888,0.00018699999999993722,60,128
1.841889,1.000000000139778e-06,60,64
1.842416,0.0005269999999999442,1216,128
1.8425639999999999,0.00014799999999981495,91,128
1.8426209999999998,5.699999999997374e-05,91,128
1.8426749999999998,5.3999999999998494e-05,91,128
1.8427289999999998,5.3999999999998494e-05,91,128
1.8427989999999999,7.00000000000145e-05,368,128
1.845514,0.002715000000000245,60,242
1.845854,0.00034000000000000696,60,128
1.846145,0.0002909999999998192,167,128
1.8467609999999999,0.0006159999999999499,1345,50
1.8472119999999999,0.0004509999999999792,66,64
1.849212,0.002000000000000224,582,64
1.849444,0.00023200000000000998,319,242
1.850519,0.0010749999999999371,89,120
1.85084,0.0003210000000000157,1266,64
1.851225,0.0003849999999998577,1266,64
1.851225,0.0,1266,64
1.8513389999999998,0.00011399999999994748,1266,64
1.85134,1.000000000139778e-06,596,64
1.851802,0.00046199999999996244,540,242
1.8523749999999999,0.0005729999999999347,255,128
1.853321,0.0009460000000001134,167,46
1.8538000000000001,0.0004790000000001182,74,64
1.855221,0.0014209999999998946,167,48
1.855669,0.00044800000000000395,67,64
1.85567,9.999999999177334e-07,60,241
1.856401,0.0007310000000000372,66,241
1.856677,0.00027599999999994296,60,128
1.8570039999999999,0.0003269999999999662,261,128
1.857246,0.0002420000000000755,167,128
1.85961,0.0023640000000000327,74,64
1.8600029999999999,0.0003929999999998657,167,52
1.861278,0.0012750000000001371,67,51
1.862732,0.0014540000000000664,395,43
1.86285,0.00011799999999984045,167,51
1.865038,0.0021880000000000788,1434,242
1.866037,0.0009989999999999721,1434,242
1.866862,0.0008250000000000757,60,128
1.866986,0.000124000000000013,761,242
1.867082,9.599999999987396e-05,176,242
1.867173,9.100000000006325e-05,60,51
1.8672689999999998,9.599999999987396e-05,60,45
1.8681990000000002,0.0009300000000003195,60,242
1.868286,8.699999999972619e-05,60,64
1.868338,5.200000000016303e-05,60,242
1.8687019999999999,0.0003639999999998089,60,64
1.869029,0.00032700000000018825,88,235
1.86934,0.0003109999999999502,364,128
1.870017,0.0006770000000000387,60,43
1.870326,0.0003089999999998927,97,128
1.871173,0.0008470000000000422,91,53
1.87208,0.0009069999999999911,261,242
1.872182,0.0001020000000000465,91,52
1.873038,0.0008559999999999679,91,51
1.873414,0.00037599999999993194,1414,242
1.873794,0.00038000000000004697,91,52
1.874037,0.00024299999999999322,101,242
1.8744049999999999,0.00036799999999992394,1414,242
1.874474,6.900000000009676e-05,60,128
1.8744809999999998,6.999999999868223e-06,1153,242
1.874585,0.00010400000000010401,66,128
1.874653,6.799999999995698e-05,66,127
1.875462,0.0008090000000000597,167,46
1.875464,2.0000000000575113e-06,60,128
1.875516,5.199999999994098e-05,60,128
1.8755169999999999,9.999999999177334e-07,60,127
1.875961,0.00044400000000011097,60,128
1.876169,0.00020799999999998597,60,243
1.877001,0.0008319999999999439,60,243
1.877184,0.00018300000000004424,167,128
1.8780860000000001,0.0009020000000001804,73,64
1.879139,0.0010529999999997486,167,52
1.879859,0.0007200000000000539,60,243
1.880088,0.00022900000000003473,60,243
1.880699,0.0006109999999999172,395,42
1.880862,0.00016300000000013526,412,51
1.880863,9.999999999177334e-07,101,242
1.88131,0.0004470000000000862,78,50
1.8814380000000002,0.000128000000000128,66,64
1.881719,0.00028099999999975367,66,50
1.8821029999999999,0.00038399999999993994,445,64
1.88228,0.00017700000000009375,1434,128
1.882393,0.00011300000000002974,1398,128
1.8827660000000002,0.00037300000000017874,60,242
1.885062,0.0022959999999998537,60,242
1.8851879999999999,0.00012599999999984846,265,128
1.885266,7.800000000024454e-05,265,127
1.889196,0.003929999999999989,66,128
1.8892600000000002,6.4000000000064e-05,66,127
1.889431,0.00017099999999992122,60,128
1.889432,9.999999999177334e-07,167,64
1.889433,9.999999999177334e-07,60,128
1.889488,5.500000000013827e-05,60,127
1.88949,1.9999999998354667e-06,60,127
1.8895499999999998,5.999999999994898e-05,60,128
1.889551,1.000000000139778e-06,60,127
1.889993,0.00044200000000005346,1280,128
1.890092,9.900000000007125e-05,60,128
1.890144,5.199999999994098e-05,60,127
1.890349,0.00020500000000001073,74,49
1.890471,0.00012199999999995548,66,64
1.890882,0.0004109999999999392,167,128
1.89106,0.00017800000000001148,443,64
1.89106,0.0,167,48
1.8913410000000002,0.00028100000000019776,60,242
1.892201,0.0008599999999998609,167,128
1.892792,0.0005910000000000082,777,48
1.89291,0.0001180000000000625,60,64
1.8952390000000001,0.0023290000000000255,91,64
1.895797,0.0005579999999998364,167,128
1.897578,0.0017810000000000326,183,241
1.8976600000000001,8.200000000013752e-05,78,48
1.897667,6.999999999868223e-06,78,48
1.8979249999999999,0.00025799999999986944,167,51
1.898111,0.00018600000000024153,66,128
1.8981759999999999,6.49999999997597e-05,66,127
1.898367,0.00019100000000005224,97,128
1.8986049999999999,0.00023799999999996047,60,128
1.8986070000000002,2.000000000279556e-06,60,127
1.89896,0.0003529999999998257,265,128
1.899019,5.900000000003125e-05,1414,128
1.8990200000000002,1.000000000139778e-06,265,127
1.8990200000000002,0.0,367,128
1.8995950000000001,0.0005749999999999922,1168,64
1.8995959999999998,9.999999996956888e-07,870,64
1.900609,0.0010130000000001527,67,51
1.901144,0.0005349999999999522,167,128
1.9013360000000001,0.00019200000000019202,66,128
1.901987,0.0006509999999999572,66,128
1.902139,0.00015199999999992997,87,128
1.903047,0.0009079999999999089,60,128
1.903049,2.0000000000575113e-06,60,127
1.903205,0.000156000000000045,60,128
1.903207,2.0000000000575113e-06,60,127
1.904286,0.00107899999999983,167,52
1.905043,0.0007570000000001187,265,128
1.9051200000000001,7.700000000010476e-05,265,127
1.906013,0.0008929999999998106,167,128
1.907213,0.0012000000000000899,1514,64
1.908092,0.0008789999999998521,724,64
1.908328,0.000236000000000125,60,242
1.908658,0.00032999999999994145,167,52
1.9098929999999998,0.001234999999999875,399,242
1.910098,0.00020500000000023277,60,128
1.910849,0.0007509999999999462,487,242
1.9132660000000001,0.0024170000000001135,287,128
1.914154,0.0008879999999997779,60,128
1.9142169999999998,6.299999999992423e-05,60,128
1.914218,1.000000000139778e-06,60,127
1.9148640000000001,0.0006460000000001465,167,52
1.915562,0.0006979999999998654,167,128
1.915966,0.00040400000000007097,60,128
1.915968,1.9999999998354667e-06,60,128
1.915969,1.000000000139778e-06,60,127
1.91597,9.999999999177334e-07,60,127
1.917152,0.0011820000000000164,1084,242
1.918666,0.0015140000000000153,167,52
1.9190420000000001,0.000376000000000154,60,128
1.919044,1.9999999998354667e-06,60,128
1.9197739999999999,0.0007299999999998974,67,64
1.9198309999999998,5.699999999997374e-05,167,52
1.9211749999999999,0.0013440000000000119,60,128
1.9214579999999999,0.0002830000000000332,379,51
1.9214579999999999,0.0,175,1
1.921969,0.0005110000000001502,167,52
1.92197,9.999999999177334e-07,60,128
1.922606,0.0006360000000000809,1002,50
1.922742,0.00013599999999991397,66,64
1.923422,0.0006800000000000139,66,50
1.9234909999999998,6.899999999987472e-05,334,128
1.9234909999999998,0.0,78,48
1.9238119999999999,0.0003210000000000157,78,48
1.9238140000000001,2.000000000279556e-06,78,48
1.923861,4.6999999999908226e-05,66,64
1.924126,0.0002649999999999597,60,128
1.924128,2.0000000000575113e-06,60,128
1.924275,0.0001469999999998972,167,128
1.924702,0.0004269999999999552,60,127
1.926083,0.0013810000000000766,395,43
1.927041,0.0009580000000000144,60,48
1.928216,0.001174999999999926,507,49
1.928217,1.000000000139778e-06,167,128
1.928269,5.199999999994098e-05,66,49
1.928344,7.500000000004725e-05,66,64
1.92917,0.0008259999999999934,66,64
1.929395,0.0002249999999999197,167,128
1.929751,0.00035600000000002296,167,52
1.930676,0.0009250000000000647,74,64
1.932256,0.0015799999999999148,167,128
1.932257,9.999999999177334e-07,66,43
1.932803,0.0005460000000001575,115,54
1.933817,0.0010139999999998484,95,54
1.93396,0.00014300000000000423,60,128
1.934013,5.300000000008076e-05,60,54
1.934209,0.000196000000000085,60,128
1.934297,8.799999999986596e-05,60,128
1.93471,0.0004129999999999967,167,128
1.934798,8.800000000008801e-05,89,116
1.935408,0.0006099999999999994,66,43
1.9361760000000001,0.0007680000000001019,60,241
1.937631,0.001454999999999984,60,241
1.9380899999999999,0.00045899999999976515,60,128
1.938382,0.000292000000000181,167,51
1.939067,0.0006850000000000467,60,242
1.93918,0.0001129999999998077,60,241
1.939862,0.0006820000000000714,167,128
1.9400680000000001,0.0002060000000001505,74,64
1.940069,9.999999999177334e-07,60,128
1.940372,0.0003029999999999422,60,55
1.9406889999999999,0.0003169999999999007,60,128
1.940989,0.000300000000000189,67,64
1.9410880000000001,9.900000000007125e-05,67,51
1.941373,0.0002849999999998687,60,48
1.94244,0.0010669999999999291,348,241
1.942518,7.80000000000225e-05,66,241
1.94262,0.0001020000000000465,66,241
1.943225,0.0006049999999999667,60,128
1.9436499999999999,0.0004249999999998977,60,128
1.944792,0.0011420000000001984,279,128
1.9452150000000001,0.0004230000000000622,279,128
1.9461469999999998,0.0009319999999997108,167,128
1.94672,0.0005730000000001567,91,128
1.94678,5.999999999994898e-05,91,128
1.946838,5.8000000000113516e-05,91,128
1.9502890000000002,0.003451000000000093,66,50
1.9517470000000001,0.0014579999999999593,89,50
1.952251,0.0005039999999998379,91,128
1.9523169999999999,6.599999999989947e-05,91,128
1.952369,5.200000000016303e-05,91,128
1.953392,0.0010229999999999961,66,128
1.953455,6.299999999992423e-05,66,127
1.9536090000000002,0.00015400000000020952,66,128
1.95367,6.0999999999866716e-05,66,127
1.954445,0.0007749999999999702,60,128
1.954447,2.0000000000575113e-06,60,127
1.9545940000000002,0.00014700000000011926,60,128
1.954596,1.9999999998354667e-06,167,46
1.9545970000000001,1.000000000139778e-06,60,127
1.95465,5.2999999999858716e-05,265,128
1.954755,0.00010500000000002174,265,127
1.9548839999999998,0.0001289999999998237,60,54
1.955017,0.00013300000000016077,167,48
1.955884,0.0008669999999999511,66,52
1.957277,0.0013929999999999776,167,128
1.958422,0.0011450000000001737,239,242
1.958871,0.0004489999999999217,60,128
1.958872,9.999999999177334e-07,60,128
1.958873,1.000000000139778e-06,60,127
1.9589349999999999,6.199999999978445e-05,60,127
1.959571,0.0006360000000000809,167,52
1.9599980000000001,0.00042700000000017724,495,128
1.9600499999999998,5.199999999971894e-05,60,128
1.9610720000000001,0.0010220000000003004,306,51
1.961924,0.0008519999999998529,1200,243
1.9625810000000001,0.0006570000000001297,92,243
1.962698,0.00011699999999992272,60,64
1.96275,5.199999999994098e-05,100,243
1.9628480000000001,9.800000000015352e-05,167,51
1.96315,0.0003019999999998024,1168,64
1.963483,0.00033300000000013874,60,64
1.9641039999999998,0.0006209999999997606,60,64
1.964485,0.00038100000000018674,60,242
1.965156,0.0006709999999998661,265,128
1.965229,7.299999999998974e-05,265,127
1.9655939999999998,0.0003649999999999487,66,49
1.9665569999999999,0.0009630000000000472,66,128
1.96688,0.00032300000000007323,66,128
1.9671880000000002,0.000308000000000197,66,128
1.968795,0.001606999999999914,89,54
1.969489,0.0006939999999999724,60,128
1.969492,2.9999999999752447e-06,60,127
1.969493,9.999999999177334e-07,60,128
1.9695390000000002,4.600000000021254e-05,60,127
1.9710130000000001,0.0014739999999999753,97,242
1.972243,0.0012299999999998423,66,128
1.9723030000000001,6.000000000017103e-05,66,127
1.973033,0.0007299999999998974,60,185
1.973125,9.199999999998099e-05,60,128
1.9731260000000002,1.000000000139778e-06,60,64
1.973128,1.9999999998354667e-06,60,127
1.973555,0.0004269999999999552,265,128
1.9736289999999999,7.399999999990747e-05,265,127
1.97376,0.00013100000000010326,781,64
1.974192,0.00043199999999998795,73,64
1.974461,0.00026900000000007473,167,46
1.97581,0.0013490000000000446,677,242
1.976881,0.0010710000000000441,91,50
1.977154,0.0002729999999999677,167,128
1.977576,0.00042199999999992244,60,128
1.9775770000000001,1.000000000139778e-06,60,127
1.977579,1.9999999998354667e-06,60,128
1.9776259999999999,4.6999999999908226e-05,60,127
1.977679,5.300000000008076e-05,91,52
1.977889,0.00021000000000004349,91,50
1.9788860000000001,0.0009970000000001367,167,52
1.980693,0.001806999999999892,74,51
1.983359,0.002666000000000057,183,241
1.984382,0.0010229999999999961,183,241
1.9854509999999999,0.0010689999999997646,97,128
1.985964,0.0005130000000002077,97,128
1.986735,0.0007709999999998551,60,242
1.987751,0.001016000000000128,74,51
1.9878770000000001,0.0001260000000000705,66,64
1.9881090000000001,0.00023200000000000998,60,128
1.9884680000000001,0.0003589999999999982,461,64
1.990863,0.002394999999999925,167,128
1.991396,0.0005329999999998947,167,48
1.992168,0.0007719999999999949,167,128
1.995765,0.0035970000000000724,167,128
1.995895,0.00012999999999996348,67,64
1.995953,5.8000000000113516e-05,89,50
1.996894,0.0009409999999998586,167,64
1.9971510000000001,0.00025700000000017376,1514,242
1.9975,0.0003489999999999327,1514,242
1.997606,0.00010599999999993948,60,128
1.997725,0.00011899999999998023,1239,242
1.998126,0.0004010000000000957,1514,242
1.9984739999999999,0.0003479999999997929,1514,242
1.998475,1.000000000139778e-06,60,128
1.998698,0.00022300000000008424,1239,242
1.999139,0.0004409999999999137,1514,242
1.999139,0.0,155,242
1.9991409999999998,1.9999999998354667e-06,167,51
1.999303,0.00016200000000021753,91,50
1.999361,5.799999999989147e-05,60,128
2.000042,0.0006810000000001537,160,1
2.000231,0.00018899999999977268,60,128
2.000342,0.00011099999999997223,91,51
2.000547,0.00020500000000023277,91,51
2.001009,0.0004619999999997404,83,51
2.001164,0.0001550000000003493,167,128
2.001933,0.0007690000000000197,138,128
2.001935,1.9999999998354667e-06,78,52
2.001989,5.3999999999998494e-05,138,127
2.002111,0.00012200000000017752,138,128
2.002167,5.599999999983396e-05,138,127
2.002412,0.00024500000000005073,78,52
2.002413,1.000000000139778e-06,138,128
2.002486,7.299999999998974e-05,138,127
2.002629,0.00014300000000000423,138,128
2.002636,6.999999999646178e-06,138,127
2.00291,0.0002740000000001075,78,51
2.003054,0.000144000000000144,138,128
2.003055,9.999999996956888e-07,138,128
2.003116,6.100000000008876e-05,138,127
2.003117,1.000000000139778e-06,138,127
2.003434,0.0003169999999999007,138,128
2.003489,5.500000000013827e-05,138,127
2.003651,0.00016199999999999548,138,128
2.003709,5.8000000000113516e-05,138,127
2.004455,0.0007459999999999134,167,52
2.004663,0.00020799999999976393,60,128
2.004664,1.000000000139778e-06,60,128
2.004664,0.0,60,127
2.004731,6.700000000003925e-05,60,127
2.005081,0.0003500000000000725,60,128
2.005083,1.9999999998354667e-06,60,128
2.005084,1.000000000139778e-06,138,128
2.005146,6.199999999978445e-05,60,127
2.005147,1.000000000139778e-06,60,127
2.005148,1.000000000139778e-06,138,127
2.005855,0.0007069999999997911,91,128
2.005924,6.899999999987472e-05,91,128
2.005983,5.9000000000253294e-05,91,128
2.005984,1.000000000139778e-06,167,128
2.006043,5.8999999999809205e-05,91,128
2.006044,1.000000000139778e-06,138,128
2.006112,6.799999999973494e-05,138,127
2.008164,0.0020519999999999428,438,48
2.008165,1.000000000139778e-06,138,128
2.008213,4.8000000000048004e-05,138,127
2.008263,4.999999999988347e-05,60,48
2.008265,2.000000000279556e-06,60,64
2.008388,0.0001229999999998732,138,128
2.008444,5.599999999983396e-05,66,241
2.008445,1.000000000139778e-06,138,127
2.008569,0.000124000000000013,66,241
2.008619,4.999999999988347e-05,138,128
2.008677,5.8000000000113516e-05,138,127
2.008682,4.999999999810711e-06,66,242
2.008908,0.0002260000000000595,167,52
2.009143,0.00023499999999998522,60,64
2.010108,0.0009649999999998826,60,128
2.01011,2.000000000279556e-06,138,128
2.010111,1.000000000139778e-06,138,128
2.010191,7.999999999963592e-05,138,127
2.010192,1.000000000139778e-06,138,127
2.010252,5.999999999994898e-05,138,128
2.010308,5.600000000027805e-05,138,127
2.010488,0.00017999999999984695,60,128
2.01049,1.9999999998354667e-06,60,128
2.010676,0.00018600000000024153,138,128
2.010733,5.699999999997374e-05,138,127
2.010734,9.999999996956888e-07,285,128
2.010735,1.000000000139778e-06,138,128
2.010816,8.100000000021979e-05,138,127
2.011077,0.00026099999999962264,285,128
2.01147,0.00039300000000030977,285,128
2.012958,0.0014879999999997118,91,128
2.013017,5.9000000000253294e-05,91,128
2.013071,5.3999999999998494e-05,91,128
2.013667,0.0005959999999998189,78,53
2.013745,7.800000000024454e-05,78,53
2.01405,0.0003049999999999997,138,128
2.014108,5.799999999966943e-05,138,127
2.014287,0.00017900000000015126,78,52
2.014636,0.0003489999999999327,167,52
2.015116,0.00048000000000003595,60,128
2.015117,1.000000000139778e-06,60,127
2.015591,0.00047400000000008546,167,128
2.015593,1.9999999998354667e-06,138,128
2.015594,1.000000000139778e-06,138,128
2.015679,8.499999999989072e-05,138,127
2.015681,1.9999999998354667e-06,138,127
2.015682,1.000000000139778e-06,138,128
2.015747,6.500000000020378e-05,138,127
2.015849,0.00010199999999960241,579,64
2.016881,0.001032000000000366,60,128
2.017085,0.0002039999999996489,1168,64
2.017217,0.00013200000000024303,138,128
2.017272,5.500000000013827e-05,138,127
2.017593,0.0003210000000000157,1168,64
2.017593,0.0,354,64
2.018278,0.0006849999999998246,60,128
2.01828,1.9999999998354667e-06,60,128
2.018589,0.00030900000000011474,167,52
2.01904,0.0004509999999999792,138,128
2.019097,5.699999999997374e-05,138,127
2.019392,0.0002949999999999342,167,52
2.019569,0.0001770000000003158,138,128
2.019624,5.499999999969418e-05,138,127
2.020347,0.0007230000000002512,138,128
2.020403,5.599999999983396e-05,138,127
2.021008,0.0006050000000001887,381,51
2.021818,0.0008099999999999774,167,52
2.022199,0.0003809999999999647,138,128
2.022256,5.699999999997374e-05,138,127
2.023393,0.0011369999999999436,60,241
2.024387,0.0009939999999999394,60,241
2.025021,0.0006340000000002455,60,128
2.025194,0.00017299999999975668,138,128
2.025248,5.3999999999998494e-05,167,128
2.025249,1.000000000139778e-06,138,127
2.025491,0.0002420000000000755,167,128
2.025849,0.00035799999999985843,60,128
2.025851,1.9999999998354667e-06,60,127
2.02616,0.00030900000000011474,60,128
2.026161,1.000000000139778e-06,167,128
2.026163,1.9999999998354667e-06,60,127
2.026399,0.000236000000000125,138,128
2.026454,5.500000000013827e-05,138,127
2.026588,0.0001339999999996344,138,128
2.026643,5.500000000013827e-05,138,127
2.029015,0.0023719999999998187,60,128
2.029017,2.000000000279556e-06,60,128
2.029098,8.09999999997757e-05,138,128
2.029153,5.500000000013827e-05,138,127
2.029802,0.0006490000000001217,167,52
2.029987,0.00018500000000010175,138,128
2.029988,9.999999996956888e-07,60,128
2.030042,5.3999999999998494e-05,138,127
2.030045,2.9999999999752447e-06,60,127
2.030046,1.000000000139778e-06,91,52
2.030686,0.000640000000000196,138,128
2.030742,5.599999999983396e-05,138,127
2.03137,0.0006279999999998509,91,52
2.031496,0.00012600000000029254,91,50
2.032046,0.0005499999999996064,60,128
2.032049,3.000000000419334e-06,60,128
2.03229,0.0002409999999999357,167,128
2.032677,0.0003869999999999152,91,52
2.033668,0.0009909999999999641,89,114
2.034527,0.0008590000000001652,175,1
2.034774,0.0002469999999998862,167,128
2.035179,0.00040499999999976666,66,128
2.035239,5.999999999994898e-05,66,127
2.035612,0.00037300000000017874,60,128
2.035613,1.000000000139778e-06,60,127
2.03591,0.00029699999999976967,265,128
2.035983,7.299999999998974e-05,265,127
2.036326,0.0003429999999999822,138,128
2.036328,2.000000000279556e-06,138,128
2.036387,5.8999999999809205e-05,138,127
2.036389,1.9999999998354667e-06,138,127
2.036543,0.00015400000000020952,60,128
2.036544,1.000000000139778e-06,60,127
2.037124,0.0005799999999998029,138,128
2.037175,5.100000000002325e-05,138,127
2.037856,0.0006810000000001537,167,51
2.038847,0.0009909999999999641,138,128
2.038899,5.199999999971894e-05,138,127
2.039089,0.00019000000000035655,67,64
2.039851,0.0007619999999999294,167,128
2.040533,0.0006819999999998494,60,48
2.040886,0.0003530000000000477,68,51
2.041567,0.0006810000000001537,138,128
2.041622,5.499999999969418e-05,138,127
2.041698,7.599999999996498e-05,60,128
2.042001,0.00030300000000016425,91,50
2.042538,0.0005370000000000097,60,128
2.04254,1.9999999998354667e-06,60,127
2.042608,6.800000000017903e-05,138,128
2.042663,5.500000000013827e-05,138,127
2.042718,5.499999999969418e-05,66,128
2.042776,5.8000000000113516e-05,66,127
2.043222,0.0004460000000001685,91,51
2.043345,0.0001229999999998732,91,51
2.043467,0.00012200000000017752,60,128
2.043469,1.9999999998354667e-06,60,127
2.043653,0.00018399999999996197,60,128
2.043706,5.2999999999858716e-05,60,127
2.043972,0.00026600000000032153,60,243
2.044058,8.60000000000305e-05,265,128
2.04413,7.199999999984996e-05,265,127
2.044597,0.0004669999999999952,1018,64
2.045189,0.000592000000000148,138,128
2.045244,5.499999999969418e-05,138,127
2.045445,0.00020100000000011775,386,128
2.045539,9.400000000026054e-05,386,127
2.045992,0.00045299999999981466,60,128
2.046143,0.0001509999999997902,167,128
2.049295,0.0031520000000000437,471,43
2.049374,7.899999999994023e-05,66,51
2.050122,0.000748000000000193,60,128
2.050452,0.00032999999999994145,66,64
2.051541,0.0010889999999998956,183,241
2.052559,0.0010180000000001854,183,241
2.052748,0.00018899999999977268,183,242
2.052807,5.9000000000253294e-05,97,128
2.053692,0.0008849999999998026,97,128
2.053819,0.00012699999999998823,167,46
2.054155,0.00033600000000033603,97,128
2.054957,0.0008019999999997474,676,51
2.055068,0.00011099999999997223,66,64
2.055167,9.900000000007125e-05,167,48
2.055841,0.0006740000000000634,66,51
2.056506,0.0006650000000001377,66,64
2.057236,0.0007299999999998974,167,128
2.059595,0.002358999999999778,167,52
2.06,0.00040500000000021075,60,128
2.060002,1.9999999998354667e-06,60,127
2.060352,0.0003500000000000725,60,128
2.060353,1.000000000139778e-06,60,127
2.060758,0.00040499999999976666,1168,64
2.060758,0.0,1514,128
2.060807,4.900000000018778e-05,1514,128
2.060808,1.000000000139778e-06,1514,128
2.060808,0.0,1334,128
2.060913,0.00010500000000002174,1514,128
2.061019,0.00010599999999971743,1334,128
2.061069,4.999999999988347e-05,863,64
2.06107,1.000000000139778e-06,60,128
2.061142,7.199999999984996e-05,1514,127
2.061143,1.000000000139778e-06,296,51
2.061292,0.00014899999999995472,1514,127
2.061416,0.000124000000000013,1514,127
2.061513,9.700000000023579e-05,60,128
2.061514,9.999999996956888e-07,1334,127
2.061646,0.00013200000000024303,1514,127
2.061757,0.00011099999999997223,1334,127
2.061757,0.0,60,127
2.061759,1.9999999998354667e-06,60,127
2.061929,0.00017000000000022553,1514,128
2.061929,0.0,1514,128
2.061978,4.899999999974369e-05,1334,128
2.062215,0.00023700000000026478,1514,127
2.062338,0.0001229999999998732,1514,127
2.062446,0.00010799999999999699,1334,127
2.063248,0.0008020000000001914,167,51
2.06325,1.9999999998354667e-06,60,128
2.0632989999999998,4.899999999974369e-05,60,127
2.063903,0.0006040000000000489,1514,128
2.064025,0.00012200000000017752,1514,128
2.064096,7.100000000015427e-05,60,128
2.064146,4.999999999988347e-05,1334,128
2.064196,4.999999999988347e-05,1514,127
2.064313,0.00011699999999992272,1514,127
2.064314,1.000000000139778e-06,60,127
2.064429,0.00011500000000008725,1334,127
2.065777,0.0013480000000001269,60,128
2.065779,1.9999999998354667e-06,60,127
2.066025,0.0002459999999997464,89,115
2.066322,0.00029700000000021376,60,128
2.066323,1.000000000139778e-06,60,127
2.066993,0.0006699999999999484,60,243
2.067294,0.0003009999999998847,60,128
2.067295,1.000000000139778e-06,60,127
2.067665,0.0003699999999997594,60,128
2.067667,2.000000000279556e-06,60,127
2.068054,0.0003869999999999152,60,128
2.068121,6.700000000003925e-05,60,128
2.068123,1.9999999998354667e-06,60,127
2.068177,5.3999999999998494e-05,60,242
2.068179,2.000000000279556e-06,1514,128
2.068309,0.00012999999999996348,1514,128
2.068373,6.399999999961992e-05,60,128
2.068423,5.000000000032756e-05,1334,128
2.068476,5.2999999999858716e-05,1514,127
2.068617,0.00014100000000016877,1514,127
2.068618,9.999999996956888e-07,60,128
2.068727,0.00010900000000013677,1334,127
2.068727,0.0,60,127
2.068914,0.00018699999999993722,1514,128
2.069037,0.0001229999999998732,1514,128
2.069144,0.0001070000000003013,1334,128
2.069205,6.100000000008876e-05,1514,127
2.069342,0.00013699999999960966,1514,127
2.069451,0.00010900000000013677,1334,127
2.069659,0.00020800000000020802,1514,128
2.069659,0.0,138,128
2.069777,0.0001180000000000625,1514,128
2.069883,0.00010599999999971743,1334,128
2.069945,6.200000000022854e-05,1514,127
2.069946,9.999999996956888e-07,138,127
2.070085,0.0001390000000003333,1514,127
2.070193,0.00010799999999999699,1334,127
2.070466,0.0002729999999999677,60,128
2.070467,9.999999996956888e-07,60,128
2.070469,2.000000000279556e-06,60,128
2.071016,0.0005470000000000752,60,241
2.072075,0.001058999999999699,60,128
2.072076,1.000000000139778e-06,60,127
2.072534,0.00045800000000006946,698,128
2.072682,0.00014799999999981495,698,127
2.072935,0.0002530000000002808,210,128
2.072997,6.199999999978445e-05,210,127
2.07315,0.00015300000000006975,60,128
2.073152,1.9999999998354667e-06,60,127
2.07349,0.0003380000000001715,60,128
2.073817,0.0003269999999999662,78,49
2.07387,5.2999999999858716e-05,78,49
2.07481,0.0009399999999999409,60,128
2.074812,2.000000000279556e-06,60,127
2.075417,0.0006049999999997446,167,46
2.075467,5.000000000032756e-05,1514,128
2.075584,0.00011699999999992272,1514,128
2.075691,0.00010699999999985721,1334,128
2.075749,5.8000000000113516e-05,1514,127
2.075873,0.000124000000000013,1514,127
2.075981,0.00010799999999999699,1334,127
2.0759819999999998,9.999999996956888e-07,1514,128
2.076048,6.600000000034356e-05,746,128
2.076601,0.0005530000000000257,1514,127
2.076663,6.199999999978445e-05,746,127
2.077185,0.0005220000000001335,167,128
2.077714,0.0005289999999997796,60,241
2.078005,0.00029100000000026327,60,128
2.078785,0.0007799999999997809,167,52
2.079027,0.0002420000000000755,60,128
2.079028,1.000000000139778e-06,60,127
2.0792289999999998,0.00020099999999967366,60,128
2.07923,1.000000000139778e-06,60,127
2.079848,0.0006180000000002295,60,128
2.079849,9.999999996956888e-07,60,128
2.07985,1.000000000139778e-06,60,128
2.07991,5.999999999994898e-05,60,127
2.079911,1.000000000139778e-06,60,127
2.080331,0.00042000000000008697,106,128
2.08038,4.899999999974369e-05,106,127
2.080548,0.00016799999999994597,60,242
2.0806459999999998,9.799999999993148e-05,82,51
2.080743,9.700000000023579e-05,60,242
2.080856,0.0001129999999998077,60,242
2.08116,0.000304000000000304,219,244
2.08128,0.00011999999999989797,89,46
2.081871,0.0005910000000000082,77,64
2.082053,0.0001820000000001265,1514,128
2.08211,5.699999999997374e-05,746,128
2.082182,7.199999999984996e-05,267,128
2.082338,0.000156000000000045,1514,127
2.082399,6.100000000008876e-05,746,127
2.082529,0.00012999999999996348,1430,64
2.085007,0.0024779999999999802,60,128
2.085158,0.0001509999999997902,60,128
2.085494,0.00033600000000033603,60,128
2.085495,9.999999996956888e-07,60,128
2.085766,0.00027100000000013225,60,128
2.086834,0.001068000000000069,450,64
2.088057,0.001222999999999974,60,128
2.088058,1.000000000139778e-06,60,128
2.089063,0.0010049999999997006,60,128
2.089064,1.000000000139778e-06,60,128
2.08993,0.0008659999999998114,60,127
2.089932,2.000000000279556e-06,60,127
2.089933,9.999999996956888e-07,60,127
2.089934,1.000000000139778e-06,60,127
2.090081,0.00014700000000011926,60,127
2.090083,1.9999999998354667e-06,60,127
2.09083,0.0007470000000000532,167,128
2.091196,0.0003660000000000885,167,48
2.091309,0.0001129999999998077,590,128
2.09144,0.00013100000000010326,590,127
2.09189,0.0004499999999998394,66,128
2.091956,6.600000000034356e-05,66,127
2.092164,0.00020799999999976393,167,128
2.092166,2.000000000279556e-06,60,128
2.092236,7.00000000000145e-05,60,127
2.092394,0.00015799999999988046,590,128
2.092446,5.199999999971894e-05,590,128
2.09251,6.4000000000064e-05,590,128
2.09251,0.0,590,127
2.092572,6.200000000022854e-05,590,127
2.092573,9.999999996956888e-07,590,128
2.092573,0.0,265,128
2.092638,6.500000000020378e-05,590,127
2.092639,1.000000000139778e-06,590,128
2.092716,7.699999999966067e-05,590,127
2.092717,1.000000000139778e-06,265,127
2.092798,8.100000000021979e-05,590,127
2.092866,6.799999999973494e-05,590,128
2.092867,1.000000000139778e-06,502,128
2.092955,8.799999999986596e-05,67,64
2.093005,4.999999999988347e-05,590,127
2.093005,0.0,502,127
2.094429,0.0014240000000000919,167,64
2.094986,0.0005570000000001407,1414,128
2.095041,5.500000000013827e-05,680,128
2.095156,0.00011499999999964317,1414,128
2.095271,0.00011500000000008725,1414,128
2.095321,5.000000000032756e-05,601,128
2.095737,0.00041599999999997195,167,128
2.097847,0.002109999999999612,167,51
2.09821,0.00036300000000011323,60,128
2.098211,1.000000000139778e-06,60,127
2.09851,0.0002990000000000492,60,128
2.09851,0.0,60,127
2.098569,5.8999999999809205e-05,60,128
2.09857,1.000000000139778e-06,60,127
2.098966,0.0003959999999998409,1414,128
2.099047,8.100000000021979e-05,680,128
2.099136,8.900000000000574e-05,1414,128
2.099261,0.00012499999999970868,1414,128
2.099379,0.0001180000000000625,1044,128
2.0995,0.00012100000000003774,60,241
2.099609,0.00010900000000013677,60,241
2.099788,0.00017900000000015126,60,242
2.100643,0.0008549999999996061,67,51
2.100748,0.00010500000000002174,74,64
2.101213,0.00046500000000015973,167,128
2.101963,0.0007500000000000284,66,128
2.104173,0.0022099999999998232,89,48
2.105604,0.0014310000000001821,167,52
2.105982,0.00037799999999998946,167,128
2.107071,0.0010889999999998956,1414,128
2.107171,0.00010000000000021103,60,242
2.108005,0.0008339999999997794,60,128
2.108777,0.0007719999999999949,60,128
2.109233,0.000456000000000234,1064,128
2.109234,9.999999996956888e-07,60,128
2.109361,0.00012699999999998823,60,127
2.110136,0.0007749999999999702,167,52
2.113403,0.003267000000000131,109,54
2.114494,0.0010910000000001752,167,52
2.114885,0.0003910000000000302,66,51
2.114886,9.999999996956888e-07,87,51
2.114887,1.000000000139778e-06,87,128
2.115617,0.0007299999999998974,167,128
2.11575,0.00013299999999993872,67,64
2.116011,0.00026100000000006673,60,128
2.119957,0.003946000000000005,167,52
2.1201,0.00014300000000000423,167,52
2.120362,0.0002620000000002065,348,241
2.121047,0.0006849999999998246,310,51
2.1214,0.0003530000000000477,1414,241
2.1214,0.0,101,241
2.12176,0.000360000000000138,1414,241
2.121838,7.799999999980045e-05,952,241
2.121838,0.0,167,52
2.121899,6.100000000008876e-05,60,244
2.122308,0.0004089999999998817,60,128
2.122783,0.00047500000000022524,66,128
2.12285,6.700000000003925e-05,66,127
2.123697,0.0008469999999998201,60,128
2.123755,5.8000000000113516e-05,60,128
2.123815,5.999999999994898e-05,60,127
2.123976,0.0001609999999998557,167,128
2.125549,0.0015730000000000466,60,128
2.12619,0.0006409999999998917,167,128
2.128116,0.0019260000000000943,167,128
2.129779,0.001663000000000192,167,52
2.12986,8.09999999997757e-05,1514,128
2.130147,0.00028700000000014825,1514,127
2.132284,0.0021369999999998335,167,128
2.133192,0.000908000000000353,265,128
2.133262,7.00000000000145e-05,265,127
2.134472,0.0012099999999999334,71,128
2.135706,0.0012339999999997353,167,128
2.136327,0.0006210000000002047,1168,64
2.136745,0.0004179999999998074,1087,64
2.137883,0.0011380000000000834,167,51
2.138281,0.0003980000000001205,60,128
2.138283,1.9999999998354667e-06,60,127
2.138347,6.4000000000064e-05,60,128
2.138348,1.000000000139778e-06,60,127
2.139885,0.0015369999999998996,167,128
2.140089,0.000204000000000093,60,128
2.140988,0.0008989999999999831,297,51
2.145068,0.0040800000000000836,1514,128
2.145314,0.0002459999999997464,1334,128
2.145364,4.999999999988347e-05,1514,127
2.145567,0.00020299999999995322,1334,127
2.146155,0.0005880000000000329,167,128
2.148917,0.0027620000000001532,66,128
2.148987,7.00000000000145e-05,66,127
2.14925,0.0002629999999999022,60,128
2.149252,2.000000000279556e-06,60,127
2.149609,0.00035699999999971865,265,128
2.149682,7.299999999998974e-05,265,127
2.150068,0.0003860000000002195,60,128
2.150133,6.49999999997597e-05,60,128
2.150135,2.000000000279556e-06,60,128
2.153371,0.0032359999999997946,167,46
2.153912,0.0005410000000001247,60,128
2.153914,1.9999999998354667e-06,60,128
2.153915,1.000000000139778e-06,60,127
2.153983,6.800000000017903e-05,60,127
2.154333,0.0003499999999996284,91,128
2.155519,0.0011860000000001314,167,48
2.1572620000000002,0.0017430000000002721,167,128
2.157378,0.00011599999999978294,67,64
2.159507,0.0021290000000000475,60,128
2.159509,1.9999999998354667e-06,60,127
2.159851,0.0003420000000002865,167,52
2.160122,0.00027099999999968816,60,128
2.160124,2.000000000279556e-06,60,128
2.161306,0.0011820000000000164,67,51
2.162875,0.0015689999999999316,167,51
2.168052,0.005176999999999765,60,128
2.168968,0.0009160000000001389,92,128
2.170091,0.0011230000000002072,60,128
2.170149,5.799999999966943e-05,155,128
2.170619,0.00046999999999997044,66,128
2.1706820000000002,6.300000000036832e-05,66,127
2.171538,0.0008559999999997459,60,128
2.17154,1.9999999998354667e-06,60,127
2.171949,0.00040900000000032577,70,251
2.17195,9.999999996956888e-07,265,128
2.172045,9.499999999995623e-05,265,127
2.172252,0.00020700000000006824,235,244
2.172333,8.100000000021979e-05,60,241
2.172411,7.799999999980045e-05,60,128
2.172413,2.000000000279556e-06,60,241
2.172602,0.00018899999999977268,60,241
2.172739,0.00013700000000005375,60,242
2.17286,0.00012100000000003774,60,242
2.173092,0.00023200000000000998,60,241
2.17322,0.000128000000000128,60,241
2.17347,0.00024999999999986144,74,52
2.173567,9.69999999997917e-05,66,64
2.173618,5.100000000002325e-05,251,128
2.17371,9.199999999998099e-05,66,52
2.173765,5.500000000013827e-05,60,237
2.174011,0.0002460000000001905,60,128
2.17407,5.8999999999809205e-05,1170,243
2.1741260000000002,5.600000000027805e-05,92,243
2.17425,0.0001239999999995689,101,243
2.174364,0.00011400000000039157,472,64
2.174579,0.0002149999999998542,60,241
2.174883,0.00030399999999985994,60,64
2.175329,0.0004460000000001685,60,64
2.175487,0.00015799999999988046,167,46
2.175625,0.00013800000000019352,60,128
2.175995,0.0003699999999997594,60,128
2.176166,0.00017099999999992122,630,48
2.176166,0.0,60,127
2.17626,9.400000000026054e-05,60,64
2.1769,0.0006399999999997519,60,128
2.176903,2.9999999999752447e-06,60,127
2.176972,6.90000000003188e-05,60,128
2.177027,5.499999999969418e-05,60,127
2.177081,5.3999999999998494e-05,365,241
2.177211,0.00012999999999996348,167,128
2.177625,0.0004140000000001365,60,128
2.178002,0.00037700000000029377,60,128
2.1784499999999998,0.00044799999999955986,72,64
2.178603,0.00015300000000006975,60,128
2.178787,0.00018399999999996197,167,52
2.180665,0.0018780000000000463,75,51
2.183578,0.0029129999999999434,60,128
2.184092,0.0005140000000003475,446,64
2.188424,0.0043319999999997805,66,128
2.188488,6.4000000000064e-05,66,127
2.188756,0.000268000000000157,60,128
2.188758,1.9999999998354667e-06,60,127
2.189147,0.00038900000000019475,265,128
2.189219,7.199999999984996e-05,265,127
2.190775,0.0015559999999998908,167,128
2.191173,0.0003980000000001205,167,48
2.191601,0.0004279999999998729,167,64
2.19217,0.0005690000000000417,167,128
2.19315,0.000980000000000203,582,64
2.193495,0.0003449999999998177,60,128
2.193497,1.9999999998354667e-06,60,127
2.19359,9.300000000012076e-05,60,128
2.1935919999999998,1.9999999998354667e-06,60,127
2.193648,5.600000000027805e-05,60,128
2.1936970000000002,4.900000000018778e-05,60,127
2.194524,0.0008269999999996891,66,128
2.194587,6.299999999992423e-05,66,127
2.19543,0.0008430000000001492,60,128
2.195432,1.9999999998354667e-06,60,127
2.195707,0.00027500000000024727,66,128
2.195768,6.100000000008876e-05,66,127
2.19577,1.9999999998354667e-06,167,128
2.195771,1.000000000139778e-06,265,128
2.195882,0.00011099999999997223,265,127
2.196087,0.00020499999999978868,60,128
2.197875,0.0017879999999999008,167,51
2.1991519999999998,0.0012769999999999726,60,128
2.199303,0.00015100000000023428,66,55
2.199503,0.00019999999999997797,1266,64
2.200025,0.0005220000000001335,66,55
2.200084,5.8999999999809205e-05,1266,64
2.200085,1.000000000139778e-06,1266,64
2.200085,0.0,60,128
2.200087,1.9999999998354667e-06,60,128
2.200137,4.999999999988347e-05,60,128
2.200138,1.000000000139778e-06,1168,64
2.200139,1.000000000139778e-06,66,55
2.20014,1.000000000139778e-06,60,128
2.200188,4.7999999999603915e-05,1168,64
2.200242,5.3999999999998494e-05,328,64
2.200286,4.400000000037707e-05,1266,64
2.200287,9.999999996956888e-07,596,64
2.200351,6.4000000000064e-05,60,127
2.200449,9.799999999993148e-05,60,127
2.200709,0.00025999999999992696,89,112
2.201036,0.0003270000000004103,66,128
2.201089,5.2999999999858716e-05,1414,241
2.2010899999999998,9.999999996956888e-07,352,51
2.2010899999999998,0.0,66,127
2.201241,0.00015100000000023428,1414,241
2.201241,0.0,167,128
2.201352,0.00011099999999997223,1414,241
2.201467,0.00011500000000008725,1414,241
2.201582,0.00011500000000008725,1414,241
2.201764,0.00018199999999968242,60,128
2.201823,5.9000000000253294e-05,1414,241
2.201823,0.0,87,241
2.201825,1.9999999998354667e-06,60,127
2.201881,5.600000000027805e-05,420,241
2.201931,4.999999999988347e-05,60,53
2.202033,0.0001020000000000465,60,243
2.202111,7.799999999980045e-05,265,128
2.202112,1.000000000139778e-06,89,115
2.202189,7.700000000010476e-05,265,127
2.202425,0.0002359999999996809,60,128
2.204303,0.0018780000000000463,167,52
2.205135,0.0008319999999999439,89,114
2.206012,0.0008770000000000167,167,128
2.206435,0.0004230000000000622,60,128
2.206437,2.000000000279556e-06,60,128
2.206438,9.999999996956888e-07,60,127
2.206507,6.90000000003188e-05,60,127
2.207107,0.0005999999999999339,89,58
2.208831,0.0017239999999998368,167,52
2.209183,0.00035199999999990794,66,128
2.209245,6.200000000022854e-05,66,127
2.210069,0.0008239999999997139,60,128
2.210071,2.000000000279556e-06,66,128
2.210072,9.999999996956888e-07,60,127
2.210463,0.0003910000000000302,265,128
2.210536,7.299999999998974e-05,265,127
2.211989,0.0014530000000001486,80,241
2.212857,0.0008680000000000909,66,128
2.214262,0.0014050000000001006,167,52
2.21449,0.00022799999999989495,60,128
2.214492,1.9999999998354667e-06,60,127
2.215114,0.0006219999999999004,60,244
2.2152979999999998,0.00018399999999996197,60,128
2.2153,2.000000000279556e-06,60,127
2.215349,4.899999999974369e-05,60,128
2.215351,2.000000000279556e-06,60,127
2.2156190000000002,0.000268000000000157,167,128
2.216332,0.0007129999999997416,89,54
2.217229,0.0008970000000001477,91,48
2.217294,6.49999999997597e-05,78,64
2.217634,0.00034000000000000696,1514,52
2.217758,0.000124000000000013,1514,52
2.217759,1.000000000139778e-06,66,64
2.217852,9.300000000012076e-05,66,64
2.218698,0.0008459999999996803,1514,52
2.218799,0.00010100000000035081,66,64
2.218873,7.399999999968543e-05,1514,52
2.218873,0.0,167,52
2.218967,9.400000000026054e-05,66,64
2.219438,0.00047099999999966613,167,52
2.219787,0.0003490000000003768,66,128
2.220746,0.0009589999999999321,67,51
2.220984,0.00023799999999996047,67,64
2.221078,9.399999999981645e-05,60,243
2.22174,0.0006620000000001625,167,52
2.224127,0.002387000000000139,60,128
2.22413,2.9999999999752447e-06,60,127
2.224176,4.599999999976845e-05,167,128
2.225219,0.0010430000000001272,167,128
2.226185,0.0009660000000000224,70,250
2.227205,0.0010200000000000209,60,243
2.22741,0.00020499999999978868,60,243
2.227531,0.00012100000000003774,60,243
2.228704,0.0011730000000000906,78,48
2.228758,5.3999999999998494e-05,78,48
2.229735,0.0009769999999997836,60,128
2.229798,6.300000000036832e-05,167,52
2.230685,0.0008869999999996381,60,128
2.230919,0.00023400000000028953,167,128
2.232277,0.0013579999999997483,167,128
2.233286,0.0010090000000002597,556,64
2.233577,0.0002909999999998192,60,128
2.233779,0.00020200000000025753,60,128
2.233781,1.9999999998354667e-06,60,128
2.234179,0.0003980000000001205,265,128
2.23425,7.099999999971018e-05,265,127
2.23468,0.0004300000000001525,60,128
2.235036,0.00035600000000002296,60,46
2.235278,0.0002420000000000755,60,128
2.235723,0.0004450000000000287,167,128
2.237928,0.0022050000000000125,167,51
2.23991,0.0019819999999999283,167,128
2.240528,0.0006179999999997854,60,242
2.240936,0.000408000000000186,338,51
2.241672,0.0007359999999998479,67,64
2.241864,0.00019200000000019202,60,128
2.242262,0.0003980000000001205,66,128
2.242892,0.0006299999999996864,60,128
2.244824,0.0019320000000000448,60,128
2.246158,0.0013339999999999463,167,128
2.248194,0.0020359999999999268,235,244
2.249545,0.0013510000000001021,74,64
2.250215,0.0006699999999999484,443,128
2.252192,0.0019770000000001176,60,128
2.252194,1.9999999998354667e-06,60,127
2.252488,0.0002940000000002385,1345,52
2.252937,0.00044900000000014373,66,64
2.254186,0.0012489999999996115,60,128
2.254188,2.000000000279556e-06,60,128
2.254189,1.000000000139778e-06,60,127
2.25419,9.999999996956888e-07,60,127
2.254366,0.00017600000000017602,167,46
2.25634,0.0019739999999996982,167,48
2.2572229999999998,0.0008829999999999671,66,128
2.257224,1.000000000139778e-06,167,128
2.2581379999999998,0.0009139999999998594,777,48
2.258265,0.00012700000000043232,60,64
2.258355,8.999999999970143e-05,78,241
2.258952,0.0005969999999999587,66,64
2.259297,0.00034500000000026176,218,64
2.259944,0.0006469999999998421,167,52
2.26185,0.0019059999999999633,67,51
2.261908,5.8000000000113516e-05,60,128
2.261909,1.000000000139778e-06,60,127
2.262395,0.00048599999999998644,1168,64
2.262768,0.00037299999999973465,1161,64
2.263146,0.00037799999999998946,167,51
2.26403,0.0008840000000001069,359,64
2.264673,0.0006430000000001712,66,43
2.266331,0.0016579999999999373,78,48
2.266455,0.000124000000000013,78,48
2.268347,0.0018919999999997827,89,114
2.27011,0.001762999999999959,60,128
2.273105,0.002995000000000303,67,64
2.273263,0.00015799999999988046,608,128
2.27541,0.002146999999999899,167,46
2.275991,0.0005809999999999427,78,50
2.276118,0.00012699999999998823,66,64
2.276711,0.0005930000000002877,445,64
2.277218,0.0005069999999998132,167,128
2.277569,0.00035100000000021225,1514,55
2.279258,0.0016889999999998295,167,52
2.280354,0.0010959999999999859,1514,55
2.280582,0.00022799999999989495,1514,55
2.280739,0.00015700000000018477,60,128
2.280875,0.00013599999999991397,1514,55
2.280875,0.0,75,51
2.281007,0.00013199999999979894,1514,55
2.281136,0.0001290000000002678,1514,55
2.281137,1.000000000139778e-06,60,48
2.281255,0.00011799999999961841,60,241
2.281373,0.0001180000000000625,60,128
2.2816330000000002,0.00026000000000037105,60,128
2.284711,0.003077999999999914,89,116
2.2856870000000002,0.0009760000000000879,66,52
2.287831,0.0021439999999999237,66,128
2.287899,6.799999999973494e-05,66,127
2.288761,0.0008620000000001404,60,128
2.288762,1.000000000139778e-06,60,127
2.289166,0.0004039999999996269,265,128
2.2892390000000002,7.300000000043383e-05,265,127
2.290036,0.0007969999999999366,167,64
2.290779,0.0007429999999999382,167,128
2.292179,0.0013999999999998458,167,128
2.2921810000000002,2.000000000279556e-06,167,48
2.293429,0.0012479999999999158,60,128
2.293431,1.9999999998354667e-06,60,127
2.293533,0.0001020000000000465,60,128
2.293535,1.9999999998354667e-06,60,127
2.293766,0.0002310000000003143,1168,64
2.294164,0.0003979999999996764,778,64
2.294216,5.200000000016303e-05,1198,243
2.294217,1.000000000139778e-06,94,243
2.294436,0.00021899999999996922,99,243
2.29456,0.000124000000000013,60,244
2.2948,0.00023999999999979593,60,64
2.2955360000000002,0.000736000000000292,60,64
2.295754,0.00021799999999982944,167,128
2.296376,0.0006219999999999004,60,64
2.297038,0.0006620000000001625,66,242
2.2979089999999998,0.0008709999999996221,60,128
2.29838,0.0004710000000001102,1294,241
2.29838,0.0,167,51
2.299243,0.0008630000000002802,1294,241
2.29936,0.00011699999999992272,1294,241
2.299479,0.00011899999999975819,267,128
2.299819,0.00034000000000000696,66,64
2.3001519999999998,0.0003329999999999167,60,239
2.300355,0.0002030000000003973,66,64
2.300357,1.9999999998354667e-06,60,128
2.300703,0.00034599999999995745,67,51
2.301203,0.000500000000000167,167,128
2.302503,0.0013000000000000789,1414,128
2.302504,9.999999996956888e-07,1514,55
2.302598,9.400000000026054e-05,1053,128
2.303423,0.0008249999999998536,79,55
2.303683,0.00025999999999992696,60,128
2.303739,5.600000000027805e-05,60,128
2.304354,0.0006149999999998101,167,52
2.30602,0.0016660000000001673,167,128
2.307524,0.0015039999999997278,87,51
2.3079,0.000376000000000154,87,64
2.308706,0.0008059999999998624,167,52
2.310593,0.001886999999999972,60,128
2.311319,0.0007260000000002265,74,64
2.312907,0.0015879999999999228,60,128
2.314746,0.001838999999999924,67,64
2.314986,0.00024000000000024002,167,52
2.315298,0.0003119999999996459,1514,244
2.315489,0.00019100000000005224,60,128
2.31561,0.00012100000000003774,167,128
2.316075,0.00046500000000015973,1514,244
2.316076,9.999999996956888e-07,163,244
2.316242,0.0001660000000001105,60,128
2.316421,0.00017900000000015126,131,128
2.318574,0.0021529999999998495,171,52
2.319313,0.0007390000000002672,171,52
2.319438,0.00012499999999970868,167,52
2.31944,2.000000000279556e-06,171,52
2.319491,5.100000000002325e-05,167,52
2.320843,0.0013519999999997978,67,51
2.32174,0.0008970000000001477,167,52
2.322493,0.0007530000000000037,66,128
2.322564,7.099999999971018e-05,66,127
2.322654,9.000000000014552e-05,171,52
2.323413,0.0007589999999999542,60,128
2.323415,1.9999999998354667e-06,60,127
2.323698,0.0002830000000000332,167,128
2.323785,8.700000000017027e-05,265,128
2.323786,1.000000000139778e-06,171,52
2.323858,7.199999999984996e-05,265,127
2.323858,0.0,155,128
2.323907,4.900000000018778e-05,155,128
2.323909,1.9999999998354667e-06,171,51
2.324074,0.00016499999999997073,171,51
2.324237,0.00016300000000013526,171,52
2.32547,0.0012330000000000396,60,128
2.325472,1.9999999998354667e-06,60,127
2.325613,0.00014100000000016877,183,52
2.325754,0.00014099999999972468,167,128
2.326202,0.00044800000000000395,66,64
2.326959,0.0007570000000001187,171,51
2.327925,0.0009660000000000224,74,64
2.327927,1.9999999998354667e-06,60,128
2.327928,1.000000000139778e-06,60,128
2.327988,5.999999999994898e-05,171,51
2.32799,1.9999999998354667e-06,60,127
2.32805,6.000000000039307e-05,60,127
2.328132,8.199999999991547e-05,167,128
2.328363,0.0002309999999998702,60,128
2.329068,0.0007049999999999557,183,50
2.329252,0.00018399999999996197,171,50
2.329338,8.60000000000305e-05,342,128
2.329746,0.000408000000000186,167,52
2.329851,0.00010500000000002174,66,64
2.329951,9.999999999976694e-05,60,239
2.330437,0.00048599999999998644,60,128
2.331667,0.0012300000000000644,171,51
2.3322950000000002,0.000628000000000295,167,128
2.332412,0.00011699999999992272,171,51
2.335719,0.003306999999999949,167,128
2.335924,0.00020499999999978868,67,64
2.336518,0.0005939999999999834,60,128
2.338303,0.0017849999999999255,167,51
2.339896,0.0015930000000001776,167,128
2.340508,0.0006119999999998349,60,128
2.34079,0.00028200000000033754,356,51
2.341088,0.00029799999999990945,155,128
2.34117,8.199999999991547e-05,92,128
2.341172,1.9999999998354667e-06,155,128
2.341737,0.0005650000000003708,66,241
2.342263,0.0005259999999998044,60,128
2.342745,0.0004819999999998714,74,49
2.3428459999999998,0.00010099999999990672,66,64
2.343376,0.0005300000000003635,1514,128
2.343376,0.0,309,128
2.343613,0.0002369999999998207,443,64
2.345443,0.0018299999999999983,183,242
2.345921,0.0004780000000002005,60,52
2.346154,0.00023299999999970566,167,128
2.346219,6.500000000020378e-05,651,241
2.34622,1.000000000139778e-06,60,52
2.346479,0.0002589999999997872,117,127
2.346589,0.00010999999999983245,60,241
2.346731,0.00014200000000030855,97,128
2.3468780000000002,0.00014700000000011926,66,64
2.3470940000000002,0.00021599999999999397,117,127
2.347288,0.0001939999999995834,117,127
2.347357,6.90000000003188e-05,398,64
2.347357,0.0,117,127
2.348991,0.0016339999999996913,1414,128
2.349451,0.000460000000000349,123,64
2.350004,0.0005530000000000257,66,128
2.350187,0.0001829999999998222,66,128
2.350248,6.100000000008876e-05,66,127
2.35085,0.0006019999999997694,60,128
2.350852,2.000000000279556e-06,60,127
2.351011,0.00015900000000002024,1434,128
2.351394,0.00038299999999980017,129,64
2.351396,1.9999999998354667e-06,129,64
2.351444,4.8000000000048004e-05,865,128
2.351848,0.00040400000000007097,1010,128
2.352655,0.0008070000000000022,130,64
2.353344,0.0006889999999999397,167,46
2.353876,0.000532000000000199,78,64
2.353937,6.100000000008876e-05,66,128
2.354516,0.0005789999999996631,155,128
2.354596,8.000000000008001e-05,155,128
2.355272,0.0006759999999998989,60,244
2.355465,0.0001930000000003318,167,48
2.356957,0.0014919999999998268,907,128
2.357258,0.0003009999999998847,167,128
2.358321,0.0010630000000002582,1168,64
2.358706,0.0003850000000000797,945,64
2.3593450000000002,0.0006390000000000562,167,52
2.35962,0.0002749999999998032,66,128
2.359932,0.00031200000000009,66,128
2.360022,8.999999999970143e-05,60,242
2.360222,0.00019999999999997797,66,128
2.360601,0.00037900000000012923,167,64
2.360952,0.00035100000000021225,167,64
2.361069,0.00011699999999992272,265,128
2.36114,7.099999999971018e-05,265,127
2.361291,0.00015100000000023428,1414,242
2.361513,0.00022199999999994446,1414,242
2.362512,0.0009990000000001942,60,128
2.362986,0.0004739999999996414,1414,242
2.363256,0.00026999999999999247,1414,242
2.363257,1.000000000139778e-06,96,242
2.3635260000000002,0.0002690000000002968,338,51
2.3639200000000002,0.00039400000000000546,167,51
2.364162,0.0002419999999996314,60,128
2.364251,8.900000000000574e-05,1414,242
2.364349,9.799999999993148e-05,750,242
2.364979,0.0006300000000001305,60,128
2.365213,0.00023399999999984544,579,64
2.365308,9.500000000040032e-05,60,128
2.36531,1.9999999998354667e-06,60,128
2.365311,1.000000000139778e-06,60,127
2.36538,6.899999999987472e-05,60,127
2.367471,0.002091000000000065,60,51
2.368493,0.0010219999999998564,60,50
2.36939,0.0008970000000001477,66,128
2.369439,4.899999999974369e-05,66,127
2.369542,0.00010300000000018628,60,243
2.369776,0.00023399999999984544,60,128
2.370795,0.0010190000000003252,60,128
2.370796,9.999999996956888e-07,60,127
2.371195,0.00039900000000026026,265,128
2.371266,7.099999999971018e-05,265,127
2.375398,0.004132000000000247,60,128
2.3754,1.9999999998354667e-06,60,127
2.37545,4.999999999988347e-05,60,128
2.375452,2.000000000279556e-06,60,127
2.375806,0.0003539999999997434,167,46
2.37596,0.00015400000000020952,66,128
2.37602,5.999999999994898e-05,66,127
2.376885,0.0008650000000001157,60,128
2.376886,9.999999996956888e-07,60,127
2.377139,0.0002530000000002808,167,128
2.378717,0.0015779999999998573,167,52
2.379392,0.0006750000000002032,72,64
2.379822,0.0004299999999997084,60,128
2.38282,0.0029980000000002782,75,51
2.383099,0.0002789999999999182,1514,55
2.383647,0.0005479999999997709,86,128
2.384506,0.0008590000000001652,1514,55
2.384726,0.000220000000000109,1514,55
2.384862,0.00013599999999991397,1514,55
2.384979,0.00011699999999992272,60,128
2.384981,1.9999999998354667e-06,1514,55
2.385121,0.000140000000000029,1514,55
2.385244,0.0001230000000003173,1514,55
2.385904,0.0006599999999998829,60,128
2.386395,0.0004909999999997972,265,128
2.386559,0.00016400000000027504,1514,55
2.3865600000000002,1.000000000139778e-06,265,127
2.3867789999999998,0.00021899999999952513,1514,55
2.386915,0.00013600000000035806,1514,55
2.387045,0.00012999999999996348,1514,55
2.387046,9.999999996956888e-07,319,55
2.387279,0.00023300000000014975,1514,55
2.3873860000000002,0.0001070000000003013,1319,55
2.3873860000000002,0.0,60,242
2.387388,1.9999999998354667e-06,60,128
2.387617,0.00022900000000003473,60,128
2.387735,0.0001180000000000625,1514,55
2.387736,9.999999996956888e-07,60,128
2.387885,0.00014899999999995472,1514,55
2.38801,0.00012500000000015277,1514,55
2.388134,0.000124000000000013,1514,55
2.388135,1.000000000139778e-06,60,128
2.388346,0.00021099999999973917,1514,55
2.388495,0.00014899999999995472,1514,55
2.388731,0.000236000000000125,1514,55
2.388879,0.00014800000000025904,1514,55
2.3890029999999998,0.0001239999999995689,60,128
2.389005,2.000000000279556e-06,1514,55
2.389131,0.00012599999999984846,1514,55
2.389257,0.00012600000000029254,1514,55
2.389258,9.999999996956888e-07,431,55
2.389361,0.00010300000000018628,96,128
2.389489,0.000128000000000128,1514,55
2.389637,0.00014799999999981495,60,128
2.389752,0.00011500000000008725,1514,55
2.389846,9.399999999981645e-05,1155,55
2.390031,0.00018500000000010175,1514,55
2.390155,0.000124000000000013,1514,55
2.390278,0.0001229999999998732,1514,55
2.3904009999999998,0.0001229999999998732,1514,55
2.390516,0.00011500000000008725,60,128
2.390518,2.000000000279556e-06,60,127
2.390716,0.00019799999999969842,60,128
2.390827,0.00011099999999997223,167,128
2.391308,0.00048100000000017573,60,128
2.391311,2.9999999999752447e-06,60,127
2.391312,1.000000000139778e-06,60,128
2.391359,4.6999999999908226e-05,60,127
2.391874,0.0005150000000000432,60,128
2.3919230000000002,4.900000000018778e-05,1514,55
2.391924,9.999999996956888e-07,167,48
2.392119,0.00019500000000016726,1514,55
2.39217,5.100000000002325e-05,167,128
2.392252,8.199999999991547e-05,1514,55
2.3923769999999998,0.00012499999999970868,1514,55
2.392567,0.00019000000000035655,1514,55
2.392715,0.00014799999999981495,1514,55
2.392847,0.00013200000000024303,1514,55
2.392848,9.999999996956888e-07,431,55
2.392848,0.0,60,128
2.3929460000000002,9.800000000037556e-05,60,51
2.393069,0.0001229999999998732,60,51
2.393203,0.0001340000000000785,74,51
2.39329,8.699999999972619e-05,66,64
2.393577,0.00028700000000014825,1514,55
2.3935779999999998,9.999999996956888e-07,60,128
2.393701,0.0001230000000003173,1514,55
2.393823,0.00012199999999973343,1514,55
2.393995,0.000172000000000061,461,64
2.394052,5.699999999997374e-05,1514,55
2.394215,0.00016300000000013526,1514,55
2.394342,0.00012699999999998823,1514,55
2.394461,0.00011900000000020228,1514,55
2.394584,0.0001229999999998732,1514,55
2.394666,8.199999999991547e-05,60,128
2.394716,4.999999999988347e-05,1514,55
2.394831,0.00011500000000008725,1514,55
2.395071,0.00024000000000024002,1514,55
2.395217,0.00014599999999997948,1514,55
2.395303,8.60000000000305e-05,60,128
2.395353,4.999999999988347e-05,1514,55
2.395488,0.0001349999999997742,1514,55
2.395488,0.0,72,55
2.395542,5.3999999999998494e-05,507,49
2.395543,1.000000000139778e-06,66,49
2.395645,0.0001020000000000465,66,64
2.395746,0.00010099999999990672,167,128
2.3959070000000002,0.0001610000000002998,60,128
2.396674,0.0007669999999997401,66,64
2.396675,1.000000000139778e-06,60,128
2.397272,0.0005969999999999587,167,64
2.397793,0.0005209999999999937,66,49
2.398181,0.00038800000000005497,66,49
2.398244,6.299999999992423e-05,167,51
2.39833,8.60000000000305e-05,66,49
2.398443,0.0001129999999998077,66,50
2.398564,0.00012100000000003774,66,51
2.398628,6.4000000000064e-05,60,128
2.39868,5.200000000016303e-05,60,242
2.399032,0.00035199999999990794,60,128
2.399129,9.69999999997917e-05,78,48
2.399228,9.900000000007125e-05,78,48
2.3994619999999998,0.00023399999999984544,60,128
2.399463,1.000000000139778e-06,258,128
2.399912,0.00044900000000014373,258,128
2.400736,0.0008240000000001579,258,128
2.400736,0.0,67,51
2.401094,0.00035799999999985843,60,128
2.4010949999999998,9.999999996956888e-07,60,128
2.401096,1.000000000139778e-06,66,128
2.401169,7.299999999998974e-05,167,128
2.401171,2.000000000279556e-06,66,127
2.401171,0.0,67,64
2.401287,0.00011599999999978294,133,241
2.401464,0.0001769999999998717,60,128
2.4014670000000002,3.000000000419334e-06,60,127
2.40183,0.00036299999999966914,265,128
2.4019019999999998,7.199999999984996e-05,265,127
2.401966,6.4000000000064e-05,66,64
2.402379,0.0004129999999999967,187,64
2.402905,0.0005260000000002485,60,242
2.4030110000000002,0.00010600000000016152,60,48
2.403195,0.00018399999999996197,60,243
2.403196,9.999999996956888e-07,60,128
2.403717,0.0005209999999999937,60,128
2.404705,0.0009879999999999889,60,128
2.405504,0.0007990000000002162,167,52
2.405505,9.999999996956888e-07,66,50
2.405878,0.00037300000000017874,60,128
2.40588,1.9999999998354667e-06,60,128
2.405928,4.8000000000048004e-05,60,127
2.40593,2.000000000279556e-06,348,242
2.4060259999999998,9.599999999965192e-05,167,128
2.406087,6.100000000008876e-05,60,127
2.4073320000000002,0.0012450000000003847,1426,64
2.4086790000000002,0.001346999999999987,167,52
2.408907,0.00022799999999989495,60,52
2.409138,0.0002309999999998702,60,128
2.409649,0.0005109999999999282,66,128
2.409713,6.4000000000064e-05,66,127
2.409906,0.0001929999999998877,60,128
2.409907,1.000000000139778e-06,60,127
2.4101850000000002,0.0002780000000002225,265,128
2.410235,4.999999999988347e-05,1514,55
2.410383,0.00014799999999981495,1514,55
2.410389,5.999999999950489e-06,265,127
2.411322,0.0009330000000002947,1514,55
2.411462,0.000140000000000029,1514,55
2.411511,4.899999999974369e-05,60,128
2.411591,8.000000000008001e-05,1514,55
2.41181,0.00021899999999996922,1514,55
2.412016,0.00020599999999992846,1514,55
2.412016,0.0,60,51
2.412232,0.00021599999999999397,60,128
2.412701,0.00046900000000027475,1001,50
2.412701,0.0,66,50
2.4127520000000002,5.100000000002325e-05,60,128
2.41281,5.799999999966943e-05,66,64
2.413118,0.00030799999999997496,60,242
2.414117,0.0009990000000001942,66,64
2.414393,0.00027599999999994296,60,128
2.414536,0.00014300000000000423,60,127
2.414626,9.000000000014552e-05,60,128
2.414628,1.9999999998354667e-06,60,128
2.414629,1.000000000139778e-06,60,127
2.414691,6.199999999978445e-05,60,127
2.415008,0.0003169999999999007,1514,55
2.4151059999999998,9.799999999993148e-05,1018,64
2.415641,0.0005350000000001742,167,128
2.416057,0.00041599999999997195,1514,55
2.416198,0.00014100000000016877,1514,55
2.416325,0.00012699999999998823,1514,55
2.416325,0.0,167,52
2.416539,0.0002140000000001585,60,128
2.417005,0.0004659999999998554,60,128
2.417096,9.099999999984121e-05,1514,55
2.417237,0.00014100000000016877,1514,55
2.417363,0.00012599999999984846,1514,55
2.417364,1.000000000139778e-06,60,128
2.4174860000000002,0.00012200000000017752,1514,55
2.41754,5.3999999999554404e-05,585,55
2.418201,0.0006610000000000227,60,128
2.418586,0.0003850000000000797,167,52
2.419435,0.0008490000000000997,167,52
2.419565,0.00012999999999996348,60,128
2.419617,5.200000000016303e-05,60,51
2.419769,0.00015199999999992997,60,128
2.419771,1.9999999998354667e-06,60,128
2.421077,0.0013060000000000294,60,128
2.421307,0.0002300000000001745,258,51
2.421615,0.00030799999999997496,167,52
2.422626,0.0010110000000000952,133,51
2.422999,0.00037299999999973465,74,64
2.4231059999999998,0.00010699999999985721,1168,64
2.42324,0.0001340000000000785,66,128
2.42357,0.00032999999999994145,66,128
2.423572,2.000000000279556e-06,1168,64
2.423572,0.0,295,64
2.424402,0.0008300000000001084,78,48
2.424718,0.0003159999999997609,78,48
2.4247199999999998,1.9999999998354667e-06,78,48
2.425103,0.00038300000000024426,60,49
2.425186,8.300000000005525e-05,167,128
2.425442,0.00025599999999981193,60,128
2.425444,2.000000000279556e-06,60,127
2.425969,0.0005249999999996646,60,49
2.42608,0.00011099999999997223,60,49
2.426551,0.0004710000000001102,1514,49
2.426679,0.000128000000000128,1514,49
2.427023,0.000344000000000122,66,128
2.427098,7.49999999998252e-05,66,127
2.427215,0.00011699999999992272,1230,49
2.4273350000000002,0.00012000000000034206,60,128
2.427387,5.199999999971894e-05,1514,49
2.427387,0.0,60,127
2.42759,0.00020299999999995322,1514,49
2.427652,6.200000000022854e-05,91,128
2.427714,6.199999999978445e-05,1514,49
2.427814,0.00010000000000021103,1230,49
2.427973,0.00015900000000002024,91,128
2.4280720000000002,9.900000000007125e-05,60,128
2.428231,0.00015899999999957615,91,128
2.428356,0.00012500000000015277,1514,49
2.428357,1.000000000139778e-06,167,128
2.4284850000000002,0.000128000000000128,91,128
2.428607,0.00012199999999973343,1514,49
2.428731,0.000124000000000013,1514,49
2.42883,9.900000000007125e-05,1230,49
2.428956,0.00012599999999984846,1514,49
2.429161,0.00020500000000023277,60,128
2.429453,0.00029199999999995896,60,128
2.430071,0.0006179999999997854,167,52
2.430481,0.00041000000000002146,60,128
2.430868,0.0003869999999999152,60,128
2.430869,1.000000000139778e-06,60,128
2.4323040000000002,0.0014350000000002971,167,128
2.432999,0.0006949999999998902,67,64
2.433926,0.0009269999999999001,91,48
2.434143,0.00021700000000013375,66,128
2.434907,0.0007639999999997649,66,49
2.435693,0.0007860000000001754,167,128
2.437417,0.0017239999999998368,265,128
2.4374890000000002,7.200000000029405e-05,265,127
2.43785,0.0003609999999998337,167,51
2.439895,0.0020449999999998525,167,128
2.440764,0.0008690000000002307,66,50
2.440766,1.9999999998354667e-06,67,51
2.441347,0.0005809999999999427,60,128
2.4413489999999998,1.9999999998354667e-06,60,127
2.441611,0.0002620000000002065,60,128
2.441612,1.000000000139778e-06,60,127
2.441689,7.700000000010476e-05,60,128
2.441691,1.9999999998354667e-06,60,127
2.441926,0.00023499999999998522,60,243
2.442481,0.0005549999999998612,66,128
2.442878,0.0003969999999999807,66,127
2.443003,0.00012500000000015277,66,128
2.443388,0.0003850000000000797,60,128
2.443734,0.00034599999999995745,60,127
2.443788,5.3999999999998494e-05,60,48
2.4437889999999998,9.999999996956888e-07,265,128
2.443859,7.00000000000145e-05,265,127
2.443981,0.00012200000000017752,60,128
2.44536,0.001379000000000019,476,64
2.446164,0.0008040000000000269,167,128
2.446579,0.00041499999999983217,66,128
2.4466419999999998,6.299999999992423e-05,66,127
2.447525,0.0008830000000004112,60,128
2.447526,9.999999996956888e-07,60,127
2.447924,0.0003980000000001205,265,128
2.447995,7.100000000015427e-05,265,127
2.448201,0.00020599999999992846,60,128
2.448202,1.000000000139778e-06,60,128
2.448203,9.999999996956888e-07,60,127
2.448205,2.000000000279556e-06,60,127
2.449442,0.0012369999999997106,60,47
2.449749,0.00030700000000027927,60,47
2.449947,0.00019799999999969842,66,236
2.450152,0.00020500000000023277,60,242
2.450206,5.3999999999998494e-05,60,128
2.450741,0.0005349999999997301,298,128
2.450873,0.00013200000000024303,144,49
2.452107,0.0012339999999997353,1294,241
2.452182,7.50000000002693e-05,60,128
2.452232,4.999999999988347e-05,1294,241
2.452233,1.000000000139778e-06,60,128
2.452234,9.999999996956888e-07,60,127
2.452236,2.000000000279556e-06,60,127
2.45229,5.3999999999998494e-05,236,128
2.453159,0.0008689999999997866,1294,241
2.453271,0.00011200000000011201,66,64
2.454119,0.0008479999999999599,66,64
2.454454,0.00033500000000019625,1294,241
2.454646,0.00019199999999974793,67,64
2.45509,0.000444000000000333,167,46
2.455334,0.00024399999999991095,636,241
2.455537,0.00020299999999995322,167,48
2.455818,0.00028099999999975367,66,64
2.456218,0.00039999999999995595,66,64
2.456728,0.0005100000000002325,925,241
2.457042,0.00031399999999992545,144,49
2.457165,0.0001229999999998732,144,49
2.457273,0.00010799999999999699,60,185
2.457338,6.500000000020378e-05,167,128
2.457391,5.2999999999858716e-05,60,64
2.457393,2.000000000279556e-06,91,53
2.457966,0.0005729999999997126,91,52
2.458022,5.600000000027805e-05,782,64
2.458104,8.199999999991547e-05,66,64
2.458305,0.00020100000000011775,91,51
2.458421,0.00011599999999978294,66,51
2.458547,0.00012599999999984846,91,52
2.459215,0.000668000000000113,70,245
2.459341,0.00012600000000029254,167,52
2.460838,0.0014969999999996375,283,51
2.460896,5.8000000000113516e-05,89,64
2.460898,1.9999999998354667e-06,66,64
2.461515,0.0006170000000000897,236,128
2.463039,0.0015240000000003029,236,128
2.4635059999999998,0.0004669999999995511,167,51
2.464044,0.0005380000000001495,676,51
2.464044,0.0,66,51
2.464153,0.00010900000000013677,66,64
2.465054,0.0009009999999998186,66,64
2.466445,0.0013910000000003642,60,241
2.466679,0.00023399999999984544,60,128
2.467208,0.0005289999999997796,89,46
2.468179,0.0009710000000002772,60,128
2.471631,0.0034519999999997886,66,128
2.47169,5.9000000000253294e-05,66,127
2.472109,0.0004189999999999472,167,128
2.472531,0.00042199999999992244,60,128
2.472533,1.9999999998354667e-06,60,127
2.472938,0.00040500000000021075,265,128
2.473011,7.299999999998974e-05,265,127
2.474177,0.0011660000000000004,66,128
2.474239,6.199999999978445e-05,66,127
2.474808,0.0005690000000000417,60,236
2.475068,0.00025999999999992696,60,128
2.47507,2.000000000279556e-06,60,127
2.475847,0.0007769999999998056,66,128
2.47591,6.299999999992423e-05,66,127
2.47611,0.00019999999999997797,1514,236
2.476173,6.300000000036832e-05,1168,64
2.476308,0.0001349999999997742,1514,236
2.476308,0.0,167,46
2.476649,0.00034100000000014674,1168,64
2.476649,0.0,180,64
2.476711,6.199999999978445e-05,60,128
2.476795,8.400000000019503e-05,60,127
2.476796,1.000000000139778e-06,60,128
2.4770849999999998,0.0002889999999995396,167,128
2.477244,0.00015900000000002024,1514,236
2.477365,0.00012100000000003774,1336,236
2.477366,1.000000000139778e-06,66,43
2.477416,4.999999999988347e-05,60,128
2.4775650000000002,0.0001490000000003988,60,128
2.477615,4.999999999988347e-05,1170,243
2.477615,0.0,92,243
2.477617,1.9999999998354667e-06,60,128
2.477618,1.000000000139778e-06,60,127
2.47762,1.9999999998354667e-06,60,127
2.478114,0.0004940000000002165,476,64
2.478475,0.0003609999999998337,60,128
2.478477,1.9999999998354667e-06,60,64
2.479021,0.0005440000000001,66,128
2.4790229999999998,1.9999999998354667e-06,167,52
2.479083,6.000000000039307e-05,66,127
2.479135,5.199999999971894e-05,60,64
2.47924,0.00010500000000002174,236,128
2.479899,0.0006590000000001872,60,128
2.479949,4.999999999988347e-05,101,243
2.479951,1.9999999998354667e-06,60,127
2.480296,0.00034500000000026176,265,128
2.48037,7.400000000012952e-05,265,127
2.48043,5.999999999994898e-05,60,64
2.480711,0.00028099999999975367,76,51
2.481093,0.0003820000000001045,91,128
2.481094,1.000000000139778e-06,91,128
2.481095,9.999999996956888e-07,60,128
2.481174,7.900000000038432e-05,91,128
2.481692,0.0005179999999995744,60,242
2.481875,0.00018300000000026628,60,128
2.482991,0.001116000000000117,304,49
2.484441,0.0014499999999997293,60,128
2.484443,2.000000000279556e-06,60,128
2.484444,9.999999996956888e-07,60,127
2.484507,6.299999999992423e-05,60,127
2.485379,0.0008720000000002059,265,128
2.485452,7.299999999998974e-05,265,127
2.486206,0.0007540000000001434,265,128
2.486277,7.099999999971018e-05,265,127
2.488358,0.0020809999999999995,66,128
2.488422,6.4000000000064e-05,66,127
2.489439,0.0010170000000000456,60,128
2.48944,1.000000000139778e-06,60,127
2.490011,0.0005709999999998772,304,49
2.4902480000000002,0.00023700000000026478,60,128
2.49025,1.9999999998354667e-06,60,128
2.4902509999999998,9.999999996956888e-07,60,127
2.49032,6.90000000003188e-05,60,127
2.490322,1.9999999998354667e-06,60,128
2.490323,1.000000000139778e-06,60,127
2.490799,0.00047599999999992093,265,128
2.49086,6.100000000008876e-05,167,128
2.490862,1.9999999998354667e-06,265,127
2.490941,7.899999999994023e-05,167,48
2.491005,6.4000000000064e-05,304,49
2.491779,0.0007740000000002745,60,128
2.492154,0.0003750000000000142,167,128
2.493596,0.0014419999999999433,60,128
2.493597,9.999999996956888e-07,60,127
2.4936949999999998,9.799999999993148e-05,60,128
2.493697,2.000000000279556e-06,60,127
2.49421,0.0005129999999997636,167,64
2.495756,0.0015460000000002694,167,128
2.49643,0.0006740000000000634,66,128
2.4966559999999998,0.0002259999999996154,66,127
2.496767,0.00011100000000041632,67,64
2.497233,0.0004659999999998554,60,128
2.497234,1.000000000139778e-06,60,127
2.4974410000000002,0.00020700000000006824,219,240
2.497442,9.999999996956888e-07,60,128
2.497493,5.100000000002325e-05,60,127
2.497495,1.9999999998354667e-06,60,128
2.4975519999999998,5.699999999997374e-05,60,127
2.497666,0.00011400000000039157,265,128
2.497738,7.199999999984996e-05,265,127
2.4979459999999998,0.00020799999999976393,167,51
2.498983,0.0010370000000001767,267,128
2.500125,0.0011420000000001984,438,48
2.500298,0.00017299999999975668,60,64
2.500852,0.0005540000000001655,72,51
2.501043,0.00019100000000005224,60,48
2.501213,0.00016999999999978144,167,128
2.501404,0.00019100000000005224,60,64
2.502444,0.001040000000000152,60,128
2.502446,1.9999999998354667e-06,60,128
2.502447,1.000000000139778e-06,60,127
2.5024480000000002,1.000000000139778e-06,60,127
2.503081,0.0006329999999996616,78,52
2.503331,0.00025000000000030553,78,51
2.5033849999999997,5.3999999999554404e-05,78,52
2.504576,0.0011910000000003862,167,52
2.505678,0.0011019999999999364,66,241
2.5060130000000003,0.00033500000000019625,167,128
2.5063,0.00028699999999970416,66,64
2.506945,0.0006450000000000067,89,241
2.507127,0.0001820000000001265,66,128
2.507128,9.999999996956888e-07,66,241
2.507188,6.000000000039307e-05,66,127
2.507492,0.00030399999999985994,60,64
2.508057,0.0005649999999999267,60,128
2.508058,1.000000000139778e-06,60,127
2.508169,0.00011099999999997223,60,64
2.508473,0.00030399999999985994,265,128
2.508544,7.100000000015427e-05,265,127
2.508753,0.0002089999999999037,167,52
2.509455,0.0007019999999999804,60,236
2.510497,0.0010419999999999874,66,43
2.5107,0.00020299999999995322,97,236
2.5125729999999997,0.0018729999999997915,60,128
2.512575,2.000000000279556e-06,60,127
2.512625,4.999999999988347e-05,60,128
2.512627,2.000000000279556e-06,60,127
2.512951,0.00032399999999999096,605,128
2.514093,0.0011419999999997543,78,53
2.514402,0.00030900000000011474,78,53
2.514532,0.00012999999999996348,167,52
2.515244,0.0007120000000000459,78,52
2.5156359999999998,0.0003919999999997259,167,128
2.518166,0.0025300000000001432,91,128
2.518168,2.000000000279556e-06,91,128
2.51817,1.9999999998354667e-06,91,128
2.518497,0.0003269999999999662,67,64
2.519211,0.0007139999999998814,167,52
2.519384,0.00017300000000020077,167,52
2.519447,6.299999999992423e-05,60,128
2.520539,0.0010919999999998709,334,128
2.520857,0.00031800000000004047,265,51
2.521317,0.00045999999999990493,66,51
2.521588,0.00027100000000013225,167,52
2.522882,0.0012940000000001284,91,50
2.522973,9.099999999984121e-05,60,128
2.523904,0.0009310000000000151,91,51
2.524113,0.0002089999999999037,91,51
2.524504,0.0003910000000000302,60,128
2.5265180000000003,0.0020140000000004044,167,128
2.527704,0.0011859999999996873,60,50
2.52797,0.00026599999999987745,60,128
2.528073,0.00010300000000018628,60,128
2.528075,1.9999999998354667e-06,167,128
2.528495,0.00042000000000008697,60,128
2.529327,0.0008319999999999439,167,128
2.529425,9.799999999993148e-05,60,128
2.529845,0.00042000000000008697,167,52
2.5311339999999998,0.0012889999999998736,60,128
2.532268,0.0011340000000004125,167,128
2.534136,0.0018679999999999808,60,48
2.535683,0.001546999999999965,167,128
2.535838,0.00015499999999990521,91,128
2.537133,0.001294999999999824,114,128
2.537206,7.299999999998974e-05,114,127
2.537798,0.000592000000000148,167,51
2.538456,0.0006580000000000474,60,128
2.5385910000000003,0.00013500000000021828,86,51
2.538691,9.999999999976694e-05,86,128
2.538789,9.799999999993148e-05,103,64
2.539206,0.0004170000000001117,103,64
2.539208,1.9999999998354667e-06,103,64
2.539403,0.00019500000000016726,60,128
2.539596,0.0001929999999998877,60,236
2.539923,0.0003269999999999662,167,128
2.54,7.700000000010476e-05,60,128
2.5405759999999997,0.0005759999999996879,1168,64
2.5405759999999997,0.0,67,51
2.540986,0.00041000000000046555,60,128
2.541105,0.00011899999999975819,1168,64
2.541106,1.000000000139778e-06,606,64
2.541548,0.00044200000000005346,95,240
2.545388,0.0038399999999998435,450,64
2.546162,0.0007739999999998304,167,128
2.548855,0.0026930000000002785,60,51
2.549071,0.00021599999999999397,60,128
2.554691,0.005619999999999958,167,46
2.554963,0.00027199999999982793,167,48
2.555499,0.000536000000000314,1414,128
2.555584,8.499999999989072e-05,1071,128
2.557321,0.0017369999999998775,167,128
2.558795,0.0014739999999999753,60,42
2.559328,0.0005329999999998947,74,64
2.560174,0.0008460000000001244,66,55
2.560378,0.000204000000000093,66,55
2.560797,0.0004189999999999472,167,52
2.561623,0.0008259999999999934,67,64
2.561862,0.00023900000000010024,91,50
2.561864,1.9999999998354667e-06,67,51
2.562133,0.0002690000000002968,91,51
2.562447,0.00031399999999992545,91,51
2.563235,0.0007880000000000109,60,8
2.563457,0.00022199999999994446,167,51
2.565394,0.0019369999999998555,100,242
2.565794,0.00039999999999995595,608,128
2.568118,0.0023240000000002148,60,240
2.570153,0.002034999999999787,60,128
2.573783,0.003630000000000244,103,50
2.574388,0.0006049999999997446,66,64
2.575079,0.0006910000000002192,103,52
2.575296,0.00021699999999968966,103,50
2.5754289999999997,0.00013299999999993872,167,46
2.575877,0.00044800000000044804,66,64
2.576261,0.00038399999999993994,78,49
2.576262,9.999999996956888e-07,78,49
2.5763220000000002,6.000000000039307e-05,66,64
2.577045,0.0007229999999998071,60,128
2.577046,1.000000000139778e-06,167,128
2.577047,9.999999996956888e-07,60,127
2.579133,0.0020860000000002543,60,128
2.579134,9.999999996956888e-07,60,127
2.579458,0.00032399999999999096,167,52
2.580778,0.00132000000000021,297,51
2.582782,0.0020039999999998948,77,64
2.583754,0.0009719999999999729,66,128
2.583826,7.200000000029405e-05,66,127
2.5847160000000002,0.0008900000000000574,60,128
2.5847189999999998,2.9999999995311555e-06,60,127
2.585099,0.000380000000000269,265,128
2.585191,9.199999999998099e-05,182,55
2.585193,1.9999999998354667e-06,265,127
2.585519,0.0003260000000002705,60,9
2.590852,0.00533299999999981,167,128
2.591171,0.00031900000000018025,167,128
2.591264,9.299999999967667e-05,167,48
2.591653,0.00038900000000019475,167,64
2.591986,0.0003329999999999167,91,128
2.593787,0.0018009999999999415,67,64
2.595481,0.0016940000000000843,60,128
2.5954829999999998,1.9999999998354667e-06,60,127
2.595484,1.000000000139778e-06,60,128
2.5955529999999998,6.899999999987472e-05,60,127
2.595795,0.0002420000000000755,167,128
2.596725,0.0009300000000003195,60,240
2.597002,0.00027699999999963865,1414,128
2.59749,0.000488000000000266,936,128
2.597743,0.0002529999999998367,60,64
2.5978440000000003,0.00010100000000035081,167,51
2.5982979999999998,0.00045399999999951035,60,64
2.599896,0.0015980000000004324,60,241
2.600282,0.0003859999999997754,1414,128
2.600751,0.00046899999999983066,927,128
2.600751,0.0,466,128
2.600893,0.00014200000000030855,355,51
2.6012079999999997,0.00031499999999962114,167,128
2.601766,0.0005580000000002805,1414,128
2.602273,0.0005069999999998132,931,128
2.602274,1.000000000139778e-06,119,128
2.602338,6.4000000000064e-05,74,50
2.602478,0.000140000000000029,66,64
2.603136,0.0006580000000000474,472,64
2.6044,0.0012639999999999318,167,52
2.605324,0.0009239999999999249,1010,241
2.6060119999999998,0.0006879999999997999,167,128
2.606223,0.00021100000000018326,60,128
2.60645,0.00022700000000019926,1514,241
2.606635,0.00018499999999965766,1292,241
2.607151,0.000516000000000183,66,52
2.607207,5.599999999983396e-05,60,128
2.608326,0.0011190000000000921,70,246
2.608606,0.000280000000000058,60,10
2.608714,0.00010799999999999699,167,52
2.60956,0.0008460000000001244,235,240
2.6099449999999997,0.00038499999999963563,60,128
2.611195,0.0012500000000001954,251,128
2.612792,0.0015969999999998485,66,128
2.61286,6.800000000017903e-05,66,127
2.61371,0.0008500000000002395,60,128
2.613712,1.9999999998354667e-06,60,127
2.6142060000000003,0.0004940000000002165,167,52
2.615703,0.0014969999999996375,167,128
2.615813,0.00011000000000027654,1168,64
2.616266,0.00045299999999981466,1168,64
2.616267,1.000000000139778e-06,986,64
2.616851,0.0005839999999999179,159,1
2.618888,0.0020370000000000665,167,52
2.619333,0.0004450000000000287,167,52
2.620635,0.0013019999999999143,167,52
2.620636,1.000000000139778e-06,67,51
2.623173,0.0025369999999997894,265,128
2.623246,7.299999999998974e-05,265,127
2.623601,0.0003549999999998832,66,128
2.623708,0.0001070000000003013,66,128
2.624696,0.0009879999999999889,66,128
2.624698,1.9999999998354667e-06,66,128
2.626253,0.0015550000000001951,66,128
2.626332,7.899999999994023e-05,66,127
2.626539,0.00020700000000006824,167,128
2.626746,0.00020699999999962415,167,128
2.626931,0.00018500000000010175,83,127
2.627186,0.00025500000000011624,60,128
2.627188,1.9999999998354667e-06,60,127
2.627684,0.000496000000000052,265,128
2.627685,1.000000000139778e-06,60,128
2.627726,4.099999999995774e-05,265,127
2.627727,1.000000000139778e-06,60,127
2.628122,0.00039499999999970115,167,128
2.628201,7.899999999994023e-05,60,45
2.628536,0.00033500000000019625,60,128
2.628538,1.9999999998354667e-06,60,128
2.628539,1.000000000139778e-06,60,127
2.6285410000000002,2.000000000279556e-06,60,127
2.629893,0.0013519999999997978,167,52
2.631842,0.0019489999999997565,60,128
2.631843,1.000000000139778e-06,60,128
2.631914,7.100000000015427e-05,60,127
2.632288,0.00037399999999987443,167,128
2.632742,0.00045399999999995444,60,128
2.6328139999999998,7.199999999984996e-05,60,128
2.632912,9.800000000037556e-05,1514,54
2.632912,0.0,60,127
2.632913,9.999999996956888e-07,60,127
2.633048,0.00013500000000021828,1514,54
2.633245,0.00019700000000000273,1514,54
2.633302,5.699999999997374e-05,630,48
2.633409,0.00010699999999985721,60,64
2.63341,1.000000000139778e-06,60,128
2.634638,0.0012279999999997848,66,128
2.6347,6.200000000022854e-05,66,127
2.635314,0.0006140000000001145,60,241
2.635538,0.00022399999999977993,60,128
2.635539,1.000000000139778e-06,60,127
2.635708,0.00016900000000008575,167,128
2.6364330000000002,0.0007250000000000867,89,118
2.636752,0.00031899999999973616,67,64
2.637889,0.0011369999999999436,167,51
2.639906,0.0020169999999999355,167,128
2.640858,0.000952000000000286,67,51
2.644576,0.003717999999999666,175,1
2.64554,0.0009640000000001869,446,64
2.645656,0.00011599999999978294,265,128
2.645728,7.200000000029405e-05,265,127
2.64601,0.00028199999999989345,1514,50
2.646132,0.00012200000000017752,1514,50
2.646133,9.999999996956888e-07,66,64
2.646134,1.000000000139778e-06,167,128
2.646214,8.000000000008001e-05,66,64
2.647115,0.0009009999999998186,1514,50
2.6472059999999997,9.099999999984121e-05,66,64
2.647291,8.500000000033481e-05,1514,50
2.6472949999999997,3.9999999996709334e-06,66,64
2.648145,0.0008500000000002395,60,128
2.649482,0.0013369999999999216,60,242
2.6496589999999998,0.0001769999999998717,348,241
2.649713,5.400000000044258e-05,60,241
2.650005,0.00029199999999995896,60,128
2.650055,4.999999999988347e-05,60,127
2.6501099999999997,5.499999999969418e-05,60,128
2.650111,1.000000000139778e-06,60,127
2.651576,0.0014650000000000496,314,242
2.651781,0.00020500000000023277,348,241
2.651915,0.0001339999999996344,66,128
2.651985,7.00000000000145e-05,60,243
2.651987,2.000000000279556e-06,66,127
2.652284,0.00029699999999976967,60,128
2.652443,0.00015900000000002024,70,246
2.652669,0.0002260000000000595,60,242
2.652819,0.0001500000000000945,60,128
2.652821,1.9999999998354667e-06,60,127
2.653107,0.00028600000000000847,60,128
2.6532109999999998,0.00010399999999988196,265,128
2.653282,7.100000000015427e-05,265,127
2.6538880000000002,0.0006060000000003285,167,48
2.654236,0.0003479999999997929,167,46
2.655812,0.0015760000000000218,91,128
2.655888,7.599999999996498e-05,91,128
2.655946,5.8000000000113516e-05,91,128
2.656,5.3999999999998494e-05,91,128
2.65723,0.0012300000000000644,60,128
2.6572329999999997,2.9999999995311555e-06,167,128
2.657234,1.000000000139778e-06,60,127
2.657357,0.0001230000000003173,60,128
2.657358,9.999999996956888e-07,60,128
2.657453,9.499999999995623e-05,60,128
2.657455,2.000000000279556e-06,60,128
2.65808,0.0006249999999998757,60,128
2.658081,1.000000000139778e-06,60,127
2.658141,5.999999999994898e-05,60,128
2.658142,9.999999996956888e-07,60,127
2.658835,0.0006930000000000547,67,64
2.659689,0.0008540000000003545,167,52
2.660068,0.00037899999999968514,575,54
2.6601850000000002,0.00011700000000036681,66,128
2.6604900000000002,0.0003049999999999997,1514,54
2.6606899999999998,0.00019999999999953388,1514,54
2.660691,1.000000000139778e-06,66,128
2.6608140000000002,0.0001230000000003173,1514,54
2.660939,0.00012499999999970868,426,51
2.66094,1.000000000139778e-06,66,128
2.661019,7.899999999994023e-05,60,128
2.662057,0.0010379999999998724,60,128
2.662843,0.0007860000000001754,167,51
2.6630380000000002,0.00019500000000016726,60,128
2.664135,0.0010969999999996816,66,128
2.664199,6.4000000000064e-05,66,127
2.665041,0.0008420000000000094,60,128
2.665043,1.9999999998354667e-06,60,127
2.665406,0.00036300000000011323,1414,128
2.665898,0.0004919999999999369,1007,128
2.667426,0.0015279999999999738,60,128
2.66952,0.0020940000000000403,86,51
2.669849,0.00032900000000024576,86,64
2.6703099999999997,0.0004609999999996006,85,128
2.671563,0.0012530000000001706,66,52
2.671813,0.00025000000000030553,60,242
2.672069,0.00025599999999981193,60,128
2.672967,0.0008979999999998434,582,64
2.67427,0.0013030000000000541,60,242
2.674272,2.000000000279556e-06,167,46
2.6745229999999998,0.00025099999999955713,60,128
2.674525,2.000000000279556e-06,60,128
2.675335,0.0008099999999999774,265,128
2.675408,7.299999999998974e-05,265,127
2.676464,0.001056000000000168,138,128
2.67652,5.599999999983396e-05,138,127
2.6771380000000002,0.0006180000000002295,167,128
2.678234,0.0010959999999995418,66,128
2.678295,6.100000000008876e-05,66,127
2.6788499999999997,0.0005549999999998612,60,128
2.678852,2.000000000279556e-06,60,127
2.679124,0.00027199999999982793,60,128
2.679125,1.000000000139778e-06,60,127
2.6792059999999998,8.09999999997757e-05,74,64
2.679985,0.0007790000000000852,386,128
2.680038,5.3000000000302805e-05,167,52
2.680088,4.999999999988347e-05,386,127
2.680247,0.00015900000000002024,1168,64
2.6806520000000003,0.00040500000000021075,1168,64
2.6807,4.7999999999603915e-05,1168,64
2.680701,1.000000000139778e-06,428,64
2.680929,0.00022799999999989495,75,51
2.68183,0.0009010000000002627,210,128
2.68189,5.999999999994898e-05,210,127
2.682074,0.00018399999999996197,60,128
2.682802,0.0007280000000000619,60,240
2.683986,0.0011839999999998518,1514,128
2.684049,6.299999999992423e-05,746,128
2.684325,0.00027599999999994296,1514,127
2.684386,6.100000000008876e-05,746,127
2.684935,0.0005489999999999107,84,128
2.686049,0.0011140000000002814,60,128
2.6860939999999998,4.499999999962867e-05,60,127
2.6862,0.00010600000000016152,60,128
2.686322,0.00012200000000017752,60,127
2.686578,0.00025599999999981193,106,128
2.686643,6.500000000020378e-05,106,127
2.687023,0.0003799999999998249,60,128
2.687077,5.3999999999998494e-05,60,128
2.687078,1.000000000139778e-06,60,128
2.6870789999999998,9.999999996956888e-07,60,127
2.68708,1.000000000139778e-06,60,127
2.68782,0.0007399999999999629,91,128
2.687957,0.00013700000000005375,1345,50
2.687958,1.000000000139778e-06,60,237
2.6881690000000003,0.00021100000000018326,548,128
2.6881690000000003,0.0,91,128
2.688242,7.299999999954565e-05,60,128
2.688377,0.00013500000000021828,60,128
2.688434,5.699999999997374e-05,66,64
2.688514,8.000000000008001e-05,1484,128
2.6885149999999998,9.999999996956888e-07,265,128
2.6885149999999998,0.0,354,128
2.688695,0.00018000000000029104,1514,128
2.688696,1.000000000139778e-06,265,127
2.688696,0.0,746,128
2.688765,6.899999999987472e-05,167,64
2.688975,0.00021000000000004349,1514,127
2.6890359999999998,6.099999999964467e-05,746,127
2.689094,5.8000000000113516e-05,60,128
2.690404,0.0013100000000001444,60,52
2.690632,0.00022799999999989495,60,128
2.690812,0.00018000000000029104,167,48
2.6908760000000003,6.4000000000064e-05,167,128
2.691014,0.00013799999999974943,60,128
2.691016,1.9999999998354667e-06,60,128
2.6910220000000002,6.000000000394579e-06,60,127
2.691182,0.00015999999999971593,167,128
2.691528,0.00034599999999995745,60,51
2.691966,0.00043799999999993844,60,128
2.692553,0.0005870000000003373,91,53
2.6938459999999997,0.0012929999999995445,91,52
2.693952,0.00010600000000016152,91,51
2.694073,0.00012100000000003774,91,52
2.694371,0.00029799999999990945,60,128
2.694372,1.000000000139778e-06,60,128
2.694374,1.9999999998354667e-06,60,127
2.694375,1.000000000139778e-06,60,127
2.694865,0.0004900000000001015,1514,54
2.695029,0.00016399999999983095,66,128
2.695218,0.00018900000000021677,1514,54
2.695804,0.0005859999999997534,167,128
2.696037,0.00023300000000014975,66,128
2.697433,0.0013960000000001749,70,248
2.697707,0.0002739999999996634,60,11
2.6978109999999997,0.00010399999999988196,60,128
2.697944,0.0001330000000003828,167,51
2.699963,0.002018999999999771,60,243
2.7012169999999998,0.0012539999999998663,167,128
2.701455,0.00023800000000040455,1414,128
2.7015190000000002,6.4000000000064e-05,428,51
2.70152,9.999999996956888e-07,1055,128
2.701657,0.00013700000000005375,1414,128
2.7017290000000003,7.200000000029405e-05,152,51
2.701778,4.899999999974369e-05,1414,128
2.701887,0.00010900000000013677,1414,128
2.7019450000000003,5.8000000000113516e-05,715,128
2.702119,0.00017399999999989646,75,64
2.702648,0.0005289999999997796,1414,128
2.70273,8.199999999991547e-05,1048,128
2.702854,0.000124000000000013,1414,128
2.702906,5.200000000016303e-05,66,128
2.702964,5.8000000000113516e-05,1414,128
2.703079,0.00011499999999964317,1414,128
2.7031359999999998,5.699999999997374e-05,715,128
2.703137,1.000000000139778e-06,66,128
2.703519,0.0003820000000001045,360,64
2.70376,0.0002409999999999357,1414,128
2.703842,8.199999999991547e-05,1048,128
2.703961,0.00011900000000020228,1414,128
2.704075,0.00011399999999994748,1414,128
2.70419,0.00011500000000008725,1414,128
2.7042479999999998,5.799999999966943e-05,715,128
2.704626,0.00037800000000043354,167,52
2.70602,0.0013939999999998953,167,128
2.707864,0.0018439999999997347,78,50
2.708,0.00013600000000035806,66,64
2.7083589999999997,0.0003589999999995541,60,54
2.708577,0.00021800000000027353,60,54
2.7086259999999998,4.899999999974369e-05,445,64
2.708724,9.800000000037556e-05,167,52
2.709084,0.0003599999999996939,91,54
2.709295,0.00021100000000018326,304,49
2.709694,0.00039899999999981617,60,241
2.709819,0.00012500000000015277,60,242
2.710163,0.000344000000000122,66,128
2.710868,0.0007049999999999557,568,241
2.711895,0.0010270000000001112,60,54
2.712682,0.0007869999999998711,132,51
2.713213,0.0005310000000000592,67,64
2.714255,0.0010419999999999874,167,52
2.714257,1.9999999998354667e-06,70,246
2.714555,0.00029799999999990945,60,12
2.714992,0.00043700000000024275,1266,64
2.715322,0.00032999999999994145,66,54
2.715401,7.899999999994023e-05,1266,64
2.715401,0.0,1266,64
2.715498,9.700000000023579e-05,1266,64
2.715498,0.0,596,64
2.715623,0.00012499999999970868,167,128
2.718632,0.0030090000000000394,167,52
2.719331,0.0006990000000000052,167,52
2.720562,0.0012310000000002042,67,51
2.7214,0.0008379999999998944,66,50
2.721658,0.0002580000000000915,167,52
2.721828,0.00016999999999978144,138,128
2.721883,5.500000000013827e-05,138,127
2.721956,7.299999999998974e-05,138,128
2.7220079999999998,5.199999999971894e-05,138,127
2.722181,0.00017300000000020077,138,128
2.722233,5.200000000016303e-05,138,127
2.722289,5.599999999983396e-05,138,128
2.722341,5.200000000016303e-05,138,127
2.722403,6.199999999978445e-05,60,56
2.72255,0.00014700000000011926,138,128
2.72255,0.0,60,64
2.722603,5.2999999999858716e-05,138,127
2.722765,0.00016199999999999548,138,128
2.722819,5.3999999999998494e-05,138,127
2.722876,5.699999999997374e-05,138,128
2.722921,4.500000000007276e-05,138,127
2.723579,0.0006580000000000474,777,48
2.723701,0.00012200000000017752,60,64
2.724197,0.000496000000000052,138,128
2.72425,5.2999999999858716e-05,138,127
2.7242509999999998,9.999999996956888e-07,60,51
2.7245470000000003,0.00029600000000051807,60,128
2.724896,0.0003489999999999327,138,128
2.724948,5.199999999971894e-05,138,127
2.725003,5.500000000013827e-05,60,128
2.725004,1.000000000139778e-06,60,128
2.72569,0.0006859999999999644,138,128
2.725745,5.499999999969418e-05,138,127
2.726534,0.0007890000000001507,167,128
2.726786,0.000252000000000141,138,128
2.726841,5.499999999969418e-05,138,127
2.727059,0.00021800000000027353,138,128
2.727116,5.699999999997374e-05,138,127
2.727986,0.0008699999999999264,60,128
2.728087,0.00010099999999990672,167,128
2.7297029999999998,0.0016159999999998398,138,128
2.729778,7.50000000002693e-05,138,127
2.730308,0.0005299999999999194,78,48
2.730309,1.000000000139778e-06,78,48
2.730311,1.9999999998354667e-06,167,52
2.7310090000000002,0.0006980000000003095,155,128
2.7311,9.099999999984121e-05,155,128
2.731702,0.0006019999999997694,167,128
2.731818,0.00011600000000022703,60,51
2.731991,0.00017299999999975668,66,55
2.731992,1.000000000139778e-06,60,128
2.732174,0.0001820000000001265,60,128
2.73229,0.00011599999999978294,167,128
2.732405,0.00011500000000008725,66,55
2.732837,0.00043199999999998795,1378,64
2.732976,0.0001389999999998892,918,128
2.733057,8.100000000021979e-05,60,128
2.733535,0.0004779999999997564,617,128
2.735364,0.0018290000000003026,1168,64
2.735812,0.00044800000000000395,1168,64
2.7358130000000003,1.000000000139778e-06,1141,64
2.737516,0.001702999999999566,138,128
2.737687,0.0001710000000003653,138,127
2.738257,0.0005699999999997374,60,128
2.738328,7.100000000015427e-05,167,51
2.7387040000000002,0.000376000000000154,182,246
2.738984,0.0002799999999996139,60,13
2.739853,0.0008690000000002307,167,128
2.741066,0.0012129999999999086,60,128
2.741116,4.999999999988347e-05,67,51
2.741118,2.000000000279556e-06,60,127
2.741178,5.999999999994898e-05,60,241
2.742151,0.0009729999999996686,60,241
2.742206,5.500000000013827e-05,60,241
2.742264,5.8000000000113516e-05,110,54
2.742834,0.0005700000000001815,60,128
2.742835,9.999999996956888e-07,60,127
2.743023,0.000188000000000077,60,128
2.7430250000000003,2.000000000279556e-06,60,127
2.743155,0.0001299999999995194,60,128
2.743157,2.000000000279556e-06,60,128
2.743307,0.0001500000000000945,138,128
2.743309,1.9999999998354667e-06,60,128
2.74331,1.000000000139778e-06,1404,54
2.7433110000000003,1.000000000139778e-06,60,127
2.743364,5.2999999999858716e-05,138,127
2.743366,1.9999999998354667e-06,60,127
2.74345,8.400000000019503e-05,60,128
2.743452,1.9999999998354667e-06,138,128
2.743504,5.200000000016303e-05,60,127
2.743505,9.999999996956888e-07,138,127
2.74359,8.500000000033481e-05,138,128
2.743591,9.999999996956888e-07,60,128
2.743647,5.600000000027805e-05,138,127
2.743648,9.999999996956888e-07,60,127
2.743717,6.90000000003188e-05,138,128
2.743773,5.599999999983396e-05,138,127
2.74413,0.00035700000000016274,323,54
2.74413,0.0,138,128
2.744196,6.599999999989947e-05,138,127
2.7448,0.0006040000000000489,60,128
2.745341,0.0005409999999996806,1514,236
2.746032,0.0006910000000002192,138,128
2.746089,5.699999999997374e-05,138,127
2.746166,7.700000000010476e-05,167,128
2.746216,4.999999999988347e-05,635,236
2.746217,1.000000000139778e-06,60,128
2.746275,5.799999999966943e-05,60,127
2.746326,5.100000000002325e-05,60,242
2.746447,0.00012100000000003774,60,243
2.746559,0.00011200000000011201,60,243
2.746609,4.999999999988347e-05,138,128
2.74666,5.100000000002325e-05,138,127
2.746661,1.000000000139778e-06,60,128
2.746757,9.600000000009601e-05,138,128
2.7468120000000003,5.500000000013827e-05,138,127
2.747358,0.0005459999999999354,60,56
2.747926,0.0005679999999999019,386,128
2.74802,9.399999999981645e-05,386,127
2.748152,0.00013200000000024303,60,128
2.748153,9.999999996956888e-07,60,128
2.748247,9.400000000026054e-05,138,128
2.748297,4.999999999988347e-05,60,242
2.7482990000000003,2.000000000279556e-06,138,127
2.748433,0.0001339999999996344,60,242
2.748551,0.0001180000000000625,138,128
2.7485530000000002,2.000000000279556e-06,60,242
2.748607,5.3999999999554404e-05,138,127
2.749075,0.000468000000000135,60,242
2.749302,0.00022700000000019926,60,242
2.749698,0.0003959999999998409,138,128
2.749753,5.500000000013827e-05,138,127
2.750076,0.0003229999999998512,548,128
2.750255,0.00017900000000015126,1001,50
2.750255,0.0,66,50
2.750368,0.0001129999999998077,1484,128
2.750368,0.0,66,64
2.750418,4.999999999988347e-05,624,128
2.751096,0.0006780000000001785,60,128
2.751098,1.9999999998354667e-06,60,128
2.7512309999999998,0.00013299999999993872,138,128
2.7512879999999997,5.699999999997374e-05,138,127
2.751289,1.000000000139778e-06,210,128
2.75129,1.000000000139778e-06,60,243
2.7513870000000002,9.700000000023579e-05,210,127
2.751518,0.00013099999999965917,66,64
2.753285,0.001767000000000074,167,46
2.7546720000000002,0.0013870000000002491,1514,128
2.75473,5.799999999966943e-05,746,128
2.7549609999999998,0.0002309999999998702,1514,127
2.7549609999999998,0.0,167,48
2.755036,7.50000000002693e-05,746,127
2.755543,0.0005069999999998132,95,128
2.756771,0.001228000000000229,60,128
2.756773,1.9999999998354667e-06,60,127
2.757194,0.00042100000000022675,167,128
2.757342,0.00014799999999981495,67,64
2.757781,0.0004390000000000782,138,128
2.757836,5.500000000013827e-05,138,127
2.759363,0.001526999999999834,167,52
2.759486,0.0001229999999998732,60,51
2.760134,0.0006479999999999819,60,128
2.760135,1.000000000139778e-06,60,127
2.7603,0.00016499999999997073,167,128
2.760501,0.00020100000000011775,60,51
2.760642,0.00014099999999972468,67,51
2.7606960000000003,5.400000000044258e-05,60,55
2.761458,0.0007619999999999294,60,55
2.762057,0.0005989999999997941,60,128
2.762059,1.9999999998354667e-06,60,128
2.76206,1.000000000139778e-06,60,128
2.762504,0.00044399999999988893,60,55
2.762689,0.00018500000000010175,60,55
2.763087,0.0003980000000001205,1514,55
2.763276,0.00018899999999977268,138,128
2.7633330000000003,5.700000000041783e-05,138,127
2.763897,0.0005639999999997869,1514,55
2.764028,0.00013100000000010326,1514,55
2.764151,0.0001229999999998732,1514,55
2.764275,0.000124000000000013,1514,55
2.764468,0.0001929999999998877,167,51
2.7648960000000002,0.000428000000000317,74,64
2.764952,5.599999999983396e-05,1514,55
2.765077,0.00012499999999970868,1514,55
2.7652,0.0001230000000003173,1514,55
2.765323,0.0001229999999998732,1514,55
2.765447,0.000124000000000013,1514,55
2.7655760000000003,0.0001290000000002678,1514,55
2.766192,0.0006159999999999499,1514,55
2.766884,0.0006919999999999149,182,54
2.767261,0.0003769999999998497,60,14
2.767953,0.0006919999999999149,78,48
2.76826,0.00030700000000027927,60,128
2.76856,0.0002999999999997449,1514,55
2.7690770000000002,0.0005170000000003228,78,48
2.769591,0.0005139999999999034,1514,55
2.769714,0.0001229999999998732,1514,55
2.769904,0.00018999999999991246,1514,55
2.770035,0.00013100000000010326,1514,55
2.770159,0.000124000000000013,1514,55
2.770264,0.00010500000000002174,139,128
2.770314,4.999999999988347e-05,1514,55
2.770419,0.00010500000000002174,1514,55
2.77042,1.000000000139778e-06,139,127
2.770529,0.00010899999999969268,60,128
2.770578,4.900000000018778e-05,1514,55
2.770679,0.00010099999999990672,1514,55
2.770931,0.000252000000000141,1514,55
2.7710879999999998,0.00015699999999974068,1514,55
2.771298,0.00021000000000004349,60,245
2.771407,0.00010900000000013677,60,245
2.771499,9.199999999998099e-05,60,54
2.772192,0.0006930000000000547,167,128
2.772921,0.0007290000000002017,60,239
2.773179,0.0002579999999996474,60,128
2.773647,0.000468000000000135,60,128
2.773925,0.0002780000000002225,60,239
2.7743,0.0003750000000000142,167,46
2.776325,0.0020249999999997215,235,240
2.776579,0.00025399999999997647,138,128
2.776631,5.200000000016303e-05,138,127
2.777079,0.00044800000000000395,60,128
2.777335,0.00025599999999981193,60,128
2.777521,0.00018600000000024153,60,128
2.777692,0.00017099999999992122,66,50
2.777693,1.000000000139778e-06,60,128
2.7780709999999997,0.00037799999999954537,315,128
2.778982,0.0009110000000003282,167,52
2.77908,9.799999999993148e-05,73,64
2.781037,0.0019569999999999865,78,51
2.781622,0.0005850000000000577,1198,243
2.781768,0.00014599999999997948,74,64
2.782211,0.00044300000000019324,60,64
2.782213,1.9999999998354667e-06,94,243
2.782375,0.00016199999999999548,100,243
2.78287,0.0004949999999999122,60,64
2.783763,0.0008930000000000327,60,64
2.78507,0.0013070000000001691,60,128
2.785072,1.9999999998354667e-06,60,127
2.788071,0.002998999999999974,1414,242
2.789794,0.001723000000000141,1414,241
2.789795,9.999999996956888e-07,75,241
2.790119,0.00032399999999999096,1414,241
2.790227,0.00010799999999999699,60,128
2.790544,0.0003170000000003448,1414,241
2.7907669999999998,0.00022299999999964015,1414,241
2.790825,5.8000000000113516e-05,138,128
2.79089,6.500000000020378e-05,167,128
2.790892,1.9999999998354667e-06,1414,241
2.790893,1.000000000139778e-06,96,241
2.7909610000000002,6.800000000017903e-05,701,241
2.7909610000000002,0.0,138,127
2.7910909999999998,0.0001299999999995194,60,128
2.791184,9.300000000012076e-05,167,128
2.791185,1.000000000139778e-06,74,64
2.7915140000000003,0.00032900000000024576,1414,242
2.791765,0.00025099999999955713,1414,242
2.791766,1.000000000139778e-06,167,48
2.791767,1.000000000139778e-06,96,242
2.791986,0.00021899999999996922,60,128
2.791988,1.9999999998354667e-06,60,128
2.791989,1.000000000139778e-06,60,128
2.792034,4.500000000007276e-05,1414,242
2.7920350000000003,1.000000000139778e-06,60,127
2.792688,0.0006529999999997926,1414,242
2.792745,5.699999999997374e-05,60,128
2.792746,1.000000000139778e-06,722,242
2.792747,9.999999996956888e-07,1514,128
2.792747,0.0,220,53
2.792749,2.000000000279556e-06,60,127
2.7927939999999998,4.499999999962867e-05,60,242
2.792886,9.200000000042508e-05,1514,128
2.792991,0.00010499999999957765,1334,128
2.793049,5.8000000000113516e-05,1514,127
2.79305,1.000000000139778e-06,1414,128
2.79305,0.0,182,50
2.79314,9.000000000014552e-05,1065,128
2.793141,9.999999996956888e-07,60,128
2.7931939999999997,5.2999999999858716e-05,1514,127
2.793265,7.100000000015427e-05,1514,128
2.793266,1.000000000139778e-06,1514,128
2.79332,5.3999999999998494e-05,1334,128
2.793321,1.000000000139778e-06,1334,127
2.793321,0.0,1414,128
2.793419,9.799999999993148e-05,1414,128
2.793534,0.00011500000000008725,1414,128
2.793592,5.799999999966943e-05,715,128
2.793592,0.0,1514,127
2.793642,5.000000000032756e-05,60,128
2.793736,9.399999999981645e-05,1514,127
2.793844,0.00010799999999999699,1334,127
2.794165,0.0003210000000000157,60,128
2.794167,1.9999999998354667e-06,60,127
2.794768,0.0006010000000000737,1414,128
2.794769,1.000000000139778e-06,60,48
2.7948180000000002,4.900000000018778e-05,1514,128
2.794868,4.999999999988347e-05,1046,128
2.794868,0.0,60,128
2.794924,5.599999999983396e-05,1514,128
2.794973,4.900000000018778e-05,1414,128
2.795027,5.3999999999998494e-05,1334,128
2.795028,9.999999996956888e-07,60,128
2.795089,6.100000000008876e-05,1414,128
2.795171,8.199999999991547e-05,1514,127
2.795171,0.0,60,127
2.7952209999999997,4.999999999988347e-05,1414,128
2.7952209999999997,0.0,715,128
2.795384,0.00016300000000013526,1514,127
2.795593,0.0002090000000003478,1334,127
2.795594,9.999999996956888e-07,60,127
2.795778,0.00018399999999996197,167,128
2.795918,0.000140000000000029,1514,128
2.795918,0.0,60,128
2.79604,0.00012200000000017752,1514,128
2.796147,0.00010699999999985721,1334,128
2.796205,5.8000000000113516e-05,1514,127
2.7962059999999997,9.999999996956888e-07,60,127
2.796336,0.00013000000000040757,1514,127
2.796444,0.00010799999999999699,1334,127
2.796568,0.000124000000000013,1514,55
2.796627,5.8999999999809205e-05,60,128
2.7966290000000003,2.000000000279556e-06,60,127
2.797752,0.001122999999999763,167,64
2.797842,9.000000000014552e-05,167,51
2.798121,0.0002789999999999182,1514,55
2.798505,0.00038399999999993994,1366,55
2.798506,1.000000000139778e-06,70,243
2.798654,0.00014799999999981495,139,55
2.798809,0.00015499999999990521,60,15
2.798811,2.000000000279556e-06,89,116
2.798871,5.999999999994898e-05,60,128
2.79893,5.8999999999809205e-05,60,127
2.798931,1.000000000139778e-06,60,128
2.799267,0.00033599999999989194,60,128
2.799269,1.9999999998354667e-06,60,127
2.79967,0.0004010000000000957,138,128
2.799672,2.000000000279556e-06,1168,64
2.799726,5.3999999999998494e-05,138,127
2.79983,0.00010399999999988196,60,128
2.799831,1.000000000139778e-06,60,128
2.799832,9.999999996956888e-07,60,127
2.799893,6.100000000008876e-05,60,127
2.800147,0.00025399999999997647,1168,64
2.800148,1.000000000139778e-06,763,64
2.800148,0.0,138,128
2.800266,0.0001180000000000625,1514,128
2.800354,8.799999999986596e-05,138,127
2.800405,5.100000000002325e-05,1514,128
2.800496,9.099999999984121e-05,1334,128
2.800606,0.00011000000000027654,1514,127
2.80073,0.000124000000000013,1514,127
2.800839,0.00010899999999969268,1334,127
2.80084,1.000000000139778e-06,435,51
2.801069,0.00022900000000003473,1514,128
2.801193,0.000124000000000013,1514,128
2.801252,5.8999999999809205e-05,167,128
2.801305,5.3000000000302805e-05,1334,128
2.801362,5.699999999997374e-05,1514,127
2.801496,0.0001340000000000785,1514,127
2.801604,0.00010799999999999699,1334,127
2.803052,0.0014479999999998938,60,128
2.8038220000000003,0.0007700000000001594,60,128
2.803823,9.999999996956888e-07,60,127
2.8040760000000002,0.0002530000000002808,74,49
2.804195,0.00011899999999975819,66,64
2.804396,0.00020100000000011775,167,52
2.804454,5.799999999966943e-05,60,128
2.804455,1.000000000139778e-06,60,127
2.804761,0.0003060000000001395,60,128
2.804763,1.9999999998354667e-06,443,64
2.804764,1.000000000139778e-06,60,127
2.805429,0.0006650000000001377,694,128
2.805578,0.00014899999999995472,694,127
2.8060460000000003,0.000468000000000135,167,128
2.807998,0.0019519999999997317,1414,242
2.808699,0.0007009999999998406,167,52
2.809101,0.0004020000000002355,1414,242
2.809184,8.300000000005525e-05,91,128
2.809335,0.0001509999999997902,1414,242
2.809465,0.00012999999999996348,1414,242
2.809465,0.0,60,128
2.809637,0.000172000000000061,1414,242
2.809991,0.0003540000000001875,117,242
2.810248,0.0002569999999999517,701,242
2.810332,8.399999999975094e-05,60,128
2.811222,0.0008900000000000574,138,128
2.811276,5.3999999999998494e-05,138,127
2.811962,0.0006859999999999644,1414,128
2.812055,9.300000000012076e-05,1180,128
2.812171,0.00011600000000022703,1414,128
2.812287,0.00011599999999978294,1414,128
2.812402,0.00011500000000008725,1414,128
2.8124029999999998,9.999999996956888e-07,60,54
2.812461,5.8000000000113516e-05,715,128
2.812842,0.0003809999999999647,1514,128
2.812965,0.0001230000000003173,1514,128
2.812966,9.999999996956888e-07,509,242
2.813072,0.00010600000000016152,1334,128
2.813161,8.900000000000574e-05,1514,127
2.813285,0.000124000000000013,1514,127
2.813393,0.00010799999999999699,1334,127
2.814131,0.0007380000000001274,1514,128
2.814181,4.999999999988347e-05,1514,128
2.814181,0.0,1514,128
2.8141819999999997,9.999999996956888e-07,1334,128
2.814254,7.200000000029405e-05,1514,128
2.814361,0.00010699999999985721,1334,128
2.814447,8.60000000000305e-05,1514,127
2.814447,0.0,167,52
2.8145860000000003,0.0001390000000003333,1514,127
2.814709,0.0001229999999998732,1514,127
2.814709,0.0,590,128
2.814815,0.00010599999999971743,66,128
2.814817,2.000000000279556e-06,1334,127
2.8149420000000003,0.00012500000000015277,1514,127
2.8150500000000003,0.00010799999999999699,1334,127
2.815051,9.999999996956888e-07,60,128
2.815104,5.2999999999858716e-05,590,127
2.815105,1.000000000139778e-06,60,127
2.815403,0.00029799999999990945,579,64
2.815633,0.0002300000000001745,167,128
2.816463,0.0008300000000001084,1514,128
2.816463,0.0,1514,128
2.816464,9.999999996956888e-07,1334,128
2.816748,0.000284000000000173,1514,127
2.816873,0.00012500000000015277,1514,127
2.816981,0.00010799999999999699,1334,127
2.817238,0.0002569999999999517,60,128
2.817239,9.999999996956888e-07,60,127
2.817642,0.0004030000000003753,66,128
2.818088,0.0004459999999997244,60,128
2.8180899999999998,1.9999999998354667e-06,60,128
2.818252,0.00016200000000043957,60,128
2.818254,1.9999999998354667e-06,60,127
2.818609,0.0003549999999998832,167,52
2.819256,0.0006470000000002862,60,128
2.819257,9.999999996956888e-07,60,127
2.819481,0.00022400000000022402,167,52
2.820634,0.0011529999999999596,167,52
2.820731,9.69999999997917e-05,1514,128
2.820852,0.00012100000000003774,383,51
2.820852,0.0,1514,128
2.820961,0.00010900000000013677,1334,128
2.821019,5.8000000000113516e-05,1514,127
2.821069,4.999999999988347e-05,1514,128
2.821143,7.400000000012952e-05,1514,127
2.821193,4.999999999988347e-05,1514,128
2.821251,5.8000000000113516e-05,1334,127
2.8213,4.899999999974369e-05,1334,128
2.821373,7.299999999998974e-05,1514,127
2.821431,5.8000000000113516e-05,590,128
2.821431,0.0,1514,128
2.821481,4.999999999988347e-05,590,128
2.821482,1.000000000139778e-06,1514,127
2.821548,6.599999999989947e-05,590,128
2.821548,0.0,1514,128
2.821606,5.8000000000113516e-05,1334,127
2.821606,0.0,590,128
2.821658,5.200000000016303e-05,1168,64
2.821658,0.0,590,127
2.821658,0.0,1334,128
2.8217090000000002,5.100000000002325e-05,590,128
2.821778,6.899999999987472e-05,1514,127
2.8217790000000003,1.000000000139778e-06,590,128
2.821832,5.2999999999858716e-05,590,127
2.821833,9.999999996956888e-07,502,128
2.821882,4.900000000018778e-05,590,127
2.822,0.0001180000000000625,1514,127
2.822053,5.2999999999858716e-05,590,127
2.822119,6.599999999989947e-05,1168,64
2.822119,0.0,1002,64
2.8222300000000002,0.00011100000000041632,1334,127
2.822282,5.199999999971894e-05,590,127
2.822334,5.200000000016303e-05,590,127
2.822384,4.999999999988347e-05,502,127
2.822622,0.00023799999999996047,1514,128
2.822745,0.0001229999999998732,1514,128
2.822852,0.0001070000000003013,1334,128
2.822908,5.599999999983396e-05,1514,127
2.823031,0.0001229999999998732,1514,127
2.823139,0.00010799999999999699,1334,127
2.823549,0.00041000000000002146,167,128
2.825089,0.001540000000000319,167,128
2.825317,0.00022799999999989495,60,128
2.825318,1.000000000139778e-06,60,127
2.826121,0.0008029999999998871,60,128
2.826122,9.999999996956888e-07,60,127
2.826601,0.00047900000000034026,60,128
2.826602,9.999999996956888e-07,60,127
2.827622,0.0010200000000000209,60,128
2.827623,1.000000000139778e-06,60,127
2.8283,0.0006770000000000387,1514,128
2.828588,0.00028799999999984394,1514,127
2.828589,1.000000000139778e-06,60,185
2.8287269999999998,0.00013799999999974943,60,64
2.829484,0.0007570000000001187,782,64
2.829943,0.00045900000000020924,167,52
2.830062,0.00011899999999975819,60,128
2.8300650000000003,3.000000000419334e-06,60,127
2.830569,0.0005039999999998379,60,128
2.830571,1.9999999998354667e-06,60,127
2.830911,0.00034000000000000696,60,128
2.830912,1.000000000139778e-06,60,127
2.831496,0.0005839999999999179,60,128
2.831498,1.9999999998354667e-06,60,127
2.831714,0.00021599999999999397,167,128
2.831766,5.200000000016303e-05,167,128
2.832084,0.00031800000000004047,60,128
2.832086,1.9999999998354667e-06,60,127
2.832134,4.8000000000048004e-05,167,128
2.834355,0.0022210000000000285,60,128
2.834357,1.9999999998354667e-06,60,127
2.835263,0.0009060000000000734,1514,128
2.835549,0.00028600000000000847,1514,127
2.835675,0.00012600000000029254,1334,128
2.835729,5.3999999999998494e-05,74,51
2.835779,4.999999999988347e-05,82,128
2.835853,7.400000000012952e-05,66,64
2.835935,8.199999999991547e-05,1334,127
2.836083,0.00014799999999981495,60,128
2.8360849999999997,1.9999999998354667e-06,590,128
2.836151,6.600000000034356e-05,590,128
2.8362249999999998,7.399999999968543e-05,590,128
2.836226,1.000000000139778e-06,590,127
2.836289,6.299999999992423e-05,590,127
2.836289,0.0,590,128
2.83629,1.000000000139778e-06,66,128
2.836357,6.700000000003925e-05,590,127
2.836358,1.000000000139778e-06,590,128
2.836435,7.699999999966067e-05,590,127
2.836435,0.0,461,64
2.836436,1.000000000139778e-06,66,127
2.836484,4.8000000000048004e-05,590,128
2.836485,1.000000000139778e-06,590,127
2.836603,0.0001180000000000625,590,128
2.836604,9.999999996956888e-07,502,128
2.836604,0.0,590,127
2.836732,0.000128000000000128,590,127
2.836782,4.999999999988347e-05,502,127
2.837112,0.00032999999999994145,60,128
2.837114,2.000000000279556e-06,60,127
2.837831,0.0007169999999998566,70,243
2.837833,1.9999999998354667e-06,167,51
2.838059,0.0002260000000000595,60,128
2.8380609999999997,1.9999999998354667e-06,60,128
2.838063,2.000000000279556e-06,60,128
2.838064,1.000000000139778e-06,60,16
2.838456,0.0003919999999997259,60,243
2.838514,5.8000000000113516e-05,106,128
2.838565,5.100000000002325e-05,106,127
2.838566,1.000000000139778e-06,66,52
2.838642,7.599999999996498e-05,60,128
2.838702,5.999999999994898e-05,66,52
2.8391,0.0003980000000001205,60,241
2.83935,0.00024999999999986144,60,49
2.8397740000000002,0.000424000000000202,60,241
2.839829,5.499999999969418e-05,60,241
2.839916,8.700000000017027e-05,167,128
2.840159,0.00024299999999977118,60,64
2.8407780000000002,0.0006190000000003693,67,51
2.84078,1.9999999998354667e-06,60,242
2.841741,0.0009609999999997676,60,242
2.842076,0.00033500000000019625,1514,128
2.842134,5.8000000000113516e-05,746,128
2.842364,0.00022999999999973042,1514,127
2.842425,6.100000000008876e-05,746,127
2.842769,0.000344000000000122,60,242
2.842906,0.00013700000000005375,67,64
2.842907,9.999999996956888e-07,60,128
2.843029,0.00012200000000017752,507,49
2.8431699999999998,0.00014099999999972468,66,64
2.843748,0.0005780000000004115,66,49
2.843944,0.00019599999999986295,60,243
2.844021,7.700000000010476e-05,66,64
2.8441,7.899999999994023e-05,66,64
2.845111,0.0010110000000000952,60,128
2.845113,1.9999999998354667e-06,60,127
2.8461629999999998,0.0010499999999997733,167,128
2.846631,0.000468000000000135,60,242
2.847147,0.000516000000000183,66,64
2.847211,6.4000000000064e-05,60,128
2.847212,9.999999996956888e-07,60,127
2.847327,0.00011500000000008725,265,128
2.8473990000000002,7.200000000029405e-05,265,127
2.847828,0.0004289999999995686,89,56
2.848055,0.00022700000000019926,60,128
2.848135,8.000000000008001e-05,60,240
2.848404,0.0002689999999998527,60,128
2.850568,0.0021640000000000548,139,55
2.850726,0.00015799999999988046,66,128
2.850994,0.000268000000000157,60,128
2.8513770000000003,0.00038300000000024426,60,128
2.852198,0.0008209999999997386,114,54
2.852284,8.60000000000305e-05,324,54
2.852388,0.00010399999999988196,60,128
2.8525840000000002,0.00019600000000030704,60,242
2.853229,0.0006449999999995626,60,128
2.853231,2.000000000279556e-06,60,127
2.85329,5.8999999999809205e-05,60,128
2.853509,0.00021899999999996922,167,46
2.853511,2.000000000279556e-06,60,242
2.853914,0.0004029999999999312,67,64
2.854758,0.0008439999999998449,1366,55
2.8550839999999997,0.00032599999999982643,167,48
2.855085,1.000000000139778e-06,66,128
2.8563929999999997,0.0013079999999998648,1514,128
2.856484,9.10000000002853e-05,1414,128
2.856534,4.999999999988347e-05,521,128
2.856642,0.00010799999999999699,1414,128
2.856692,4.999999999988347e-05,1514,127
2.856757,6.500000000020378e-05,1414,128
2.856872,0.00011500000000008725,1514,128
2.856872,0.0,1414,128
2.856988,0.00011599999999978294,1414,128
2.856988,0.0,310,128
2.85719,0.00020200000000025753,1514,127
2.85729,9.999999999976694e-05,167,128
2.857291,1.000000000139778e-06,1334,128
2.857561,0.00026999999999999247,1334,127
2.859339,0.0017779999999998353,167,52
2.8595230000000003,0.00018400000000040606,66,52
2.859861,0.0003379999999997274,66,52
2.859986,0.00012500000000015277,66,52
2.860108,0.00012199999999973343,60,242
2.8601900000000002,8.200000000035956e-05,60,128
2.860191,9.999999996956888e-07,60,128
2.860244,5.2999999999858716e-05,60,53
2.860246,2.000000000279556e-06,60,127
2.860248,1.9999999998354667e-06,60,127
2.860583,0.00033500000000019625,1414,128
2.860633,4.999999999988347e-05,521,128
2.860691,5.8000000000113516e-05,67,51
2.860746,5.499999999969418e-05,1414,128
2.860856,0.00011000000000027654,1414,128
2.860971,0.00011500000000008725,1414,128
2.861087,0.00011599999999978294,1414,128
2.861087,0.0,60,128
2.861148,6.100000000008876e-05,753,128
2.861244,9.600000000009601e-05,60,127
2.863218,0.0019739999999996982,167,51
2.863436,0.00021800000000027353,89,54
2.863744,0.00030799999999997496,438,48
2.8638820000000003,0.00013800000000019352,60,64
2.864594,0.0007119999999996018,60,48
2.864742,0.00014800000000025904,70,51
2.864985,0.00024299999999977118,1018,64
2.864985,0.0,60,64
2.865101,0.00011600000000022703,78,255
2.865217,0.00011599999999978294,78,64
2.865894,0.0006770000000000387,66,54
2.8660170000000003,0.0001230000000003173,66,64
2.867028,0.001010999999999651,60,52
2.867253,0.0002249999999999197,60,128
2.867625,0.00037200000000003897,66,52
2.8688190000000002,0.0011940000000003614,66,128
2.86882,9.999999996956888e-07,66,128
2.868994,0.00017399999999989646,103,42
2.869091,9.700000000023579e-05,60,64
2.869929,0.0008379999999998944,66,42
2.869994,6.500000000020378e-05,60,64
2.871011,0.0010170000000000456,60,128
2.871012,9.999999996956888e-07,60,127
2.871441,0.0004290000000000127,60,128
2.871442,1.000000000139778e-06,60,127
2.871773,0.00033100000000008123,60,128
2.8717740000000003,1.000000000139778e-06,60,127
2.872349,0.0005749999999995481,138,128
2.872405,5.600000000027805e-05,138,127
2.872604,0.0001989999999998382,60,128
2.872606,2.000000000279556e-06,60,127
2.873205,0.0005989999999997941,138,128
2.873207,1.9999999998354667e-06,138,128
2.873268,6.100000000008876e-05,138,127
2.8732699999999998,1.9999999998354667e-06,138,127
2.8737500000000002,0.00048000000000048004,60,128
2.873751,9.999999996956888e-07,138,128
2.873753,1.9999999998354667e-06,60,127
2.873834,8.100000000021979e-05,138,127
2.873836,1.9999999998354667e-06,138,128
2.873913,7.700000000010476e-05,138,127
2.874213,0.000300000000000189,138,128
2.874268,5.499999999969418e-05,138,127
2.875113,0.0008449999999999847,138,128
2.87517,5.699999999997374e-05,138,127
2.875273,0.00010300000000018628,167,46
2.8755420000000003,0.0002690000000002968,60,51
2.8756779999999997,0.00013599999999946988,1168,64
2.875745,6.700000000048334e-05,60,128
2.876052,0.0003069999999998352,138,128
2.876106,5.3999999999998494e-05,138,127
2.876108,1.9999999998354667e-06,1168,64
2.876108,0.0,548,64
2.87691,0.0008020000000001914,138,128
2.876965,5.500000000013827e-05,138,127
2.877141,0.00017599999999973193,167,128
2.877457,0.000316000000000205,138,128
2.877512,5.499999999969418e-05,138,127
2.877835,0.0003230000000002953,138,128
2.8778930000000003,5.8000000000113516e-05,138,127
2.878308,0.00041499999999983217,138,128
2.878364,5.599999999983396e-05,138,127
2.879204,0.0008400000000001739,138,128
2.8792590000000002,5.500000000013827e-05,138,127
2.879502,0.00024299999999977118,167,52
2.879957,0.0004550000000000942,138,128
2.880011,5.3999999999998494e-05,138,127
2.88028,0.0002689999999998527,66,49
2.880382,0.0001020000000000465,138,128
2.880435,5.2999999999858716e-05,138,127
2.880786,0.00035100000000021225,351,51
2.881279,0.0004930000000000767,138,128
2.881334,5.499999999969418e-05,138,127
2.881748,0.0004140000000001365,138,128
2.881802,5.3999999999998494e-05,138,127
2.882594,0.0007920000000001259,138,128
2.882648,5.3999999999998494e-05,138,127
2.8827030000000002,5.500000000013827e-05,138,128
2.8827540000000003,5.100000000002325e-05,138,127
2.883144,0.00038999999999989043,78,255
2.8832370000000003,9.300000000012076e-05,78,64
2.883675,0.00043799999999993844,102,128
2.883677,1.9999999998354667e-06,102,128
2.8837260000000002,4.900000000018778e-05,102,127
2.883728,1.9999999998354667e-06,102,127
2.883784,5.599999999983396e-05,60,241
2.885199,0.0014150000000001661,138,128
2.885256,5.699999999997374e-05,138,127
2.8856770000000003,0.00042100000000022675,138,128
2.8857340000000002,5.699999999997374e-05,138,127
2.8865819999999998,0.0008479999999995158,102,128
2.886683,0.00010100000000035081,1414,242
2.886684,9.999999996956888e-07,102,127
2.886801,0.00011700000000036681,102,128
2.886851,4.999999999988347e-05,102,127
2.887539,0.0006879999999997999,1414,241
2.887654,0.00011500000000008725,1414,241
2.8877699999999997,0.00011599999999978294,1414,241
2.8878880000000002,0.00011800000000050659,1414,242
2.888,0.00011199999999966792,1414,241
2.888116,0.00011600000000022703,1414,241
2.888116,0.0,96,241
2.8881829999999997,6.699999999959516e-05,701,241
2.888299,0.00011600000000022703,1414,242
2.888414,0.00011500000000008725,1414,242
2.888536,0.00012200000000017752,1414,242
2.888536,0.0,117,242
2.8885870000000002,5.100000000002325e-05,66,128
2.888589,1.9999999998354667e-06,701,242
2.888589,0.0,138,128
2.8886659999999997,7.699999999966067e-05,66,127
2.888667,1.000000000139778e-06,138,127
2.888946,0.0002789999999999182,60,128
2.888948,2.000000000279556e-06,60,128
2.889378,0.0004299999999997084,138,128
2.889434,5.600000000027805e-05,138,127
2.889485,5.100000000002325e-05,60,128
2.8894859999999998,9.999999996956888e-07,60,127
2.889551,6.500000000020378e-05,60,243
2.889646,9.499999999995623e-05,265,128
2.8897180000000002,7.200000000029405e-05,265,127
2.8897180000000002,0.0,138,128
2.889817,9.899999999962716e-05,138,127
2.889819,2.000000000279556e-06,60,128
2.8906840000000003,0.0008650000000001157,138,128
2.890739,5.499999999969418e-05,138,127
2.890875,0.00013599999999991397,167,128
2.89119,0.00031500000000006523,167,128
2.891191,1.000000000139778e-06,60,128
2.891251,5.999999999994898e-05,60,127
2.891433,0.0001820000000001265,1414,128
2.891433,0.0,167,48
2.891515,8.199999999991547e-05,1048,128
2.891632,0.00011699999999992272,80,241
2.891634,1.9999999998354667e-06,1414,128
2.891751,0.00011700000000036681,1414,128
2.8918660000000003,0.00011500000000008725,1414,128
2.891958,9.19999999995369e-05,1158,128
2.892076,0.0001180000000000625,1414,128
2.892159,8.300000000005525e-05,1055,128
2.892159,0.0,102,128
2.892281,0.00012200000000017752,1414,128
2.892281,0.0,102,127
2.892391,0.00010999999999983245,1414,128
2.892507,0.00011600000000022703,1414,128
2.8926,9.299999999967667e-05,1158,128
2.892729,0.0001290000000002678,60,128
2.8927300000000002,1.000000000139778e-06,60,128
2.892779,4.899999999974369e-05,60,128
2.8927810000000003,2.000000000279556e-06,60,128
2.893369,0.0005879999999995889,138,128
2.893425,5.600000000027805e-05,138,127
2.89356,0.0001349999999997742,138,128
2.893615,5.500000000013827e-05,138,127
2.894211,0.0005959999999998189,138,128
2.894266,5.500000000013827e-05,138,127
2.8944739999999998,0.00020799999999976393,102,128
2.894476,2.000000000279556e-06,102,127
2.895452,0.0009760000000000879,138,128
2.895508,5.599999999983396e-05,138,127
2.89551,1.9999999998354667e-06,167,64
2.895682,0.000172000000000061,66,51
2.895844,0.00016199999999999548,167,128
2.896063,0.00021899999999996922,138,128
2.8961170000000003,5.400000000044258e-05,138,127
2.8971869999999997,0.0010699999999994603,67,64
2.897604,0.0004170000000001117,60,241
2.8979150000000002,0.0003110000000003943,167,51
2.898627,0.0007119999999996018,60,241
2.8996180000000003,0.0009910000000004082,60,48
2.899823,0.00020499999999978868,60,241
2.900698,0.0008750000000001812,67,51
2.901103,0.00040499999999976666,138,128
2.90116,5.699999999997374e-05,138,127
2.9011620000000002,2.000000000279556e-06,78,48
2.90121,4.7999999999603915e-05,167,128
2.901352,0.00014200000000030855,78,48
2.901354,1.9999999998354667e-06,91,48
2.902524,0.0011700000000001154,676,51
2.902525,9.999999996956888e-07,66,51
2.902623,9.800000000037556e-05,66,64
2.903139,0.0005159999999997389,78,255
2.9032109999999998,7.199999999984996e-05,78,64
2.903277,6.600000000034356e-05,102,128
2.903326,4.899999999974369e-05,102,127
2.903478,0.00015199999999992997,66,64
2.90375,0.000272000000000272,102,128
2.9038019999999998,5.199999999971894e-05,102,127
2.904611,0.0008090000000002817,66,128
2.904688,7.700000000010476e-05,66,127
2.9053,0.0006119999999998349,167,52
2.906043,0.0007429999999999382,60,242
2.906044,1.000000000139778e-06,167,128
2.906248,0.000204000000000093,60,242
2.906493,0.00024500000000005073,60,242
2.906838,0.0003449999999998177,60,128
2.906898,5.999999999994898e-05,1514,240
2.906898,0.0,60,127
2.907047,0.00014899999999995472,60,128
2.907048,1.000000000139778e-06,1514,240
2.9070489999999998,9.999999996956888e-07,131,240
2.907105,5.600000000027805e-05,102,128
2.9071059999999997,9.999999996956888e-07,102,127
2.907574,0.000468000000000135,139,128
2.907629,5.500000000013827e-05,139,127
2.9076969999999998,6.799999999973494e-05,89,112
2.908267,0.0005700000000001815,60,128
2.908797,0.0005299999999999194,167,52
2.911322,0.0025250000000003325,60,128
2.911323,9.999999996956888e-07,60,127
2.91188,0.0005570000000001407,60,128
2.911882,1.9999999998354667e-06,60,127
2.91229,0.000408000000000186,60,128
2.9122909999999997,9.999999996956888e-07,60,127
2.912368,7.700000000010476e-05,66,128
2.912429,6.100000000008876e-05,66,127
2.912481,5.200000000016303e-05,265,128
2.912547,6.599999999989947e-05,265,127
2.912955,0.000408000000000186,60,128
2.912957,1.9999999998354667e-06,60,128
2.913014,5.699999999997374e-05,60,242
2.913015,1.000000000139778e-06,60,127
2.913017,1.9999999998354667e-06,60,127
2.9132860000000003,0.0002690000000002968,60,128
2.913344,5.799999999966943e-05,265,128
2.913411,6.700000000003925e-05,265,127
2.913412,1.000000000139778e-06,60,128
2.914007,0.0005949999999996791,60,128
2.914009,2.000000000279556e-06,60,127
2.914254,0.00024500000000005073,167,52
2.914256,1.9999999998354667e-06,60,127
2.914721,0.00046500000000015973,60,128
2.9147220000000003,1.000000000139778e-06,60,127
2.9153510000000002,0.0006289999999999907,1302,64
2.915628,0.00027699999999963865,167,128
2.915744,0.00011600000000022703,60,128
2.915746,1.9999999998354667e-06,60,127
2.915993,0.0002469999999998862,60,128
2.915995,2.000000000279556e-06,60,127
2.916588,0.0005929999999998437,60,128
2.9165900000000002,2.000000000279556e-06,60,127
2.917151,0.0005609999999998116,91,128
2.917153,1.9999999998354667e-06,91,128
2.917154,1.000000000139778e-06,91,128
2.917155,1.000000000139778e-06,91,128
2.918472,0.0013169999999997906,67,64
2.9186069999999997,0.0001349999999997742,167,52
2.9194050000000002,0.0007980000000005205,167,52
2.920608,0.001202999999999843,167,52
2.920735,0.00012699999999998823,60,128
2.920798,6.299999999992423e-05,60,127
2.92105,0.000252000000000141,263,51
2.921949,0.0008989999999999831,1170,243
2.922634,0.0006849999999998246,60,64
2.922914,0.000280000000000058,92,243
2.923111,0.00019700000000000273,78,255
2.923223,0.00011200000000011201,78,64
2.923402,0.00017899999999970717,60,64
2.92376,0.0003580000000003025,101,243
2.923867,0.00010699999999985721,60,242
2.924049,0.0001820000000001265,60,128
2.9240500000000003,1.000000000139778e-06,60,128
2.924051,9.999999996956888e-07,60,127
2.924192,0.00014100000000016877,60,128
2.924372,0.00017999999999984695,60,64
2.924473,0.00010099999999990672,60,128
2.924475,2.000000000279556e-06,60,127
2.924905,0.0004299999999997084,60,128
2.924906,1.000000000139778e-06,60,127
2.925121,0.0002149999999998542,160,1
2.92545,0.00032900000000024576,60,128
2.925519,6.899999999987472e-05,60,127
2.925643,0.000124000000000013,78,48
2.925644,1.000000000139778e-06,579,64
2.925895,0.0002510000000000012,167,128
2.925998,0.00010299999999974219,78,48
2.9260479999999998,4.999999999988347e-05,78,48
2.926049,1.000000000139778e-06,60,128
2.926098,4.900000000018778e-05,167,128
2.9261,1.9999999998354667e-06,60,127
2.9262040000000002,0.00010400000000032605,60,46
2.926385,0.00018099999999954264,60,128
2.927168,0.0007830000000002002,60,128
2.927169,1.000000000139778e-06,60,127
2.927794,0.0006249999999998757,450,64
2.9281639999999998,0.0003699999999997594,60,128
2.928165,1.000000000139778e-06,60,127
2.929347,0.0011820000000000164,167,128
2.92969,0.0003429999999999822,167,52
2.931388,0.0016980000000001993,60,48
2.931746,0.00035799999999985843,167,128
2.932083,0.0003370000000000317,60,128
2.932085,1.9999999998354667e-06,60,127
2.932249,0.00016400000000027504,167,128
2.932922,0.0006729999999999237,60,128
2.932924,1.9999999998354667e-06,60,127
2.93314,0.00021599999999999397,91,48
2.933142,2.000000000279556e-06,60,241
2.93365,0.0005079999999999529,60,241
2.934517,0.0008669999999999511,1414,241
2.934721,0.000204000000000093,60,128
2.934722,9.999999996956888e-07,60,127
2.935566,0.000844000000000289,1414,241
2.935783,0.00021699999999968966,1414,241
2.935906,0.0001230000000003173,1414,241
2.9359070000000003,1.000000000139778e-06,60,241
2.936114,0.00020699999999962415,60,128
2.936345,0.0002310000000003143,60,128
2.9363479999999997,2.9999999995311555e-06,60,127
2.93635,2.000000000279556e-06,60,128
2.9363960000000002,4.600000000021254e-05,60,127
2.936706,0.00030999999999981043,1414,241
2.936706,0.0,96,241
2.936823,0.00011699999999992272,702,241
2.936824,1.000000000139778e-06,60,242
2.9369389999999997,0.00011499999999964317,60,242
2.936941,2.000000000279556e-06,60,128
2.937321,0.0003799999999998249,1514,128
2.937378,5.699999999997374e-05,746,128
2.937607,0.00022900000000003473,1514,127
2.937668,6.100000000008876e-05,746,127
2.9377560000000003,8.800000000031005e-05,60,242
2.937823,6.699999999959516e-05,60,128
2.938046,0.00022300000000008424,167,51
2.939901,0.00185499999999994,167,128
2.940076,0.00017500000000003624,60,128
2.9400779999999997,1.9999999998354667e-06,60,127
2.940333,0.00025500000000011624,1168,64
2.940818,0.00048500000000029075,1168,64
2.940819,9.999999996956888e-07,67,51
2.94082,1.000000000139778e-06,928,64
2.942112,0.0012919999999998488,74,64
2.943139,0.0010270000000001112,78,255
2.943226,8.700000000017027e-05,78,64
2.94443,0.0012039999999999829,1338,53
2.945036,0.0006059999999998844,91,51
2.9451270000000003,9.10000000002853e-05,60,128
2.94518,5.2999999999858716e-05,60,127
2.945182,1.9999999998354667e-06,91,53
2.94597,0.0007880000000000109,575,64
2.946154,0.00018399999999996197,60,128
2.946156,2.000000000279556e-06,167,128
2.946157,9.999999996956888e-07,91,52
2.9462099999999998,5.2999999999858716e-05,60,127
2.946266,5.600000000027805e-05,91,52
2.949212,0.002946000000000115,60,128
2.949299,8.699999999972619e-05,60,253
2.949882,0.0005830000000002222,66,128
2.95114,0.0012579999999999814,60,128
2.951142,1.9999999998354667e-06,60,127
2.952877,0.001735000000000042,60,128
2.952878,1.000000000139778e-06,60,128
2.9528790000000003,1.000000000139778e-06,60,127
2.952926,4.6999999999908226e-05,60,127
2.953207,0.00028099999999975367,167,46
2.9549849999999998,0.0017779999999998353,167,48
2.957293,0.0023080000000001988,167,128
2.958293,0.0009999999999998899,60,51
2.95849,0.00019700000000000273,60,128
2.959189,0.0006990000000000052,66,51
2.959336,0.00014700000000011926,167,52
2.960525,0.0011890000000001066,60,128
2.960527,1.9999999998354667e-06,60,127
2.960528,1.000000000139778e-06,60,128
2.960575,4.6999999999908226e-05,60,127
2.960665,9.000000000014552e-05,67,51
2.961812,0.0011470000000000091,67,64
2.961901,8.900000000000574e-05,60,128
2.961903,1.9999999998354667e-06,60,127
2.9625,0.0005969999999999587,60,128
2.962501,1.000000000139778e-06,60,128
2.9625019999999997,9.999999996956888e-07,60,127
2.962503,1.000000000139778e-06,60,127
2.962937,0.0004340000000002675,167,51
2.963114,0.0001769999999998717,78,255
2.963207,9.300000000012076e-05,78,64
2.9637409999999997,0.0005339999999995904,82,128
2.966865,0.0031240000000001267,91,50
2.967647,0.0007820000000000604,66,128
2.967711,6.4000000000064e-05,66,127
2.967908,0.00019700000000000273,66,128
2.968049,0.00014100000000016877,1414,241
2.968049,0.0,66,127
2.968397,0.0003479999999997929,1414,241
2.968605,0.00020800000000020802,60,128
2.968607,1.9999999998354667e-06,60,127
2.968912,0.0003049999999999997,60,128
2.968914,1.9999999998354667e-06,60,127
2.968988,7.400000000012952e-05,265,128
2.96906,7.199999999984996e-05,265,127
2.969294,0.00023400000000028953,265,128
2.969295,9.999999996956888e-07,60,128
2.969423,0.000128000000000128,1414,241
2.969423,0.0,265,127
2.969877,0.00045399999999995444,1414,241
2.969877,0.0,96,241
2.970399,0.0005220000000001335,1414,241
2.970518,0.00011900000000020228,1414,241
2.970518,0.0,341,241
2.970958,0.0004399999999997739,60,128
2.972267,0.0013090000000000046,60,241
2.972695,0.0004279999999998729,1414,128
2.972779,8.400000000019503e-05,1065,128
2.972876,9.69999999997917e-05,67,64
2.972878,2.000000000279556e-06,1414,128
2.973011,0.00013299999999993872,1414,128
2.973127,0.00011599999999978294,1414,128
2.973219,9.199999999998099e-05,1158,128
2.973269,5.000000000032756e-05,860,64
2.973332,6.299999999992423e-05,60,128
2.973456,0.000124000000000013,60,127
2.973458,1.9999999998354667e-06,60,128
2.973526,6.800000000017903e-05,60,127
2.975248,0.0017220000000000013,167,46
2.977027,0.001778999999999975,60,51
2.977083,5.599999999983396e-05,60,128
2.977084,1.000000000139778e-06,60,128
2.9770849999999998,9.999999996956888e-07,60,127
2.9771419999999997,5.699999999997374e-05,167,128
2.977143,1.000000000139778e-06,60,127
2.977215,7.200000000029405e-05,60,128
2.979002,0.001786999999999761,167,52
2.979875,0.0008729999999999016,74,52
2.979999,0.000124000000000013,66,64
2.9808,0.0008010000000000517,472,64
2.9808,0.0,189,51
2.983141,0.0023409999999999265,78,255
2.983205,6.4000000000064e-05,78,64
2.984786,0.0015810000000002766,66,128
2.984848,6.199999999978445e-05,66,127
2.985723,0.0008750000000001812,60,128
2.985725,1.9999999998354667e-06,60,127
2.988525,0.0028000000000001357,91,61
2.989617,0.0010919999999998709,60,53
2.990864,0.0012470000000002202,167,128
2.991157,0.00029299999999965465,167,48
2.991158,1.000000000139778e-06,167,128
2.991335,0.0001769999999998717,60,241
2.992877,0.0015420000000001544,860,64
2.9931419999999997,0.00026499999999973767,167,64
2.993412,0.00027000000000043656,77,64
2.995297,0.0018849999999996925,66,242
2.99547,0.00017300000000020077,60,128
2.995771,0.0003009999999998847,167,128
2.9958299999999998,5.8999999999809205e-05,217,128
2.996096,0.00026600000000032153,265,128
2.9961510000000002,5.500000000013827e-05,60,128
2.996153,1.9999999998354667e-06,265,127
2.996632,0.0004789999999998962,95,128
2.997866,0.0012340000000001794,167,51
2.99863,0.0007639999999997649,187,128
3.000449,0.001819000000000237,60,128
3.000451,1.9999999998354667e-06,60,128
3.000452,1.000000000139778e-06,60,127
3.000516,6.4000000000064e-05,60,127
3.000869,0.00035299999999960363,181,51
3.00124,0.0003710000000003433,167,128
3.001241,9.999999996956888e-07,75,128
3.002509,0.0012680000000000469,160,1
3.002658,0.00014899999999995472,66,128
3.002659,1.000000000139778e-06,66,128
3.003112,0.00045299999999981466,78,255
3.003182,7.00000000000145e-05,78,64
3.00382,0.0006380000000003605,60,242
3.003822,1.9999999998354667e-06,78,52
3.004226,0.00040400000000007097,78,51
3.004281,5.500000000013827e-05,78,52
3.004342,6.099999999964467e-05,167,52
3.005678,0.001336000000000226,362,241
3.006027,0.0003489999999999327,167,128
3.006832,0.0008050000000001667,630,48
3.006966,0.0001339999999996344,60,64
3.008822,0.0018560000000000798,167,52
3.01363,0.0048080000000001455,91,127
3.013999,0.0003690000000000637,95,128
3.014063,6.4000000000064e-05,1168,64
3.014234,0.00017099999999992122,167,52
3.014468,0.00023399999999984544,1168,64
3.014468,0.0,503,64
3.015087,0.0006189999999999252,78,53
3.015136,4.900000000018778e-05,60,241
3.015233,9.69999999997917e-05,78,53
3.015412,0.00017900000000015126,78,52
3.015413,1.000000000139778e-06,60,241
3.015626,0.00021300000000001873,167,128
3.016131,0.0005049999999999777,60,128
3.016431,0.0002999999999997449,60,241
3.017662,0.0012310000000002042,1514,52
3.01781,0.00014799999999981495,66,64
3.018909,0.0010989999999999611,1514,52
3.019013,0.00010400000000032605,66,64
3.019278,0.00026499999999973767,167,52
3.019353,7.50000000002693e-05,167,52
3.019923,0.0005699999999997374,1514,52
3.020027,0.00010399999999988196,66,64
3.020127,0.00010000000000021103,1514,52
3.020201,7.400000000012952e-05,66,64
3.020681,0.00048000000000003595,167,52
3.020986,0.0003049999999999997,72,51
3.022101,0.0011149999999999771,60,241
3.022102,9.999999996956888e-07,582,64
3.023105,0.0010030000000003092,89,116
3.023107,1.9999999998354667e-06,78,255
3.023223,0.00011600000000022703,78,64
3.025708,0.0024849999999996264,70,244
3.025915,0.00020700000000006824,167,128
3.02703,0.0011149999999999771,167,128
3.02732,0.0002900000000001235,66,236
3.027635,0.00031500000000006523,60,128
3.027703,6.799999999973494e-05,1266,64
3.028031,0.000328000000000106,642,128
3.028127,9.600000000009601e-05,1266,64
3.028127,0.0,1266,64
3.028241,0.00011399999999994748,1266,64
3.028241,0.0,596,64
3.028432,0.00019100000000005224,60,51
3.028655,0.00022300000000008424,66,237
3.028748,9.300000000012076e-05,91,51
3.028814,6.599999999989947e-05,60,128
3.029188,0.00037399999999987443,648,128
3.029306,0.0001180000000000625,167,128
3.029525,0.00021899999999996922,66,128
3.029526,1.000000000139778e-06,66,128
3.03029,0.0007639999999997649,167,52
3.031101,0.0008110000000001172,446,64
3.031822,0.0007209999999999717,1414,242
3.032079,0.0002569999999999517,63,242
3.032278,0.0001989999999998382,167,128
3.032279,1.000000000139778e-06,60,128
3.032539,0.00025999999999992696,1414,242
3.032681,0.00014200000000030855,1414,242
3.032736,5.499999999969418e-05,167,128
3.032917,0.00018099999999998673,1414,242
3.032917,0.0,81,242
3.033125,0.00020800000000020802,60,128
3.03359,0.00046499999999971564,1414,242
3.033653,6.300000000036832e-05,770,242
3.033926,0.0002729999999999677,60,128
3.034746,0.0008200000000000429,60,128
3.035484,0.0007379999999996834,1414,128
3.035568,8.400000000019503e-05,1046,128
3.035687,0.00011899999999975819,1414,128
3.035802,0.00011500000000008725,1414,128
3.035916,0.00011399999999994748,1414,128
3.035916,0.0,67,64
3.036016,0.00010000000000021103,1158,128
3.036627,0.0006110000000001392,98,118
3.038293,0.0016659999999997233,167,51
3.038697,0.00040400000000007097,187,51
3.03931,0.0006129999999999747,187,51
3.039589,0.0002789999999999182,66,128
3.039649,5.999999999994898e-05,66,127
3.039919,0.00026999999999999247,167,128
3.040416,0.0004970000000001917,89,51
3.040486,7.00000000000145e-05,60,128
3.040487,1.000000000139778e-06,60,127
3.041378,0.0008909999999997531,67,51
3.043137,0.0017590000000002881,78,255
3.04322,8.299999999961116e-05,78,64
3.043583,0.00036300000000011323,60,128
3.04435,0.0007670000000001842,183,242
3.044578,0.00022799999999989495,155,128
3.044674,9.600000000009601e-05,155,128
3.044851,0.0001769999999998717,97,128
3.045351,0.000500000000000167,60,243
3.04616,0.0008089999999998376,167,128
3.047584,0.0014240000000000919,60,243
3.048163,0.0005790000000001072,60,128
3.048842,0.0006789999999998741,60,241
3.051011,0.0021689999999998655,265,128
3.053505,0.0024939999999999962,187,128
3.053896,0.0003910000000000302,167,48
3.054191,0.0002949999999999342,167,46
3.054585,0.00039400000000000546,265,127
3.056106,0.0015210000000003276,60,128
3.056567,0.0004609999999996006,1414,241
3.056638,7.100000000015427e-05,66,128
3.0566969999999998,5.8999999999809205e-05,60,128
3.056698,1.000000000139778e-06,66,127
3.056756,5.8000000000113516e-05,60,127
3.056895,0.0001389999999998892,60,128
3.056896,1.000000000139778e-06,1414,241
3.057043,0.00014700000000011926,1414,241
3.057043,0.0,60,127
3.057218,0.00017500000000003624,1414,241
3.057218,0.0,96,241
3.057286,6.799999999973494e-05,167,128
3.057345,5.9000000000253294e-05,1414,241
3.057442,9.69999999997917e-05,67,64
3.057493,5.100000000002325e-05,1414,241
3.057493,0.0,341,241
3.057737,0.00024399999999991095,60,128
3.057738,1.000000000139778e-06,60,128
3.057739,1.000000000139778e-06,60,127
3.058093,0.0003539999999997434,60,128
3.058152,5.9000000000253294e-05,265,128
3.058153,9.999999996956888e-07,60,127
3.058219,6.599999999989947e-05,265,127
3.058596,0.00037700000000029377,60,128
3.058755,0.00015900000000002024,60,128
3.058813,5.799999999966943e-05,60,127
3.058924,0.00011100000000041632,60,128
3.059057,0.00013299999999993872,1345,52
3.059058,9.999999996956888e-07,60,127
3.05925,0.00019200000000019202,1414,128
3.059312,6.199999999978445e-05,60,128
3.059314,2.000000000279556e-06,167,52
3.059362,4.8000000000048004e-05,1180,128
3.059362,0.0,60,128
3.059427,6.49999999997597e-05,60,127
3.059476,4.900000000018778e-05,1414,128
3.0594770000000002,1.000000000139778e-06,60,127
3.059479,1.9999999998354667e-06,66,64
3.059576,9.69999999997917e-05,1414,128
3.059696,0.00012000000000034206,1414,128
3.059783,8.699999999972619e-05,1158,128
3.060112,0.00032900000000024576,60,128
3.06017,5.799999999966943e-05,60,127
3.060254,8.400000000019503e-05,60,128
3.060255,1.000000000139778e-06,60,127
3.060345,8.999999999970143e-05,60,128
3.060403,5.8000000000113516e-05,60,127
3.060804,0.0004010000000000957,235,51
3.060805,1.000000000139778e-06,60,128
3.060899,9.399999999981645e-05,60,127
3.060978,7.899999999994023e-05,60,128
3.061037,5.8999999999809205e-05,60,127
3.061039,2.000000000279556e-06,60,128
3.061122,8.300000000005525e-05,60,127
3.06118,5.799999999966943e-05,60,128
3.061181,1.000000000139778e-06,60,128
3.061249,6.800000000017903e-05,60,127
3.06125,9.999999996956888e-07,89,113
3.061252,2.000000000279556e-06,60,127
3.061472,0.000220000000000109,60,243
3.061583,0.00011099999999997223,60,43
3.061735,0.00015199999999992997,91,116
3.061902,0.0001669999999998062,60,243
3.062427,0.0005250000000001087,359,128
3.062489,6.199999999978445e-05,520,128
3.06255,6.100000000008876e-05,60,128
3.062552,2.000000000279556e-06,60,128
3.062553,9.999999996956888e-07,60,127
3.062554,1.000000000139778e-06,60,127
3.062863,0.00030900000000011474,167,51
3.063174,0.0003109999999999502,78,255
3.064086,0.0009120000000000239,66,43
3.064088,1.9999999998354667e-06,74,64
3.064269,0.00018099999999998673,60,128
3.064271,2.000000000279556e-06,66,42
3.064375,0.00010399999999988196,60,243
3.064432,5.699999999997374e-05,60,128
3.064653,0.00022099999999980469,623,128
3.064813,0.00016000000000016001,629,128
3.065467,0.0006539999999999324,78,63
3.065691,0.00022400000000022402,155,128
3.065692,9.999999996956888e-07,155,128
3.065756,6.4000000000064e-05,545,45
3.065809,5.2999999999858716e-05,60,45
3.066138,0.00032900000000024576,60,128
3.066877,0.0007389999999998231,60,128
3.066878,1.000000000139778e-06,60,127
3.06769,0.0008119999999998129,60,128
3.067691,1.000000000139778e-06,60,127
3.06777,7.899999999994023e-05,60,128
3.067772,2.000000000279556e-06,60,127
3.069722,0.0019499999999998963,74,64
3.070487,0.0007649999999999046,811,43
3.070961,0.00047400000000008546,60,51
3.07134,0.00037900000000012923,60,51
3.072577,0.0012369999999997106,1192,241
3.072578,1.000000000139778e-06,92,241
3.073336,0.0007579999999998144,100,241
3.075099,0.001762999999999959,60,64
3.075163,6.4000000000064e-05,60,242
3.075563,0.00039999999999995595,60,64
3.075565,2.000000000279556e-06,60,64
3.076056,0.0004909999999997972,167,46
3.077191,0.0011350000000001081,167,128
3.077491,0.000300000000000189,60,242
3.078979,0.0014879999999997118,78,49
3.079188,0.0002089999999999037,1168,64
3.079542,0.0003540000000001875,990,64
3.079806,0.000264000000000042,78,49
3.0805,0.0006939999999997504,167,52
3.080501,1.000000000139778e-06,60,242
3.082182,0.0016810000000000436,75,51
3.08311,0.0009280000000000399,78,255
3.083295,0.00018500000000010175,60,242
3.083462,0.0001669999999998062,77,242
3.08358,0.0001180000000000625,60,242
3.083671,9.099999999984121e-05,60,128
3.083953,0.00028200000000033754,60,128
3.083954,9.999999996956888e-07,78,63
3.083956,2.000000000279556e-06,60,127
3.086641,0.0026850000000000485,60,242
3.087193,0.0005519999999998859,60,128
3.087194,1.000000000139778e-06,60,127
3.087896,0.0007019999999999804,1338,53
3.090108,0.0022119999999996587,60,128
3.090247,0.0001390000000003333,92,128
3.090895,0.0006479999999999819,167,128
3.090964,6.899999999987472e-05,167,64
3.091173,0.0002089999999999037,60,128
3.091175,1.9999999998354667e-06,60,127
3.091235,6.000000000039307e-05,167,128
3.091484,0.00024899999999972167,167,48
3.091875,0.0003910000000000302,60,128
3.091935,5.999999999994898e-05,60,127
3.092057,0.00012200000000017752,60,128
3.092058,1.000000000139778e-06,60,127
3.095731,0.0036729999999995933,167,128
3.099142,0.003411000000000275,60,128
3.099261,0.00011899999999975819,60,127
3.099564,0.00030300000000016425,167,51
3.09962,5.599999999983396e-05,67,64
3.100762,0.0011420000000001984,60,240
3.101088,0.00032599999999982643,298,51
3.10126,0.000172000000000061,167,128
3.101609,0.0003489999999999327,60,51
3.101611,2.000000000279556e-06,60,128
3.101612,9.999999996956888e-07,60,127
3.102056,0.000444000000000333,1514,128
3.102056,0.0,263,128
3.102108,5.199999999971894e-05,411,128
3.102292,0.00018399999999996197,809,64
3.102814,0.0005220000000001335,777,48
3.102815,1.000000000139778e-06,78,50
3.102865,4.999999999988347e-05,60,43
3.102961,9.600000000009601e-05,60,64
3.102963,1.9999999998354667e-06,60,42
3.10302,5.699999999997374e-05,66,64
3.103102,8.199999999991547e-05,60,128
3.103104,2.000000000279556e-06,78,255
3.104371,0.001266999999999907,167,52
3.104768,0.0003969999999999807,445,64
3.105029,0.00026100000000006673,78,63
3.105617,0.0005880000000000329,66,128
3.105688,7.099999999971018e-05,66,127
3.10579,0.0001020000000000465,60,51
3.105946,0.000156000000000045,60,128
3.105947,1.000000000139778e-06,60,127
3.106032,8.499999999989072e-05,167,128
3.1063,0.000268000000000157,265,128
3.106301,1.000000000139778e-06,60,128
3.106372,7.099999999971018e-05,265,127
3.106373,1.000000000139778e-06,60,127
3.107986,0.0016129999999998645,95,128
3.108137,0.00015100000000023428,60,128
3.108797,0.0006599999999998829,167,52
3.109299,0.0005020000000000024,60,128
3.109301,1.9999999998354667e-06,60,127
3.109559,0.0002580000000000915,60,128
3.11049,0.0009310000000000151,60,128
3.110492,1.9999999998354667e-06,60,127
3.110554,6.200000000022854e-05,60,128
3.110556,1.9999999998354667e-06,60,127
3.110652,9.600000000009601e-05,60,128
3.110653,1.000000000139778e-06,60,127
3.110946,0.00029300000000009874,66,52
3.111251,0.0003049999999999997,187,51
3.111985,0.0007339999999995683,187,51
3.112095,0.00011000000000027654,631,128
3.112096,1.000000000139778e-06,91,128
3.114374,0.0022780000000000022,167,52
3.114996,0.0006219999999999004,91,48
3.115625,0.0006289999999999907,167,128
3.116006,0.0003809999999999647,187,128
3.116606,0.0005999999999999339,60,241
3.116939,0.0003329999999999167,1200,243
3.117106,0.00016700000000025028,60,241
3.117229,0.0001229999999998732,60,241
3.117671,0.00044200000000005346,60,64
3.117726,5.500000000013827e-05,92,243
3.117837,0.00011099999999997223,101,243
3.118284,0.00044699999999986417,60,64
3.118627,0.0003429999999999822,167,52
3.118718,9.099999999984121e-05,60,242
3.119012,0.0002940000000002385,60,64
3.119327,0.00031500000000006523,167,52
3.119897,0.0005699999999997374,74,51
3.120017,0.00011999999999989797,66,64
3.120655,0.0006380000000003605,167,52
3.120758,0.00010299999999974219,67,51
3.12093,0.000172000000000061,443,64
3.121666,0.0007359999999998479,147,43
3.121716,5.000000000032756e-05,1168,64
3.121852,0.00013599999999991397,66,128
3.1222,0.0003479999999997929,1168,64
3.122201,1.000000000139778e-06,299,64
3.122944,0.0007429999999999382,1514,43
3.123109,0.00016499999999997073,78,255
3.123228,0.00011900000000020228,167,128
3.123691,0.0004629999999998802,60,128
3.123775,8.400000000019503e-05,78,63
3.124103,0.0003279999999996619,72,128
3.125783,0.0016800000000003479,60,55
3.126108,0.00032499999999968665,167,128
3.126757,0.0006490000000001217,60,55
3.126965,0.00020800000000020802,60,55
3.128016,0.0010509999999999131,1514,42
3.128017,9.999999996956888e-07,233,42
3.128784,0.0007670000000001842,60,128
3.129836,0.001052000000000053,167,128
3.130145,0.00030900000000011474,1414,242
3.130712,0.0005669999999997621,167,52
3.131183,0.0004710000000001102,1414,242
3.131415,0.00023200000000000998,1414,242
3.131551,0.00013599999999991397,1414,242
3.131605,5.3999999999998494e-05,60,128
3.132289,0.000684000000000129,167,128
3.132359,7.00000000000145e-05,1414,242
3.132493,0.0001340000000000785,60,128
3.132494,9.999999996956888e-07,1414,242
3.132494,0.0,66,242
3.132556,6.200000000022854e-05,392,242
3.132625,6.899999999987472e-05,1062,128
3.132704,7.899999999994023e-05,624,52
3.132704,0.0,167,128
3.1327059999999998,1.9999999998354667e-06,67,64
3.133041,0.00033500000000019625,60,128
3.133404,0.00036300000000011323,60,128
3.133756,0.00035199999999990794,60,243
3.13416,0.00040400000000007097,60,54
3.1343,0.000140000000000029,60,54
3.134424,0.000124000000000013,91,54
3.134541,0.00011699999999992272,108,54
3.134653,0.00011200000000011201,122,54
3.135135,0.0004819999999998714,60,128
3.135486,0.00035100000000021225,1414,128
3.135568,8.199999999991547e-05,1048,128
3.135688,0.00011999999999989797,1414,128
3.135803,0.00011500000000008725,1414,128
3.135918,0.00011500000000008725,1414,128
3.13601,9.199999999998099e-05,1158,128
3.136832,0.0008219999999998784,66,128
3.136904,7.199999999984996e-05,66,127
3.137056,0.00015199999999992997,74,64
3.137757,0.0007010000000002847,60,128
3.137759,1.9999999998354667e-06,60,127
3.137844,8.499999999989072e-05,167,51
3.13816,0.000316000000000205,60,128
3.138162,1.9999999998354667e-06,60,127
3.139279,0.0011170000000002567,619,242
3.139926,0.0006469999999998421,167,128
3.140823,0.0008970000000001477,67,51
3.141162,0.0003389999999998672,299,128
3.142152,0.0009899999999998244,66,52
3.143143,0.0009909999999999641,78,255
3.143196,5.3000000000302805e-05,60,51
3.143664,0.0004679999999996909,60,128
3.143666,2.000000000279556e-06,60,127
3.143736,7.00000000000145e-05,78,63
3.144171,0.0004349999999999632,103,64
3.144561,0.00038999999999989043,103,64
3.144562,1.000000000139778e-06,103,64
3.144564,1.9999999998354667e-06,103,64
3.146144,0.0015800000000001369,167,128
3.146863,0.0007190000000001362,60,128
3.146865,1.9999999998354667e-06,60,127
3.146971,0.00010600000000016152,73,128
3.147178,0.00020699999999962415,60,128
3.14718,2.000000000279556e-06,60,127
3.147502,0.0003219999999997114,999,50
3.14763,0.000128000000000128,66,64
3.148188,0.0005580000000002805,265,128
3.1482580000000002,7.00000000000145e-05,265,127
3.148319,6.099999999964467e-05,66,50
3.148377,5.8000000000113516e-05,809,64
3.14898,0.0006029999999999092,66,64
3.14988,0.0009000000000001229,88,51
3.150778,0.0008979999999998434,66,128
3.151027,0.00024900000000016576,60,128
3.151029,1.9999999998354667e-06,60,128
3.15103,1.000000000139778e-06,60,128
3.151104,7.400000000012952e-05,60,127
3.152064,0.0009600000000000719,60,128
3.152194,0.00012999999999996348,60,128
3.152196,1.9999999998354667e-06,60,127
3.152291,9.499999999995623e-05,60,128
3.152343,5.200000000016303e-05,60,127
3.15262,0.00027700000000008274,60,128
3.15285,0.00022999999999973042,60,128
3.152852,2.000000000279556e-06,60,127
3.153096,0.00024399999999991095,67,64
3.154137,0.0010409999999998476,60,128
3.154138,1.000000000139778e-06,60,127
3.154908,0.0007699999999997154,167,46
3.155833,0.0009250000000000647,187,51
3.15605,0.00021700000000013375,60,128
3.1561529999999998,0.00010299999999974219,167,48
3.156728,0.0005750000000004363,507,51
3.156728,0.0,66,51
3.156867,0.0001389999999998892,66,64
3.156869,1.9999999998354667e-06,187,51
3.157097,0.00022799999999989495,60,128
3.157711,0.0006140000000001145,66,64
3.158202,0.0004910000000002412,299,128
3.159408,0.0012059999999998183,167,52
3.159591,0.0001829999999998222,74,64
3.161221,0.0016300000000000203,356,51
3.161278,5.699999999997374e-05,167,128
3.162643,0.0013650000000002827,66,128
3.162741,9.799999999993148e-05,1414,241
3.162741,0.0,66,127
3.163013,0.00027199999999982793,60,128
3.163014,1.000000000139778e-06,60,127
3.163111,9.69999999997917e-05,78,255
3.163315,0.000204000000000093,1414,241
3.16343,0.00011500000000008725,1414,241
3.163545,0.00011500000000008725,1414,241
3.163718,0.00017299999999975668,1414,241
3.163835,0.00011700000000036681,1414,241
3.163836,9.999999996956888e-07,66,241
3.163886,5.000000000032756e-05,392,241
3.163886,0.0,167,51
3.163888,1.9999999998354667e-06,78,63
3.164034,0.00014599999999997948,60,128
3.164093,5.8999999999809205e-05,60,51
3.164936,0.0008430000000001492,60,128
3.1653000000000002,0.000364000000000253,579,64
3.167064,0.0017639999999996547,60,128
3.167066,2.000000000279556e-06,60,127
3.168261,0.0011950000000000571,623,128
3.168317,5.599999999983396e-05,625,128
3.169173,0.0008559999999997459,60,128
3.171207,0.0020340000000000913,630,52
3.172807,0.0016000000000002679,265,128
3.172886,7.899999999994023e-05,265,127
3.173901,0.001014999999999766,60,127
3.174537,0.0006360000000000809,73,64
3.174644,0.00010699999999985721,60,242
3.175039,0.00039500000000014523,66,50
3.175396,0.00035700000000016274,167,46
3.176337,0.0009410000000000807,66,40
3.176533,0.00019599999999986295,60,128
3.176826,0.00029300000000009874,60,242
3.176827,9.999999996956888e-07,103,53
3.176889,6.200000000022854e-05,449,128
3.177207,0.00031800000000004047,167,128
3.177303,9.600000000009601e-05,60,128
3.177304,9.999999996956888e-07,103,52
3.177305,1.000000000139778e-06,60,127
3.17741,0.00010500000000002174,60,128
3.177411,1.000000000139778e-06,60,127
3.177576,0.00016499999999997073,66,64
3.177638,6.199999999978445e-05,103,51
3.177813,0.00017500000000003624,60,128
3.177815,1.9999999998354667e-06,60,242
3.178123,0.00030799999999997496,140,128
3.178125,2.000000000279556e-06,66,64
3.178172,4.6999999999908226e-05,140,127
3.17873,0.0005579999999998364,66,64
3.179177,0.00044700000000030826,167,52
3.179179,1.9999999998354667e-06,103,51
3.179735,0.0005560000000000009,66,64
3.180679,0.0009440000000000559,77,51
3.182845,0.0021659999999998902,299,51
3.183132,0.00028700000000014825,78,255
3.183444,0.00031200000000009,299,51
3.1837239999999998,0.0002799999999996139,66,128
3.183787,6.300000000036832e-05,66,127
3.183878,9.099999999984121e-05,78,63
3.184716,0.0008379999999998944,60,128
3.184717,1.000000000139778e-06,60,127
3.185155,0.00043799999999993844,265,128
3.185228,7.299999999998974e-05,265,127
3.185228,0.0,60,51
3.188033,0.0028049999999999464,1514,241
3.188395,0.00036199999999997345,167,64
3.189228,0.0008330000000000837,60,128
3.1892300000000002,2.000000000279556e-06,60,127
3.189232,1.9999999998354667e-06,60,128
3.189278,4.599999999976845e-05,60,127
3.190911,0.0016329999999999956,167,128
3.191206,0.0002950000000003783,167,128
3.191707,0.0005009999999998627,167,48
3.195775,0.0040679999999997385,167,128
3.195958,0.00018300000000026628,1168,64
3.196366,0.0004079999999997419,1168,64
3.196367,1.000000000139778e-06,193,64
3.196444,7.700000000010476e-05,299,51
3.196663,0.00021899999999996922,60,128
3.198038,0.001374999999999904,167,51
3.198402,0.000364000000000253,66,128
3.198466,6.399999999961992e-05,66,127
3.199403,0.0009370000000004097,60,128
3.199405,1.9999999998354667e-06,60,127
3.199556,0.0001509999999997902,155,128
3.199658,0.0001020000000000465,155,128
3.200164,0.0005060000000001175,265,128
3.200237,7.299999999998974e-05,265,127
3.200824,0.0005869999999998932,67,51
3.201293,0.00046900000000027475,167,128
3.201511,0.00021799999999982944,66,128
3.201574,6.299999999992423e-05,66,127
3.201737,0.00016300000000013526,234,128
3.201804,6.700000000003925e-05,234,127
3.20266,0.0008559999999997459,60,128
3.202662,2.000000000279556e-06,60,127
3.203046,0.00038399999999993994,265,128
3.2031169999999998,7.099999999971018e-05,265,127
3.203118,1.000000000139778e-06,78,255
3.204427,0.0013090000000000046,234,128
3.204494,6.700000000003925e-05,234,127
3.204617,0.0001229999999998732,167,52
3.206069,0.0014520000000000088,167,128
3.206925,0.0008560000000001899,60,128
3.206927,1.9999999998354667e-06,60,127
3.208896,0.0019690000000003316,167,52
3.209302,0.00040599999999990644,60,128
3.209304,1.9999999998354667e-06,60,127
3.210866,0.0015620000000002854,60,128
3.2142749999999998,0.0034089999999995513,167,52
3.21562,0.0013450000000001516,167,128
3.216182,0.0005619999999999514,60,128
3.21777,0.0015879999999999228,67,64
3.218931,0.0011610000000001897,167,52
3.219377,0.0004460000000001685,167,52
3.21978,0.0004029999999999312,1514,128
3.219837,5.699999999997374e-05,746,128
3.220068,0.0002309999999998702,1514,127
3.220129,6.100000000008876e-05,746,127
3.220432,0.00030300000000016425,60,128
3.220434,1.9999999998354667e-06,60,127
3.220628,0.00019400000000002748,167,52
3.220853,0.0002249999999999197,60,128
3.220855,1.9999999998354667e-06,60,128
3.220856,1.000000000139778e-06,60,127
3.220923,6.700000000003925e-05,60,127
3.221083,0.00016000000000016001,67,51
3.221366,0.0002830000000000332,60,128
3.221367,9.999999996956888e-07,60,128
3.221369,2.000000000279556e-06,60,127
3.22137,9.999999996956888e-07,60,127
3.221859,0.0004889999999999617,66,128
3.221921,6.200000000022854e-05,66,127
3.222702,0.0007809999999999206,60,128
3.2227040000000002,2.000000000279556e-06,60,127
3.222852,0.00014799999999981495,60,128
3.222854,1.9999999998354667e-06,60,127
3.223126,0.000272000000000272,78,255
3.223194,6.799999999973494e-05,66,128
3.223253,5.9000000000253294e-05,66,127
3.223255,1.9999999998354667e-06,167,128
3.223703,0.00044800000000000395,1514,128
3.22376,5.699999999997374e-05,746,128
3.223992,0.00023200000000000998,1514,127
3.224053,6.100000000008876e-05,746,127
3.2241239999999998,7.099999999971018e-05,60,128
3.224126,2.000000000279556e-06,60,127
3.224539,0.0004129999999999967,265,128
3.224611,7.199999999984996e-05,265,127
3.225793,0.0011820000000000164,1414,128
3.225876,8.300000000005525e-05,1055,128
3.225876,0.0,60,128
3.225998,0.00012200000000017752,1414,128
3.225999,9.999999996956888e-07,60,127
3.226093,9.400000000026054e-05,167,128
3.226094,9.999999996956888e-07,1414,128
3.22623,0.00013600000000035806,1414,128
3.226345,0.00011499999999964317,1414,128
3.226403,5.8000000000113516e-05,745,128
3.229222,0.002819000000000127,60,128
3.229224,1.9999999998354667e-06,60,128
3.229226,2.000000000279556e-06,60,127
3.229292,6.599999999989947e-05,60,127
3.229737,0.0004450000000000287,167,52
3.229846,0.00010900000000013677,78,48
3.2298999999999998,5.3999999999554404e-05,78,48
3.231769,0.0018690000000001206,167,128
3.232318,0.0005489999999999107,167,128
3.2326,0.00028200000000033754,265,128
3.232672,7.199999999984996e-05,265,127
3.233744,0.001072000000000184,167,128
3.236728,0.0029839999999996536,60,128
3.236729,1.000000000139778e-06,60,128
3.236731,1.9999999998354667e-06,60,128
3.236792,6.100000000008876e-05,60,127
3.236793,1.000000000139778e-06,60,128
3.236794,1.000000000139778e-06,60,127
3.237899,0.0011049999999999116,66,128
3.2379,9.999999996956888e-07,167,51
3.237961,6.100000000008876e-05,66,127
3.238221,0.00025999999999992696,67,64
3.238427,0.00020600000000037255,60,128
3.238428,9.999999996956888e-07,60,127
3.239953,0.0015249999999999986,167,128
3.2407,0.0007470000000000532,67,51
3.2431010000000002,0.0024010000000003195,78,255
3.245392,0.002290999999999599,386,241
3.245552,0.00016000000000016001,99,241
3.245671,0.00011900000000020228,60,243
3.246013,0.00034199999999984243,74,51
3.246086,7.299999999998974e-05,66,51
3.246087,1.000000000139778e-06,167,128
3.246147,5.999999999994898e-05,66,64
3.246219,7.199999999984996e-05,60,47
3.246328,0.00010900000000013677,60,64
3.246398,7.00000000000145e-05,362,242
3.246399,9.999999996956888e-07,60,128
3.246552,0.00015300000000006975,60,185
3.246554,2.000000000279556e-06,1018,64
3.246633,7.899999999994023e-05,60,64
3.246719,8.60000000000305e-05,299,51
3.246909,0.00018999999999991246,89,48
3.24691,1.000000000139778e-06,461,64
3.246979,6.899999999987472e-05,60,128
3.247195,0.00021599999999999397,60,64
3.247296,0.00010099999999990672,1514,43
3.247297,1.000000000139778e-06,174,43
3.247299,1.9999999998354667e-06,60,40
3.2473,1.000000000139778e-06,199,40
3.24752,0.000220000000000109,781,64
3.247796,0.00027599999999994296,1514,42
3.247881,8.499999999989072e-05,1041,42
3.247881,0.0,183,52
3.248093,0.00021199999999987895,60,128
3.248143,4.999999999988347e-05,1434,242
3.248366,0.00022300000000008424,113,128
3.248416,5.000000000032756e-05,1434,242
3.248534,0.00011799999999961841,1434,242
3.248612,7.800000000024454e-05,265,128
3.248665,5.2999999999858716e-05,60,128
3.248744,7.899999999994023e-05,1434,242
3.248744,0.0,265,127
3.248884,0.000140000000000029,1434,242
3.248886,2.000000000279556e-06,768,128
3.249142,0.00025599999999981193,1414,242
3.249257,0.00011500000000008725,1414,242
3.249376,0.00011899999999975819,1414,242
3.249428,5.200000000016303e-05,60,128
3.249505,7.700000000010476e-05,1414,242
3.249748,0.00024299999999977118,1414,242
3.249895,0.00014700000000011926,1414,242
3.249895,0.0,96,242
3.250137,0.0002420000000000755,60,128
3.250485,0.0003479999999997929,60,128
3.251304,0.0008190000000003472,78,63
3.25262,0.0013159999999996508,78,63
3.252792,0.000172000000000061,60,128
3.252794,2.000000000279556e-06,60,128
3.252795,9.999999996956888e-07,60,127
3.252863,6.800000000017903e-05,60,127
3.2539569999999998,0.0010939999999997063,1306,64
3.254195,0.00023800000000040455,167,46
3.254803,0.0006079999999997199,167,48
3.255442,0.0006390000000000562,78,63
3.255774,0.000332000000000221,320,242
3.255875,0.00010099999999990672,109,45
3.256113,0.00023799999999996047,715,55
3.256531,0.0004179999999998074,359,64
3.256934,0.0004030000000003753,1414,128
3.257016,8.199999999991547e-05,1048,128
3.257135,0.00011899999999975819,1414,128
3.25725,0.00011500000000008725,1414,128
3.257365,0.00011500000000008725,1414,128
3.25748,0.00011500000000008725,1414,128
3.257538,5.799999999966943e-05,745,128
3.258153,0.0006150000000002542,60,128
3.259333,0.0011799999999997368,167,52
3.2596249999999998,0.00029199999999995896,1168,64
3.260094,0.00046900000000027475,1168,64
3.260095,1.000000000139778e-06,507,64
3.2608420000000002,0.0007470000000000532,348,51
3.261275,0.00043299999999968364,167,128
3.262984,0.0017089999999999606,167,51
3.263134,0.0001500000000000945,78,255
3.268224,0.005090000000000039,78,48
3.26852,0.000296000000000074,78,48
3.274218,0.005697999999999759,167,46
3.277231,0.0030130000000001544,167,128
3.278723,0.0014919999999998268,167,52
3.2804130000000002,0.0016900000000004134,73,64
3.280879,0.0004659999999998554,346,51
3.282378,0.001498999999999917,60,128
3.283,0.0006219999999999004,60,128
3.283122,0.00012200000000017752,78,255
3.290859,0.007737000000000105,167,128
3.291195,0.00033599999999989194,167,128
3.291884,0.0006889999999999397,167,48
3.292536,0.000652000000000097,60,241
3.292659,0.0001229999999998732,60,241
3.2934390000000002,0.000780000000000225,60,241
3.29578,0.0023409999999999265,167,128
3.295985,0.00020499999999978868,167,64
3.297888,0.001902999999999988,167,51
3.300719,0.002831000000000028,67,51
3.30099,0.00027100000000013225,66,128
3.301065,7.49999999998252e-05,66,127
3.301263,0.0001980000000001425,167,128
3.301935,0.0006719999999997839,60,128
3.301936,1.000000000139778e-06,60,127
3.302341,0.00040500000000021075,265,128
3.302411,7.00000000000145e-05,265,127
3.302412,9.999999996956888e-07,67,64
3.303123,0.0007109999999999062,78,255
3.303125,2.000000000279556e-06,60,128
3.304445,0.0013199999999997658,167,52
3.306011,0.0015659999999999563,167,128
3.307096,0.0010850000000002247,60,128
3.307097,1.000000000139778e-06,60,128
3.307099,1.9999999998354667e-06,60,127
3.307161,6.199999999978445e-05,60,127
3.308668,0.0015070000000001471,167,52
3.312239,0.003570999999999991,60,128
3.31286,0.0006210000000002047,1168,64
3.313301,0.0004409999999999137,1168,64
3.313302,1.000000000139778e-06,191,64
3.3142519999999998,0.0009499999999995623,167,52
3.3156470000000002,0.0013950000000004792,167,128
3.318676,0.0030289999999997264,167,52
3.319274,0.0005980000000000985,167,52
3.320601,0.001326999999999856,167,52
3.320856,0.00025500000000011624,67,51
3.320858,1.9999999998354667e-06,91,128
3.322094,0.0012360000000000149,1248,128
3.322749,0.0006550000000000722,60,128
3.323106,0.00035700000000016274,78,255
3.323282,0.00017599999999973193,167,128
3.324879,0.0015970000000002926,1216,128
3.325896,0.0010170000000000456,64,128
3.32886,0.0029639999999999667,167,128
3.329143,0.0002830000000000332,167,128
3.32966,0.0005169999999998787,167,52
3.332331,0.002670999999999868,167,128
3.333722,0.00139099999999992,167,128
3.333724,2.000000000279556e-06,60,52
3.333792,6.799999999973494e-05,60,52
3.334191,0.00039900000000026026,251,61
3.334192,9.999999996956888e-07,73,112
3.334548,0.00035600000000002296,60,243
3.3346970000000002,0.0001490000000003988,67,64
3.334883,0.00018599999999979744,60,40
3.335084,0.00020100000000011775,587,40
3.335267,0.0001829999999998222,438,48
3.335268,1.000000000139778e-06,60,48
3.335373,0.00010500000000002174,60,64
3.335905,0.0005319999999997549,60,242
3.336017,0.00011200000000011201,60,242
3.336128,0.00011099999999997223,60,242
3.336251,0.0001229999999998732,85,117
3.336347,9.600000000009601e-05,66,51
3.336473,0.00012599999999984846,60,64
3.3365270000000002,5.400000000044258e-05,66,128
3.336593,6.599999999989947e-05,66,127
3.336824,0.0002309999999998702,1170,243
3.336824,0.0,89,116
3.336826,1.9999999998354667e-06,92,243
3.336963,0.00013700000000005375,101,243
3.337215,0.000252000000000141,60,126
3.337216,1.000000000139778e-06,91,128
3.337283,6.700000000003925e-05,60,50
3.337284,9.999999996956888e-07,91,128
3.337351,6.700000000003925e-05,91,128
3.3373530000000002,2.000000000279556e-06,60,50
3.337454,0.00010099999999990672,60,128
3.337455,9.999999996956888e-07,60,127
3.337457,2.000000000279556e-06,60,128
3.337504,4.6999999999908226e-05,60,128
3.337505,1.000000000139778e-06,60,64
3.33786,0.0003549999999998832,60,128
3.337969,0.00010900000000013677,167,51
3.338042,7.299999999998974e-05,60,64
3.338241,0.0001989999999998382,676,51
3.338341,9.999999999976694e-05,66,64
3.33844,9.900000000007125e-05,60,64
3.339279,0.0008390000000000342,91,128
3.339281,2.000000000279556e-06,66,51
3.33954,0.0002589999999997872,95,240
3.339638,9.799999999993148e-05,89,50
3.339767,0.0001290000000002678,66,64
3.339909,0.00014199999999986446,60,128
3.33991,1.000000000139778e-06,167,128
3.340775,0.0008649999999996716,1414,241
3.341052,0.00027700000000008274,1414,241
3.341449,0.0003969999999999807,1414,241
3.341565,0.00011600000000022703,1414,241
3.341812,0.0002469999999998862,1280,128
3.342015,0.00020299999999995322,60,128
3.342065,4.999999999988347e-05,1414,241
3.342383,0.00031800000000004047,1414,241
3.342384,1.000000000139778e-06,66,241
3.342629,0.00024500000000005073,1414,241
3.3426299999999998,9.999999996956888e-07,300,241
3.34268,5.000000000032756e-05,227,51
3.342894,0.00021399999999971442,60,128
3.343125,0.0002310000000003143,78,255
3.34375,0.0006249999999998757,60,128
3.344604,0.0008539999999999104,1414,128
3.344688,8.400000000019503e-05,1065,128
3.344805,0.00011699999999992272,1414,128
3.344921,0.00011599999999978294,1414,128
3.345036,0.00011500000000008725,1414,128
3.345151,0.00011500000000008725,1414,128
3.345152,1.000000000139778e-06,117,127
3.345207,5.499999999969418e-05,745,128
3.3461819999999998,0.0009749999999999481,167,128
3.346232,5.000000000032756e-05,624,128
3.346232,0.0,78,253
3.346452,0.000220000000000109,78,253
3.346687,0.00023499999999998522,623,128
3.34783,0.001142999999999894,265,128
3.3479010000000002,7.100000000015427e-05,265,127
3.348291,0.00038999999999989043,128,64
3.348359,6.799999999973494e-05,117,127
3.348537,0.00017800000000001148,117,127
3.34868,0.00014300000000000423,117,127
3.349707,0.0010270000000001112,1434,242
3.349836,0.0001289999999998237,1434,242
3.349836,0.0,78,253
3.349837,1.000000000139778e-06,78,253
3.350549,0.0007120000000000459,60,128
3.351867,0.0013179999999999303,123,64
3.352183,0.000316000000000205,60,128
3.352183,0.0,60,127
3.352234,5.100000000002325e-05,60,128
3.352235,9.999999996956888e-07,60,127
3.352901,0.0006660000000002775,130,64
3.3535019999999998,0.0006009999999996296,167,46
3.353854,0.00035200000000035203,129,64
3.354615,0.0007609999999997896,78,253
3.354825,0.00021000000000004349,167,48
3.356834,0.0020090000000001496,1168,64
3.357217,0.00038299999999980017,1168,64
3.357218,1.000000000139778e-06,270,64
3.357677,0.00045899999999976515,1414,242
3.357901,0.00022400000000022402,1414,242
3.3580360000000002,0.00013500000000021828,1414,242
3.358165,0.0001289999999998237,1414,242
3.358523,0.00035799999999985843,96,242
3.358928,0.00040500000000021075,1414,242
3.359005,7.699999999966067e-05,60,128
3.359069,6.4000000000064e-05,1414,242
3.359193,0.000124000000000013,1414,242
3.359194,1.000000000139778e-06,228,242
3.359555,0.0003609999999998337,167,52
3.359857,0.00030200000000002447,60,128
3.359991,0.0001340000000000785,395,43
3.36066,0.0006690000000002527,67,51
3.360797,0.00013699999999960966,1414,128
3.360879,8.200000000035956e-05,1046,128
3.361003,0.000124000000000013,1414,128
3.361112,0.00010899999999969268,1414,128
3.361228,0.00011600000000022703,1414,128
3.361289,6.100000000008876e-05,167,128
3.361349,5.999999999994898e-05,1414,128
3.361404,5.499999999969418e-05,745,128
3.36198,0.000576000000000132,66,49
3.362832,0.0008520000000000749,167,51
3.3631320000000002,0.000300000000000189,78,255
3.364455,0.001322999999999741,89,56
3.365188,0.0007329999999998726,66,128
3.365253,6.500000000020378e-05,66,127
3.36567,0.0004170000000001117,91,128
3.366176,0.0005059999999996734,60,128
3.366177,1.000000000139778e-06,60,127
3.367375,0.0011980000000000324,91,128
3.367377,1.9999999998354667e-06,91,128
3.367379,2.000000000279556e-06,91,128
3.369611,0.0022319999999997897,395,42
3.37414,0.004529000000000227,91,50
3.375162,0.0010219999999998564,60,48
3.375244,8.199999999991547e-05,167,46
3.375378,0.0001340000000000785,91,51
3.3755,0.00012200000000017752,91,51
3.376233,0.0007329999999998726,265,128
3.376334,0.00010099999999990672,395,43
3.376334,0.0,265,127
3.376395,6.100000000008876e-05,66,52
3.376502,0.00010699999999985721,140,51
3.377089,0.0005869999999998932,167,128
3.377641,0.00055200000000033,66,128
3.378497,0.0008559999999997459,73,64
3.378551,5.3999999999998494e-05,450,64
3.379147,0.000596000000000263,167,52
3.380899,0.0017519999999997538,189,51
3.381223,0.00032399999999999096,60,128
3.381224,1.000000000139778e-06,60,127
3.381273,4.900000000018778e-05,60,128
3.381274,9.999999996956888e-07,60,127
3.38133,5.600000000027805e-05,60,49
3.382683,0.0013529999999999376,66,128
3.382746,6.299999999992423e-05,66,127
3.38312,0.00037399999999987443,78,255
3.383401,0.00028100000000019776,60,241
3.383569,0.00016799999999994597,60,128
3.383622,5.2999999999858716e-05,60,127
3.383992,0.0003700000000002035,265,128
3.384064,7.199999999984996e-05,265,127
3.3841200000000002,5.600000000027805e-05,78,253
3.385189,0.0010689999999997646,182,50
3.386503,0.0013139999999998153,60,241
3.387505,0.0010020000000001694,60,241
3.387781,0.00027599999999994296,509,242
3.38801,0.00022900000000003473,60,128
3.388011,1.000000000139778e-06,60,127
3.388013,1.9999999998354667e-06,60,128
3.388059,4.600000000021254e-05,60,127
3.388449,0.00038999999999989043,1438,128
3.388449,0.0,1438,128
3.388499,4.999999999988347e-05,1438,128
3.388499,0.0,1438,128
3.3885,1.000000000139778e-06,576,128
3.390123,0.00162299999999993,66,128
3.390187,6.4000000000064e-05,66,127
3.390891,0.0007039999999998159,167,128
3.391003,0.00011200000000011201,60,128
3.391005,1.9999999998354667e-06,60,127
3.391216,0.00021100000000018326,167,128
3.391401,0.00018500000000010175,265,128
3.391472,7.099999999971018e-05,265,127
3.3927680000000002,0.001296000000000408,74,64
3.393136,0.00036799999999992394,167,64
3.393545,0.0004089999999998817,78,253
3.394138,0.0005929999999998437,96,128
3.394209,7.100000000015427e-05,89,128
3.39421,1.000000000139778e-06,89,128
3.394271,6.099999999964467e-05,89,128
3.394272,1.000000000139778e-06,89,128
3.394327,5.500000000013827e-05,89,128
3.394329,1.9999999998354667e-06,89,128
3.394384,5.500000000013827e-05,89,128
3.3943849999999998,9.999999996956888e-07,89,128
3.394439,5.400000000044258e-05,89,128
3.394441,1.9999999998354667e-06,89,128
3.394494,5.2999999999858716e-05,89,128
3.394496,2.000000000279556e-06,89,128
3.394552,5.599999999983396e-05,89,128
3.394553,1.000000000139778e-06,89,128
3.394606,5.2999999999858716e-05,89,128
3.394608,1.9999999998354667e-06,89,128
3.394659,5.100000000002325e-05,89,128
3.39466,1.000000000139778e-06,89,128
3.394717,5.699999999997374e-05,89,128
3.394719,1.9999999998354667e-06,89,128
3.394773,5.3999999999998494e-05,89,128
3.394774,1.000000000139778e-06,1514,43
3.394774,0.0,89,128
3.394827,5.2999999999858716e-05,89,128
3.394828,1.000000000139778e-06,89,128
3.394883,5.500000000013827e-05,89,128
3.394885,1.9999999998354667e-06,89,128
3.394936,5.100000000002325e-05,89,128
3.394937,1.000000000139778e-06,89,128
3.394991,5.3999999999998494e-05,89,128
3.3949920000000002,1.000000000139778e-06,89,128
3.395048,5.599999999983396e-05,89,128
3.395196,0.00014799999999981495,89,128
3.395197,1.000000000139778e-06,89,128
3.395255,5.8000000000113516e-05,89,128
3.395263,7.999999999785956e-06,167,48
3.395264,1.000000000139778e-06,89,128
3.395305,4.099999999995774e-05,89,128
3.395354,4.900000000018778e-05,89,128
3.395356,1.9999999998354667e-06,89,128
3.395406,4.999999999988347e-05,89,128
3.395407,1.000000000139778e-06,89,128
3.395463,5.599999999983396e-05,89,128
3.395464,1.000000000139778e-06,89,128
3.395466,1.9999999998354667e-06,60,128
3.395528,6.200000000022854e-05,60,128
3.395529,9.999999996956888e-07,60,127
3.395531,2.000000000279556e-06,60,127
3.3958019999999998,0.00027099999999968816,167,128
3.397959,0.0021570000000004086,167,51
3.399774,0.001814999999999678,1168,64
3.400219,0.0004450000000000287,1096,64
3.400766,0.0005470000000000752,67,51
3.401267,0.0005009999999998627,167,128
3.402946,0.001679000000000208,78,48
3.403022,7.599999999996498e-05,78,48
3.4031000000000002,7.800000000024454e-05,78,255
3.404316,0.0012159999999998838,167,52
3.40437,5.3999999999998494e-05,165,43
3.404636,0.00026599999999987745,60,128
3.405035,0.00039899999999981617,623,128
3.405274,0.00023900000000010024,66,51
3.405749,0.00047500000000022524,1514,42
3.405749,0.0,224,42
3.405751,1.9999999998354667e-06,89,54
3.406047,0.000296000000000074,167,128
3.406186,0.0001389999999998892,66,55
3.406381,0.00019500000000016726,60,128
3.406506,0.00012499999999970868,91,53
3.406639,0.0001330000000003828,91,52
3.4069,0.00026099999999962264,273,128
3.407174,0.0002740000000001075,91,51
3.407335,0.0001609999999998557,60,242
3.407562,0.00022700000000019926,91,52
3.407618,5.599999999983396e-05,60,128
3.407685,6.700000000003925e-05,60,242
3.408139,0.00045399999999995444,631,128
3.408718,0.0005790000000001072,167,52
3.40872,2.000000000279556e-06,60,242
3.414221,0.005500999999999756,167,52
3.415021,0.0007999999999999119,103,115
3.415228,0.00020700000000006824,66,128
3.415292,6.4000000000064e-05,66,127
3.41555,0.0002580000000000915,60,128
3.415551,9.999999996956888e-07,60,127
3.415652,0.00010100000000035081,167,128
3.416709,0.0010569999999998636,78,253
3.417718,0.0010089999999998156,103,114
3.418648,0.0009300000000003195,167,52
3.41879,0.00014199999999986446,60,47
3.419021,0.0002309999999998702,103,120
3.419143,0.00012200000000017752,103,47
3.419348,0.00020499999999978868,167,52
3.420626,0.0012780000000001124,167,52
3.420805,0.00017900000000015126,67,51
3.421543,0.0007379999999996834,67,64
3.42191,0.00036700000000022825,206,126
3.422542,0.0006319999999999659,66,128
3.422657,0.00011500000000008725,66,127
3.422895,0.00023799999999996047,60,128
3.422897,1.9999999998354667e-06,103,120
3.422945,4.8000000000048004e-05,60,127
3.423119,0.00017399999999989646,60,51
3.423121,2.000000000279556e-06,265,128
3.423121,0.0,78,255
3.423202,8.09999999997757e-05,265,127
3.423202,0.0,60,56
3.423365,0.00016300000000013526,103,51
3.424373,0.00100800000000012,103,116
3.425259,0.0008859999999999424,74,50
3.425407,0.00014799999999981495,66,64
3.425526,0.00011900000000020228,265,128
3.425597,7.099999999971018e-05,265,127
3.425695,9.800000000037556e-05,167,128
3.42603,0.00033499999999975216,472,64
3.426206,0.00017600000000017602,167,128
3.426208,1.9999999998354667e-06,167,128
3.426256,4.8000000000048004e-05,60,50
3.426387,0.00013100000000010326,103,50
3.426463,7.599999999996498e-05,78,48
3.4270519999999998,0.0005889999999997286,78,48
3.427054,2.000000000279556e-06,78,48
3.427159,0.00010500000000002174,60,128
3.427161,1.9999999998354667e-06,60,127
3.427372,0.00021100000000018326,60,128
3.427374,1.9999999998354667e-06,60,128
3.427422,4.8000000000048004e-05,60,127
3.4274240000000002,2.000000000279556e-06,60,127
3.428347,0.0009229999999997851,60,55
3.42848,0.00013299999999993872,103,55
3.429732,0.0012520000000000309,167,52
3.431718,0.0019860000000000433,60,128
3.431721,2.9999999999752447e-06,60,127
3.431956,0.00023499999999998522,60,128
3.431957,1.000000000139778e-06,60,127
3.432044,8.699999999972619e-05,60,128
3.432045,1.000000000139778e-06,60,127
3.432319,0.0002740000000001075,167,128
3.433706,0.001386999999999805,167,128
3.436745,0.003039000000000236,1414,241
3.436746,9.999999996956888e-07,60,51
3.43707,0.00032399999999999096,1414,241
3.437071,1.000000000139778e-06,60,55
3.437248,0.0001769999999998717,1514,55
3.437249,1.000000000139778e-06,399,55
3.4374219999999998,0.00017299999999975668,1414,241
3.437423,1.000000000139778e-06,103,112
3.437548,0.00012500000000015277,1414,241
3.437549,1.000000000139778e-06,78,253
3.437712,0.00016299999999969117,1414,241
3.437837,0.00012500000000015277,1414,241
3.437837,0.0,138,241
3.438024,0.00018699999999993722,60,128
3.438081,5.699999999997374e-05,60,128
3.438131,4.999999999988347e-05,1414,241
3.438132,1.000000000139778e-06,228,241
3.438134,1.9999999998354667e-06,167,51
3.438314,0.00018000000000029104,103,113
3.438926,0.0006119999999998349,268,128
3.438981,5.500000000013827e-05,60,128
3.439191,0.00021000000000004349,103,51
3.439915,0.0007239999999999469,167,128
3.439916,1.000000000139778e-06,66,128
3.440015,9.899999999962716e-05,66,127
3.44032,0.0003049999999999997,60,128
3.440321,1.000000000139778e-06,60,127
3.44073,0.0004089999999998817,1414,128
3.440824,9.400000000026054e-05,1180,128
3.440942,0.0001180000000000625,1414,128
3.441056,0.00011399999999994748,1414,128
3.4411709999999998,0.00011499999999964317,1414,128
3.441286,0.00011500000000008725,1414,128
3.441344,5.8000000000113516e-05,745,128
3.4414,5.599999999983396e-05,151,51
3.442808,0.0014080000000000759,67,64
3.443099,0.00029100000000026327,78,255
3.44421,0.001110999999999862,103,114
3.444433,0.00022300000000008424,60,128
3.446189,0.0017559999999998688,167,128
3.44671,0.0005209999999999937,60,128
3.4467119999999998,1.9999999998354667e-06,60,128
3.45043,0.00371800000000011,265,128
3.450502,7.200000000029405e-05,265,127
3.451269,0.0007669999999997401,648,128
3.452238,0.0009689999999999976,106,126
3.45281,0.0005720000000000169,106,255
3.452993,0.00018300000000026628,106,255
3.453202,0.0002089999999999037,67,64
3.453477,0.0002749999999998032,167,46
3.454258,0.0007809999999999206,60,128
3.45434,8.200000000035956e-05,1514,42
3.454438,9.799999999993148e-05,630,48
3.45456,0.00012199999999973343,60,64
3.454734,0.00017400000000034055,60,128
3.454736,1.9999999998354667e-06,60,128
3.454737,1.000000000139778e-06,60,127
3.454806,6.899999999987472e-05,60,127
3.454876,7.00000000000145e-05,167,48
3.4550710000000002,0.00019500000000016726,134,42
3.455612,0.0005409999999996806,60,128
3.45632,0.0007079999999999309,167,128
3.456941,0.0006210000000002047,66,128
3.457007,6.599999999989947e-05,66,127
3.457736,0.0007290000000002017,60,128
3.457838,0.0001020000000000465,60,128
3.457839,9.999999996956888e-07,60,127
3.45822,0.0003809999999999647,265,128
3.458292,7.200000000029405e-05,265,127
3.458553,0.00026100000000006673,78,253
3.459454,0.0009009999999998186,167,52
3.460774,0.0013199999999997658,66,128
3.460832,5.8000000000113516e-05,66,127
3.461332,0.000500000000000167,624,128
3.4613329999999998,9.999999996956888e-07,66,128
3.461382,4.900000000018778e-05,264,51
3.461453,7.100000000015427e-05,66,127
3.462099,0.0006459999999997024,103,112
3.462415,0.000316000000000205,60,128
3.462416,1.000000000139778e-06,60,127
3.462476,5.999999999994898e-05,60,128
3.462477,9.999999996956888e-07,60,128
3.462479,2.000000000279556e-06,60,127
3.4624800000000002,1.000000000139778e-06,60,127
3.4627879999999998,0.00030799999999953087,265,128
3.462861,7.300000000043383e-05,265,127
3.463081,0.0002199999999996649,167,51
3.463084,2.9999999999752447e-06,60,128
3.46315,6.600000000034356e-05,78,255
3.463152,1.9999999998354667e-06,60,127
3.464452,0.0013000000000000789,1514,50
3.464594,0.00014199999999986446,66,64
3.465481,0.0008870000000000822,1514,50
3.465576,9.499999999995623e-05,66,64
3.465677,0.00010099999999990672,1514,50
3.465761,8.400000000019503e-05,66,64
3.466471,0.0007099999999997664,1514,50
3.466472,1.000000000139778e-06,103,117
3.466574,0.0001020000000000465,66,64
3.466971,0.0003969999999999807,60,128
3.466973,1.9999999998354667e-06,60,127
3.467417,0.000444000000000333,129,55
3.467845,0.0004279999999998729,60,128
3.467847,1.9999999998354667e-06,60,127
3.467848,1.000000000139778e-06,60,128
3.467918,7.00000000000145e-05,60,127
3.468538,0.0006200000000000649,651,128
3.469685,0.0011470000000000091,60,43
3.472193,0.0025079999999997327,167,128
3.472287,9.400000000026054e-05,1514,43
3.473053,0.0007660000000000444,198,43
3.473174,0.00012100000000003774,446,64
3.473242,6.799999999973494e-05,60,128
3.473631,0.00038900000000019475,265,128
3.473702,7.099999999971018e-05,265,127
3.473761,5.9000000000253294e-05,624,128
3.474037,0.00027599999999994296,103,118
3.474805,0.0007679999999998799,73,64
3.475078,0.0002729999999999677,78,252
3.475276,0.0001980000000001425,167,46
3.475277,1.000000000139778e-06,60,44
3.475399,0.00012199999999973343,103,111
3.478694,0.003295000000000048,167,52
3.479305,0.0006110000000001392,60,128
3.4793060000000002,1.000000000139778e-06,60,128
3.479307,9.999999996956888e-07,60,127
3.479355,4.8000000000048004e-05,60,127
3.480012,0.0006569999999999077,60,61
3.4802429999999998,0.0002309999999998702,60,61
3.48065,0.0004070000000000462,77,51
3.481267,0.0006170000000000897,60,61
3.48134,7.299999999998974e-05,60,61
3.481475,0.00013500000000021828,60,61
3.482194,0.0007189999999996921,89,49
3.483099,0.0009050000000003777,78,255
3.484575,0.0014759999999998108,66,128
3.48464,6.500000000020378e-05,66,127
3.485177,0.0005370000000000097,60,241
3.485456,0.0002789999999999182,60,128
3.4854570000000002,1.000000000139778e-06,60,127
3.485861,0.0004039999999996269,265,128
3.485934,7.299999999998974e-05,265,127
3.486226,0.00029199999999995896,60,241
3.4869339999999998,0.0007079999999999309,66,128
3.486993,5.9000000000253294e-05,66,127
3.487427,0.0004339999999998234,60,241
3.4878109999999998,0.00038399999999993994,60,128
3.487813,2.000000000279556e-06,60,127
3.488235,0.00042199999999992244,265,128
3.488306,7.100000000015427e-05,265,127
3.49008,0.0017739999999997202,60,128
3.490081,1.000000000139778e-06,60,127
3.490161,8.000000000008001e-05,60,128
3.490163,1.9999999998354667e-06,60,127
3.490263,0.00010000000000021103,60,51
3.490322,5.8999999999809205e-05,167,64
3.490942,0.0006200000000000649,167,128
3.491027,8.499999999989072e-05,167,48
3.491029,2.000000000279556e-06,66,128
3.491098,6.899999999987472e-05,66,127
3.491177,7.899999999994023e-05,167,128
3.491253,7.599999999996498e-05,103,51
3.491942,0.0006889999999999397,60,128
3.491944,2.000000000279556e-06,60,127
3.492349,0.00040499999999976666,265,128
3.49242,7.100000000015427e-05,265,127
3.493434,0.0010140000000000704,78,252
3.494059,0.0006249999999998757,66,128
3.49406,1.000000000139778e-06,60,128
3.49412,5.999999999994898e-05,60,128
3.494122,1.9999999998354667e-06,66,127
3.494123,1.000000000139778e-06,60,127
3.494125,1.9999999998354667e-06,60,127
3.494443,0.00031800000000004047,60,115
3.494773,0.00032999999999994145,89,128
3.49542,0.0006470000000002862,60,128
3.495422,1.9999999998354667e-06,60,127
3.495472,4.999999999988347e-05,91,128
3.495699,0.00022700000000019926,91,128
3.495781,8.199999999991547e-05,167,128
3.496301,0.0005199999999998539,265,128
3.496372,7.100000000015427e-05,265,127
3.496808,0.00043600000000010297,1414,128
3.496867,5.8999999999809205e-05,726,128
3.496867,0.0,1168,64
3.496982,0.00011500000000008725,1414,128
3.497098,0.00011599999999978294,1414,128
3.49716,6.200000000022854e-05,822,128
3.497273,0.0001129999999998077,1345,50
3.497322,4.900000000018778e-05,1168,64
3.497323,1.000000000139778e-06,376,64
3.497736,0.0004129999999999967,66,64
3.497987,0.0002510000000000012,167,51
3.49833,0.0003429999999999822,60,43
3.498517,0.00018699999999993722,60,128
3.498519,1.9999999998354667e-06,60,127
3.499338,0.0008189999999999031,60,128
3.49934,2.000000000279556e-06,60,127
3.4994199999999998,7.999999999963592e-05,60,128
3.499421,1.000000000139778e-06,60,127
3.49965,0.00022900000000003473,103,116
3.500517,0.0008669999999999511,102,128
3.500626,0.00010900000000013677,1414,242
3.500627,1.000000000139778e-06,102,127
3.501229,0.0006019999999997694,167,128
3.501727,0.0004979999999998874,1414,242
3.501867,0.000140000000000029,1414,242
3.502083,0.00021599999999999397,1414,242
3.502083,0.0,60,128
3.502463,0.000380000000000269,1414,242
3.502463,0.0,117,242
3.502465,1.9999999998354667e-06,67,51
3.502771,0.0003060000000001395,1414,242
3.502771,0.0,66,128
3.50286,8.900000000000574e-05,66,127
3.503034,0.00017399999999989646,60,128
3.503121,8.700000000017027e-05,78,255
3.503547,0.00042600000000003746,1414,242
3.503548,9.999999996956888e-07,228,242
3.503669,0.00012100000000003774,103,112
3.503891,0.00022199999999994446,103,116
3.503951,5.999999999994898e-05,60,128
3.504001,5.000000000032756e-05,60,128
3.504055,5.3999999999998494e-05,60,253
3.504056,9.999999996956888e-07,60,127
3.504287,0.0002310000000003143,167,52
3.504341,5.3999999999998494e-05,265,128
3.504409,6.799999999973494e-05,265,127
3.504483,7.400000000012952e-05,363,55
3.5045640000000002,8.100000000021979e-05,103,110
3.504644,7.999999999963592e-05,74,64
3.504702,5.8000000000113516e-05,78,52
3.5047610000000002,5.9000000000253294e-05,60,128
3.504762,9.999999996956888e-07,66,128
3.505093,0.00033100000000008123,60,128
3.505094,1.000000000139778e-06,60,128
3.505095,9.999999996956888e-07,60,127
3.505097,2.000000000279556e-06,60,127
3.505222,0.00012499999999970868,78,52
3.505276,5.3999999999998494e-05,78,51
3.505865,0.0005890000000001727,1414,128
3.505947,8.199999999991547e-05,1048,128
3.506023,7.599999999996498e-05,167,128
3.506072,4.900000000018778e-05,1414,128
3.5061809999999998,0.00010899999999969268,1414,128
3.506295,0.00011400000000039157,1414,128
3.506296,9.999999996956888e-07,103,110
3.506411,0.00011500000000008725,1414,128
3.506468,5.699999999997374e-05,745,128
3.507732,0.0012639999999999318,1514,42
3.5088150000000002,0.0010830000000003892,167,52
3.5089040000000002,8.900000000000574e-05,60,128
3.508905,9.999999996956888e-07,60,127
3.5089069999999998,1.9999999998354667e-06,60,128
3.508954,4.7000000000352316e-05,60,127
3.509408,0.00045399999999995444,162,42
3.5096600000000002,0.000252000000000141,262,128
3.509661,9.999999996956888e-07,103,112
3.509729,6.800000000017903e-05,91,128
3.510138,0.0004089999999998817,1414,241
3.5103429999999998,0.00020499999999978868,74,64
3.51078,0.00043700000000024275,1414,241
3.510844,6.4000000000064e-05,66,128
3.51091,6.599999999989947e-05,1414,241
3.510911,1.000000000139778e-06,66,127
3.511254,0.0003429999999999822,60,128
3.5112550000000002,1.000000000139778e-06,60,127
3.511383,0.00012799999999968392,60,128
3.511384,1.000000000139778e-06,60,128
3.511521,0.00013700000000005375,66,128
3.511663,0.00014199999999986446,265,128
3.511722,5.8999999999809205e-05,265,127
3.5118359999999997,0.00011399999999994748,624,128
3.513823,0.001987000000000183,1514,43
3.514319,0.000496000000000052,167,52
3.51454,0.00022100000000024878,165,43
3.514714,0.00017399999999989646,60,128
3.515203,0.0004889999999999617,624,128
3.515551,0.0003479999999997929,103,116
3.51566,0.00010900000000013677,167,128
3.515855,0.00019500000000016726,78,53
3.515856,9.999999996956888e-07,60,128
3.515858,2.000000000279556e-06,103,128
3.515865,6.999999999646178e-06,60,128
3.515928,6.300000000036832e-05,78,53
3.515929,9.999999996956888e-07,60,127
3.51593,1.000000000139778e-06,60,127
3.5165610000000003,0.0006310000000002702,78,252
3.516765,0.0002039999999996489,78,52
3.517785,0.0010200000000000209,91,128
3.5182919999999998,0.0005069999999998132,67,64
3.518574,0.00028200000000033754,167,52
3.518815,0.0002409999999999357,1414,128
3.518872,5.699999999997374e-05,726,128
3.51899,0.0001180000000000625,1414,128
3.51907,8.000000000008001e-05,1023,128
3.519349,0.0002789999999999182,167,52
3.519774,0.0004249999999998977,60,40
3.5208,0.0010259999999999714,167,52
3.5209099999999998,0.00010999999999983245,325,51
3.521228,0.00031800000000004047,66,128
3.521318,9.000000000014552e-05,66,127
3.522181,0.0008629999999998361,60,128
3.52224,5.9000000000253294e-05,60,127
3.5226100000000002,0.0003700000000002035,265,128
3.522683,7.299999999954565e-05,265,127
3.523123,0.000440000000000218,78,255
3.523232,0.00010900000000013677,60,126
3.523602,0.0003699999999997594,60,128
3.524223,0.0006210000000002047,74,54
3.524331,0.00010799999999999699,66,64
3.524766,0.0004349999999999632,66,64
3.525201,0.0004349999999999632,60,53
3.525734,0.0005329999999998947,167,128
3.526199,0.00046500000000015973,167,128
3.526689,0.0004900000000001015,60,128
3.526691,1.9999999998354667e-06,60,127
3.526741,4.999999999988347e-05,60,128
3.5267429999999997,1.9999999998354667e-06,60,127
3.5268129999999998,7.00000000000145e-05,79,128
3.527002,0.00018900000000021677,60,64
3.527513,0.0005109999999999282,60,54
3.529562,0.0020489999999999675,61,48
3.529659,9.700000000023579e-05,167,52
3.52989,0.0002309999999998702,61,128
3.530583,0.0006930000000000547,103,53
3.530802,0.00021899999999996922,103,112
3.532268,0.0014660000000001894,167,128
3.533693,0.0014249999999997875,167,128
3.533916,0.00022300000000008424,60,128
3.53404,0.000124000000000013,66,50
3.534846,0.0008059999999998624,60,128
3.535155,0.00030900000000011474,60,54
3.535373,0.00021799999999982944,66,49
3.535476,0.00010300000000018628,91,54
3.535769,0.00029300000000009874,1414,241
3.535769,0.0,78,252
3.536044,0.0002749999999998032,1414,241
3.53614,9.600000000009601e-05,60,128
3.536517,0.0003769999999998497,1310,64
3.536874,0.00035700000000016274,245,128
3.53705,0.00017599999999973193,60,128
3.537052,2.000000000279556e-06,1414,241
3.53727,0.00021799999999982944,60,128
3.537343,7.299999999998974e-05,1414,241
3.5376630000000002,0.00032000000000032003,1414,241
3.537787,0.0001239999999995689,1414,241
3.537787,0.0,117,241
3.537918,0.00013100000000010326,60,128
3.537975,5.699999999997374e-05,1414,241
3.537975,0.0,228,241
3.537977,2.000000000279556e-06,167,51
3.538118,0.00014099999999972468,60,128
3.538781,0.0006630000000003022,60,128
3.539213,0.00043199999999998795,60,241
3.539321,0.00010799999999999699,67,64
3.539378,5.699999999997374e-05,60,128
3.5397629999999998,0.00038499999999963563,78,50
3.539891,0.000128000000000128,66,64
3.539893,2.000000000279556e-06,167,128
3.540749,0.0008559999999997459,445,64
3.540946,0.00019700000000000273,67,51
3.540948,2.000000000279556e-06,66,128
3.540997,4.899999999974369e-05,60,241
3.54312,0.002123000000000097,78,255
3.54452,0.0013999999999998458,60,126
3.54572,0.001200000000000312,66,241
3.545905,0.00018499999999965766,60,128
3.54618,0.00027500000000024727,167,128
3.546664,0.0004839999999997069,60,242
3.546897,0.00023300000000014975,777,48
3.547026,0.0001289999999998237,60,64
3.547085,5.9000000000253294e-05,1514,43
3.547085,0.0,60,54
3.547988,0.0009030000000000982,1514,43
3.547988,0.0,142,43
3.54804,5.199999999971894e-05,137,54
3.5481730000000002,0.0001330000000003828,129,54
3.548175,1.9999999998354667e-06,60,128
3.548308,0.00013299999999993872,66,54
3.548443,0.0001349999999997742,66,54
3.548518,7.50000000002693e-05,66,64
3.548671,0.00015300000000006975,60,242
3.548796,0.00012499999999970868,60,128
3.5491479999999997,0.00035199999999990794,60,48
3.54915,2.000000000279556e-06,60,128
3.5492150000000002,6.500000000020378e-05,623,128
3.550217,0.0010019999999997253,60,242
3.550386,0.00016900000000008575,103,48
3.550606,0.000220000000000109,74,64
3.550741,0.0001349999999997742,331,128
3.550742,1.000000000139778e-06,91,128
3.550803,6.100000000008876e-05,167,128
3.552315,0.0015119999999999578,95,51
3.553014,0.0006990000000000052,66,128
3.553173,0.00015900000000002024,66,128
3.5542030000000002,0.0010300000000000864,167,46
3.5543940000000003,0.00019100000000005224,60,128
3.554649,0.00025499999999967216,167,48
3.555463,0.0008140000000000924,217,128
3.555561,9.799999999993148e-05,1514,42
3.5563000000000002,0.0007390000000002672,198,42
3.5564869999999997,0.00018699999999949313,60,128
3.5569610000000003,0.00047400000000052955,622,128
3.557566,0.0006049999999997446,1414,241
3.557762,0.00019599999999986295,1414,241
3.558677,0.0009149999999999991,1414,241
3.558678,1.000000000139778e-06,293,241
3.558797,0.00011900000000020228,60,128
3.5594289999999997,0.0006319999999995218,167,52
3.5595790000000003,0.0001500000000005386,60,49
3.5596360000000002,5.699999999997374e-05,60,128
3.559709,7.299999999954565e-05,78,252
3.560078,0.0003690000000000637,1514,49
3.5601469999999997,6.899999999987472e-05,840,49
3.560572,0.00042500000000034177,60,128
3.560834,0.0002619999999997624,375,51
3.561276,0.00044200000000005346,167,128
3.561387,0.00011099999999997223,1168,64
3.561611,0.00022400000000022402,587,40
3.5617520000000003,0.00014100000000016877,1168,64
3.561753,9.999999996956888e-07,356,64
3.561753,0.0,380,128
3.562151,0.0003980000000001205,66,128
3.562834,0.0006829999999999892,167,51
3.5631019999999998,0.0002679999999997129,78,255
3.56361,0.000508000000000397,60,242
3.5645540000000002,0.0009440000000000559,60,242
3.564848,0.0002939999999997944,66,54
3.565418,0.0005700000000001815,60,49
3.5655609999999998,0.00014299999999956015,60,128
3.566147,0.0005860000000001975,464,128
3.566511,0.000364000000000253,545,44
3.566512,9.999999996956888e-07,60,44
3.567512,0.0009999999999998899,60,128
3.568667,0.0011550000000002392,60,112
3.569108,0.0004409999999999137,74,64
3.570969,0.0018609999999998905,60,128
3.571074,0.00010500000000002174,66,128
3.571941,0.0008669999999999511,358,64
3.572888,0.0009470000000000312,60,110
3.573105,0.00021700000000013375,60,54
3.573259,0.00015400000000020952,60,54
3.573494,0.00023499999999998522,91,54
3.5737740000000002,0.000280000000000058,60,241
3.5751150000000003,0.0013410000000000366,60,128
3.575181,6.599999999989947e-05,60,128
3.575182,9.999999996956888e-07,167,46
3.575184,2.000000000279556e-06,60,128
3.5756639999999997,0.00047999999999959186,60,128
3.577154,0.0014900000000004354,167,128
3.577246,9.199999999998099e-05,1414,241
3.578846,0.0015999999999998238,167,52
3.5798,0.0009540000000001214,78,49
3.579853,5.2999999999858716e-05,78,49
3.580156,0.00030300000000016425,60,128
3.580157,9.999999996956888e-07,1414,241
3.580402,0.00024500000000005073,1414,241
3.580403,1.000000000139778e-06,66,243
3.5804679999999998,6.49999999997597e-05,74,42
3.580571,0.00010300000000018628,60,128
3.580572,1.000000000139778e-06,66,64
3.580626,5.3999999999998494e-05,60,128
3.580917,0.0002909999999998192,66,64
3.581049,0.00013200000000024303,66,243
3.5813509999999997,0.0003019999999995804,74,51
3.581467,0.00011600000000022703,1434,128
3.581517,4.999999999988347e-05,560,128
3.581518,1.000000000139778e-06,60,128
3.581897,0.00037900000000012923,1168,64
3.582332,0.0004349999999999632,1168,64
3.582333,1.000000000139778e-06,880,42
3.5823359999999997,2.9999999995311555e-06,744,64
3.582472,0.00013600000000035806,60,128
3.5826789999999997,0.00020699999999962415,60,64
3.583118,0.0004390000000000782,78,255
3.584549,0.0014310000000001821,78,252
3.585112,0.0005630000000000912,624,128
3.58725,0.0021379999999999733,66,128
3.587555,0.0003049999999999997,1001,50
3.587555,0.0,66,50
3.587682,0.00012699999999998823,66,64
3.5877879999999998,0.00010599999999971743,60,128
3.587865,7.700000000010476e-05,74,64
3.589165,0.0013000000000000789,66,64
3.59096,0.001794999999999991,167,128
3.591195,0.00023499999999998522,167,48
3.591197,2.000000000279556e-06,167,128
3.5913019999999998,0.00010499999999957765,1414,128
3.591472,0.00017000000000022553,113,54
3.5916930000000002,0.00022100000000024878,1007,128
3.5916930000000002,0.0,60,128
3.592505,0.0008119999999998129,129,54
3.592804,0.0002990000000000492,66,54
3.592899,9.499999999995623e-05,60,54
3.593115,0.00021599999999999397,60,128
3.593645,0.0005299999999999194,252,128
3.593647,1.9999999998354667e-06,218,54
3.594443,0.000796000000000241,78,252
3.595813,0.0013700000000000934,167,128
3.596051,0.00023799999999996047,1414,242
3.597587,0.0015359999999997598,66,128
3.597652,6.500000000020378e-05,66,127
3.597957,0.0003049999999999997,167,51
3.598119,0.00016199999999999548,273,128
3.598438,0.00031899999999973616,107,128
3.598524,8.60000000000305e-05,60,128
3.598524,0.0,60,127
3.598731,0.00020700000000006824,167,64
3.598861,0.00012999999999996348,1414,242
3.598861,0.0,183,241
3.599019,0.00015800000000032455,115,128
3.59902,9.999999996956888e-07,518,128
3.599207,0.00018699999999993722,1414,242
3.599291,8.400000000019503e-05,60,128
3.599379,8.799999999986596e-05,95,128
3.599489,0.00011000000000027654,74,64
3.59949,9.999999996956888e-07,97,128
3.59978,0.0002900000000001235,1414,242
3.600004,0.00022400000000022402,1414,242
3.60015,0.00014599999999997948,1414,242
3.60015,0.0,159,242
3.600912,0.0007619999999999294,67,51
3.600989,7.700000000010476e-05,60,128
3.601231,0.0002419999999996314,167,128
3.601507,0.00027599999999994296,1414,242
3.601507,0.0,228,242
3.601616,0.00010900000000013677,110,244
3.6026350000000003,0.0010190000000003252,60,128
3.602886,0.00025099999999955713,67,64
3.603055,0.00016900000000008575,1514,43
3.603104,4.900000000018778e-05,78,255
3.603392,0.00028799999999984394,209,43
3.603919,0.0005269999999999442,60,128
3.604485,0.0005660000000000664,167,52
3.604619,0.0001340000000000785,622,128
3.605257,0.0006379999999999164,359,128
3.605338,8.100000000021979e-05,447,128
3.605842,0.0005039999999998379,60,243
3.6060309999999998,0.00018899999999977268,60,128
3.606032,1.000000000139778e-06,167,128
3.606488,0.000456000000000234,60,128
3.6068249999999997,0.00033699999999958763,60,128
3.60707,0.0002450000000004948,66,42
3.607169,9.899999999962716e-05,66,64
3.607315,0.00014599999999997948,60,128
3.607316,1.000000000139778e-06,113,49
3.607441,0.00012500000000015277,60,243
3.607744,0.00030299999999972016,60,128
3.607863,0.00011900000000020228,60,42
3.608094,0.0002309999999998702,74,51
3.6082229999999997,0.0001289999999998237,66,64
3.608588,0.0003650000000003928,60,128
3.60869,0.0001020000000000465,167,52
3.608798,0.00010799999999999699,443,64
3.608889,9.099999999984121e-05,1514,128
3.60898,9.099999999984121e-05,265,128
3.609029,4.900000000018778e-05,1514,128
3.609086,5.699999999997374e-05,265,127
3.609851,0.0007649999999999046,60,48
3.610313,0.0004620000000001845,66,128
3.611027,0.0007139999999998814,66,50
3.611115,8.799999999986596e-05,60,128
3.6131919999999997,0.0020769999999998845,60,128
3.613193,1.000000000139778e-06,60,127
3.613986,0.0007930000000002657,67,64
3.6140790000000003,9.300000000012076e-05,60,128
3.614081,1.9999999998354667e-06,60,127
3.6141389999999998,5.799999999966943e-05,60,128
3.614193,5.400000000044258e-05,60,127
3.614387,0.0001939999999995834,167,52
3.615202,0.0008150000000002322,78,252
3.61541,0.00020799999999976393,60,48
3.615646,0.000236000000000125,167,128
3.615853,0.00020700000000006824,60,128
3.616138,0.0002849999999998687,60,128
3.616504,0.0003660000000000885,60,54
3.617803,0.001298999999999939,1484,54
3.618105,0.00030200000000002447,60,128
3.618965,0.000860000000000305,1074,54
3.619222,0.0002569999999999517,167,52
3.619405,0.0001829999999998222,60,128
3.620304,0.0008989999999999831,1414,241
3.620372,6.800000000017903e-05,167,52
3.6206490000000002,0.00027700000000008274,167,52
3.62065,9.999999996956888e-07,67,51
3.620704,5.3999999999998494e-05,60,128
3.621023,0.00031900000000018025,1414,241
3.62109,6.700000000003925e-05,60,128
3.621092,1.9999999998354667e-06,60,128
3.6231210000000003,0.0020290000000002806,78,255
3.62413,0.0010089999999998156,60,128
3.624131,1.000000000139778e-06,60,128
3.624132,9.999999996956888e-07,60,128
3.624589,0.0004569999999999297,60,114
3.624911,0.0003220000000001555,107,54
3.625168,0.0002569999999999517,167,128
3.62535,0.0001820000000001265,1414,242
3.626306,0.0009559999999999569,1414,242
3.62668,0.00037399999999987443,60,128
3.626681,1.000000000139778e-06,1414,242
3.6266819999999997,9.999999996956888e-07,66,128
3.626683,1.000000000139778e-06,96,242
3.626759,7.599999999996498e-05,66,127
3.627015,0.000256000000000256,1268,242
3.6270160000000002,1.000000000139778e-06,167,128
3.627223,0.00020699999999962415,1434,242
3.627511,0.000288000000000288,60,128
3.6276159999999997,0.00010499999999957765,60,128
3.627762,0.00014600000000042357,1514,42
3.627763,9.999999996956888e-07,60,127
3.627996,0.00023300000000014975,265,128
3.628067,7.100000000015427e-05,265,127
3.628524,0.0004569999999999297,156,42
3.628715,0.00019100000000005224,60,113
3.628716,9.999999996956888e-07,60,128
3.629294,0.0005779999999999674,625,128
3.629294,0.0,167,128
3.6307739999999997,0.0014799999999999258,167,52
3.630776,2.000000000279556e-06,83,127
3.6310890000000002,0.00031300000000022976,60,128
3.6318989999999998,0.0008099999999995333,60,112
3.6323309999999998,0.00043199999999998795,167,128
3.632459,0.000128000000000128,60,128
3.63246,1.000000000139778e-06,60,128
3.632461,1.000000000139778e-06,60,127
3.632463,1.9999999998354667e-06,60,127
3.633569,0.0011060000000000514,60,49
3.63368,0.00011099999999997223,167,128
3.633934,0.00025399999999997647,1514,128
3.633934,0.0,244,128
3.634134,0.00019999999999997797,60,128
3.634327,0.0001929999999998877,78,252
3.634798,0.0004710000000001102,67,64
3.634942,0.000144000000000144,60,242
3.635115,0.00017299999999975668,60,128
3.635255,0.000140000000000029,60,128
3.6361280000000002,0.0008730000000003457,60,128
3.63613,1.9999999998354667e-06,60,128
3.636231,0.00010099999999990672,60,52
3.636346,0.00011500000000008725,60,128
3.637285,0.0009389999999998011,60,241
3.637463,0.00017800000000001148,60,185
3.637599,0.00013599999999991397,60,64
3.637787,0.000188000000000077,167,51
3.638265,0.0004780000000002005,781,64
3.639206,0.0009410000000000807,253,54
3.639938,0.0007319999999997329,167,128
3.640147,0.0002089999999999037,60,128
3.6402200000000002,7.300000000043383e-05,210,54
3.640423,0.00020299999999995322,60,114
3.640643,0.0002199999999996649,67,51
3.641089,0.0004460000000001685,66,128
3.641091,1.9999999998354667e-06,60,128
3.641092,1.000000000139778e-06,60,128
3.641175,8.300000000005525e-05,66,127
3.641612,0.00043699999999979866,60,128
3.6420019999999997,0.00038999999999989043,348,128
3.6420019999999997,0.0,60,128
3.642068,6.600000000034356e-05,60,127
3.642436,0.00036799999999992394,265,128
3.642508,7.199999999984996e-05,265,127
3.643026,0.0005180000000000184,113,242
3.643096,7.00000000000145e-05,78,255
3.643477,0.0003809999999999647,66,128
3.643961,0.000484000000000151,74,51
3.644086,0.00012500000000015277,66,64
3.6446579999999997,0.0005719999999995729,461,64
3.645135,0.0004770000000000607,60,54
3.645339,0.000204000000000093,60,241
3.64567,0.00033100000000008123,107,128
3.645671,1.000000000139778e-06,115,128
3.646184,0.0005129999999997636,167,128
3.646367,0.00018300000000026628,518,128
3.646368,9.999999996956888e-07,95,128
3.646674,0.0003060000000001395,60,128
3.6466760000000003,2.000000000279556e-06,60,127
3.647541,0.0008649999999996716,60,128
3.647542,1.000000000139778e-06,507,51
3.6475429999999998,9.999999996956888e-07,60,127
3.647608,6.500000000020378e-05,60,128
3.6476100000000002,2.000000000279556e-06,60,127
3.6476889999999997,7.899999999949614e-05,66,64
3.6482229999999998,0.0005340000000000344,66,128
3.648283,6.000000000039307e-05,66,127
3.648484,0.00020099999999967366,66,51
3.648896,0.000412000000000301,66,64
3.6491540000000002,0.0002580000000000915,60,128
3.649156,1.9999999998354667e-06,60,127
3.649504,0.0003479999999997929,138,54
3.649569,6.500000000020378e-05,265,128
3.649642,7.299999999998974e-05,265,127
3.6504440000000002,0.0008020000000001914,60,241
3.651728,0.0012839999999996188,78,252
3.653642,0.0019140000000001933,60,128
3.653644,1.9999999998354667e-06,60,127
3.653645,1.000000000139778e-06,60,128
3.653692,4.6999999999908226e-05,60,127
3.6541230000000002,0.00043100000000029226,167,46
3.654271,0.00014799999999981495,60,49
3.654998,0.0007269999999999222,167,48
3.6570840000000002,0.0020860000000002543,1168,64
3.657134,4.999999999988347e-05,1514,43
3.657579,0.0004450000000000287,1168,64
3.6575800000000003,1.000000000139778e-06,724,64
3.657935,0.0003549999999998832,287,43
3.658163,0.00022799999999989495,60,128
3.658499,0.00033599999999989194,1514,49
3.658662,0.00016300000000013526,1514,49
3.659157,0.0004949999999999122,1514,49
3.659207,4.999999999988347e-05,479,49
3.659351,0.000144000000000144,167,52
3.659795,0.00044399999999988893,60,128
3.659875,8.000000000008001e-05,60,51
3.660095,0.000220000000000109,60,128
3.660097,1.9999999998354667e-06,66,54
3.660822,0.0007250000000000867,60,128
3.660824,1.9999999998354667e-06,336,51
3.6609410000000002,0.00011700000000036681,296,54
3.661111,0.00016999999999978144,107,54
3.661229,0.0001180000000000625,89,116
3.6612299999999998,9.999999996956888e-07,167,128
3.6616239999999998,0.00039400000000000546,465,128
3.6621129999999997,0.0004889999999999617,60,128
3.662299,0.00018600000000024153,66,128
3.662783,0.000484000000000151,167,51
3.663122,0.0003389999999998672,78,255
3.66413,0.00100800000000012,60,128
3.664576,0.0004459999999997244,60,54
3.66474,0.00016400000000027504,1514,128
3.6647410000000002,1.000000000139778e-06,247,128
3.66593,0.0011889999999996625,66,128
3.665993,6.299999999992423e-05,66,127
3.666892,0.0008989999999999831,91,128
3.667033,0.00014100000000016877,60,128
3.6670350000000003,2.000000000279556e-06,60,127
3.667422,0.0003869999999999152,265,128
3.667496,7.399999999968543e-05,265,127
3.669006,0.0015100000000001224,60,116
3.67007,0.0010639999999999539,185,126
3.671212,0.0011420000000001984,66,128
3.671267,5.499999999969418e-05,1514,42
3.671268,1.000000000139778e-06,174,42
3.67148,0.00021199999999987895,60,128
3.671482,2.000000000279556e-06,60,127
3.6714830000000003,1.000000000139778e-06,60,128
3.6715299999999997,4.699999999946414e-05,66,128
3.671532,2.000000000279556e-06,60,127
3.672167,0.0006349999999999412,438,48
3.672168,1.000000000139778e-06,60,128
3.672228,5.999999999994898e-05,60,48
3.672306,7.799999999980045e-05,60,64
3.6731629999999997,0.0008569999999998856,60,64
3.674105,0.0009420000000002204,60,128
3.6741070000000002,2.000000000279556e-06,60,128
3.675142,0.0010349999999998971,167,46
3.676469,0.001326999999999856,60,241
3.677142,0.0006729999999999237,167,128
3.6780239999999997,0.0008819999999998274,66,128
3.678086,6.200000000022854e-05,66,127
3.678693,0.0006070000000000242,167,52
3.678913,0.000220000000000109,60,128
3.678915,1.9999999998354667e-06,60,127
3.6790599999999998,0.0001449999999998397,73,64
3.679356,0.000296000000000074,265,128
3.679427,7.100000000015427e-05,265,127
3.679996,0.0005690000000000417,252,54
3.680221,0.0002249999999999197,149,54
3.680509,0.00028799999999984394,60,128
3.681062,0.0005530000000000257,281,51
3.681286,0.00022400000000022402,91,128
3.681288,1.9999999998354667e-06,91,128
3.681289,1.000000000139778e-06,91,128
3.681391,0.0001020000000000465,91,128
3.68219,0.0007989999999997721,91,128
3.682249,5.9000000000253294e-05,91,128
3.6823069999999998,5.799999999966943e-05,91,128
3.683098,0.0007910000000004302,1451,128
3.683099,9.999999996956888e-07,78,255
3.684138,0.0010390000000000121,60,128
3.6842230000000002,8.500000000033481e-05,60,128
3.684224,9.999999996956888e-07,60,127
3.685013,0.0007890000000001507,60,128
3.685015,1.9999999998354667e-06,60,128
3.685016,1.000000000139778e-06,60,127
3.685017,1.000000000139778e-06,60,127
3.685411,0.00039400000000000546,768,241
3.685747,0.00033599999999989194,66,51
3.686763,0.0010159999999999059,60,54
3.6868309999999997,6.799999999973494e-05,60,128
3.686921,9.000000000014552e-05,60,118
3.687777,0.0008560000000001899,218,54
3.688764,0.0009869999999998491,78,251
3.690897,0.0021330000000001625,167,128
3.691024,0.00012699999999998823,167,48
3.691202,0.00017800000000001148,167,128
3.691573,0.0003709999999998992,60,55
3.691745,0.000172000000000061,60,128
3.692309,0.0005639999999997869,66,128
3.6925689999999998,0.00025999999999992696,60,55
3.693466,0.0008970000000001477,66,128
3.6935320000000003,6.600000000034356e-05,66,127
3.693612,7.999999999963592e-05,60,117
3.694084,0.00047200000000025,1414,242
3.694084,0.0,60,128
3.694679,0.0005949999999996791,60,128
3.694681,2.000000000279556e-06,60,127
3.694993,0.00031200000000009,265,128
3.69517,0.0001769999999998717,1414,242
3.69517,0.0,265,127
3.695306,0.00013599999999991397,1414,242
3.695423,0.00011699999999992272,1414,242
3.695725,0.00030200000000002447,273,128
3.695802,7.700000000010476e-05,167,128
3.696009,0.00020700000000006824,1414,242
3.696009,0.0,138,242
3.696094,8.499999999989072e-05,60,128
3.696205,0.00011099999999997223,60,128
3.696307,0.0001020000000000465,1414,242
3.696308,1.000000000139778e-06,91,128
3.696309,9.999999996956888e-07,342,242
3.696309,0.0,60,116
3.696804,0.0004950000000003563,167,64
3.697175,0.0003709999999998992,60,128
3.697648,0.0004729999999999457,107,128
3.697959,0.0003109999999999502,167,51
3.698397,0.00043799999999993844,115,128
3.699388,0.0009909999999999641,67,64
3.699666,0.0002780000000002225,78,251
3.700365,0.0006990000000000052,72,51
3.700366,9.999999996956888e-07,60,128
3.700367,1.000000000139778e-06,60,128
3.700428,6.100000000008876e-05,60,127
3.70043,1.9999999998354667e-06,60,127
3.700555,0.00012500000000015277,1484,128
3.700679,0.000124000000000013,1298,128
3.700939,0.00025999999999992696,67,51
3.701215,0.00027599999999994296,167,128
3.701407,0.00019200000000019202,627,128
3.701408,9.999999996956888e-07,66,51
3.701466,5.8000000000113516e-05,630,128
3.702854,0.0013879999999999448,95,240
3.703115,0.00026100000000006673,78,255
3.704098,0.0009830000000001782,60,128
3.7041,1.9999999998354667e-06,60,128
3.704102,1.9999999998354667e-06,60,128
3.704103,1.000000000139778e-06,60,127
3.704361,0.0002580000000000915,167,52
3.706033,0.0016720000000001178,167,128
3.706122,8.900000000000574e-05,60,243
3.707107,0.0009850000000000136,359,128
3.707107,0.0,60,106
3.707199,9.199999999998099e-05,620,128
3.70727,7.099999999971018e-05,60,128
3.70823,0.0009600000000000719,60,48
3.7084479999999997,0.00021799999999982944,60,237
3.708738,0.0002900000000001235,167,52
3.709568,0.0008300000000001084,91,128
3.709644,7.599999999996498e-05,60,241
3.709832,0.000188000000000077,60,128
3.710001,0.00016900000000008575,60,128
3.711149,0.0011479999999997048,60,128
3.711151,2.000000000279556e-06,60,128
3.7111520000000002,1.000000000139778e-06,60,128
3.713284,0.0021319999999995787,64,128
3.71351,0.0002260000000000595,66,241
3.71356,5.000000000032756e-05,1414,128
3.713642,8.199999999991547e-05,1175,128
3.713705,6.299999999992423e-05,60,128
3.714219,0.0005139999999999034,290,128
3.714552,0.0003329999999999167,167,52
3.714625,7.299999999998974e-05,91,52
3.714841,0.00021599999999999397,66,241
3.714937,9.600000000009601e-05,107,54
3.71535,0.0004129999999999967,60,128
3.715645,0.0002949999999999342,167,128
3.715773,0.000128000000000128,290,128
3.71812,0.002346999999999877,1434,128
3.7186019999999997,0.0004819999999998714,690,128
3.718845,0.00024300000000021527,167,52
3.719159,0.00031399999999992545,66,128
3.719967,0.0008080000000001419,1414,241
3.720687,0.0007199999999998319,1434,128
3.720688,1.000000000139778e-06,75,241
3.721123,0.0004349999999999632,673,128
3.721193,7.00000000000145e-05,1414,241
3.721193,0.0,167,52
3.721194,1.000000000139778e-06,167,52
3.721243,4.899999999974369e-05,67,51
3.721293,5.000000000032756e-05,60,128
3.721429,0.00013599999999991397,1168,64
3.721883,0.00045399999999995444,1168,64
3.721883,0.0,346,64
3.7221450000000003,0.0002620000000002065,1414,241
3.722146,9.999999996956888e-07,91,52
3.72223,8.400000000019503e-05,78,251
3.722355,0.00012499999999970868,91,52
3.722509,0.00015400000000020952,91,50
3.722619,0.00010999999999983245,60,54
3.722909,0.0002900000000001235,60,128
3.723095,0.00018599999999979744,78,255
3.723488,0.00039300000000030977,66,128
3.724246,0.0007579999999998144,280,54
3.724399,0.00015300000000006975,122,54
3.724491,9.199999999998099e-05,167,128
3.72487,0.00037900000000012923,60,128
3.724876,5.999999999950489e-06,89,115
3.72511,0.00023399999999984544,167,128
3.725168,5.8000000000113516e-05,103,128
3.726216,0.0010479999999999379,60,50
3.72714,0.0009239999999999249,91,50
3.728123,0.0009830000000001782,60,128
3.728125,1.9999999998354667e-06,60,128
3.728316,0.00019100000000005224,91,51
3.728522,0.00020599999999992846,91,51
3.72875,0.00022799999999989495,676,51
3.728751,1.000000000139778e-06,66,51
3.728863,0.00011200000000011201,66,64
3.72921,0.00034700000000009723,167,128
3.729708,0.0004979999999998874,167,52
3.7303699999999997,0.0006619999999997184,66,64
3.7308149999999998,0.0004450000000000287,78,48
3.730867,5.200000000016303e-05,78,48
3.731442,0.0005749999999999922,60,240
3.732303,0.0008610000000000007,167,128
3.732469,0.0001660000000001105,60,52
3.73253,6.100000000008876e-05,60,128
3.732695,0.00016499999999997073,66,54
3.73449,0.001794999999999991,60,128
3.735729,0.0012389999999999901,167,128
3.736795,0.0010659999999997893,60,128
3.7381640000000003,0.0013690000000003977,167,51
3.73858,0.00041599999999952786,1514,43
3.739338,0.0007580000000002585,218,43
3.739555,0.00021700000000013375,60,128
3.73994,0.00038499999999963563,167,128
3.740156,0.00021599999999999397,630,128
3.740312,0.000156000000000045,78,251
3.741152,0.0008400000000001739,242,51
3.741612,0.00045999999999990493,1514,42
3.741612,0.0,60,42
3.742393,0.0007809999999999206,60,128
3.7429230000000002,0.0005300000000003635,62,64
3.742925,1.9999999998354667e-06,630,128
3.743115,0.00018999999999991246,78,255
3.743117,1.9999999998354667e-06,60,242
3.743295,0.00017800000000001148,67,64
3.743297,2.000000000279556e-06,60,128
3.744516,0.001218999999999859,91,48
3.746198,0.0016820000000001833,167,128
3.747274,0.0010759999999998549,60,128
3.747546,0.00027199999999982793,60,241
3.750666,0.0031200000000000117,60,117
3.750753,8.700000000017027e-05,450,64
3.751106,0.0003530000000000477,1475,128
3.751661,0.0005549999999998612,60,55
3.752709,0.0010479999999999379,66,128
3.752941,0.00023200000000000998,60,128
3.7531090000000003,0.00016800000000039006,60,50
3.753235,0.00012599999999984846,60,128
3.753672,0.00043699999999979866,167,46
3.753737,6.500000000020378e-05,67,64
3.754137,0.00039999999999995595,60,128
3.755123,0.0009860000000001534,167,48
3.756326,0.001202999999999843,167,128
3.756406,8.000000000008001e-05,114,128
3.756478,7.199999999984996e-05,114,127
3.758249,0.001771000000000189,78,251
3.758605,0.00035600000000002296,1414,241
3.758892,0.00028699999999970416,60,241
3.759253,0.00036100000000027777,1236,241
3.759401,0.00014799999999981495,1414,241
3.759501,0.00010000000000021103,1236,241
3.759502,9.999999996956888e-07,167,52
3.759919,0.0004170000000001117,60,128
3.759921,1.9999999998354667e-06,60,128
3.760545,0.00062400000000018,60,115
3.760681,0.00013599999999991397,67,51
3.760834,0.00015300000000006975,364,128
3.761708,0.0008740000000000414,364,128
3.763092,0.0013839999999998298,78,255
3.763188,9.600000000009601e-05,167,51
3.765142,0.0019540000000000113,66,43
3.766435,0.0012929999999999886,1414,241
3.766436,1.000000000139778e-06,89,49
3.769148,0.0027119999999998257,78,48
3.769215,6.700000000003925e-05,78,48
3.770525,0.0013100000000001444,427,55
3.772236,0.001710999999999796,167,128
3.77524,0.0030040000000002287,167,46
3.775858,0.0006179999999997854,1168,64
3.7762409999999997,0.00038299999999980017,1168,64
3.776242,1.000000000139778e-06,322,64
3.77786,0.0016180000000001193,1434,243
3.779118,0.0012579999999999814,167,52
3.7794980000000002,0.000380000000000269,91,128
3.7807079999999997,0.0012099999999994893,1434,243
3.7807079999999997,0.0,214,243
3.780796,8.800000000031005e-05,202,51
3.780883,8.700000000017027e-05,91,128
3.780884,9.999999996956888e-07,91,128
3.781106,0.00022199999999994446,1434,243
3.781106,0.0,66,242
3.781483,0.00037700000000029377,60,128
3.78159,0.00010699999999985721,60,48
3.782347,0.0007570000000001187,60,128
3.782756,0.0004089999999998817,60,242
3.783132,0.000376000000000154,78,255
3.783633,0.0005009999999998627,285,128
3.785083,0.0014500000000001734,1514,43
3.785669,0.0005859999999997534,216,43
3.786053,0.00038399999999993994,60,128
3.786749,0.0006960000000000299,627,128
3.787794,0.0010449999999999626,60,128
3.7892900000000003,0.001496000000000386,1514,42
3.789291,9.999999996956888e-07,198,42
3.789292,1.000000000139778e-06,124,53
3.790267,0.0009749999999999481,60,128
3.790902,0.0006349999999999412,167,128
3.790903,1.000000000139778e-06,167,48
3.790905,1.9999999998354667e-06,628,128
3.791216,0.0003109999999999502,167,128
3.791905,0.0006889999999999397,78,251
3.7927210000000002,0.000816000000000372,167,64
3.793084,0.00036299999999966914,66,51
3.793308,0.00022400000000022402,60,128
3.7958,0.0024919999999997167,167,128
3.79638,0.000580000000000247,74,64
3.797597,0.0012170000000000236,67,64
3.797933,0.00033599999999989194,167,51
3.800214,0.0022809999999999775,60,128
3.8007619999999998,0.0005479999999997709,67,51
3.8010580000000003,0.00029600000000051807,78,251
3.801225,0.0001669999999998062,167,128
3.803093,0.0018679999999999808,78,255
3.804223,0.0011299999999998533,60,51
3.8043940000000003,0.0001710000000003653,60,128
3.8060549999999997,0.0016609999999994685,167,128
3.80631,0.00025500000000011624,167,52
3.8082219999999998,0.0019119999999999138,60,242
3.808938,0.000716000000000161,167,52
3.809228,0.0002900000000001235,60,52
3.8115259999999997,0.002297999999999689,1434,243
3.812585,0.0010590000000001432,60,128
3.812634,4.900000000018778e-05,1434,243
3.81284,0.00020599999999992846,1434,243
3.81296,0.00011999999999989797,1434,243
3.812961,1.000000000139778e-06,97,241
3.8129619999999997,9.999999996956888e-07,187,242
3.814199,0.0012370000000001546,60,48
3.814258,5.9000000000253294e-05,167,52
3.8144780000000003,0.000220000000000109,101,128
3.815073,0.0005949999999996791,896,128
3.815074,1.000000000139778e-06,1434,128
3.815075,1.000000000139778e-06,60,128
3.815202,0.00012699999999998823,60,242
3.815329,0.00012699999999998823,1414,128
3.815329,0.0,66,242
3.815652,0.0003229999999998512,167,128
3.815742,9.000000000014552e-05,1417,128
3.816318,0.0005759999999996879,60,128
3.81651,0.00019200000000019202,91,50
3.816737,0.00022699999999975518,78,251
3.8168509999999998,0.00011399999999994748,278,128
3.817399,0.000548000000000215,1414,128
3.817488,8.900000000000574e-05,1122,128
3.8177060000000003,0.00021800000000027353,91,51
3.817834,0.00012799999999968392,97,241
3.818619,0.0007850000000000357,167,52
3.818991,0.00037200000000003897,67,64
3.8193,0.00030900000000011474,896,128
3.819505,0.00020499999999978868,1414,128
3.819585,8.000000000008001e-05,1023,128
3.820023,0.00043799999999993844,167,52
3.820571,0.000548000000000215,167,52
3.821603,0.0010319999999999219,1514,55
3.8224869999999997,0.0008839999999996628,1514,55
3.822704,0.00021700000000013375,1514,55
3.822849,0.0001450000000002838,1514,55
3.822979,0.00012999999999996348,1514,55
3.8229800000000003,1.000000000139778e-06,75,51
3.823034,5.3999999999554404e-05,60,128
3.823114,8.000000000008001e-05,78,255
3.823709,0.0005950000000001232,1514,55
3.8238060000000003,9.700000000023579e-05,60,128
3.823864,5.799999999966943e-05,1514,55
3.8239929999999998,0.0001289999999998237,1514,55
3.824117,0.00012400000000045708,1514,55
3.824117,0.0,60,128
3.824277,0.00015999999999971593,1514,55
3.824417,0.000140000000000029,1514,55
3.824418,1.000000000139778e-06,431,55
3.824566,0.00014799999999981495,60,128
3.824773,0.00020700000000006824,1514,55
3.824861,8.799999999986596e-05,1127,55
3.825317,0.000456000000000234,60,128
3.82606,0.0007429999999999382,60,128
3.826311,0.0002510000000000012,91,51
3.826792,0.00048100000000017573,1514,55
3.827569,0.0007769999999998056,1514,55
3.827786,0.00021700000000013375,1514,55
3.827919,0.00013299999999993872,1514,55
3.828045,0.00012599999999984846,1514,55
3.828322,0.00027700000000008274,1514,55
3.828413,9.099999999984121e-05,167,128
3.828476,6.300000000036832e-05,1514,55
3.828576,9.999999999976694e-05,167,128
3.828626,4.999999999988347e-05,1514,55
3.828834,0.00020800000000020802,60,128
3.828836,1.9999999998354667e-06,1514,55
3.828982,0.00014599999999997948,1514,55
3.829112,0.00012999999999996348,1514,55
3.829113,1.000000000139778e-06,431,55
3.8292289999999998,0.00011599999999978294,167,128
3.829341,0.00011200000000011201,1514,55
3.829566,0.0002249999999999197,630,48
3.829695,0.0001290000000002678,60,64
3.829913,0.00021799999999982944,60,128
3.830132,0.00021899999999996922,1514,55
3.830269,0.00013700000000005375,1514,55
3.83027,1.000000000139778e-06,167,52
3.8304080000000003,0.00013800000000019352,1514,55
3.830531,0.0001229999999998732,1514,55
3.830655,0.000124000000000013,1514,55
3.830856,0.00020099999999967366,1514,55
3.8309860000000002,0.00013000000000040757,1514,55
3.831109,0.0001229999999998732,1514,55
3.831221,0.00011200000000011201,60,128
3.831223,1.9999999998354667e-06,1514,55
3.831223,0.0,66,53
3.831358,0.0001349999999997742,182,50
3.831478,0.00012000000000034206,142,255
3.831479,9.999999996956888e-07,142,255
3.8314820000000003,3.000000000419334e-06,142,255
3.832225,0.0007429999999999382,60,128
3.832313,8.799999999986596e-05,167,128
3.832561,0.000248000000000026,1514,54
3.8325620000000002,1.000000000139778e-06,74,50
3.832681,0.00011899999999975819,66,64
3.832836,0.00015499999999990521,1514,54
3.8330729999999997,0.0002369999999998207,60,128
3.8334070000000002,0.00033400000000050056,472,64
3.83365,0.00024299999999977118,91,128
3.833724,7.400000000012952e-05,91,128
3.833778,5.3999999999998494e-05,91,128
3.833832,5.3999999999998494e-05,91,128
3.834271,0.0004390000000000782,60,128
3.835744,0.0014729999999998356,167,128
3.836755,0.0010110000000000952,1514,42
3.837778,0.0010229999999999961,1514,42
3.837945,0.0001669999999998062,1224,42
3.837946,1.000000000139778e-06,167,51
3.838134,0.000188000000000077,60,128
3.838672,0.0005379999999997054,60,128
3.839178,0.0005060000000001175,1514,43
3.839179,1.000000000139778e-06,317,43
3.839617,0.00043799999999993844,624,128
3.839954,0.0003370000000000317,167,128
3.840164,0.00021000000000004349,60,128
3.840165,9.999999996956888e-07,1434,243
3.840249,8.400000000019503e-05,92,128
3.8403080000000003,5.9000000000253294e-05,1168,64
3.840839,0.0005309999999996151,1168,64
3.84084,1.000000000139778e-06,768,64
3.841346,0.0005060000000001175,1434,243
3.841347,9.999999996956888e-07,179,51
3.842212,0.0008650000000001157,1434,243
3.842333,0.00012100000000003774,1434,243
3.842334,1.000000000139778e-06,78,251
3.842675,0.00034099999999970265,60,128
3.843115,0.000440000000000218,78,255
3.843976,0.0008610000000000007,60,128
3.844868,0.0008919999999998929,460,64
3.84499,0.00012200000000017752,1320,128
3.845653,0.0006629999999998581,1434,243
3.846265,0.0006119999999998349,167,128
3.84679,0.0005250000000001087,1434,243
3.846996,0.00020599999999992846,1434,243
3.847709,0.0007130000000001857,1434,243
3.8479010000000002,0.00019200000000019202,1434,243
3.8479010000000002,0.0,60,242
3.847902,9.999999996956888e-07,60,242
3.8483460000000003,0.000444000000000333,60,128
3.8484949999999998,0.00014899999999951064,681,242
3.848568,7.300000000043383e-05,487,242
3.848976,0.0004079999999997419,60,128
3.84908,0.00010399999999988196,66,128
3.849142,6.200000000022854e-05,66,127
3.849915,0.0007730000000001347,1514,55
3.849971,5.599999999983396e-05,60,128
3.849972,1.000000000139778e-06,60,127
3.850362,0.00038999999999989043,265,128
3.850434,7.199999999984996e-05,265,127
3.8510400000000002,0.0006060000000003285,1514,55
3.851109,6.899999999987472e-05,60,128
3.85129,0.00018099999999998673,1514,55
3.851413,0.0001229999999998732,1514,55
3.851526,0.0001129999999998077,60,128
3.851529,3.000000000419334e-06,1514,55
3.851731,0.00020199999999981344,1514,55
3.851849,0.0001180000000000625,1434,128
3.8518499999999998,9.999999996956888e-07,1514,55
3.851982,0.00013200000000024303,1514,55
3.852219,0.0002369999999998207,666,128
3.852405,0.00018600000000024153,60,128
3.852819,0.0004140000000001365,1514,55
3.852954,0.0001349999999997742,1514,55
3.853152,0.0001980000000001425,1514,55
3.853301,0.00014899999999995472,1514,55
3.853471,0.00016999999999978144,1514,55
3.853602,0.00013100000000010326,1514,55
3.853797,0.00019500000000016726,1514,55
3.853921,0.000124000000000013,1514,55
3.853922,9.999999996956888e-07,60,128
3.854044,0.00012200000000017752,1514,55
3.854202,0.00015799999999988046,1514,55
3.854203,1.000000000139778e-06,91,244
3.854542,0.0003389999999998672,60,128
3.8545439999999997,1.9999999998354667e-06,60,127
3.855172,0.000628000000000295,167,46
3.855228,5.599999999983396e-05,167,48
3.855278,5.000000000032756e-05,60,128
3.855359,8.09999999997757e-05,60,128
3.8553610000000003,2.000000000279556e-06,60,127
3.855362,9.999999996956888e-07,60,128
3.855409,4.6999999999908226e-05,60,127
3.85582,0.00041100000000016124,1514,55
3.856349,0.0005289999999997796,1514,54
3.856554,0.00020500000000023277,1514,55
3.856767,0.00021300000000001873,1514,55
3.856893,0.00012599999999984846,1514,54
3.857016,0.0001229999999998732,1514,55
3.857017,1.000000000139778e-06,60,128
3.857138,0.00012100000000003774,1514,55
3.857218,8.000000000008001e-05,60,128
3.8572670000000002,4.900000000018778e-05,1514,54
3.8573969999999997,0.0001299999999995194,1514,55
3.85752,0.0001230000000003173,1514,55
3.857643,0.0001229999999998732,1514,55
3.857766,0.0001229999999998732,1514,55
3.8578900000000003,0.00012400000000045708,1514,55
3.858013,0.0001229999999998732,1514,55
3.858191,0.00017800000000001148,60,128
3.858796,0.0006049999999997446,1514,55
3.858906,0.00011000000000027654,60,128
3.858955,4.899999999974369e-05,1514,55
3.8590809999999998,0.00012599999999984846,1514,55
3.8592180000000003,0.00013700000000049783,60,128
3.859287,6.899999999987472e-05,1514,55
3.859343,5.599999999983396e-05,621,55
3.859344,1.000000000139778e-06,167,52
3.8593450000000002,1.000000000139778e-06,66,52
3.860194,0.0008489999999996556,60,128
3.861094,0.0009000000000001229,60,128
3.8611459999999997,5.199999999971894e-05,67,51
3.861285,0.0001390000000003333,167,128
3.86143,0.0001449999999998397,91,53
3.8618930000000002,0.00046300000000032426,1168,64
3.862378,0.00048499999999984666,1168,64
3.862379,9.999999996956888e-07,676,64
3.862461,8.200000000035956e-05,60,241
3.862542,8.09999999997757e-05,1318,64
3.862711,0.00016900000000008575,60,242
3.8628400000000003,0.0001290000000002678,91,52
3.862842,1.9999999998354667e-06,167,51
3.86289,4.8000000000048004e-05,91,52
3.863368,0.0004779999999997564,1414,128
3.863431,6.299999999992423e-05,822,128
3.86348,4.900000000018778e-05,91,51
3.863703,0.00022300000000008424,60,241
3.864605,0.0009019999999999584,1414,128
3.864661,5.599999999983396e-05,737,128
3.864779,0.0001180000000000625,1414,128
3.864831,5.200000000016303e-05,365,242
3.864882,5.100000000002325e-05,1024,128
3.865018,0.00013599999999991397,670,241
3.865576,0.0005579999999998364,66,128
3.867528,0.0019520000000001758,1514,50
3.867687,0.00015900000000002024,66,64
3.867897,0.00021000000000004349,1514,50
3.867988,9.099999999984121e-05,66,64
3.868038,4.999999999988347e-05,1514,50
3.868095,5.699999999997374e-05,66,64
3.868863,0.000768000000000324,1514,50
3.868957,9.399999999981645e-05,66,64
3.871566,0.0026090000000000835,78,251
3.871919,0.0003530000000000477,78,255
3.872201,0.00028199999999989345,167,128
3.872618,0.0004170000000001117,67,64
3.873132,0.0005139999999999034,1434,243
3.873265,0.00013299999999993872,72,128
3.874376,0.001110999999999862,1434,243
3.874569,0.0001930000000003318,1410,243
3.87457,9.999999996956888e-07,60,243
3.87464,7.00000000000145e-05,60,128
3.87485,0.00021000000000004349,1514,42
3.8752370000000003,0.0003870000000003593,1514,42
3.875293,5.599999999983396e-05,620,42
3.8752940000000002,1.000000000139778e-06,167,46
3.875387,9.299999999967667e-05,170,52
3.875913,0.0005260000000002485,170,52
3.875914,9.999999996956888e-07,60,128
3.876094,0.00018000000000029104,60,128
3.876304,0.00021000000000004349,60,128
3.876896,0.0005919999999997039,170,52
3.879041,0.0021450000000000635,167,52
3.880621,0.0015800000000001369,76,51
3.882628,0.00200699999999987,446,64
3.883085,0.0004569999999999297,78,255
3.884029,0.0009440000000000559,66,41
3.884134,0.00010500000000002174,1004,64
3.886985,0.002851000000000159,78,59
3.88815,0.0011649999999998606,60,128
3.888152,1.9999999998354667e-06,60,128
3.889255,0.0011030000000000761,60,244
3.890897,0.0016419999999999213,167,128
3.891213,0.000316000000000205,167,128
3.891523,0.00030999999999981043,167,48
3.891682,0.00015900000000002024,167,64
3.893043,0.0013610000000001676,80,128
3.894083,0.001040000000000152,77,64
3.894959,0.0008759999999998769,1138,54
3.8953759999999997,0.00041699999999966764,1514,54
3.895849,0.0004730000000003898,167,128
3.8961040000000002,0.00025500000000011624,66,128
3.896205,0.00010099999999990672,60,128
3.897754,0.0015489999999998005,167,51
3.90111,0.0033560000000001367,198,51
3.901183,7.299999999998974e-05,167,128
3.9017340000000003,0.0005510000000001902,60,243
3.903015,0.0012809999999996435,66,128
3.90308,6.500000000020378e-05,66,127
3.9030810000000002,1.000000000139778e-06,78,255
3.903212,0.00013099999999965917,78,59
3.903946,0.0007340000000000124,60,128
3.9039479999999998,1.9999999998354667e-06,60,127
3.904117,0.00016900000000008575,265,128
3.904188,7.100000000015427e-05,265,127
3.904278,9.000000000014552e-05,363,53
3.904359,8.09999999997757e-05,167,52
3.9048920000000003,0.0005330000000003388,78,48
3.904966,7.399999999968543e-05,78,48
3.905292,0.0003260000000002705,342,64
3.905577,0.0002849999999998687,60,128
3.905931,0.0003539999999997434,1345,50
3.906049,0.0001180000000000625,167,128
3.906159,0.00011000000000027654,60,128
3.906395,0.0002359999999996809,66,64
3.908277,0.0018820000000001613,114,128
3.908346,6.899999999987472e-05,114,127
3.908347,1.000000000139778e-06,60,128
3.908349,1.9999999998354667e-06,60,128
3.90835,1.000000000139778e-06,60,127
3.9083959999999998,4.599999999976845e-05,60,127
3.908762,0.0003660000000000885,167,52
3.910233,0.001471,60,241
3.911176,0.0009430000000003602,60,128
3.911291,0.00011499999999964317,159,51
3.911483,0.00019200000000019202,60,242
3.911635,0.00015199999999992997,66,241
3.911895,0.00025999999999992696,60,128
3.912111,0.00021599999999999397,66,128
3.91223,0.00011900000000020228,66,128
3.912337,0.00010699999999985721,66,128
3.912338,1.000000000139778e-06,290,128
3.912429,9.099999999984121e-05,66,128
3.9125199999999998,9.099999999984121e-05,66,128
3.912611,9.10000000002853e-05,66,128
3.912613,1.9999999998354667e-06,60,242
3.912772,0.00015900000000002024,176,242
3.914523,0.001751000000000058,97,128
3.91474,0.00021700000000013375,167,52
3.91492,0.00017999999999984695,67,64
3.915645,0.0007250000000000867,167,128
3.915936,0.0002909999999998192,66,52
3.916195,0.00025900000000023127,74,64
3.916349,0.00015399999999976544,677,242
3.916349,0.0,66,52
3.91705,0.0007010000000002847,60,242
3.917923,0.0008729999999999016,927,242
3.917924,1.000000000139778e-06,66,41
3.918368,0.00044399999999988893,167,52
3.9186170000000002,0.00024900000000016576,167,52
3.919547,0.0009299999999998754,96,51
3.9205959999999997,0.0010489999999996336,167,52
3.920598,2.000000000279556e-06,67,51
3.921175,0.0005769999999998277,60,128
3.921176,1.000000000139778e-06,60,128
3.921906,0.0007299999999998974,74,64
3.922056,0.0001500000000000945,62,127
3.922152,9.600000000009601e-05,62,127
3.92305,0.0008979999999998434,167,128
3.923051,1.000000000139778e-06,78,255
3.923886,0.0008349999999999191,66,128
3.9239509999999997,6.49999999997597e-05,66,127
3.924279,0.000328000000000106,60,127
3.924537,0.0002580000000000915,167,128
3.924595,5.8000000000113516e-05,160,1
3.9250030000000002,0.000408000000000186,66,128
3.925064,6.099999999964467e-05,66,127
3.925197,0.00013299999999993872,60,128
3.925199,2.000000000279556e-06,60,127
3.925382,0.0001829999999998222,60,128
3.925384,2.000000000279556e-06,60,127
3.925736,0.00035199999999990794,265,128
3.925808,7.199999999984996e-05,265,127
3.925871,6.299999999992423e-05,265,128
3.925941,7.00000000000145e-05,265,127
3.9270680000000002,0.0011270000000003222,60,128
3.92707,1.9999999998354667e-06,60,128
3.927536,0.0004659999999998554,78,48
3.927632,9.600000000009601e-05,78,48
3.927783,0.0001509999999997902,78,48
3.928089,0.0003060000000001395,60,128
3.928166,7.700000000010476e-05,60,128
3.928276,0.00010999999999983245,91,128
3.929161,0.0008850000000002467,60,128
3.929233,7.199999999984996e-05,167,128
3.9297050000000002,0.00047200000000025,167,52
3.929777,7.199999999984996e-05,60,128
3.9297779999999998,9.999999996956888e-07,60,127
3.930057,0.0002790000000003623,60,128
3.930058,9.999999996956888e-07,60,127
3.930107,4.900000000018778e-05,60,128
3.930109,1.9999999998354667e-06,60,127
3.932254,0.0021450000000000635,167,128
3.935422,0.0031680000000000597,60,242
3.935652,0.0002300000000001745,60,128
3.935654,1.9999999998354667e-06,60,127
3.935713,5.8999999999809205e-05,167,128
3.936054,0.00034100000000014674,60,128
3.9360559999999998,1.9999999998354667e-06,60,128
3.936057,1.000000000139778e-06,60,127
3.936059,2.000000000279556e-06,60,127
3.936373,0.00031399999999992545,67,64
3.936521,0.00014799999999981495,78,59
3.937832,0.0013110000000002842,167,51
3.938756,0.0009239999999999249,91,128
3.938832,7.599999999996498e-05,91,128
3.93889,5.799999999966943e-05,91,128
3.939198,0.00030800000000041905,78,59
3.939906,0.0007079999999999309,167,128
3.940268,0.00036199999999997345,91,128
3.9403259999999998,5.799999999966943e-05,91,128
3.940381,5.500000000013827e-05,91,128
3.940817,0.00043600000000010297,67,51
3.941036,0.00021899999999996922,78,50
3.941161,0.00012500000000015277,60,128
3.9411620000000003,1.000000000139778e-06,66,64
3.9412890000000003,0.00012699999999998823,66,55
3.941509,0.0002199999999996649,60,128
3.941755,0.0002460000000001905,445,64
3.9423500000000002,0.0005950000000001232,66,55
3.942462,0.00011199999999966792,66,55
3.9426069999999998,0.0001449999999998397,66,55
3.942712,0.00010500000000046583,66,55
3.942873,0.0001609999999998557,66,55
3.943057,0.00018399999999996197,452,128
3.943113,5.599999999983396e-05,78,255
3.943206,9.300000000012076e-05,60,128
3.9432080000000003,2.000000000279556e-06,60,128
3.943209,9.999999996956888e-07,60,128
3.94321,1.000000000139778e-06,60,128
3.943211,9.999999996956888e-07,60,128
3.945091,0.0018800000000003259,66,50
3.9462159999999997,0.0011249999999995985,167,128
3.946773,0.0005570000000001407,440,128
3.9470140000000002,0.0002410000000003798,416,128
3.947447,0.00043299999999968364,448,128
3.9478210000000002,0.0003740000000003185,452,128
3.94815,0.0003289999999998017,433,128
3.949102,0.0009519999999998419,60,115
3.950318,0.001216000000000328,60,242
3.95452,0.004201999999999817,167,46
3.95492,0.00039999999999995595,167,48
3.956331,0.001411000000000051,60,128
3.956333,1.9999999998354667e-06,60,127
3.957186,0.0008530000000002147,1414,128
3.957258,7.199999999984996e-05,970,128
3.957424,0.0001660000000001105,183,241
3.958474,0.0010499999999997733,1168,64
3.958531,5.699999999997374e-05,97,128
3.958884,0.0003530000000000477,1168,64
3.958884,0.0,709,64
3.959045,0.0001610000000002998,896,128
3.9592460000000003,0.00020100000000011775,1414,128
3.959417,0.00017099999999992122,167,52
3.960814,0.0013969999999998706,237,51
3.961237,0.0004230000000000622,167,128
3.961239,1.9999999998354667e-06,74,49
3.96138,0.00014100000000016877,66,64
3.9619619999999998,0.0005819999999996384,443,64
3.962307,0.00034500000000026176,1414,241
3.963045,0.0007380000000001274,777,48
3.963046,9.999999996956888e-07,167,51
3.963048,2.000000000279556e-06,78,255
3.963159,0.00011099999999997223,60,64
3.963384,0.0002249999999999197,1414,241
3.963503,0.00011900000000020228,1414,241
3.963504,9.999999996956888e-07,96,241
3.963746,0.0002420000000000755,60,128
3.963805,5.8999999999809205e-05,1414,241
3.9644500000000003,0.0006450000000004508,1414,241
3.964451,9.999999996956888e-07,60,241
3.964611,0.00016000000000016001,60,128
3.964612,9.999999996956888e-07,539,242
3.965756,0.0011440000000000339,60,128
3.967746,0.0019900000000001583,78,59
3.970321,0.002575000000000216,60,128
3.972838,0.0025169999999996584,60,128
3.97403,0.0011920000000000819,91,50
3.9750259999999997,0.0009959999999997748,91,50
3.975234,0.00020800000000020802,167,46
3.976068,0.0008340000000002235,143,242
3.97607,1.9999999998354667e-06,91,52
3.976071,1.000000000139778e-06,60,128
3.976285,0.00021399999999971442,91,50
3.977163,0.0008780000000001564,167,128
3.977426,0.0002629999999999022,271,128
3.977702,0.00027599999999994296,816,128
3.977764,6.200000000022854e-05,194,117
3.978221,0.0004569999999999297,152,128
3.978789,0.0005679999999999019,167,52
3.979593,0.0008040000000000269,72,64
3.980513,0.000920000000000254,66,128
3.980574,6.099999999964467e-05,66,127
3.980881,0.00030700000000027927,78,59
3.981249,0.00036799999999992394,60,55
3.981356,0.00010699999999985721,60,55
3.981413,5.699999999997374e-05,60,128
3.981414,1.000000000139778e-06,60,127
3.981483,6.899999999987472e-05,91,51
3.981484,1.000000000139778e-06,66,128
3.98158,9.600000000009601e-05,66,127
3.981785,0.00020499999999978868,265,128
3.981985,0.00019999999999997797,1514,55
3.981985,0.0,265,127
3.982131,0.00014599999999997948,1514,55
3.98226,0.0001290000000002678,60,128
3.98231,4.999999999988347e-05,1514,55
3.982311,1.000000000139778e-06,60,127
3.9826420000000002,0.00033100000000008123,1514,55
3.982643,9.999999996956888e-07,91,51
3.982898,0.00025500000000011624,1514,55
3.983023,0.00012500000000015277,1514,55
3.983024,9.999999996956888e-07,340,51
3.9831149999999997,9.099999999984121e-05,78,255
3.9835089999999997,0.00039400000000000546,60,128
3.983736,0.00022700000000019926,1514,55
3.98386,0.000124000000000013,1514,55
3.98386,0.0,425,241
3.983861,1.000000000139778e-06,60,55
3.983909,4.8000000000048004e-05,60,55
3.9840809999999998,0.0001719999999996169,60,55
3.984224,0.00014300000000044832,60,55
3.9851929999999998,0.0009689999999995536,377,55
3.9852790000000002,8.600000000047459e-05,60,128
3.985533,0.00025399999999997647,1514,55
3.985656,0.0001229999999998732,1514,55
3.985706,4.999999999988347e-05,536,55
3.986064,0.00035799999999985843,60,128
3.986066,2.000000000279556e-06,60,127
3.9860670000000002,1.000000000139778e-06,60,128
3.986114,4.6999999999908226e-05,60,127
3.986328,0.00021399999999971442,1514,55
3.986328,0.0,60,128
3.986484,0.000156000000000045,1514,55
3.986542,5.8000000000113516e-05,665,55
3.9867660000000003,0.00022400000000022402,1502,55
3.987438,0.0006719999999997839,453,128
3.987677,0.00023900000000010024,434,128
3.987912,0.00023499999999998522,60,128
3.9881320000000002,0.000220000000000109,60,128
3.990874,0.002741999999999578,167,128
3.991217,0.0003429999999999822,167,128
3.992318,0.0011010000000002407,265,128
3.992389,7.100000000015427e-05,265,127
3.992701,0.0003119999999996459,74,64
3.992892,0.00019100000000005224,91,128
3.99297,7.800000000024454e-05,91,128
3.993028,5.799999999966943e-05,91,128
3.993086,5.8000000000113516e-05,91,128
3.995813,0.002727000000000146,167,128
3.995927,0.00011399999999994748,66,128
3.9960329999999997,0.00010599999999971743,167,48
3.996394,0.00036100000000027777,507,49
3.996395,1.000000000139778e-06,60,128
3.996445,4.999999999988347e-05,60,127
3.996531,8.60000000000305e-05,66,64
3.997235,0.0007039999999998159,1414,128
3.997286,5.100000000002325e-05,60,128
3.997288,2.000000000279556e-06,737,128
3.997289,9.999999996956888e-07,66,49
3.997349,5.999999999994898e-05,60,128
3.997399,5.000000000032756e-05,60,127
3.997401,1.9999999998354667e-06,1414,128
3.997462,6.100000000008876e-05,60,127
3.9975110000000003,4.900000000018778e-05,1042,128
3.9978540000000002,0.0003429999999999822,167,51
3.998044,0.00018999999999991246,66,64
3.998831,0.0007869999999998711,66,128
3.998894,6.299999999992423e-05,66,127
3.999086,0.00019200000000019202,167,64
3.999742,0.0006559999999997679,60,128
3.9997949999999998,5.2999999999858716e-05,60,242
3.999797,2.000000000279556e-06,60,127
4.000238,0.00044100000000035777,91,128
4.000735,0.0004969999999993036,67,51
4.000885,0.0001500000000005386,60,241
4.00123,0.0003449999999993736,167,128
4.001658,0.000428000000000317,67,64
4.00166,2.000000000279556e-06,60,241
4.001797,0.00013699999999960966,78,59
4.001984,0.0001870000000003813,1024,128
4.003113,0.0011289999999997136,78,255
4.003903,0.0007900000000002905,60,40
4.004242,0.0003389999999994231,60,128
4.004331,8.900000000000574e-05,60,128
4.004389,5.8000000000113516e-05,60,128
4.004609,0.0002200000000005531,167,52
4.004881,0.00027199999999982793,60,242
4.006024,0.001142999999999894,167,128
4.006353,0.0003289999999998017,463,242
4.006354,1.000000000139778e-06,78,52
4.006355,1.000000000139778e-06,78,52
4.006443,8.799999999986596e-05,362,242
4.006444,1.000000000139778e-06,78,51
4.006606,0.0001619999999995514,60,128
4.007362,0.0007559999999999789,60,242
4.008486,0.001124000000000791,649,241
4.008772,0.0002859999999991203,60,128
4.009261,0.0004890000000008499,167,52
4.009437,0.00017599999999973193,896,128
4.009562,0.00012499999999970868,1000,50
4.009612,4.999999999988347e-05,1414,128
4.00968,6.800000000062312e-05,1042,128
4.009681,9.999999992515995e-07,66,64
4.01011,0.0004290000000004568,265,128
4.010183,7.299999999954565e-05,265,127
4.010404,0.00022100000000069286,66,50
4.011169,0.0007649999999994606,66,64
4.012653,0.001484000000000485,67,64
4.01317,0.0005169999999994346,1514,55
4.014232,0.0010620000000001184,60,128
4.014234,2.000000000279556e-06,1514,55
4.014234,0.0,60,128
4.014236,2.000000000279556e-06,60,127
4.014301,6.49999999993156e-05,60,127
4.014448,0.00014700000000011926,1514,55
4.014568,0.00011999999999989797,1514,55
4.014692,0.00012400000000045708,1514,55
4.014692,0.0,167,52
4.014835,0.00014299999999956015,60,128
4.01537,0.0005350000000001742,1514,55
4.015503,0.00013299999999993872,1514,55
4.015626,0.0001230000000003173,1514,55
4.015627,1.000000000139778e-06,167,128
4.01575,0.00012299999999942912,1514,55
4.0158760000000004,0.00012600000000073663,1514,55
4.015877,9.999999992515995e-07,393,241
4.016275,0.00039800000000056457,60,128
4.016574,0.0002990000000000492,78,53
4.017048,0.0004739999999996414,78,53
4.017227,0.00017900000000015126,78,52
4.018347,0.001120000000000232,60,127
4.018692,0.0003449999999993736,167,52
4.019315,0.0006230000000000402,218,127
4.019372,5.699999999997374e-05,167,52
4.019669,0.00029700000000065785,362,127
4.020412,0.0007429999999999382,60,241
4.02052,0.00010799999999999699,167,52
4.021155,0.0006349999999999412,364,51
4.021927,0.0007719999999995508,1514,55
4.022881,0.0009540000000001214,60,128
4.0229800000000004,9.900000000051534e-05,91,128
4.02303,4.999999999988347e-05,1514,55
4.023031,9.999999992515995e-07,91,128
4.023106,7.500000000071338e-05,78,255
4.023108,1.9999999993913775e-06,91,128
4.02324,0.00013200000000068712,1514,55
4.023382,0.00014199999999942037,1514,55
4.023507,0.00012500000000059686,1514,55
4.023508,9.999999992515995e-07,229,117
4.023944,0.00043600000000054706,152,128
4.024149,0.00020500000000023277,60,128
4.024271,0.00012199999999928934,1514,55
4.024439,0.00016800000000039006,1514,55
4.024562,0.0001230000000003173,1514,55
4.024685,0.00012299999999942912,1514,55
4.024809,0.00012400000000045708,1514,55
4.02481,1.000000000139778e-06,78,59
4.025376,0.0005659999999991783,60,128
4.025426,5.000000000077165e-05,167,128
4.026264,0.0008379999999998944,60,128
4.028215,0.001951000000000036,770,128
4.028216,9.999999992515995e-07,91,128
4.029226,0.0010100000000008436,167,128
4.029332,0.00010599999999971743,91,52
4.02967,0.0003380000000001715,74,64
4.029672,1.9999999993913775e-06,167,52
4.030396,0.0007239999999999469,60,54
4.03062,0.00022400000000022402,60,54
4.030622,2.000000000279556e-06,60,128
4.030728,0.00010599999999971743,60,54
4.030729,1.000000000139778e-06,60,128
4.030858,0.0001290000000002678,91,52
4.030968,0.00010999999999938836,60,128
4.03097,2.000000000279556e-06,91,50
4.031029,5.9000000000253294e-05,60,128
4.031031,1.9999999993913775e-06,60,128
4.031032,1.000000000139778e-06,60,128
4.031034,2.000000000279556e-06,60,128
4.031648,0.0006139999999996704,91,52
4.03173,8.199999999991547e-05,167,128
4.032314,0.0005840000000008061,167,128
4.034007,0.0016929999999995005,1168,64
4.034464,0.0004569999999999297,1168,64
4.034465,1.000000000139778e-06,658,64
4.037289,0.0028240000000003818,66,242
4.037528,0.00023899999999965615,60,128
4.037964,0.0004359999999996589,290,128
4.03823,0.0002660000000007656,167,51
4.038288,5.799999999922534e-05,66,128
4.038289,1.000000000139778e-06,78,59
4.038352,6.299999999992423e-05,66,127
4.039471,0.0011190000000000921,60,128
4.039472,1.000000000139778e-06,60,127
4.039754,0.00028200000000033754,66,50
4.039909,0.00015499999999946112,167,128
4.039964,5.500000000058236e-05,60,128
4.039965,9.999999992515995e-07,60,127
4.039966,1.000000000139778e-06,134,128
4.040064,9.800000000037556e-05,134,127
4.04106,0.0009959999999997748,1514,55
4.04126,0.00020000000000042206,1514,55
4.041373,0.0001129999999998077,60,128
4.041374,1.000000000139778e-06,60,127
4.042061,0.0006870000000001042,1514,55
4.042258,0.00019700000000000273,1514,55
4.042399,0.0001409999999992806,66,128
4.042458,5.9000000000253294e-05,66,127
4.042992,0.0005340000000000344,60,128
4.043043,5.100000000002325e-05,1514,55
4.043044,1.000000000139778e-06,67,51
4.043045,1.000000000139778e-06,78,255
4.043216,0.00017099999999992122,60,128
4.043217,1.000000000139778e-06,60,127
4.044064,0.000846999999999376,1514,55
4.044154,9.000000000014552e-05,102,128
4.044206,5.200000000016303e-05,60,128
4.044258,5.200000000016303e-05,1514,55
4.044258,0.0,102,127
4.045151,0.0008929999999995886,1514,55
4.045291,0.000140000000000029,1514,55
4.045451,0.00016000000000016001,60,128
4.046201,0.0007500000000000284,1514,55
4.046202,1.000000000139778e-06,167,128
4.046323,0.00012100000000003774,1514,55
4.046472,0.00014899999999951064,1514,55
4.046597,0.00012500000000059686,1514,55
4.046598,1.000000000139778e-06,66,49
4.048762,0.0021639999999996107,60,128
4.049628,0.0008660000000002555,1049,55
4.050748,0.0011199999999993437,1514,55
4.050941,0.0001930000000003318,1514,55
4.051649,0.000708000000000375,60,128
4.051868,0.00021899999999952513,1514,55
4.051869,1.000000000139778e-06,60,128
4.051992,0.0001230000000003173,1514,55
4.052144,0.00015199999999992997,1514,55
4.052145,1.000000000139778e-06,60,241
4.052806,0.0006610000000000227,60,128
4.052978,0.000172000000000061,1514,55
4.052979,9.999999992515995e-07,60,241
4.05317,0.00019100000000005224,60,128
4.053344,0.00017400000000034055,1414,241
4.053458,0.00011399999999994748,1414,241
4.053601,0.00014299999999956015,1414,241
4.053602,1.000000000139778e-06,96,241
4.053603,1.000000000139778e-06,175,1
4.05396,0.00035700000000016274,60,128
4.054268,0.00030800000000041905,167,46
4.054523,0.00025499999999922807,66,128
4.054619,9.600000000009601e-05,1268,241
4.054619,0.0,66,127
4.054675,5.599999999983396e-05,167,48
4.054805,0.00013000000000040757,60,128
4.054888,8.300000000005525e-05,1514,64
4.054981,9.299999999967667e-05,74,51
4.055091,0.00011000000000027654,60,48
4.055093,2.000000000279556e-06,66,64
4.055165,7.199999999940587e-05,724,64
4.055563,0.00039800000000056457,60,128
4.055564,1.000000000139778e-06,60,127
4.055613,4.899999999974369e-05,91,50
4.055663,4.999999999988347e-05,461,64
4.055776,0.0001129999999998077,67,64
4.056296,0.0005199999999998539,167,128
4.056612,0.0003160000000006491,60,235
4.056737,0.00012499999999970868,91,51
4.056954,0.00021700000000013375,91,51
4.057058,0.00010399999999943788,60,241
4.058101,0.0010430000000001272,60,128
4.058388,0.00028700000000014825,78,59
4.059322,0.0009339999999999904,167,52
4.060677,0.0013550000000002171,67,51
4.061528,0.0008509999999999351,60,128
4.061529,1.000000000139778e-06,60,128
4.06153,1.000000000139778e-06,60,128
4.062546,0.0010159999999999059,60,128
4.062926,0.0003799999999998249,167,51
4.063112,0.00018600000000024153,78,255
4.064752,0.0016400000000000858,60,128
4.065468,0.0007159999999997169,1514,55
4.065981,0.0005129999999997636,265,128
4.066055,7.400000000057361e-05,265,127
4.066529,0.0004739999999996414,1514,55
4.066529,0.0,124,117
4.066864,0.00033499999999975216,1514,55
4.066969,0.00010500000000046583,152,128
4.06697,1.000000000139778e-06,60,128
4.067218,0.000248000000000026,1514,55
4.067218,0.0,60,187
4.067345,0.00012699999999998823,60,64
4.068027,0.0006819999999994053,782,64
4.068082,5.500000000058236e-05,60,128
4.068137,5.499999999969418e-05,60,45
4.068376,0.00023899999999965615,91,45
4.069598,0.0012220000000002784,1414,128
4.070014,0.00041599999999952786,1008,128
4.070218,0.000204000000000093,60,128
4.070219,1.000000000139778e-06,60,128
4.07022,1.000000000139778e-06,60,127
4.07022,0.0,60,127
4.07092,0.000700000000000145,66,128
4.070981,6.099999999964467e-05,66,127
4.071367,0.0003860000000006636,1514,55
4.071525,0.00015799999999988046,1514,55
4.07186,0.00033499999999975216,60,128
4.071862,2.000000000279556e-06,60,127
4.07225,0.00038800000000005497,167,128
4.072252,1.9999999993913775e-06,265,128
4.072442,0.00018999999999991246,1514,55
4.072443,1.000000000139778e-06,80,55
4.072445,2.000000000279556e-06,265,127
4.072445,0.0,66,53
4.072731,0.00028600000000000847,60,128
4.072847,0.00011600000000022703,1514,55
4.072973,0.00012599999999984846,1514,55
4.07367,0.0006969999999997256,1514,55
4.073823,0.00015300000000006975,60,128
4.074382,0.0005589999999999762,60,128
4.075345,0.0009630000000004912,167,128
4.075746,0.00040099999999920755,1514,55
4.076028,0.00028200000000033754,60,128
4.076029,1.000000000139778e-06,60,128
4.076392,0.00036300000000011323,1514,55
4.076393,1.000000000139778e-06,167,48
4.076394,9.999999992515995e-07,167,46
4.076484,9.000000000014552e-05,60,128
4.076485,1.000000000139778e-06,60,128
4.076628,0.00014300000000044832,1514,55
4.076628,0.0,60,127
4.07663,1.9999999993913775e-06,60,127
4.076631,1.000000000139778e-06,60,128
4.076766,0.00013500000000021828,1514,55
4.076889,0.0001230000000003173,1514,55
4.077015,0.00012599999999984846,1514,55
4.077135,0.00011999999999989797,1514,55
4.077135,0.0,1168,64
4.077755,0.0006199999999996209,1168,64
4.077756,1.000000000139778e-06,557,64
4.078153,0.0003970000000004248,1514,55
4.078734,0.0005809999999994986,60,128
4.078736,2.000000000279556e-06,60,128
4.078838,0.0001020000000000465,167,52
4.079217,0.00037899999999968514,66,43
4.079692,0.00047499999999978115,66,43
4.080207,0.0005150000000000432,1514,55
4.080411,0.000204000000000093,1514,55
4.080534,0.0001230000000003173,1514,55
4.080659,0.00012499999999970868,1514,55
4.08066,1.000000000139778e-06,183,242
4.080956,0.0002959999999996299,78,55
4.081359,0.0004030000000003753,60,128
4.081361,2.000000000279556e-06,60,128
4.081362,1.000000000139778e-06,399,51
4.081454,9.19999999995369e-05,95,240
4.081711,0.0002570000000003958,97,128
4.081713,1.9999999993913775e-06,78,49
4.081907,0.00019400000000047157,78,49
4.082225,0.00031800000000004047,60,128
4.08277,0.0005449999999997956,89,48
4.083087,0.0003169999999999007,78,255
4.08446,0.0013730000000000686,105,45
4.084848,0.00038800000000005497,60,128
4.085514,0.0006659999999998334,358,45
4.090881,0.005367000000000566,167,128
4.091217,0.00033599999999989194,167,128
4.092624,0.001406999999999492,60,128
4.095747,0.003123000000000431,167,128
4.096723,0.0009759999999996438,167,64
4.097188,0.00046500000000015973,1514,55
4.097496,0.00030799999999953087,67,64
4.098366,0.0008700000000008146,1514,55
4.098574,0.00020799999999976393,1514,55
4.0987,0.00012599999999984846,1414,241
4.099154,0.00045400000000039853,60,128
4.099211,5.699999999997374e-05,1414,241
4.099349,0.00013799999999974943,1414,241
4.09935,1.000000000139778e-06,167,51
4.099739,0.00038899999999930657,66,128
4.099944,0.00020500000000023277,60,128
4.100231,0.00028700000000014825,1414,241
4.100231,0.0,96,241
4.100336,0.00010500000000046583,88,241
4.100707,0.0003709999999994551,67,51
4.100862,0.0001550000000003493,60,128
4.101298,0.0004359999999996589,167,128
4.101883,0.0005850000000000577,438,48
4.1020199999999996,0.00013699999999960966,60,64
4.10277,0.0007500000000000284,60,48
4.103119,0.0003490000000008209,78,255
4.103121,1.9999999993913775e-06,60,64
4.104657,0.0015359999999997598,167,52
4.105492,0.0008350000000003632,124,117
4.106035,0.0005430000000004043,167,128
4.106465,0.0004299999999997084,78,55
4.106748,0.00028299999999958914,60,128
4.108167,0.0014190000000002811,60,128
4.108168,1.000000000139778e-06,60,127
4.109249,0.0010810000000001097,1514,55
4.109959,0.0007099999999997664,167,52
4.11026,0.0003010000000003288,1514,55
4.110458,0.0001980000000001425,1514,55
4.110613,0.00015499999999946112,60,128
4.111307,0.0006940000000001945,60,242
4.111702,0.00039500000000014523,1514,55
4.112366,0.0006639999999995538,1514,55
4.112498,0.00013200000000068712,1514,55
4.112622,0.0001239999999995689,1514,55
4.112622,0.0,60,128
4.113551,0.0009290000000001797,1514,55
4.114244,0.0006930000000000547,169,127
4.114246,1.9999999993913775e-06,167,52
4.114339,9.300000000056485e-05,126,127
4.114468,0.0001289999999993796,365,242
4.114524,5.600000000072214e-05,66,51
4.114618,9.399999999981645e-05,60,128
4.114896,0.0002779999999997784,1514,55
4.115019,0.0001230000000003173,1514,55
4.115113,9.399999999981645e-05,60,127
4.115377,0.0002639999999995979,94,127
4.115638,0.00026100000000006673,1514,55
4.115694,5.600000000072214e-05,167,128
4.115761,6.699999999959516e-05,1514,55
4.115813,5.200000000016303e-05,60,128
4.115886,7.299999999954565e-05,1514,55
4.116012,0.00012599999999984846,1514,55
4.116459,0.00044700000000030826,463,128
4.116637,0.00017800000000001148,60,128
4.117111,0.00047400000000052955,462,128
4.117358,0.0002469999999998862,463,128
4.117455,9.699999999934761e-05,83,128
4.11762,0.00016499999999997073,82,128
4.117733,0.00011300000000069588,676,51
4.11783,9.699999999934761e-05,66,64
4.117943,0.00011300000000069588,1168,64
4.118066,0.00012299999999942912,60,128
4.11837,0.00030399999999985994,1168,64
4.11837,0.0,956,64
4.118371,1.000000000139778e-06,167,52
4.118768,0.0003970000000004248,167,52
4.119542,0.0007739999999998304,66,128
4.119602,6.000000000039307e-05,66,127
4.119714,0.00011199999999966792,66,51
4.119819,0.00010499999999957765,60,128
4.119821,2.000000000279556e-06,60,127
4.119946,0.00012499999999970868,66,64
4.119997,5.100000000002325e-05,78,55
4.120128,0.00013100000000054735,60,128
4.120319,0.00019100000000005224,265,128
4.12039,7.100000000015427e-05,265,127
4.120595,0.0002049999999993446,167,52
4.121424,0.0008290000000004127,67,51
4.123086,0.0016619999999996082,78,255
4.123991,0.0009050000000003777,243,128
4.124293,0.0003019999999995804,60,128
4.124294,1.000000000139778e-06,60,127
4.124296,2.000000000279556e-06,60,128
4.124343,4.699999999946414e-05,60,127
4.124531,0.00018800000000052108,60,128
4.124533,1.9999999993913775e-06,60,127
4.124668,0.00013500000000021828,167,128
4.12746,0.0027920000000003498,167,128
4.127969,0.0005090000000000927,1514,55
4.128841,0.0008720000000002059,167,128
4.128911,7.00000000000145e-05,60,128
4.128913,1.9999999993913775e-06,1514,55
4.12993,0.0010170000000000456,1514,55
4.130551,0.0006209999999997606,167,52
4.130954,0.0004030000000003753,1514,55
4.131152,0.0001980000000001425,1514,55
4.131615,0.0004629999999998802,60,128
4.131809,0.0001939999999995834,167,128
4.132068,0.00025900000000067536,1514,55
4.1320689999999995,9.999999992515995e-07,60,242
4.132071,2.000000000279556e-06,60,48
4.132303,0.00023200000000045407,167,128
4.13307,0.0007669999999997401,1514,55
4.133204,0.0001340000000000785,1514,55
4.133327,0.0001230000000003173,1514,55
4.134055,0.0007279999999996178,1514,55
4.134183,0.000128000000000128,1514,55
4.134306,0.00012299999999942912,1514,55
4.135321,0.0010150000000006543,1514,55
4.135606,0.0002849999999998687,60,128
4.136347,0.0007409999999996586,60,128
4.136579,0.00023200000000045407,1514,55
4.136712,0.00013299999999993872,1514,55
4.137564,0.0008520000000000749,1514,55
4.137701,0.00013699999999960966,1514,55
4.137829,0.000128000000000128,167,51
4.13809,0.00026100000000006673,72,64
4.138521,0.00043099999999984817,1514,55
4.138639,0.00011800000000050659,60,128
4.138688,4.899999999974369e-05,1514,55
4.138689,1.000000000139778e-06,60,48
4.139906,0.0012169999999995795,167,128
4.140053,0.00014700000000011926,60,128
4.140291,0.00023800000000040455,1514,55
4.141329,0.0010379999999994283,60,128
4.141379,4.999999999988347e-05,1514,55
4.141575,0.00019599999999986295,1514,55
4.141711,0.00013600000000035806,1514,55
4.141892,0.00018100000000043082,1514,55
4.142192,0.0002999999999993008,60,128
4.142585,0.00039300000000075386,1514,55
4.142728,0.00014299999999956015,1514,55
4.142907,0.00017900000000015126,1514,55
4.142907,0.0,436,55
4.142956,4.899999999974369e-05,60,128
4.143108,0.00015199999999992997,78,255
4.143186,7.800000000024454e-05,1514,55
4.143316,0.00013000000000040757,1514,55
4.143431,0.00011499999999919908,397,51
4.1438,0.0003690000000000637,60,128
4.144193,0.0003929999999998657,60,128
4.144549,0.00035600000000002296,1514,55
4.144664,0.00011500000000008725,643,55
4.144944,0.000280000000000058,1514,55
4.145067,0.0001230000000003173,1514,55
4.14519,0.0001230000000003173,1514,55
4.145248,5.799999999922534e-05,60,128
4.145313,6.500000000020378e-05,1514,55
4.145438,0.00012500000000059686,1514,55
4.146205,0.0007669999999997401,167,128
4.146343,0.00013799999999974943,1514,55
4.146468,0.00012499999999970868,1514,55
4.146647,0.00017900000000015126,1514,55
4.146773,0.00012599999999984846,1514,55
4.146897,0.00012400000000045708,1514,55
4.147057,0.00016000000000016001,1514,55
4.147183,0.00012599999999984846,1514,55
4.147184,1.000000000139778e-06,98,51
4.147186,1.9999999993913775e-06,99,51
4.147187,1.000000000139778e-06,78,55
4.147405,0.00021800000000027353,60,128
4.149049,0.0016439999999997568,60,128
4.14905,1.000000000139778e-06,60,128
4.150568,0.0015179999999999083,60,241
4.15079,0.00022199999999994446,66,128
4.150855,6.500000000020378e-05,66,127
4.151638,0.0007830000000002002,60,128
4.15164,2.000000000279556e-06,60,127
4.154018,0.002377999999999325,167,46
4.156381,0.002362999999999893,167,128
4.156697,0.0003160000000006491,167,48
4.157328,0.0006309999999993821,60,241
4.157438,0.00011000000000027654,91,41
4.157533,9.499999999995623e-05,60,41
4.157769,0.000236000000000125,60,128
4.158534,0.0007650000000003487,60,128
4.158884,0.0003499999999991843,1514,55
4.159455,0.0005710000000007653,67,64
4.159784,0.0003289999999998017,1514,55
4.160783,0.0009990000000001942,1514,55
4.160784,9.999999992515995e-07,167,52
4.160785,1.000000000139778e-06,67,51
4.161148,0.00036300000000011323,60,128
4.161277,0.0001290000000002678,265,128
4.161348,7.100000000015427e-05,265,127
4.16167,0.0003219999999997114,1514,55
4.162355,0.0006849999999998246,78,55
4.162949,0.0005940000000004275,167,51
4.163109,0.00016000000000016001,78,255
4.163817,0.0007079999999994868,60,128
4.164127,0.00030999999999981043,60,128
4.165313,0.0011860000000005755,60,128
4.165315,1.9999999993913775e-06,60,127
4.165608,0.00029300000000009874,1514,55
4.166112,0.000504000000000282,60,128
4.166113,1.000000000139778e-06,60,127
4.166163,4.999999999988347e-05,60,128
4.166165,2.000000000279556e-06,60,128
4.166166,9.999999992515995e-07,60,127
4.166397,0.0002310000000003143,1514,55
4.166535,0.00013799999999974943,1514,55
4.16674,0.00020500000000023277,1514,55
4.166882,0.00014200000000030855,1514,55
4.167038,0.0001559999999996009,1514,55
4.167368,0.00032999999999994145,1514,55
4.167502,0.0001340000000000785,1514,55
4.167625,0.0001230000000003173,1514,55
4.167883,0.0002579999999996474,1514,55
4.168021,0.0001380000000006376,1514,55
4.168146,0.00012499999999970868,1514,55
4.168465,0.00031900000000018025,1514,55
4.168709,0.00024399999999946687,60,111
4.170255,0.0015460000000002694,78,128
4.170257,2.000000000279556e-06,1399,55
4.170514,0.0002569999999995076,60,128
4.172039,0.0015249999999999986,66,111
4.172248,0.0002089999999999037,450,64
4.172249,1.000000000139778e-06,167,128
4.17288,0.0006310000000002702,60,128
4.172996,0.00011600000000022703,160,1
4.173464,0.0004679999999996909,465,128
4.173531,6.699999999959516e-05,1514,55
4.173532,1.000000000139778e-06,60,128
4.174143,0.0006110000000001392,60,128
4.17458,0.00043699999999979866,1514,55
4.174685,0.00010500000000046583,60,128
4.174805,0.00011999999999989797,1514,55
4.174805,0.0,60,128
4.174929,0.0001239999999995689,1514,55
4.175052,0.0001230000000003173,1514,55
4.175108,5.599999999983396e-05,167,46
4.175292,0.00018399999999996197,78,128
4.175487,0.00019500000000061135,78,128
4.175959,0.0004719999999993618,167,48
4.176446,0.0004870000000005703,60,128
4.17665,0.000204000000000093,60,128
4.176718,6.799999999973494e-05,66,128
4.176783,6.500000000020378e-05,66,127
4.177069,0.00028600000000000847,60,128
4.17707,9.999999992515995e-07,60,127
4.177432,0.00036199999999997345,1362,64
4.177663,0.0002310000000003143,60,128
4.178837,0.0011739999999997863,167,52
4.179279,0.00044200000000049755,64,128
4.180491,0.0012119999999997688,66,51
4.180717,0.0002259999999996154,79,51
4.18117,0.00045300000000025875,60,128
4.181172,2.000000000279556e-06,60,128
4.181629,0.0004569999999999297,1168,64
4.18206,0.00043099999999984817,1168,64
4.182061,1.000000000139778e-06,919,64
4.183104,0.0010430000000001272,78,255
4.183979,0.0008749999999997371,91,49
4.18398,1.000000000139778e-06,66,128
4.184157,0.0001769999999998717,60,128
4.186873,0.0027160000000003848,265,128
4.186944,7.100000000015427e-05,265,127
4.187318,0.00037399999999987443,74,64
4.190711,0.0033929999999999794,62,128
4.1907119999999995,9.999999992515995e-07,1514,55
4.19093,0.00021800000000027353,167,128
4.190999,6.899999999987472e-05,60,128
4.191,1.000000000139778e-06,60,127
4.191218,0.00021800000000027353,167,128
4.191323,0.00010499999999957765,60,128
4.191325,2.000000000279556e-06,60,127
4.191381,5.599999999983396e-05,60,128
4.191383,2.000000000279556e-06,60,127
4.191858,0.00047499999999978115,1514,55
4.192076,0.00021800000000027353,1514,55
4.192207,0.00013099999999965917,1514,55
4.192331,0.00012400000000045708,1514,55
4.192454,0.00012299999999942912,1514,55
4.192454,0.0,78,55
4.193609,0.0011550000000006833,64,128
4.194447,0.0008379999999998944,167,64
4.195676,0.0012289999999994805,60,128
4.195783,0.00010699999999985721,167,128
4.197977,0.0021940000000002513,167,51
4.198766,0.0007890000000001507,66,128
4.198832,6.600000000034356e-05,66,127
4.19918,0.0003479999999997929,60,128
4.199708,0.000528000000000084,60,128
4.19971,1.9999999993913775e-06,60,127
4.200092,0.0003820000000001045,1514,55
4.200092,0.0,265,128
4.200185,9.300000000056485e-05,265,127
4.200973,0.0007880000000000109,1514,55
4.201104,0.00013099999999965917,1514,55
4.201105,1.000000000139778e-06,376,51
4.201154,4.899999999974369e-05,60,128
4.201205,5.100000000002325e-05,167,128
4.201587,0.0003820000000001045,471,43
4.201833,0.0002459999999997464,112,51
4.202615,0.0007820000000000604,78,55
4.202673,5.8000000000113516e-05,66,64
4.202924,0.0002510000000004453,67,64
4.203082,0.00015799999999988046,78,255
4.203649,0.0005670000000002062,60,128
4.2039670000000005,0.00031800000000004047,83,128
4.204206,0.00023899999999965615,60,128
4.204208,2.000000000279556e-06,60,127
4.204209,9.999999992515995e-07,60,128
4.204255,4.600000000021254e-05,60,127
4.204317,6.199999999978445e-05,167,52
4.205398,0.0010810000000001097,1514,55
4.205975,0.0005769999999998277,167,128
4.206094,0.00011900000000064637,60,128
4.206501,0.0004070000000000462,1514,55
4.206747,0.0002459999999997464,1514,55
4.206882,0.00013500000000021828,1514,55
4.207004,0.00012200000000017752,1514,55
4.207156,0.00015199999999992997,1514,55
4.208129,0.0009729999999992245,1514,55
4.20839,0.00026100000000006673,1514,55
4.208666,0.00027600000000038705,1514,55
4.208802,0.00013600000000035806,1514,55
4.208932,0.0001299999999995194,1514,55
4.208932,0.0,167,52
4.209071,0.0001389999999998892,1514,55
4.209194,0.0001230000000003173,1514,55
4.209317,0.0001230000000003173,1514,55
4.209442,0.00012499999999970868,1514,55
4.209928,0.00048599999999954235,1514,55
4.209929,1.000000000139778e-06,60,128
4.210052,0.0001230000000003173,1514,55
4.210176,0.0001239999999995689,1514,55
4.210176,0.0,112,51
4.210351,0.00017500000000048033,1514,55
4.210499,0.00014800000000025904,1514,55
4.210714,0.0002149999999998542,1514,55
4.210838,0.0001239999999995689,1514,55
4.210964,0.00012599999999984846,1514,55
4.210965,1.000000000139778e-06,185,51
4.210966,1.000000000139778e-06,66,54
4.212056,0.0010899999999995913,83,128
4.212975,0.0009190000000005583,80,128
4.213112,0.00013699999999960966,1414,241
4.213688,0.000576000000000576,67,64
4.213813,0.00012499999999970868,66,128
4.213878,6.500000000020378e-05,66,127
4.213879,1.000000000139778e-06,63,241
4.214148,0.0002689999999994086,66,128
4.214376,0.00022799999999989495,1414,241
4.214376,0.0,167,52
4.214462,8.600000000047459e-05,60,128
4.214512,4.999999999988347e-05,1414,241
4.214622,0.00011000000000027654,1414,241
4.214622,0.0,60,241
4.214947,0.00032500000000013074,60,128
4.214949,1.9999999993913775e-06,60,127
4.215105,0.00015600000000048908,136,241
4.215231,0.00012599999999984846,62,43
4.215495,0.0002639999999995979,60,128
4.215561,6.600000000034356e-05,66,128
4.215563,2.000000000279556e-06,66,128
4.215672,0.00010899999999924859,167,128
4.21578,0.00010799999999999699,60,128
4.216297,0.0005170000000003228,252,128
4.216462,0.00016499999999997073,66,128
4.216522,6.000000000039307e-05,66,127
4.216627,0.00010499999999957765,60,128
4.216815,0.00018800000000052108,265,128
4.216888,7.299999999954565e-05,265,127
4.217396,0.0005079999999999529,60,128
4.217398,2.000000000279556e-06,60,127
4.217787,0.00038900000000019475,265,128
4.217858,7.09999999992661e-05,265,127
4.218279,0.00042100000000022675,78,55
4.218614,0.00033499999999975216,167,52
4.218761,0.00014700000000011926,60,128
4.218835,7.400000000057361e-05,60,128
4.218984,0.00014899999999951064,74,52
4.219116,0.00013199999999979894,66,64
4.219316,0.00020000000000042206,167,52
4.219809,0.0004929999999996326,472,64
4.220567,0.0007580000000002585,167,52
4.22057,3.000000000419334e-06,67,51
4.222656,0.002085999999999366,60,128
4.222658,2.000000000279556e-06,60,127
4.223022,0.000364000000000253,167,128
4.223104,8.199999999991547e-05,78,255
4.223322,0.00021799999999938535,60,128
4.223324,2.000000000279556e-06,60,128
4.223325,1.000000000139778e-06,60,127
4.223326,1.000000000139778e-06,60,127
4.223423,9.700000000023579e-05,60,237
4.223609,0.00018599999999935335,60,128
4.224579,0.0009700000000005815,167,128
4.2250630000000005,0.000484000000000151,60,128
4.225065,1.9999999993913775e-06,60,127
4.225177,0.0001120000000005561,60,128
4.225179,1.9999999993913775e-06,60,127
4.225792,0.0006130000000004188,1514,55
4.226128,0.00033599999999989194,66,128
4.226197,6.899999999987472e-05,66,127
4.226808,0.0006110000000001392,1514,55
4.226945,0.00013699999999960966,1514,55
4.227093,0.00014800000000025904,60,128
4.227095,2.000000000279556e-06,60,127
4.227444,0.0003489999999999327,265,128
4.227518,7.399999999968543e-05,265,127
4.227963,0.0004450000000000287,1514,55
4.228112,0.0001490000000003988,60,128
4.228223,0.00011099999999952814,167,128
4.228274,5.100000000002325e-05,1514,55
4.228743,0.00046899999999983066,60,128
4.228834,9.10000000002853e-05,60,128
4.228835,1.000000000139778e-06,60,128
4.228837,2.000000000279556e-06,60,128
4.229204,0.00036699999999978417,1514,55
4.229345,0.00014100000000016877,1514,55
4.229345,0.0,66,42
4.229347,1.9999999993913775e-06,99,51
4.2297,0.0003530000000004918,167,52
4.22987,0.00016999999999978144,89,51
4.230078,0.00020799999999976393,60,128
4.231329,0.001250999999999891,60,128
4.231471,0.00014200000000030855,60,128
4.231473,2.000000000279556e-06,60,128
4.231474,1.000000000139778e-06,60,127
4.231539,6.49999999993156e-05,60,127
4.231782,0.00024300000000021527,167,128
4.232061,0.0002789999999999182,78,48
4.232113,5.200000000016303e-05,78,48
4.232262,0.0001490000000003988,74,128
4.232312,4.999999999988347e-05,167,128
4.232488,0.00017599999999973193,66,128
4.23255,6.199999999978445e-05,66,127
4.23336,0.0008100000000004215,60,128
4.233361,1.000000000139778e-06,60,127
4.233619,0.0002579999999996474,60,128
4.233762,0.00014299999999956015,265,128
4.233835,7.300000000043383e-05,265,127
4.235783,0.0019479999999996167,60,128
4.2358460000000004,6.30000000008124e-05,1168,64
4.236252,0.00040599999999990644,1168,64
4.236252,0.0,991,64
4.237089,0.0008369999999997546,66,128
4.237149,5.9999999999504894e-05,66,127
4.237956,0.0008070000000000022,167,51
4.238026,7.00000000000145e-05,60,128
4.238028,2.000000000279556e-06,60,128
4.238029,1.000000000139778e-06,60,128
4.23803,1.000000000139778e-06,60,127
4.238092,6.199999999978445e-05,60,127
4.238094,2.000000000279556e-06,60,127
4.238503,0.0004089999999994376,265,128
4.238576,7.300000000043383e-05,265,127
4.2388770000000005,0.0003010000000003288,1514,55
4.239911,0.0010339999999997573,1514,55
4.239911,0.0,167,128
4.240141,0.0002300000000001745,1514,55
4.240272,0.00013099999999965917,1514,55
4.241092,0.0008200000000000429,1514,55
4.24123,0.00013799999999974943,1514,55
4.241355,0.00012500000000059686,1514,55
4.241356,9.999999992515995e-07,346,51
4.241442,8.600000000047459e-05,60,128
4.241508,6.599999999945538e-05,1514,55
4.241634,0.00012600000000073663,1514,55
4.241758,0.0001239999999995689,1514,55
4.24176,2.000000000279556e-06,194,51
4.241761,1.000000000139778e-06,189,51
4.242248,0.00048699999999968213,78,55
4.242249,1.000000000139778e-06,60,128
4.242586,0.0003370000000000317,60,128
4.242588,1.9999999993913775e-06,60,127
4.242683,9.500000000084441e-05,60,128
4.242684,9.999999992515995e-07,60,127
4.243082,0.00039800000000056457,78,255
4.243836,0.0007539999999996994,88,128
4.244315,0.00047900000000034026,78,128
4.244498,0.0001829999999998222,1514,55
4.245095,0.0005969999999999587,60,128
4.245855,0.0007599999999996498,60,128
4.245909,5.400000000044258e-05,1514,55
4.246112,0.00020299999999995322,60,128
4.246114,2.000000000279556e-06,1514,55
4.246214,9.999999999976694e-05,167,128
4.246216,2.000000000279556e-06,1328,55
4.246217,9.999999992515995e-07,60,127
4.246432,0.00021500000000074238,1514,55
4.246569,0.00013699999999960966,1514,55
4.246702,0.00013299999999993872,1514,55
4.246825,0.0001230000000003173,1514,55
4.246949,0.0001239999999995689,1514,55
4.247936,0.0009870000000002932,1514,55
4.248141,0.00020500000000023277,1514,55
4.248204,6.299999999992423e-05,411,55
4.248254,4.999999999988347e-05,60,43
4.248403,0.00014899999999951064,60,50
4.248405,2.000000000279556e-06,60,128
4.248508,0.00010300000000018628,206,43
4.249518,0.0010099999999999554,60,128
4.249586,6.799999999973494e-05,60,128
4.249856,0.00027000000000043656,60,128
4.250093,0.0002369999999993766,60,128
4.250883,0.0007900000000002905,60,128
4.251881,0.0009980000000000544,630,48
4.251881,0.0,60,128
4.252006,0.00012499999999970868,60,64
4.254403,0.0023970000000002045,1514,52
4.254535,0.00013199999999979894,66,64
4.254866,0.00033100000000008123,60,128
4.254972,0.00010600000000060561,167,46
4.255071,9.899999999962716e-05,167,48
4.255443,0.0003719999999995949,1514,52
4.255538,9.499999999995623e-05,66,64
4.255637,9.900000000051534e-05,1514,52
4.255719,8.199999999991547e-05,66,64
4.256274,0.0005550000000003052,91,128
4.256327,5.2999999999414626e-05,167,128
4.256413,8.600000000047459e-05,1514,52
4.256514,0.00010099999999990672,66,64
4.256664,0.0001499999999996504,67,64
4.257541,0.0008770000000000167,78,55
4.257884,0.0003429999999999822,60,128
4.258135,0.0002510000000004453,60,128
4.259273,0.0011380000000000834,1514,241
4.260263,0.0009899999999998244,1514,241
4.261223,0.0009600000000000719,1514,241
4.261418,0.00019499999999972317,1514,241
4.261418,0.0,167,52
4.26142,2.000000000279556e-06,67,51
4.261529,0.00010900000000013677,60,128
4.262528,0.000998999999999306,1514,241
4.262616,8.800000000075414e-05,1079,241
4.262616,0.0,446,64
4.262617,9.999999992515995e-07,90,51
4.263098,0.0004810000000006198,167,51
4.2631,1.9999999993913775e-06,78,255
4.263511,0.0004110000000006053,60,128
4.263818,0.0003069999999993911,75,128
4.264526,0.000708000000000375,60,128
4.270138,0.005612000000000172,78,48
4.270323,0.00018500000000010175,94,51
4.270325,1.9999999993913775e-06,78,48
4.271481,0.0011559999999999349,85,128
4.271803,0.0003220000000005996,118,51
4.272227,0.0004239999999997579,167,128
4.273442,0.0012150000000001882,60,43
4.273863,0.00042100000000022675,60,128
4.273864,9.999999992515995e-07,99,128
4.273866,2.000000000279556e-06,74,128
4.274471,0.0006050000000001887,60,46
4.274676,0.00020500000000023277,60,128
4.275284,0.0006079999999997199,167,46
4.276284,0.001000000000000334,167,48
4.27758,0.0012959999999999638,66,54
4.278811,0.00123099999999976,167,52
4.279175,0.000364000000000253,1484,128
4.279176,9.999999992515995e-07,749,128
4.281001,0.0018250000000001876,60,128
4.281054,5.3000000000302805e-05,77,51
4.281525,0.0004710000000001102,72,64
4.28271,0.0011849999999995475,60,128
4.283074,0.000364000000000253,78,255
4.285821,0.002747000000000277,60,128
4.286846,0.0010249999999993875,60,50
4.287828,0.0009820000000004825,78,56
4.290922,0.00309399999999993,167,128
4.29123,0.00030799999999953087,167,128
4.29128,5.000000000077165e-05,1484,128
4.291992,0.0007119999999991578,167,64
4.29227,0.0002780000000006666,105,51
4.29355,0.0012799999999995038,76,128
4.294259,0.0007090000000005148,74,64
4.295815,0.0015559999999998908,167,128
4.296406,0.0005910000000000082,1345,52
4.296837,0.00043099999999984817,66,64
4.2976659999999995,0.0008289999999995246,60,243
4.297787,0.00012100000000003774,161,51
4.297925,0.0001380000000006376,167,51
4.299145,0.0012199999999999989,81,128
4.299736,0.0005910000000000082,1168,64
4.299962,0.0002259999999996154,1132,128
4.299962,0.0,91,128
4.300217,0.00025500000000011624,1168,64
4.300266,4.899999999974369e-05,1168,64
4.300267,1.000000000139778e-06,104,64
4.300841,0.0005740000000002965,352,51
4.301233,0.0003919999999997259,167,128
4.301714,0.00048099999999973164,164,128
4.303103,0.0013890000000005287,78,255
4.30433,0.0012270000000000891,167,52
4.306043,0.0017129999999996315,167,128
4.306045,2.000000000279556e-06,226,51
4.306216,0.00017099999999992122,78,56
4.307487,0.0012710000000000221,73,128
4.307854,0.00036699999999978417,66,49
4.308633,0.0007790000000005293,167,52
4.309328,0.0006949999999994461,60,128
4.311069,0.0017409999999999926,66,128
4.311137,6.800000000062312e-05,60,128
4.311429,0.00029199999999995896,155,128
4.311519,8.999999999925734e-05,155,128
4.311569,5.000000000077165e-05,523,128
4.313331,0.0017619999999993752,66,49
4.314336,0.0010050000000001447,167,52
4.314606,0.00027000000000043656,91,128
4.314677,7.09999999992661e-05,66,49
4.315467,0.0007900000000002905,1254,64
4.315654,0.0001870000000003813,167,128
4.315779,0.00012499999999970868,60,128
4.31578,1.000000000139778e-06,200,64
4.316094,0.00031399999999948136,66,128
4.316158,6.4000000000064e-05,66,127
4.316335,0.0001769999999998717,60,128
4.31639,5.500000000058236e-05,60,45
4.316941,0.0005509999999997461,60,128
4.316943,2.000000000279556e-06,60,127
4.317359,0.00041599999999952786,265,128
4.317431,7.200000000029405e-05,265,127
4.31859,0.0011590000000003542,167,52
4.3189969999999995,0.00040699999999915804,60,128
4.319363,0.00036600000000053257,167,52
4.320374,0.0010110000000000952,523,128
4.320568,0.0001939999999995834,167,52
4.320721,0.00015300000000006975,67,51
4.321429,0.000708000000000375,67,64
4.321669,0.00023999999999979593,60,128
4.32167,1.000000000139778e-06,60,127
4.322469,0.0007989999999997721,60,128
4.32247,1.000000000139778e-06,60,127
4.322547,7.700000000010476e-05,60,128
4.322548,1.000000000139778e-06,60,127
4.3231020000000004,0.0005540000000001655,78,255
4.323376,0.0002739999999992193,633,128
4.323779,0.0004030000000003753,524,128
4.324503,0.0007239999999999469,167,128
4.32523,0.0007270000000003662,167,128
4.32676,0.0015299999999998093,167,128
4.329877,0.0031169999999995923,167,52
4.332307,0.0024300000000003763,167,128
4.332724,0.00041699999999966764,167,128
4.337836,0.0051120000000004495,167,51
4.338141,0.0003049999999999997,60,128
4.339603,0.0014620000000000744,777,48
4.339746,0.00014299999999956015,60,64
4.3399,0.00015400000000020952,167,128
4.340904,0.0010040000000000049,403,51
4.340979,7.49999999998252e-05,66,128
4.342307,0.0013279999999999959,1168,64
4.342664,0.00035700000000016274,1168,64
4.342665,1.000000000139778e-06,1074,64
4.343133,0.0004679999999996909,78,255
4.344996,0.00186300000000017,1434,128
4.345048,5.200000000016303e-05,661,128
4.345492,0.00044399999999988893,66,128
4.346211,0.0007190000000001362,167,128
4.350319,0.0041079999999995565,85,128
4.350434,0.00011500000000008725,66,128
4.350496,6.199999999978445e-05,66,127
4.351391,0.0008949999999998681,60,128
4.351393,2.000000000279556e-06,60,127
4.351809,0.00041600000000041604,265,128
4.35188,7.100000000015427e-05,265,127
4.35315,0.0012699999999998823,66,128
4.353403,0.0002529999999998367,67,64
4.354565,0.0011619999999998853,60,128
4.354567,2.000000000279556e-06,167,46
4.354919,0.00035199999999946385,167,48
4.355487,0.000568000000000346,60,128
4.356342,0.0008549999999996061,167,128
4.356575,0.00023300000000059384,60,128
4.356577,1.9999999993913775e-06,60,127
4.356628,5.100000000002325e-05,60,128
4.356629,1.000000000139778e-06,60,127
4.357594,0.0009649999999998826,74,64
4.3601469999999996,0.0025529999999998054,167,52
4.3608,0.0006530000000006808,67,51
4.363074,0.0022739999999998872,78,255
4.363305,0.0002310000000003143,167,51
4.364519,0.0012139999999991602,60,128
4.364712,0.0001930000000003318,60,128
4.3722,0.007488000000000383,167,128
4.374671,0.00247099999999989,73,64
4.375042,0.0003709999999994551,74,64
4.375147,0.00010500000000046583,167,46
4.376059,0.0009119999999995798,167,48
4.379012,0.0029530000000006495,66,128
4.379072,5.9999999999504894e-05,167,52
4.379073,1.000000000139778e-06,66,127
4.379736,0.0006630000000003022,60,128
4.379911,0.00017499999999959215,60,128
4.379912,1.000000000139778e-06,60,127
4.380291,0.00037899999999968514,66,128
4.380497,0.00020600000000037255,78,49
4.38061,0.0001129999999998077,66,64
4.380668,5.8000000000113516e-05,82,51
4.38085,0.00018199999999968242,66,128
4.381239,0.00038900000000019475,445,64
4.382018,0.0007790000000005293,92,51
4.382208,0.00018999999999991246,78,56
4.382326,0.00011799999999961841,60,52
4.382435,0.00010900000000013677,66,52
4.382551,0.00011600000000022703,191,51
4.382645,9.399999999981645e-05,60,52
4.382765,0.00011999999999989797,60,52
4.382899,0.0001340000000000785,171,51
4.38301,0.00011099999999952814,171,51
4.383104,9.400000000070463e-05,78,255
4.383278,0.00017399999999945237,91,48
4.383509,0.0002310000000003143,60,52
4.38362,0.00011099999999952814,60,52
4.383728,0.00010799999999999699,60,52
4.383814,8.600000000047459e-05,60,128
4.383871,5.699999999997374e-05,66,42
4.383961,9.000000000014552e-05,161,51
4.3841660000000005,0.00020500000000023277,66,42
4.384305,0.0001389999999998892,91,52
4.384306,9.999999992515995e-07,78,128
4.384366,6.000000000039307e-05,77,128
4.384562,0.00019599999999986295,117,127
4.384654,9.200000000042508e-05,117,127
4.384764,0.00010999999999938836,117,127
4.384822,5.8000000000113516e-05,117,127
4.384902,8.00000000005241e-05,91,53
4.385173,0.00027099999999968816,95,239
4.385527,0.0003539999999997434,1294,42
4.385577,4.999999999988347e-05,491,42
4.385578,1.000000000139778e-06,264,117
4.386118,0.0005399999999999849,201,128
4.386666,0.000548000000000215,81,128
4.38697,0.00030399999999985994,66,64
4.387876,0.0009060000000005175,123,64
4.38799,0.00011399999999994748,123,64
4.388098,0.00010799999999999699,66,128
4.388709,0.0006110000000001392,129,64
4.390061,0.0013519999999997978,265,128
4.390132,7.100000000015427e-05,265,127
4.390891,0.0007589999999995101,167,128
4.390893,2.000000000279556e-06,129,64
4.391227,0.0003339999999996124,167,128
4.391913,0.0006859999999999644,437,128
4.392224,0.0003109999999999502,432,128
4.392568,0.000344000000000122,437,128
4.392853,0.0002849999999998687,445,128
4.393146,0.00029300000000009874,445,128
4.393366,0.0002200000000005531,446,128
4.394369,0.0010029999999998651,60,128
4.394371,1.9999999993913775e-06,60,127
4.394372,1.000000000139778e-06,60,128
4.394441,6.899999999987472e-05,60,127
4.394513,7.200000000029405e-05,60,128
4.395796,0.001282999999999923,167,128
4.396171,0.0003750000000000142,1168,64
4.396597,0.00042600000000003746,1168,64
4.396598,1.000000000139778e-06,360,241
4.396598,0.0,1117,64
4.397275,0.0006769999999995946,60,239
4.397554,0.0002790000000008064,60,128
4.397678,0.0001239999999995689,60,128
4.397679,1.000000000139778e-06,66,128
4.397765,8.599999999958641e-05,66,127
4.3981259999999995,0.0003609999999998337,167,51
4.398599,0.0004730000000003898,60,128
4.3986,1.000000000139778e-06,60,127
4.398971,0.0003710000000003433,265,128
4.399044,7.299999999954565e-05,265,127
4.399099,5.499999999969418e-05,167,64
4.399152,5.3000000000302805e-05,60,128
4.401178,0.0020259999999998612,436,51
4.401179,1.000000000139778e-06,167,128
4.403061,0.0018820000000001613,60,128
4.403063,2.000000000279556e-06,78,255
4.403064,9.999999992515995e-07,60,128
4.403113,4.900000000063187e-05,60,127
4.403114,1.000000000139778e-06,60,127
4.404327,0.0012129999999999086,167,52
4.404575,0.000248000000000026,66,128
4.404636,6.099999999964467e-05,66,127
4.404931,0.0002950000000003783,60,49
4.405453,0.0005219999999992453,60,128
4.405454,1.000000000139778e-06,60,127
4.40585,0.000396000000000285,265,128
4.405923,7.299999999954565e-05,265,127
4.4060500000000005,0.0001270000000008764,167,128
4.407057,0.001006999999999536,454,49
4.407262,0.00020500000000023277,78,48
4.407637,0.0003750000000000142,78,48
4.408145,0.0005079999999999529,60,49
4.408654,0.0005090000000000927,167,52
4.409446,0.0007919999999996818,60,128
4.4099260000000005,0.00048000000000048004,60,128
4.409927,9.999999992515995e-07,60,127
4.410015,8.799999999986596e-05,60,128
4.410017,2.000000000279556e-06,60,127
4.411309,0.001292000000000293,91,48
4.4125,0.001190999999999498,1399,55
4.412833,0.0003330000000003608,66,128
4.413984,0.0011510000000001241,60,128
4.414043,5.9000000000253294e-05,60,48
4.414308,0.00026499999999973767,167,52
4.415676,0.001368000000000258,167,128
4.416458,0.0007820000000000604,60,235
4.417461,0.0010029999999998651,67,64
4.417695,0.00023399999999984544,175,1
4.418334,0.0006389999999996121,175,1
4.418686,0.00035200000000035203,167,52
4.418742,5.599999999983396e-05,167,52
4.420592,0.0018500000000001293,60,111
4.420724,0.00013199999999979894,60,128
4.420964,0.00023999999999979593,95,128
4.421155,0.00019100000000005224,489,51
4.421155,0.0,167,52
4.422394,0.0012389999999999901,105,52
4.423084,0.0006900000000005235,60,128
4.423086,1.9999999993913775e-06,78,255
4.423415,0.00032900000000068985,97,52
4.42368,0.00026499999999973767,111,52
4.424918,0.0012379999999998503,167,128
4.425636,0.0007179999999999964,91,128
4.425929,0.00029300000000009874,91,128
4.426165,0.000236000000000125,91,128
4.426167,2.000000000279556e-06,60,128
4.426402,0.00023499999999998522,91,128
4.427236,0.0008339999999993353,167,128
4.427325,8.900000000000574e-05,167,128
4.427714,0.00038900000000019475,60,128
4.428029,0.0003150000000005093,60,127
4.428479,0.0004499999999998394,78,48
4.428578,9.899999999962716e-05,78,48
4.4289819999999995,0.0004039999999996269,78,48
4.429038,5.600000000072214e-05,66,128
4.429106,6.799999999973494e-05,66,127
4.429271,0.00016499999999997073,66,54
4.429273,2.000000000279556e-06,60,128
4.4293379999999996,6.49999999993156e-05,60,128
4.429394,5.600000000072214e-05,60,127
4.429396,1.9999999993913775e-06,78,56
4.429673,0.0002770000000005268,167,52
4.430181,0.0005079999999999529,66,52
4.4303,0.00011899999999975819,66,52
4.430429,0.0001290000000002678,60,243
4.430514,8.499999999944663e-05,78,56
4.430605,9.10000000002853e-05,66,52
4.430606,1.000000000139778e-06,60,128
4.430744,0.00013799999999974943,66,52
4.43089,0.00014599999999997948,78,56
4.431483,0.0005930000000002877,78,56
4.431589,0.00010599999999971743,66,52
4.431726,0.00013700000000049783,66,54
4.431904,0.00017800000000001148,78,56
4.432317,0.0004129999999999967,167,128
4.432678,0.0003609999999998337,167,128
4.433094,0.00041599999999952786,60,55
4.434436,0.0013420000000001764,1514,55
4.435626,0.0011900000000002464,1514,55
4.435833,0.00020699999999962415,1514,55
4.435958,0.00012500000000059686,1514,55
4.436081,0.00012299999999942912,1514,55
4.436204,0.0001230000000003173,1514,55
4.436274,7.00000000000145e-05,60,128
4.436337,6.299999999992423e-05,1514,55
4.436463,0.00012599999999984846,1514,55
4.436645,0.0001820000000005706,1230,128
4.4371030000000005,0.00045800000000006946,1514,55
4.437257,0.00015399999999932135,1514,55
4.43738,0.0001230000000003173,1514,55
4.437494,0.00011399999999994748,66,128
4.437495,1.000000000139778e-06,1514,55
4.437627,0.00013199999999979894,1514,55
4.437628,1.000000000139778e-06,66,127
4.437797,0.00016899999999964166,1514,55
4.437847,4.999999999988347e-05,60,128
4.437922,7.500000000071338e-05,1514,55
4.437922,0.0,60,127
4.438051,0.0001289999999993796,1514,55
4.438052,1.000000000139778e-06,167,51
4.438054,2.000000000279556e-06,265,128
4.438054,0.0,60,242
4.438144,9.000000000014552e-05,265,127
4.43825,0.00010599999999971743,60,128
4.438386,0.00013600000000035806,1376,55
4.438386,0.0,66,243
4.438387,9.999999992515995e-07,66,243
4.438526,0.0001390000000007774,73,64
4.438577,5.100000000002325e-05,60,128
4.438579,1.9999999993913775e-06,60,128
4.43858,1.000000000139778e-06,66,243
4.438676,9.600000000009601e-05,60,243
4.439033,0.00035700000000016274,60,128
4.439082,4.899999999974369e-05,1514,55
4.439133,5.100000000002325e-05,60,128
4.439428,0.0002950000000003783,265,128
4.4395,7.199999999940587e-05,265,127
4.439551,5.100000000002325e-05,1434,128
4.439551,0.0,659,128
4.439551,0.0,60,128
4.439934,0.00038300000000024426,167,128
4.440427,0.0004929999999996326,1434,128
4.440488,6.100000000053285e-05,802,128
4.440736,0.000248000000000026,1514,55
4.440835,9.899999999962716e-05,60,128
4.44092,8.500000000033481e-05,1514,55
4.44092,0.0,313,55
4.440921,1.000000000139778e-06,67,51
4.441154,0.00023299999999970566,1514,55
4.441284,0.0001299999999995194,1173,55
4.441334,5.000000000077165e-05,534,55
4.441506,0.000172000000000061,1434,128
4.441562,5.599999999983396e-05,742,128
4.441562,0.0,60,128
4.441611,4.899999999974369e-05,1514,55
4.441663,5.200000000016303e-05,60,128
4.441732,6.899999999987472e-05,1514,55
4.441732,0.0,94,51
4.441782,4.999999999988347e-05,185,51
4.441944,0.00016200000000043957,531,55
4.441945,9.999999992515995e-07,93,51
4.442063,0.00011800000000050659,191,51
4.442156,9.299999999967667e-05,60,128
4.442157,1.000000000139778e-06,60,128
4.442158,1.000000000139778e-06,60,127
4.442206,4.7999999999603915e-05,60,128
4.442284,7.800000000024454e-05,726,55
4.442285,1.000000000139778e-06,60,127
4.442286,1.000000000139778e-06,60,127
4.442464,0.00017800000000001148,95,128
4.442631,0.00016700000000025028,60,128
4.442632,9.999999992515995e-07,60,128
4.442814,0.0001820000000005706,60,128
4.443076,0.00026199999999931833,78,255
4.443078,2.000000000279556e-06,60,128
4.443079,1.000000000139778e-06,60,128
4.443494,0.00041500000000027626,189,55
4.443924,0.0004299999999997084,81,128
4.444556,0.00063200000000041,66,128
4.444735,0.00017899999999926308,66,128
4.444859,0.00012400000000045708,66,128
4.444979,0.00011999999999989797,66,128
4.445107,0.000128000000000128,66,128
4.445255,0.00014800000000025904,66,128
4.446084,0.0008289999999995246,66,54
4.446217,0.00013299999999993872,167,128
4.446218,1.000000000139778e-06,60,128
4.4462720000000004,5.400000000044258e-05,60,127
4.446466,0.0001939999999995834,60,128
4.446467,1.000000000139778e-06,60,127
4.446621,0.00015400000000020952,60,128
4.446622,9.999999992515995e-07,60,127
4.447876,0.0012540000000003104,60,128
4.448056,0.00018000000000029104,60,128
4.44812,6.4000000000064e-05,60,128
4.448947,0.0008270000000001332,78,56
4.4498809999999995,0.0009339999999991022,74,51
4.449988,0.00010700000000074539,66,64
4.450131,0.00014299999999956015,60,243
4.450773,0.0006420000000000314,443,64
4.451588,0.0008150000000002322,81,128
4.451792,0.000204000000000093,1001,49
4.451907,0.00011500000000008725,66,64
4.452276,0.0003690000000000637,82,128
4.452865,0.0005889999999997286,66,49
4.4533059999999995,0.0004409999999994696,66,64
4.454065,0.0007590000000003982,167,46
4.454689,0.00062400000000018,167,48
4.454989,0.000300000000000189,66,128
4.455055,6.599999999945538e-05,66,127
4.455338,0.0002830000000004773,60,128
4.45534,1.9999999993913775e-06,60,127
4.455401,6.100000000053285e-05,91,45
4.456287,0.0008859999999994983,167,128
4.457813,0.0015260000000001384,91,53
4.45812,0.00030700000000027927,60,128
4.458826,0.0007060000000000954,91,52
4.459292,0.00046599999999941133,167,52
4.459839,0.0005470000000000752,91,51
4.460057,0.00021800000000027353,91,52
4.460186,0.0001290000000002678,67,64
4.460698,0.0005119999999996239,67,51
4.462151,0.0014530000000005927,74,64
4.4622720000000005,0.00012100000000003774,66,54
4.462945,0.0006729999999999237,167,51
4.463356,0.00041099999999971715,66,54
4.464168,0.0008119999999998129,60,128
4.464345,0.0001769999999998717,60,52
4.46446,0.00011500000000008725,60,128
4.464535,7.49999999998252e-05,60,128
4.465362,0.0008270000000001332,78,56
4.465425,6.299999999992423e-05,265,128
4.465497,7.200000000029405e-05,265,127
4.465702,0.00020500000000023277,78,255
4.4672979999999995,0.0015959999999992647,74,51
4.467419,0.00012100000000003774,66,64
4.467982,0.0005630000000005353,461,64
4.468187,0.00020500000000023277,60,243
4.469012,0.0008249999999998536,60,243
4.469512,0.0004999999999997229,60,128
4.469514,2.000000000279556e-06,60,127
4.469766,0.0002519999999996969,60,128
4.469768,2.000000000279556e-06,60,127
4.469846,7.800000000024454e-05,60,243
4.469848,1.9999999993913775e-06,60,128
4.469849,1.000000000139778e-06,60,127
4.470737,0.0008879999999997779,66,128
4.470798,6.100000000053285e-05,66,127
4.471183,0.00038499999999963563,1434,243
4.471183,0.0,134,243
4.471387,0.000204000000000093,1434,243
4.471388,1.000000000139778e-06,233,243
4.471389,1.000000000139778e-06,60,243
4.471545,0.0001559999999996009,191,51
4.471647,0.0001020000000000465,60,128
4.471649,2.000000000279556e-06,60,127
4.4717970000000005,0.00014800000000025904,60,51
4.471949,0.00015199999999992997,60,128
4.47204,9.099999999939712e-05,265,128
4.472113,7.300000000043383e-05,265,127
4.472317,0.000204000000000093,60,128
4.473207,0.0008900000000000574,91,128
4.473209,1.9999999993913775e-06,91,128
4.47321,1.000000000139778e-06,91,128
4.473212,2.000000000279556e-06,82,128
4.4738240000000005,0.000612000000000279,1434,243
4.473825,9.999999992515995e-07,134,243
4.474795,0.0009700000000005815,66,128
4.474797,1.9999999993913775e-06,386,243
4.474865,6.800000000062312e-05,66,127
4.474867,1.9999999993913775e-06,60,243
4.474957,9.000000000014552e-05,97,51
4.4750119999999995,5.499999999969418e-05,167,48
4.475105,9.300000000056485e-05,167,46
4.475107,2.000000000279556e-06,60,128
4.475338,0.0002309999999994261,89,115
4.47576,0.0004220000000003665,103,128
4.476053,0.00029300000000009874,60,128
4.476171,0.00011799999999961841,60,128
4.476224,5.3000000000302805e-05,60,128
4.476226,1.9999999993913775e-06,60,127
4.476374,0.00014800000000025904,60,128
4.476375,1.000000000139778e-06,60,128
4.476376,1.000000000139778e-06,60,127
4.476383,7.000000000090267e-06,60,127
4.476593,0.00021000000000004349,265,128
4.476668,7.49999999998252e-05,265,127
4.477055,0.0003869999999999152,82,128
4.47714,8.500000000033481e-05,66,128
4.477221,8.09999999997757e-05,167,128
4.477343,0.00012200000000017752,66,52
4.477459,0.00011599999999933885,98,51
4.478832,0.0013730000000000686,82,128
4.47926,0.000428000000000317,167,52
4.479538,0.0002779999999997784,160,1
4.480685,0.0011470000000004532,66,49
4.481046,0.0003609999999998337,60,128
4.481047,1.000000000139778e-06,60,127
4.4811440000000005,9.700000000023579e-05,60,128
4.481145,9.999999992515995e-07,60,127
4.481652,0.0005070000000007013,521,51
4.481904,0.0002519999999996969,1168,64
4.482058,0.00015400000000020952,175,1
4.4825420000000005,0.000484000000000151,1168,64
4.482543,9.999999992515995e-07,662,64
4.483034,0.0004910000000002412,430,52
4.483098,6.4000000000064e-05,78,255
4.484265,0.001166999999999696,1434,243
4.484266,1.000000000139778e-06,60,243
4.484267,1.000000000139778e-06,60,243
4.484339,7.200000000029405e-05,89,117
4.484687,0.0003479999999997929,95,242
4.484958,0.00027099999999968816,507,51
4.484959,1.000000000139778e-06,66,51
4.485083,0.00012400000000045708,66,64
4.485288,0.0002049999999993446,165,128
4.485627,0.0003390000000003113,60,128
4.485721,9.399999999981645e-05,60,128
4.485988,0.0002670000000000172,66,64
4.487726,0.0017380000000004614,78,57
4.488309,0.0005829999999997781,165,128
4.488311,2.000000000279556e-06,165,128
4.488425,0.00011399999999994748,165,128
4.488539,0.00011399999999994748,165,128
4.490933,0.002393999999999785,167,128
4.491199,0.00026599999999987745,167,128
4.492162,0.0009630000000004912,66,128
4.492868,0.0007059999999992073,67,64
4.493015,0.00014700000000011926,66,54
4.493169,0.00015400000000020952,60,128
4.49387,0.0007010000000002847,66,54
4.493989,0.00011899999999975819,60,41
4.494402,0.0004129999999999967,1514,128
4.494452,4.999999999988347e-05,536,128
4.494452,0.0,60,128
4.494869,0.00041699999999966764,1514,128
4.494918,4.900000000063187e-05,539,128
4.495802,0.0008840000000001069,167,128
4.496829,0.001026999999999667,66,54
4.4969149999999996,8.599999999958641e-05,167,64
4.497034,0.00011900000000064637,66,54
4.497035,1.000000000139778e-06,60,128
4.497249,0.00021399999999971442,66,54
4.497618,0.0003690000000000637,66,54
4.497719,0.00010099999999990672,60,185
4.497833,0.00011399999999994748,60,64
4.497891,5.8000000000113516e-05,60,128
4.497892,1.000000000139778e-06,60,128
4.497894,1.9999999993913775e-06,60,128
4.497964,7.00000000000145e-05,167,51
4.498483,0.0005190000000006023,782,64
4.499078,0.0005949999999996791,1514,128
4.499128,4.999999999988347e-05,547,128
4.499789,0.0006610000000000227,66,128
4.499839,4.999999999988347e-05,1514,128
4.49984,1.000000000139778e-06,66,127
4.499841,1.000000000139778e-06,539,128
4.500461,0.0006199999999996209,1514,128
4.50051,4.900000000063187e-05,554,128
4.500743,0.00023299999999970566,60,128
4.500745,2.000000000279556e-06,60,127
4.501,0.00025500000000011624,1434,243
4.501,0.0,67,51
4.501049,4.899999999974369e-05,1514,128
4.50105,1.000000000139778e-06,536,128
4.501162,0.00011199999999966792,167,128
4.501954,0.0007919999999996818,66,128
4.502014,6.000000000039307e-05,66,127
4.502185,0.00017099999999992122,91,128
4.502187,2.000000000279556e-06,91,128
4.502188,1.000000000139778e-06,91,128
4.502313,0.00012499999999970868,134,243
4.50275,0.00043699999999979866,1434,243
4.502809,5.9000000000253294e-05,60,128
4.502868,5.9000000000253294e-05,1434,243
4.502868,0.0,60,48
4.50287,1.9999999993913775e-06,193,51
4.502871,1.000000000139778e-06,60,128
4.502872,1.000000000139778e-06,78,57
4.50294,6.799999999973494e-05,60,127
4.503095,0.0001550000000003493,60,128
4.503153,5.8000000000113516e-05,78,255
4.503302,0.00014899999999951064,265,128
4.503377,7.500000000071338e-05,265,127
4.504329,0.0009519999999998419,60,49
4.504411,8.199999999991547e-05,60,128
4.504608,0.00019700000000000273,60,243
4.5048259999999996,0.00021799999999938535,167,52
4.504885,5.9000000000253294e-05,82,128
4.504887,2.000000000279556e-06,66,128
4.505006,0.00011899999999975819,66,127
4.505478,0.00047200000000025,60,49
4.505641,0.00016299999999969117,193,51
4.505774,0.00013299999999993872,60,128
4.505776,2.000000000279556e-06,454,49
4.505776,0.0,60,127
4.505823,4.7000000000352316e-05,60,49
4.505921,9.799999999948739e-05,98,51
4.506047,0.00012599999999984846,167,128
4.50687,0.0008230000000004623,66,128
4.506928,5.8000000000113516e-05,60,128
4.50693,1.9999999993913775e-06,66,127
4.507185,0.00025500000000011624,82,128
4.507187,2.000000000279556e-06,78,52
4.5072849999999995,9.799999999948739e-05,78,51
4.5073609999999995,7.599999999996498e-05,78,52
4.507437,7.600000000085316e-05,60,128
4.507438,9.999999992515995e-07,60,127
4.507542,0.00010400000000032605,60,128
4.507544,2.000000000279556e-06,60,127
4.507703,0.00015900000000002024,454,49
4.507771,6.799999999973494e-05,60,128
4.507773,2.000000000279556e-06,60,127
4.508145,0.0003719999999995949,82,128
4.508147,2.000000000279556e-06,265,128
4.50824,9.299999999967667e-05,60,128
4.508242,2.000000000279556e-06,265,127
4.508712,0.00046999999999997044,60,49
4.508902,0.00018999999999991246,60,243
4.50896,5.8000000000113516e-05,167,52
4.509038,7.800000000024454e-05,60,240
4.509223,0.00018500000000010175,60,242
4.509282,5.8999999999365116e-05,60,128
4.510187,0.0009050000000003777,91,50
4.510315,0.000128000000000128,91,51
4.510435,0.00011999999999989797,91,51
4.510533,9.799999999948739e-05,60,49
4.510693,0.00016000000000016001,265,128
4.510768,7.49999999998252e-05,265,127
4.511176,0.000408000000000186,60,128
4.511177,1.000000000139778e-06,66,128
4.511896,0.0007190000000001362,1366,64
4.5122,0.00030399999999985994,60,128
4.512436,0.000236000000000125,60,128
4.512437,1.000000000139778e-06,60,128
4.512439,1.9999999993913775e-06,60,127
4.512501,6.200000000067263e-05,60,127
4.514038,0.0015369999999998996,114,128
4.514108,7.00000000000145e-05,114,127
4.514261,0.00015300000000006975,167,52
4.514681,0.00042000000000008697,67,64
4.514682,9.999999992515995e-07,66,128
4.515249,0.0005670000000002062,265,128
4.515321,7.200000000029405e-05,265,127
4.515696,0.0003750000000000142,167,128
4.516299,0.0006029999999999092,1514,241
4.516383,8.400000000019503e-05,60,128
4.516384,1.000000000139778e-06,60,127
4.516483,9.899999999962716e-05,60,128
4.516484,1.000000000139778e-06,66,128
4.5164860000000004,2.000000000279556e-06,60,127
4.51658,9.399999999981645e-05,66,127
4.517315,0.0007349999999997081,1514,241
4.51737,5.499999999969418e-05,60,128
4.51752,0.0001500000000005386,1514,241
4.517521,1.000000000139778e-06,60,127
4.517703,0.00018199999999968242,78,53
4.517704,1.000000000139778e-06,265,128
4.517788,8.400000000019503e-05,265,127
4.5177890000000005,1.000000000139778e-06,78,53
4.518656,0.000866999999999507,60,128
4.518658,2.000000000279556e-06,1514,241
4.518796,0.00013799999999974943,1514,241
4.51889,9.399999999981645e-05,60,128
4.518939,4.899999999974369e-05,1514,241
4.51894,1.000000000139778e-06,167,52
4.518942,2.000000000279556e-06,66,51
4.518943,1.000000000139778e-06,78,52
4.51936,0.00041699999999966764,167,52
4.519837,0.0004770000000000607,1254,64
4.520501,0.000664000000000442,78,57
4.520688,0.00018699999999949313,167,52
4.5209150000000005,0.00022700000000064335,60,128
4.520916,9.999999992515995e-07,60,127
4.521068,0.00015199999999992997,60,128
4.52107,2.000000000279556e-06,60,127
4.521202,0.00013199999999979894,508,51
4.521518,0.0003160000000006491,60,241
4.521735,0.00021699999999924557,60,128
4.521736,1.000000000139778e-06,60,128
4.5219190000000005,0.00018300000000071037,60,128
4.522364,0.00044499999999914053,167,128
4.523074,0.0007100000000006546,78,255
4.524533,0.001458999999999655,60,128
4.524535,2.000000000279556e-06,66,51
4.524536,1.000000000139778e-06,60,127
4.524621,8.499999999944663e-05,66,128
4.524622,1.000000000139778e-06,167,128
4.524699,7.700000000010476e-05,66,127
4.52478,8.09999999997757e-05,60,128
4.524781,1.000000000139778e-06,60,127
4.52484,5.9000000000253294e-05,60,128
4.524841,1.000000000139778e-06,60,127
4.525001,0.00015999999999927184,60,128
4.525002,1.000000000139778e-06,60,127
4.52541,0.000408000000000186,265,128
4.525484,7.399999999968543e-05,265,127
4.526782,0.0012980000000002434,506,243
4.527313,0.0005310000000005033,60,128
4.528067,0.0007539999999996994,60,243
4.528735,0.000668000000000113,60,128
4.5292200000000005,0.00048500000000029075,167,128
4.529653,0.00043299999999923955,60,128
4.529654,1.000000000139778e-06,60,128
4.529655,1.000000000139778e-06,167,52
4.529656,1.000000000139778e-06,60,127
4.529657,1.000000000139778e-06,60,127
4.530491,0.0008339999999993353,676,51
4.530592,0.0001010000000007949,66,64
4.531372,0.0007799999999997809,66,51
4.531605,0.00023299999999970566,66,64
4.532324,0.0007190000000001362,167,128
4.532381,5.699999999997374e-05,98,51
4.532686,0.0003049999999999997,103,64
4.532688,2.000000000279556e-06,167,128
4.533303,0.0006149999999998101,103,64
4.533305,2.000000000279556e-06,103,64
4.533418,0.0001129999999998077,193,51
4.533599,0.00018099999999954264,192,51
4.534216,0.0006170000000000897,82,128
4.534644,0.000428000000000317,60,240
4.534764,0.00011999999999989797,66,128
4.534897,0.00013299999999993872,82,128
4.534899,2.000000000279556e-06,66,128
4.535448,0.0005489999999994666,66,128
4.5355039999999995,5.599999999983396e-05,66,128
4.535505,1.000000000139778e-06,66,127
4.535572,6.700000000048334e-05,438,48
4.535665,9.299999999967667e-05,66,128
4.535666,1.000000000139778e-06,60,64
4.536395,0.0007289999999997576,60,128
4.536396,1.000000000139778e-06,60,127
4.536757,0.0003609999999998337,67,64
4.537153,0.000396000000000285,82,128
4.537855,0.0007020000000004245,167,51
4.537904,4.899999999974369e-05,140,128
4.5379059999999996,1.9999999993913775e-06,60,128
4.537984,7.800000000024454e-05,140,127
4.538291,0.00030700000000027927,60,48
4.538512,0.00022099999999980469,60,64
4.538513,1.000000000139778e-06,91,50
4.538677,0.00016399999999983095,66,54
4.538775,9.800000000037556e-05,91,51
4.538837,6.199999999978445e-05,60,128
4.539293,0.0004559999999997899,140,43
4.539485,0.00019200000000019202,1063,128
4.539612,0.00012699999999998823,64,50
4.5397300000000005,0.00011800000000050659,78,57
4.539959,0.00022899999999914655,167,128
4.539961,2.000000000279556e-06,66,64
4.540188,0.00022699999999975518,60,128
4.540478,0.0002900000000005676,91,48
4.540758,0.000280000000000058,67,51
4.542275,0.0015169999999997685,91,51
4.543099,0.0008239999999997139,78,255
4.543849,0.0007500000000000284,60,54
4.544531,0.0006820000000002935,60,54
4.545851,0.0013199999999997658,1514,54
4.545974,0.0001230000000003173,1514,54
4.546098,0.0001239999999995689,1514,54
4.546211,0.0001129999999998077,167,128
4.546213,2.000000000279556e-06,60,128
4.546274,6.100000000053285e-05,60,127
4.54677,0.000496000000000052,265,128
4.546923,0.00015299999999918157,1514,54
4.546924,1.000000000139778e-06,60,54
4.546926,2.000000000279556e-06,265,127
4.546926,0.0,60,54
4.546988,6.199999999978445e-05,98,128
4.546989,1.000000000139778e-06,60,128
4.546991,2.000000000279556e-06,98,127
4.547035,4.399999999993298e-05,60,127
4.5470369999999996,1.9999999993913775e-06,60,242
4.547178,0.00014100000000016877,60,128
4.547288,0.00011000000000027654,60,128
4.547457,0.00016899999999964166,1514,54
4.5475069999999995,4.999999999988347e-05,510,54
4.547814,0.00030700000000027927,91,50
4.54809,0.00027600000000038705,60,50
4.548091,1.000000000139778e-06,60,128
4.548855,0.0007639999999993208,60,128
4.549388,0.0005330000000007828,89,46
4.549944,0.0005559999999995568,60,243
4.550066,0.00012200000000017752,60,54
4.5501629999999995,9.699999999934761e-05,60,54
4.550906,0.0007430000000008263,1514,54
4.551036,0.0001299999999995194,1514,54
4.551456,0.00042000000000008697,60,128
4.551458,2.000000000279556e-06,60,127
4.5515550000000005,9.700000000023579e-05,60,128
4.551557,1.9999999993913775e-06,60,127
4.551816,0.0002589999999997872,60,128
4.552141,0.00032500000000013074,1514,54
4.552361,0.0002200000000005531,1514,54
4.5523620000000005,1.000000000139778e-06,60,54
4.552363,9.999999992515995e-07,60,54
4.5526990000000005,0.0003360000000007801,1514,54
4.552822,0.00012299999999942912,1514,54
4.552946,0.00012400000000045708,1514,54
4.55307,0.0001239999999995689,1514,54
4.55307,0.0,60,54
4.553072,2.000000000279556e-06,60,54
4.55344,0.00036799999999992394,1514,54
4.553564,0.0001239999999995689,1514,54
4.553632,6.800000000062312e-05,60,128
4.553634,1.9999999993913775e-06,60,128
4.553697,6.299999999992423e-05,1514,54
4.553826,0.0001290000000002678,1514,54
4.553827,1.000000000139778e-06,60,54
4.554365,0.0005379999999997054,167,46
4.554367,2.000000000279556e-06,60,54
4.554551,0.00018399999999996197,60,128
4.554743,0.00019200000000019202,1514,54
4.554866,0.00012299999999942912,1514,54
4.554989,0.0001230000000003173,1514,54
4.55499,1.000000000139778e-06,167,48
4.555143,0.00015300000000006975,1514,54
4.55547,0.0003269999999995221,60,128
4.556391,0.0009209999999999496,167,128
4.556839,0.00044800000000044804,60,128
4.558901,0.002061999999999564,1168,64
4.559227,0.0003260000000002705,1168,64
4.559228,1.000000000139778e-06,607,64
4.559493,0.00026499999999973767,167,52
4.55971,0.00021700000000013375,167,64
4.559712,2.000000000279556e-06,167,64
4.560725,0.0010129999999994865,67,51
4.561139,0.0004140000000001365,60,128
4.562913,0.0017740000000001643,167,51
4.563102,0.00018899999999977268,78,255
4.565458,0.0023559999999998027,60,128
4.5684190000000005,0.0029610000000008796,60,54
4.570337,0.0019179999999998643,193,51
4.570525,0.0001879999999996329,78,57
4.570869,0.000344000000000122,60,50
4.571021,0.00015199999999992997,103,50
4.571086,6.500000000020378e-05,60,128
4.571141,5.499999999969418e-05,98,51
4.571275,0.0001340000000000785,103,52
4.571523,0.000248000000000026,156,43
4.57165,0.00012699999999998823,103,50
4.571651,1.000000000139778e-06,78,128
4.572114,0.0004629999999998802,66,64
4.572199,8.500000000033481e-05,78,128
4.572201,1.9999999993913775e-06,167,128
4.572379,0.00017800000000001148,66,64
4.572831,0.000452000000000119,66,64
4.5732420000000005,0.0004110000000006053,66,64
4.575413,0.002170999999999701,167,46
4.575415,1.9999999993913775e-06,60,128
4.576156,0.0007410000000005468,167,48
4.576157,1.000000000139778e-06,60,128
4.576312,0.00015499999999946112,60,48
4.578787,0.002475000000000449,167,52
4.578991,0.000204000000000093,1388,64
4.580157,0.0011659999999995563,73,64
4.580225,6.800000000062312e-05,98,51
4.580749,0.0005239999999995248,60,128
4.581078,0.0003289999999998017,484,51
4.581426,0.0003480000000006811,66,53
4.581428,1.9999999993913775e-06,78,128
4.581957,0.0005290000000002237,60,128
4.582307,0.0003500000000000725,285,128
4.582518,0.00021100000000018326,66,53
4.582581,6.299999999992423e-05,60,128
4.582717,0.00013599999999946988,60,242
4.582719,2.000000000279556e-06,60,128
4.583024,0.0003049999999999997,285,128
4.583096,7.200000000029405e-05,78,255
4.583165,6.899999999987472e-05,60,128
4.583343,0.00017800000000001148,78,49
4.583417,7.399999999968543e-05,78,49
4.584089,0.0006719999999997839,66,54
4.584951,0.0008620000000005845,1254,64
4.585044,9.299999999967667e-05,60,128
4.585151,0.00010699999999985721,66,54
4.585261,0.00011000000000027654,60,128
4.585465,0.000204000000000093,475,64
4.587128,0.001662999999999748,66,54
4.587263,0.00013500000000021828,60,128
4.587673,0.00040999999999957737,60,128
4.590917,0.0032440000000004687,167,128
4.591223,0.0003060000000001395,167,128
4.591474,0.00025099999999955713,66,51
4.594237,0.002762999999999849,167,64
4.59585,0.0016130000000007527,167,128
4.596086,0.00023599999999923682,60,128
4.596955,0.0008690000000006748,78,57
4.597869,0.0009139999999998594,167,51
4.598172,0.00030299999999972016,66,54
4.599069,0.0008970000000001477,66,52
4.599278,0.0002089999999999037,66,52
4.600098,0.0008200000000000429,60,128
4.600197,9.899999999962716e-05,60,253
4.600332,0.00013500000000021828,1514,54
4.600675,0.0003429999999999822,66,128
4.600725,4.999999999988347e-05,1168,64
4.600726,1.000000000139778e-06,60,128
4.601317,0.0005910000000000082,167,128
4.601394,7.700000000010476e-05,1168,64
4.601395,1.000000000139778e-06,409,64
4.601944,0.0005489999999994666,1514,54
4.602926,0.0009820000000004825,1514,54
4.60307,0.00014399999999969992,78,255
4.603268,0.0001980000000001425,60,128
4.604074,0.0008059999999998624,1514,54
4.604154,8.00000000005241e-05,67,51
4.604625,0.0004710000000001102,167,52
4.604749,0.0001239999999995689,60,49
4.605074,0.00032500000000013074,94,51
4.6056930000000005,0.0006190000000003693,94,51
4.606049,0.0003559999999991348,167,128
4.606098,4.900000000063187e-05,1514,54
4.606306,0.00020799999999976393,1514,54
4.606861,0.0005550000000003052,78,128
4.6070910000000005,0.0002300000000001745,1514,54
4.607266,0.00017499999999959215,60,128
4.607315,4.899999999974369e-05,1514,54
4.607453,0.00013799999999974943,1514,54
4.607524,7.100000000015427e-05,863,54
4.607661,0.00013700000000049783,1514,54
4.607801,0.000140000000000029,1514,54
4.6078019999999995,9.999999992515995e-07,78,128
4.607929,0.0001270000000008764,1514,54
4.608115,0.00018599999999935335,60,128
4.608116,1.000000000139778e-06,60,128
4.6087810000000005,0.0006650000000005818,167,52
4.608926,0.0001449999999998397,180,54
4.6089269999999996,9.999999992515995e-07,60,128
4.609454,0.0005270000000008324,1514,54
4.609586,0.00013199999999979894,1514,54
4.609709,0.00012299999999942912,1514,54
4.609832,0.0001230000000003173,1514,54
4.609957,0.00012499999999970868,1514,54
4.609957,0.0,60,51
4.610176,0.0002190000000004133,60,128
4.61035,0.00017400000000034055,155,128
4.610352,1.9999999993913775e-06,155,128
4.610644,0.00029199999999995896,66,128
4.610645,1.000000000139778e-06,60,128
4.610728,8.300000000005525e-05,66,127
4.610842,0.00011399999999994748,78,57
4.611248,0.00040599999999990644,66,241
4.611512,0.00026400000000048607,60,128
4.611582,7.00000000000145e-05,60,128
4.6115829999999995,9.999999992515995e-07,60,127
4.611979,0.000396000000000285,265,128
4.61205,7.100000000015427e-05,265,127
4.612395,0.00034500000000026176,60,128
4.612397,1.9999999993913775e-06,66,54
4.613198,0.0008010000000000517,60,49
4.614182,0.0009839999999998739,167,52
4.615309,0.0011270000000003222,450,64
4.615687,0.00037800000000043354,167,128
4.616196,0.0005090000000000927,60,128
4.616306,0.00010999999999938836,60,128
4.616308,2.000000000279556e-06,1514,241
4.616309,1.000000000139778e-06,60,127
4.61631,1.000000000139778e-06,60,127
4.617297,0.000986999999999405,1514,241
4.617501,0.000204000000000093,1514,241
4.61762,0.00011899999999975819,1514,241
4.617747,0.00012699999999998823,1514,241
4.61915,0.0014030000000007092,1514,241
4.619276,0.00012599999999984846,1514,241
4.619276,0.0,167,52
4.6194749999999996,0.0001989999999993941,1514,241
4.6194749999999996,0.0,167,52
4.619627,0.00015200000000081815,1514,241
4.619751,0.0001239999999995689,1514,241
4.619875,0.00012400000000045708,1514,241
4.619999,0.0001239999999995689,1514,241
4.619999,0.0,60,242
4.62,1.000000000139778e-06,107,45
4.620002,2.000000000279556e-06,109,45
4.620241,0.00023899999999965615,60,128
4.62035,0.00010900000000013677,60,242
4.620712,0.00036199999999997345,167,52
4.62077,5.8000000000113516e-05,75,51
4.620883,0.0001129999999998077,60,241
4.621,0.00011700000000036681,60,49
4.621263,0.0002629999999994581,60,128
4.6223600000000005,0.0010970000000005697,167,128
4.622645,0.0002849999999998687,67,64
4.623095,0.0004499999999998394,78,255
4.623223,0.000128000000000128,1100,64
4.623831,0.0006079999999997199,78,57
4.624766,0.0009350000000001302,60,128
4.624857,9.10000000002853e-05,283,128
4.6259820000000005,0.0011250000000000426,108,54
4.627145,0.001162999999999137,155,128
4.627643,0.0004980000000003315,155,128
4.629123,0.0014799999999999258,60,128
4.629215,9.200000000042508e-05,167,128
4.630125,0.0009099999999993003,167,52
4.631823,0.0016980000000001993,60,128
4.6323229999999995,0.0004999999999997229,167,128
4.632661,0.0003380000000001715,167,128
4.633654,0.0009930000000002437,83,127
4.633828,0.00017400000000034055,1168,64
4.634119,0.0002909999999998192,60,128
4.634121,2.000000000279556e-06,60,128
4.6343,0.00017899999999926308,1168,64
4.6343,0.0,221,64
4.635839,0.0015390000000001791,74,64
4.637092,0.0012530000000001706,60,52
4.638401,0.0013090000000000046,60,52
4.638744,0.0003429999999999822,167,51
4.638883,0.0001389999999998892,60,53
4.639044,0.0001610000000002998,60,53
4.639108,6.4000000000064e-05,187,53
4.639322,0.00021399999999971442,187,53
4.639709,0.0003869999999999152,1414,241
4.639709,0.0,60,50
4.639766,5.699999999997374e-05,66,64
4.639947,0.00018100000000043082,167,128
4.640061,0.00011399999999994748,94,51
4.640285,0.00022400000000022402,101,128
4.640634,0.0003489999999999327,101,128
4.640931,0.00029699999999976967,94,51
4.640932,1.000000000139778e-06,66,128
4.641063,0.00013099999999965917,66,127
4.64144,0.00037700000000029377,184,51
4.64171,0.0002699999999995484,78,128
4.641805,9.499999999995623e-05,60,128
4.641854,4.900000000063187e-05,60,127
4.6422039999999996,0.0003499999999991843,78,128
4.642685,0.0004810000000006198,448,51
4.64294,0.00025500000000011624,78,128
4.643096,0.0001559999999996009,78,255
4.643948,0.0008520000000000749,78,57
4.644966,0.0010180000000001854,66,241
4.645309,0.0003429999999999822,60,128
4.64571,0.0004010000000000957,144,128
4.646069,0.0003589999999995541,66,128
4.646215,0.00014599999999997948,167,128
4.649,0.0027850000000002595,66,43
4.649515,0.0005150000000000432,1514,54
4.649773,0.0002579999999996474,60,128
4.649775,2.000000000279556e-06,60,128
4.649775,0.0,60,128
4.649777,2.000000000279556e-06,60,128
4.649822,4.500000000007276e-05,1514,54
4.649981,0.00015900000000002024,1514,54
4.650186,0.0002049999999993446,1030,54
4.65068,0.0004940000000006606,60,128
4.65221,0.0015299999999998093,265,128
4.652335,0.00012499999999970868,265,127
4.653376,0.0010409999999998476,167,128
4.653679,0.00030300000000060834,1514,54
4.654112,0.00043299999999923955,167,46
4.654679,0.0005670000000002062,1514,54
4.654802,0.0001230000000003173,1514,54
4.654803,1.000000000139778e-06,167,48
4.65487,6.699999999959516e-05,91,128
4.654997,0.00012699999999998823,91,128
4.655054,5.699999999997374e-05,91,128
4.655056,2.000000000279556e-06,60,128
4.655105,4.899999999974369e-05,91,128
4.655168,6.299999999992423e-05,67,64
4.655513,0.00034500000000026176,60,128
4.65561,9.700000000023579e-05,66,128
4.655676,6.599999999945538e-05,66,127
4.655731,5.500000000058236e-05,60,128
4.655836,0.00010499999999957765,60,128
4.655934,9.800000000037556e-05,60,128
4.65628,0.00034599999999951336,167,128
4.656494,0.0002140000000006026,60,128
4.656495,9.999999992515995e-07,60,127
4.656792,0.00029700000000065785,60,128
4.656793,1.000000000139778e-06,60,128
4.656795,1.9999999993913775e-06,60,127
4.656795,0.0,60,127
4.656928,0.00013299999999993872,265,128
4.657003,7.49999999998252e-05,265,127
4.6574729999999995,0.00046999999999997044,60,128
4.658646,0.0011730000000005347,1514,54
4.659044,0.0003979999999996764,60,128
4.659417,0.00037300000000062283,167,52
4.660075,0.0006579999999996033,1514,54
4.660267,0.00019200000000019202,1514,54
4.660392,0.00012499999999970868,1514,54
4.660529,0.00013700000000049783,1514,54
4.660647,0.00011799999999961841,60,128
4.660648,1.000000000139778e-06,1514,54
4.660775,0.00012699999999998823,1514,54
4.660901,0.00012599999999984846,1514,54
4.661025,0.00012400000000045708,1514,54
4.661025,0.0,67,51
4.661137,0.00011199999999966792,60,128
4.661139,2.000000000279556e-06,60,127
4.661191,5.199999999927485e-05,60,128
4.661329,0.0001380000000006376,1514,54
4.661329,0.0,60,127
4.661459,0.0001299999999995194,1514,54
4.661582,0.0001230000000003173,60,128
4.6615839999999995,1.9999999993913775e-06,1514,54
4.6615839999999995,0.0,60,128
4.661706,0.00012200000000017752,1514,54
4.662188,0.0004820000000007596,66,128
4.662247,5.8999999999365116e-05,66,127
4.662248,1.000000000139778e-06,65,128
4.662492,0.00024400000000035504,60,128
4.662652,0.00015999999999927184,66,128
4.663022,0.0003700000000002035,167,51
4.6631730000000005,0.00015100000000067837,60,128
4.663174,9.999999992515995e-07,60,127
4.663386,0.00021200000000032304,66,128
4.66549,0.002104000000000106,531,55
4.665675,0.00018500000000010175,66,128
4.6664639999999995,0.0007889999999992625,60,244
4.6676269999999995,0.0011630000000000251,534,55
4.667809,0.0001820000000005706,66,128
4.668574,0.0007649999999994606,60,52
4.668792,0.00021800000000027353,60,52
4.670298,0.0015060000000000073,235,244
4.672246,0.0019480000000005049,167,128
4.672776,0.0005299999999994753,265,128
4.672848,7.200000000029405e-05,265,127
4.673487,0.0006389999999996121,78,57
4.673825,0.0003380000000001715,78,255
4.674126,0.0003010000000003288,299,128
4.674525,0.00039899999999981617,66,128
4.674738,0.00021299999999957464,726,55
4.674976,0.00023800000000040455,66,128
4.675181,0.00020500000000023277,167,46
4.675552,0.0003709999999994551,73,64
4.67578,0.00022799999999989495,66,54
4.676229,0.0004490000000005878,167,48
4.676778,0.0005489999999994666,60,128
4.67678,2.000000000279556e-06,60,127
4.677201,0.00042100000000022675,66,55
4.677372,0.00017099999999992122,60,128
4.67759,0.00021800000000027353,60,128
4.677592,1.9999999993913775e-06,60,127
4.677651,5.9000000000253294e-05,60,128
4.677653,2.000000000279556e-06,60,127
4.67787,0.00021700000000013375,585,128
4.679741,0.001870999999999512,66,128
4.6798,5.9000000000253294e-05,66,127
4.680494,0.0006940000000001945,66,43
4.680565,7.09999999992661e-05,60,128
4.680617,5.200000000016303e-05,60,127
4.680618,1.000000000139778e-06,60,243
4.680687,6.899999999987472e-05,80,51
4.680897,0.00021000000000004349,60,128
4.680898,1.000000000139778e-06,60,128
4.681033,0.00013500000000021828,94,51
4.681136,0.00010300000000018628,60,128
4.681195,5.8999999999365116e-05,184,51
4.682109,0.0009139999999998594,185,51
4.682389,0.000280000000000058,66,42
4.682537,0.00014800000000025904,66,128
4.682962,0.0004249999999998977,78,128
4.683066,0.00010400000000032605,78,255
4.68374,0.0006740000000000634,78,128
4.684382,0.0006420000000000314,60,128
4.684809,0.00042699999999928906,78,128
4.68585,0.0010410000000007358,82,128
4.688046,0.0021959999999996427,65,53
4.688397,0.00035100000000021225,91,53
4.688653,0.000256000000000256,91,52
4.6887799999999995,0.00012699999999910005,91,51
4.688893,0.00011300000000069588,91,52
4.689022,0.0001289999999993796,60,242
4.689023,1.000000000139778e-06,66,128
4.689307,0.0002840000000006171,60,128
4.689774,0.0004669999999995511,60,128
4.689845,7.100000000015427e-05,74,52
4.689954,0.00010900000000013677,66,64
4.69044,0.00048599999999954235,265,128
4.690512,7.200000000029405e-05,265,127
4.69083,0.00031800000000004047,472,64
4.6909279999999995,9.799999999948739e-05,167,128
4.69093,2.000000000279556e-06,167,64
4.691237,0.00030700000000027927,167,128
4.691923,0.0006859999999999644,66,128
4.691984,6.099999999964467e-05,66,127
4.69285,0.0008660000000002555,60,128
4.692852,2.000000000279556e-06,60,127
4.693242,0.00038999999999944635,265,128
4.693315,7.300000000043383e-05,265,127
4.693783,0.0004679999999996909,630,48
4.693901,0.00011800000000050659,60,64
4.694952,0.001050999999999469,60,128
4.694953,1.000000000139778e-06,60,127
4.694956,3.000000000419334e-06,60,128
4.695002,4.599999999932436e-05,60,127
4.695736,0.0007340000000004565,167,128
4.695951,0.0002149999999998542,140,241
4.696003,5.200000000016303e-05,66,64
4.697107,0.0011039999999997718,1168,64
4.697228,0.00012100000000003774,1414,241
4.697429,0.00020099999999967366,1414,241
4.697483,5.400000000044258e-05,1168,64
4.697484,1.000000000139778e-06,301,64
4.69755,6.599999999945538e-05,1414,241
4.69755,0.0,60,115
4.698395,0.0008449999999999847,167,51
4.69857,0.00017500000000048033,60,52
4.698677,0.00010699999999985721,60,128
4.698736,5.9000000000253294e-05,167,52
4.698862,0.00012599999999984846,60,128
4.699109,0.0002469999999998862,60,128
4.69911,1.000000000139778e-06,60,128
4.69911,0.0,60,128
4.699167,5.699999999997374e-05,60,127
4.699168,1.000000000139778e-06,60,127
4.701282,0.002113999999999727,167,128
4.701403,0.00012100000000003774,467,51
4.701664,0.00026100000000006673,60,55
4.701831,0.00016700000000025028,89,46
4.702633,0.0008019999999993033,60,55
4.702775,0.00014200000000030855,60,128
4.703069,0.0002940000000002385,78,255
4.70334,0.00027099999999968816,1514,55
4.703463,0.0001230000000003173,1514,55
4.703691,0.00022799999999989495,1514,55
4.703892,0.00020099999999967366,1514,55
4.70402,0.000128000000000128,1514,55
4.704762,0.0007419999999997984,60,128
4.705035,0.0002729999999999677,1081,55
4.705473,0.00043799999999993844,167,52
4.705659,0.00018600000000024153,60,128
4.706036,0.00037700000000029377,167,128
4.7070229999999995,0.000986999999999405,1514,54
4.707145,0.00012200000000017752,1514,54
4.70727,0.00012500000000059686,1514,54
4.707471,0.00020099999999967366,60,128
4.708086,0.0006149999999998101,1514,54
4.708314,0.00022799999999989495,1514,54
4.708315,1.000000000139778e-06,60,128
4.708523,0.00020799999999976393,66,128
4.708572,4.900000000063187e-05,1514,54
4.708669,9.700000000023579e-05,1514,54
4.708669,0.0,66,127
4.7088,0.00013099999999965917,1514,54
4.709201,0.0004010000000000957,60,128
4.709422,0.00022099999999980469,60,128
4.709528,0.00010599999999971743,60,127
4.709778,0.00025000000000030553,265,128
4.709828,4.999999999988347e-05,265,127
4.711,0.001172000000000395,1514,54
4.7110009999999996,9.999999992515995e-07,167,52
4.711377,0.000376000000000154,1514,54
4.711528,0.00015100000000067837,1514,54
4.711651,0.00012299999999942912,1514,54
4.711775,0.00012400000000045708,1514,54
4.711942,0.0001669999999993621,1514,54
4.712065,0.0001230000000003173,1514,54
4.712246,0.00018100000000043082,60,128
4.712435,0.00018899999999977268,1514,54
4.712559,0.0001239999999995689,1514,54
4.7126090000000005,5.000000000077165e-05,1414,128
4.712682,7.299999999954565e-05,1514,54
4.712683,1.000000000139778e-06,1230,128
4.712908,0.00022499999999947562,1514,54
4.713031,0.0001230000000003173,1514,54
4.713133,0.0001020000000000465,60,128
4.713135,2.000000000279556e-06,1514,54
4.7132760000000005,0.00014100000000016877,1514,54
4.713401,0.00012499999999970868,1514,54
4.713524,0.00012299999999942912,1514,54
4.713646,0.00012200000000017752,1514,54
4.713993,0.0003470000000005413,60,128
4.713995,1.9999999993913775e-06,60,127
4.71406,6.500000000020378e-05,60,128
4.714062,2.000000000279556e-06,60,128
4.714063,1.000000000139778e-06,60,128
4.714117,5.3999999999554404e-05,60,127
4.714119,2.000000000279556e-06,60,127
4.714255,0.00013599999999946988,167,52
4.714408,0.00015300000000006975,184,51
4.714736,0.0003280000000005501,185,51
4.714837,0.00010099999999990672,185,51
4.715693,0.0008559999999997459,167,128
4.715786,9.299999999967667e-05,89,117
4.716342,0.000556000000000445,103,128
4.71673,0.00038800000000005497,82,128
4.717145,0.00041500000000027626,60,244
4.71754,0.00039499999999925706,1514,241
4.717663,0.0001230000000003173,1514,241
4.71845,0.0007869999999998711,67,64
4.718668,0.00021800000000027353,1514,241
4.718669,1.000000000139778e-06,167,52
4.718866,0.00019700000000000273,1514,241
4.718867,1.000000000139778e-06,412,241
4.718867,0.0,66,47
4.719023,0.0001559999999996009,66,128
4.719234,0.00021100000000018326,167,52
4.720611,0.0013769999999997395,167,52
4.720792,0.00018100000000043082,67,51
4.721094,0.0003019999999995804,60,128
4.721729,0.0006349999999999412,91,53
4.722105,0.000376000000000154,60,128
4.7228010000000005,0.000696000000000474,98,51
4.723064,0.0002629999999994581,78,255
4.723065,1.000000000139778e-06,167,128
4.723524,0.00045900000000020924,66,128
4.723921,0.0003969999999995366,60,242
4.724325,0.00040400000000051506,60,128
4.726041,0.0017160000000000508,60,128
4.726043,1.9999999993913775e-06,60,128
4.72609,4.7000000000352316e-05,60,128
4.726727,0.0006370000000002207,167,128
4.727001,0.0002739999999992193,251,244
4.727657,0.000656000000000212,60,128
4.727757,0.00010000000000065512,84,128
4.729213,0.0014559999999992357,167,128
4.729894,0.0006810000000001537,167,52
4.730708,0.0008140000000000924,60,241
4.731,0.00029199999999995896,60,128
4.732055,0.0010550000000000281,1514,52
4.732209,0.00015400000000020952,66,64
4.732317,0.00010799999999999699,167,128
4.732686,0.0003690000000000637,167,128
4.732782,9.600000000009601e-05,78,48
4.732833,5.100000000002325e-05,78,48
4.733106,0.0002729999999999677,1514,52
4.733204,9.799999999948739e-05,66,64
4.733312,0.00010799999999999699,1514,52
4.733395,8.300000000005525e-05,66,64
4.733484,8.900000000000574e-05,1514,52
4.733572,8.799999999986596e-05,66,64
4.734043,0.0004710000000001102,60,53
4.734157,0.00011399999999994748,60,128
4.735335,0.0011780000000003454,60,53
4.736242,0.0009069999999997691,60,51
4.736518,0.00027600000000038705,60,128
4.738078,0.0015599999999995617,167,51
4.738132,5.400000000044258e-05,60,128
4.738133,1.000000000139778e-06,60,128
4.739089,0.0009559999999995128,60,128
4.739205,0.00011600000000022703,67,64
4.739943,0.0007380000000001274,167,128
4.740242,0.0002990000000000492,60,128
4.740686,0.00044399999999988893,67,51
4.741151,0.00046500000000015973,60,128
4.742118,0.000966999999999274,116,54
4.742886,0.0007680000000007681,66,64
4.743103,0.00021699999999924557,78,255
4.743105,2.000000000279556e-06,109,54
4.743345,0.00023999999999979593,123,54
4.743617,0.0002720000000007161,66,64
4.744089,0.0004719999999993618,66,64
4.745149,0.0010599999999998388,446,64
4.745337,0.00018800000000052108,98,51
4.746256,0.0009189999999996701,167,128
4.746973,0.0007169999999998566,66,44
4.747146,0.00017300000000020077,60,128
4.748782,0.001636000000000415,60,128
4.752536,0.003753999999999813,334,128
4.752836,0.000300000000000189,243,241
4.754085,0.0012489999999996115,167,46
4.754147,6.199999999978445e-05,60,128
4.754149,2.000000000279556e-06,60,128
4.754231,8.199999999991547e-05,386,128
4.754662,0.00043099999999984817,167,48
4.756283,0.0016210000000000946,167,128
4.756284,1.000000000139778e-06,140,51
4.757131,0.0008470000000002642,60,128
4.757133,1.9999999993913775e-06,60,127
4.759391,0.0022580000000003153,167,52
4.760621,0.0012300000000005085,1168,64
4.760861,0.00023999999999979593,405,51
4.761051,0.00018999999999991246,1168,64
4.761052,1.000000000139778e-06,202,64
4.761114,6.199999999978445e-05,60,242
4.762843,0.0017290000000000916,167,51
4.763065,0.00022199999999994446,78,255
4.768709,0.005644000000000204,1514,54
4.769144,0.0004349999999995191,60,128
4.769742,0.0005980000000000985,1514,54
4.76995,0.00020799999999976393,1514,54
4.770793,0.0008430000000005933,60,128
4.771025,0.0002319999999995659,1514,54
4.771025,0.0,107,54
4.771291,0.00026599999999987745,1514,54
4.771292,1.000000000139778e-06,78,48
4.771422,0.00013000000000040757,1514,54
4.771423,1.000000000139778e-06,78,48
4.771557,0.00013399999999919032,1514,54
4.771645,8.800000000075414e-05,60,128
4.771695,4.999999999988347e-05,1514,54
4.771873,0.00017800000000001148,1514,54
4.771874,1.000000000139778e-06,229,54
4.7721029999999995,0.00022899999999914655,1514,54
4.7722,9.700000000023579e-05,167,128
4.772249,4.900000000063187e-05,1514,54
4.772349,9.999999999976694e-05,1514,54
4.7724720000000005,0.0001230000000003173,1514,54
4.772588,0.00011599999999933885,60,128
4.772589,1.000000000139778e-06,60,128
4.77259,1.000000000139778e-06,1514,54
4.772721,0.00013099999999965917,1278,64
4.773315,0.0005940000000004275,1514,54
4.773438,0.00012299999999942912,1514,54
4.773499,6.100000000053285e-05,60,128
4.773561,6.199999999978445e-05,1514,54
4.773562,1.000000000139778e-06,66,52
4.773777,0.0002149999999998542,60,128
4.773848,7.100000000015427e-05,1345,52
4.773849,1.000000000139778e-06,66,54
4.774022,0.00017300000000020077,60,128
4.774312,0.0002899999999996794,66,64
4.7743839999999995,7.199999999940587e-05,60,128
4.774667,0.0002830000000004773,66,52
4.775001,0.0003339999999996124,167,46
4.77518,0.00017900000000015126,491,128
4.775676,0.000496000000000052,66,52
4.775751,7.49999999998252e-05,167,48
4.777126,0.0013750000000003482,60,128
4.777953,0.0008270000000001332,66,128
4.778138,0.00018500000000010175,60,128
4.778714,0.0005759999999996879,74,64
4.77914,0.00042600000000003746,60,128
4.780791,0.001650999999999847,74,51
4.781185,0.00039400000000000546,60,128
4.781235,4.999999999988347e-05,60,128
4.782566,0.0013310000000004152,77,64
4.783088,0.0005220000000001335,78,255
4.783804,0.0007159999999997169,60,50
4.784239,0.0004350000000004073,60,128
4.784521,0.00028199999999944936,74,64
4.786441,0.0019200000000001438,60,51
4.7867049999999995,0.0002639999999995979,60,128
4.788149,0.0014440000000002229,60,128
4.78867,0.0005209999999999937,167,64
4.790893,0.002222999999999864,167,128
4.791182,0.0002890000000004278,167,128
4.7936060000000005,0.002424000000000426,67,64
4.794103,0.0004969999999993036,60,128
4.795695,0.001592000000000482,95,244
4.795858,0.00016299999999969117,167,128
4.7966940000000005,0.000836000000000503,66,52
4.797709,0.001014999999999766,66,52
4.797842,0.00013299999999993872,167,51
4.798769,0.0009269999999999001,167,52
4.800578,0.0018089999999997275,100,242
4.800873,0.0002950000000003783,121,241
4.801041,0.00016799999999950188,408,51
4.801042,1.000000000139778e-06,608,128
4.801281,0.00023900000000054433,78,50
4.801335,5.3999999999554404e-05,167,128
4.801398,6.299999999992423e-05,66,64
4.8019739999999995,0.0005759999999996879,445,64
4.802281,0.00030700000000027927,66,52
4.803088,0.0008070000000000022,78,255
4.803799,0.0007109999999999062,60,128
4.805572,0.0017730000000000246,66,52
4.806036,0.00046400000000001995,167,128
4.807526,0.0014900000000004354,359,128
4.807591,6.500000000020378e-05,564,128
4.809105,0.0015139999999993492,167,52
4.81123,0.0021250000000003766,66,43
4.8127510000000004,0.0015210000000003276,66,45
4.8128779999999995,0.00012699999999910005,60,128
4.81325,0.00037200000000048306,439,128
4.814102,0.0008520000000000749,777,48
4.814224,0.00012200000000017752,60,64
4.814429,0.0002049999999993446,167,52
4.814528,9.900000000051534e-05,66,52
4.8157,0.0011719999999995068,167,128
4.815702,2.000000000279556e-06,1168,64
4.816181,0.00047900000000034026,1168,64
4.8161819999999995,9.999999992515995e-07,419,64
4.8169509999999995,0.0007690000000000197,74,51
4.817061,0.00011000000000027654,66,64
4.817647,0.0005860000000001975,443,64
4.818985,0.0013379999999996173,167,52
4.819733,0.000748000000000637,167,52
4.820664,0.0009309999999995711,1514,54
4.8216909999999995,0.001026999999999667,1514,54
4.821887,0.00019600000000075113,1514,54
4.822068,0.00018099999999954264,60,128
4.822644,0.000576000000000576,1248,128
4.8230699999999995,0.0004259999999991493,167,52
4.823072,2.000000000279556e-06,78,255
4.823074,2.000000000279556e-06,67,51
4.824315,0.0012410000000002697,167,128
4.824825,0.0005099999999993443,167,52
4.825742,0.0009170000000002787,167,128
4.828194,0.0024519999999998987,60,128
4.82923,0.0010360000000000369,167,128
4.8297740000000005,0.000544000000000544,1514,54
4.829978,0.00020399999999920482,1514,54
4.830243,0.00026500000000062585,167,52
4.830245,1.9999999993913775e-06,60,128
4.831109,0.0008639999999999759,1514,54
4.831242,0.00013299999999993872,1514,54
4.831367,0.00012500000000059686,1514,54
4.831367,0.0,66,52
4.8313690000000005,2.000000000279556e-06,60,242
4.831898,0.0005289999999993356,1514,54
4.831972,7.400000000057361e-05,60,128
4.83204,6.799999999973494e-05,1514,54
4.832139,9.899999999962716e-05,1213,54
4.832139,0.0,60,54
4.832315,0.0001760000000006201,167,128
4.832375,5.9999999999504894e-05,1514,54
4.832506,0.00013100000000054735,1514,54
4.832575,6.899999999987472e-05,167,128
4.8326329999999995,5.799999999922534e-05,1514,54
4.832764,0.00013100000000054735,1514,54
4.832862,9.800000000037556e-05,60,128
4.833418,0.0005559999999995568,60,128
4.835774,0.0023559999999998027,1216,128
4.836715,0.0009410000000000807,67,64
4.8384730000000005,0.0017580000000005924,167,51
4.839908,0.001434999999999853,167,128
4.840681,0.0007729999999996906,67,51
4.842471,0.0017899999999997362,1280,128
4.843061,0.0005899999999998684,78,255
4.8459140000000005,0.0028530000000008826,89,114
4.8462309999999995,0.0003169999999990125,167,128
4.8487670000000005,0.002536000000000982,66,128
4.849118,0.0003509999999993241,60,128
4.850742,0.001624000000000514,1000,50
4.850742,0.0,66,50
4.8508949999999995,0.00015299999999918157,66,64
4.851572,0.0006770000000004828,60,45
4.851777,0.00020500000000023277,60,241
4.851904,0.00012699999999998823,218,45
4.852009,0.00010499999999957765,66,64
4.852983,0.0009740000000002524,395,43
4.853725,0.0007419999999997984,66,54
4.853785,6.000000000039307e-05,167,48
4.854035,0.00024999999999941735,167,46
4.854137,0.0001020000000000465,60,128
4.8547460000000004,0.0006090000000007478,273,128
4.854986,0.00023999999999979593,107,128
4.854987,1.000000000139778e-06,115,128
4.855368,0.0003809999999999647,1175,128
4.856298,0.0009299999999994313,167,128
4.857261,0.0009630000000004912,60,128
4.858153,0.0008919999999994488,509,242
4.858843,0.0006900000000005235,67,64
4.858932,8.900000000000574e-05,507,51
4.858932,0.0,66,51
4.859067,0.0001349999999993301,66,64
4.859914,0.0008470000000002642,167,52
4.859916,2.000000000279556e-06,66,64
4.8611889999999995,0.0012729999999994135,418,51
4.862281,0.001092000000000759,66,128
4.862347,6.599999999945538e-05,66,127
4.862802,0.0004550000000005383,66,128
4.8628029999999995,9.999999992515995e-07,167,51
4.863208,0.00040500000000065484,60,128
4.8632100000000005,2.000000000279556e-06,60,127
4.867679,0.00446899999999939,60,243
4.867859,0.00018000000000029104,60,128
4.868652,0.0007929999999998216,60,237
4.86915,0.0004980000000003315,60,128
4.8722259999999995,0.0030759999999991905,66,54
4.873214,0.000988000000000433,66,50
4.873604,0.0003900000000003345,265,128
4.873677,7.299999999954565e-05,265,127
4.874709,0.001032000000000366,395,42
4.875001,0.00029199999999995896,167,46
4.87595,0.0009489999999994225,167,48
4.877114,0.001164000000000165,60,128
4.877197,8.300000000005525e-05,167,128
4.877367,0.00016999999999978144,60,128
4.877914,0.0005470000000000752,60,128
4.877916,2.000000000279556e-06,60,127
4.877917,1.000000000139778e-06,60,128
4.877963,4.600000000021254e-05,60,127
4.880799,0.0028359999999993946,1168,64
4.881108,0.00030900000000055883,434,51
4.881163,5.499999999969418e-05,1168,64
4.881163,0.0,354,64
4.882391,0.001228000000000229,74,64
4.882815,0.0004239999999997579,60,128
4.883437,0.0006219999999999004,1514,54
4.884392,0.0009550000000002612,1514,54
4.884787,0.00039500000000014523,60,128
4.885721,0.0009339999999999904,1514,54
4.885916,0.00019499999999972317,1514,54
4.88604,0.00012400000000045708,1514,54
4.886041,9.999999992515995e-07,60,242
4.886276,0.00023499999999998522,60,128
4.886367,9.10000000002853e-05,60,128
4.8887920000000005,0.0024250000000005656,60,128
4.888794,1.9999999993913775e-06,60,128
4.888795,1.000000000139778e-06,60,128
4.889503,0.000708000000000375,107,45
4.890812,0.0013090000000000046,66,52
4.890944,0.00013199999999979894,167,128
4.89123,0.00028600000000000847,167,128
4.891329,9.899999999962716e-05,74,64
4.892088,0.0007590000000003982,66,51
4.893124,0.0010360000000000369,60,128
4.893189,6.49999999993156e-05,79,128
4.895854,0.0026650000000003615,167,128
4.896363,0.0005090000000000927,60,128
4.896475,0.00011199999999966792,60,52
4.896901,0.00042600000000003746,167,64
4.897206,0.0003049999999999997,60,128
4.897817,0.0006110000000001392,167,51
4.898411,0.0005940000000004275,1174,128
4.898894,0.0004830000000000112,167,52
4.900673,0.001778999999999975,67,51
4.901229,0.0005559999999995568,167,128
4.901437,0.00020799999999976393,60,128
4.902584,0.0011470000000004532,67,64
4.904209,0.0016249999999997655,60,128
4.906032,0.001822999999999908,167,128
4.907055,0.0010229999999999961,95,128
4.907959,0.000904000000000238,572,128
4.909279,0.0013199999999997658,167,52
4.909337,5.8000000000113516e-05,78,48
4.909389,5.200000000016303e-05,78,48
4.909656,0.0002670000000000172,66,45
4.913609,0.003953000000000095,67,64
4.913716,0.00010699999999985721,66,128
4.914206,0.0004900000000001015,167,52
4.915691,0.0014849999999997365,167,128
4.916628,0.0009370000000004097,66,128
4.916695,6.699999999959516e-05,66,127
4.917521,0.0008259999999999934,60,128
4.9175889999999995,6.799999999973494e-05,60,127
4.917723,0.0001340000000000785,265,128
4.917789,6.600000000034356e-05,265,127
4.918634,0.0008449999999999847,167,52
4.919307,0.0006729999999999237,167,52
4.919503,0.00019599999999986295,142,54
4.91959,8.700000000061436e-05,66,128
4.920161,0.0005709999999998772,1514,54
4.920319,0.00015799999999988046,60,128
4.920457,0.00013799999999974943,1514,54
4.920458,1.000000000139778e-06,60,51
4.920655,0.00019700000000000273,60,128
4.9207149999999995,5.9999999999504894e-05,167,52
4.9210139999999996,0.0002990000000000492,67,51
4.92198,0.0009660000000000224,60,128
4.921981,1.000000000139778e-06,60,128
4.921983,2.000000000279556e-06,60,127
4.921984,1.000000000139778e-06,60,127
4.924361,0.0023770000000000735,167,52
4.924487,0.00012599999999984846,60,185
4.9246,0.0001129999999998077,60,64
4.924662,6.199999999978445e-05,66,128
4.925211,0.0005490000000003548,167,128
4.925466,0.00025500000000011624,167,128
4.925467,1.000000000139778e-06,782,64
4.926224,0.0007570000000001187,60,128
4.926656,0.00043199999999998795,167,128
4.927196,0.0005399999999999849,91,128
4.927197,9.999999992515995e-07,91,128
4.927198,1.000000000139778e-06,91,128
4.927203,5.00000000069889e-06,91,128
4.929404,0.0022009999999994534,82,48
4.930439,0.0010349999999998971,1514,54
4.930573,0.0001340000000000785,82,48
4.930629,5.599999999983396e-05,82,48
4.930919,0.0002900000000005676,60,128
4.931472,0.0005530000000000257,1514,54
4.931668,0.00019599999999986295,1514,54
4.932199,0.0005309999999996151,279,51
4.932326,0.00012699999999998823,167,128
4.932385,5.9000000000253294e-05,66,55
4.932571,0.00018600000000024153,60,128
4.932739,0.00016799999999950188,167,128
4.933204,0.00046500000000015973,66,128
4.933206,2.000000000279556e-06,60,237
4.9333919999999996,0.00018599999999935335,60,128
4.935004,0.001612000000000613,67,64
4.9350629999999995,5.8999999999365116e-05,633,54
4.935615,0.0005520000000007741,66,128
4.935679,6.4000000000064e-05,66,127
4.936008,0.0003289999999998017,271,45
4.936214,0.00020599999999948437,347,45
4.936333,0.00011900000000064637,60,128
4.937242,0.0009090000000000487,60,127
4.937845,0.0006029999999999092,167,51
4.938003,0.00015799999999988046,175,1
4.93827,0.0002670000000000172,74,51
4.938371,0.00010099999999990672,66,64
4.938528,0.00015699999999974068,60,128
4.93853,2.000000000279556e-06,60,127
4.938897,0.00036699999999978417,265,128
4.938897,0.0,461,64
4.938946,4.899999999974369e-05,265,127
4.939574,0.0006280000000007391,66,128
4.939637,6.299999999992423e-05,66,127
4.939911,0.0002740000000001075,60,128
4.939913,1.9999999993913775e-06,167,128
4.939914,1.000000000139778e-06,60,127
4.940288,0.00037399999999987443,265,128
4.94036,7.200000000029405e-05,265,127
4.94098,0.0006199999999996209,67,51
4.94257,0.0015900000000002024,60,128
4.944001,0.0014310000000001821,60,128
4.944002,1.000000000139778e-06,60,127
4.944847,0.0008449999999999847,60,128
4.944848,1.000000000139778e-06,60,127
4.944849,9.999999992515995e-07,60,128
4.944897,4.8000000000492093e-05,60,127
4.945208,0.0003109999999999502,60,128
4.946206,0.0009980000000000544,167,128
4.946779,0.0005730000000001567,1514,54
4.9470790000000004,0.000300000000000189,1514,54
4.947357,0.0002779999999997784,60,128
4.947359,1.9999999993913775e-06,60,128
4.947478,0.00011900000000064637,1514,54
4.9474789999999995,9.999999992515995e-07,60,127
4.947727,0.00024800000000091416,60,128
4.948491,0.0007639999999993208,60,45
4.949705,0.0012140000000000484,167,52
4.9500340000000005,0.00032900000000068985,66,54
4.950234,0.00019999999999953388,60,128
4.950754,0.0005199999999998539,460,128
4.952295,0.0015410000000004587,60,43
4.95386,0.0015649999999993724,167,46
4.954659,0.0007990000000006603,167,48
4.955559,0.0008999999999996788,60,242
4.955749,0.00018999999999991246,60,128
4.956355,0.0006060000000003285,167,128
4.956583,0.00022799999999989495,89,111
4.956844,0.00026100000000006673,323,49
4.957346,0.0005020000000000024,1168,64
4.957447,0.00010099999999990672,91,51
4.957563,0.00011600000000022703,91,53
4.957739,0.00017599999999973193,1022,64
4.958473,0.0007339999999995683,91,52
4.958587,0.00011399999999994748,91,52
4.959462,0.0008750000000006253,167,52
4.959562,9.999999999976694e-05,60,117
4.960662,0.001100000000000101,395,43
4.960867,0.00020500000000023277,438,48
4.960868,9.999999992515995e-07,60,48
4.961017,0.0001490000000003988,60,64
4.961019,2.000000000279556e-06,406,51
4.961853,0.0008339999999993353,60,64
4.962865,0.001012000000000235,167,51
4.965368,0.002502999999999922,60,128
4.968752,0.0033840000000004977,66,50
4.972241,0.0034890000000000754,167,128
4.972243,1.9999999993913775e-06,60,128
4.972334,9.10000000002853e-05,159,128
4.975078,0.0027439999999998577,167,46
4.97508,2.000000000279556e-06,60,242
4.975263,0.0001829999999998222,60,128
4.975706,0.00044299999999974915,200,54
4.975775,6.899999999987472e-05,167,48
4.97585,7.500000000071338e-05,66,128
4.976374,0.0005239999999995248,1514,54
4.976561,0.0001870000000003813,60,128
4.978146,0.0015849999999995035,60,128
4.978477,0.00033100000000008123,73,64
4.980131,0.0016540000000002664,60,54
4.980399,0.000268000000000157,218,54
4.980857,0.00045800000000006946,75,51
4.985362,0.004504999999999981,60,128
4.985644,0.00028199999999944936,273,128
4.986018,0.00037399999999987443,107,128
4.986331,0.00031300000000022976,115,128
4.98688,0.0005490000000003548,679,128
4.987025,0.0001449999999998397,1484,128
4.987026,1.000000000139778e-06,175,128
4.990969,0.003942999999999586,167,128
4.99125,0.00028100000000019776,167,128
4.994212,0.002962000000000131,66,128
4.9942779999999996,6.599999999945538e-05,66,127
4.99512,0.0008420000000004535,60,128
4.995121,1.000000000139778e-06,60,127
4.995219,9.799999999948739e-05,60,128
4.995346,0.00012699999999998823,265,128
4.995419,7.300000000043383e-05,265,127
4.995419,0.0,167,64
4.995624,0.00020500000000023277,66,128
4.995685,6.099999999964467e-05,66,127
4.995889,0.000204000000000093,167,128
4.995993,0.00010400000000032605,66,54
4.996544,0.0005509999999997461,60,128
4.996546,2.000000000279556e-06,60,127
4.997917,0.001370999999999789,167,51
4.998311,0.00039400000000000546,60,242
4.998866,0.0005549999999994171,167,52
4.999763,0.0008970000000001477,60,128
4.999764,1.000000000139778e-06,60,127
4.999941,0.0001769999999998717,60,48
5.000497,0.000556000000000445,1168,64
5.000551,5.3999999999554404e-05,60,128
5.000553,2.000000000279556e-06,60,128
5.000656,0.00010300000000018628,60,127
5.000657,1.000000000139778e-06,60,127
5.000659,1.9999999993913775e-06,67,51
5.000877,0.00021800000000027353,918,64
5.001272,0.00039500000000014523,167,128
5.001635,0.00036300000000011323,89,116
5.001863,0.00022799999999989495,160,1
5.002645,0.0007820000000000604,106,45
5.002905,0.00025999999999992696,463,45
5.003003,9.799999999948739e-05,60,128
5.005144,0.0021409999999999485,66,51
5.006038,0.0008940000000006165,167,128
5.006118,7.999999999963592e-05,265,128
5.00619,7.200000000029405e-05,265,127
5.007606,0.0014159999999998618,78,52
5.008056,0.0004499999999998394,78,52
5.008112,5.599999999983396e-05,78,51
5.008722,0.0006099999999999994,167,52
5.008904,0.0001820000000005706,676,51
5.008996,9.19999999995369e-05,66,64
5.009795,0.0007990000000006603,60,51
5.009986,0.00019099999999916406,66,51
5.009988,2.000000000279556e-06,60,128
5.010239,0.0002510000000004453,60,128
5.010244,4.999999999810711e-06,60,128
5.010245,1.000000000139778e-06,60,127
5.010308,6.299999999992423e-05,60,127
5.010379,7.100000000015427e-05,66,64
5.012025,0.0016460000000000363,60,47
5.0131,0.001074999999999271,66,128
5.013161,6.100000000053285e-05,66,127
5.013324,0.00016299999999969117,66,128
5.013326,2.000000000279556e-06,66,128
5.014005,0.0006789999999998741,60,128
5.014007,2.000000000279556e-06,60,127
5.014231,0.00022399999999933584,167,52
5.014411,0.00018000000000029104,265,128
5.014484,7.300000000043383e-05,265,127
5.014806,0.0003219999999997114,66,128
5.015214,0.000408000000000186,66,128
5.015679,0.00046500000000015973,167,128
5.018342,0.002662999999999194,78,53
5.018538,0.00019600000000075113,78,53
5.018605,6.699999999959516e-05,167,52
5.018663,5.8000000000113516e-05,60,128
5.018665,2.000000000279556e-06,60,127
5.018754,8.900000000000574e-05,78,52
5.019331,0.0005769999999998277,167,52
5.019479,0.00014799999999937086,60,128
5.01948,1.000000000139778e-06,60,127
5.019566,8.600000000047459e-05,60,128
5.019568,1.9999999993913775e-06,60,127
5.020585,0.0010170000000000456,167,52
5.02118,0.0005950000000005673,416,51
5.021707,0.0005269999999999442,67,64
5.022739,0.0010319999999994778,167,128
5.024386,0.001647000000000176,167,52
5.024591,0.00020500000000023277,167,128
5.026646,0.002055000000000362,66,128
5.027188,0.0005419999999993763,167,128
5.028171,0.0009830000000006223,60,128
5.028737,0.0005659999999991783,1142,128
5.029105,0.0003680000000008121,459,128
5.029804,0.0006990000000000052,573,128
5.03085,0.0010459999999996583,107,54
5.031833,0.000982999999999734,60,54
5.032359,0.0005259999999998044,167,128
5.032361,2.000000000279556e-06,450,64
5.032627,0.00026599999999987745,67,64
5.03273,0.00010300000000018628,167,128
5.033697,0.0009670000000001622,642,128
5.033697,0.0,91,128
5.034512,0.0008150000000002322,175,1
5.034882,0.0003699999999993153,60,128
5.035379,0.0004970000000001917,60,128
5.035693,0.00031400000000036954,60,128
5.036589,0.0008960000000000079,427,128
5.037,0.00041099999999971715,443,128
5.037497,0.0004970000000001917,60,243
5.037555,5.8000000000113516e-05,446,128
5.03768,0.00012499999999970868,60,128
5.037908,0.00022799999999989495,431,128
5.038022,0.00011399999999994748,167,51
5.038638,0.0006159999999999499,1299,128
5.039941,0.0013030000000000541,167,128
5.040929,0.000988000000000433,67,51
5.041695,0.0007659999999996003,1514,128
5.041744,4.899999999974369e-05,545,128
5.043274,0.0015300000000006975,60,128
5.044089,0.000814999999999344,431,128
5.045217,0.001128000000000462,1514,128
5.045266,4.899999999974369e-05,545,128
5.045676,0.00041000000000046555,60,128
5.046229,0.0005530000000000257,167,128
5.046434,0.0002049999999993446,1514,128
5.046434,0.0,539,128
5.047048,0.0006140000000005585,1514,128
5.047048,0.0,549,128
5.047096,4.7999999999603915e-05,60,128
5.047503,0.0004070000000000462,74,64
5.049136,0.0016329999999999956,60,128
5.049317,0.00018100000000043082,95,240
5.049367,4.999999999988347e-05,1514,128
5.049368,1.000000000139778e-06,539,128
5.04968,0.00031200000000009,167,52
5.05,0.00031999999999943185,1514,128
5.050051,5.100000000002325e-05,554,128
5.052464,0.0024129999999997764,60,128
5.053765,0.0013010000000006627,66,54
5.053855,9.000000000014552e-05,167,46
5.054079,0.00022399999999933584,67,64
5.054632,0.0005530000000000257,167,48
5.056253,0.0016210000000000946,60,128
5.056317,6.4000000000064e-05,167,128
5.058168,0.001851000000000269,60,128
5.059337,0.0011689999999999756,167,52
5.060135,0.0007979999999996323,73,128
5.060252,0.00011700000000036681,1514,55
5.061251,0.0009990000000001942,1514,55
5.061252,9.999999992515995e-07,389,51
5.061857,0.0006050000000001887,60,128
5.062317,0.000460000000000349,1514,55
5.062318,1.000000000139778e-06,226,55
5.062323,4.999999999810711e-06,60,51
5.062523,0.00019999999999953388,60,128
5.06304,0.0005170000000003228,167,51
5.063042,2.000000000279556e-06,282,54
5.063475,0.00043300000000012773,1404,54
5.063593,0.00011799999999961841,60,128
5.063595,2.000000000279556e-06,60,128
5.064013,0.0004179999999998074,194,54
5.064145,0.00013199999999979894,60,128
5.064212,6.700000000048334e-05,60,243
5.0652989999999996,0.001086999999999172,1514,55
5.065779,0.00048000000000048004,526,128
5.065924,0.0001449999999998397,1484,128
5.065924,0.0,441,128
5.06635,0.00042600000000003746,1514,55
5.066401,5.100000000002325e-05,563,55
5.066502,0.00010099999999990672,518,55
5.066871,0.0003690000000000637,60,128
5.067268,0.0003970000000004248,1514,55
5.067269,9.999999992515995e-07,303,55
5.068033,0.000764000000000209,60,128
5.068368,0.00033500000000064034,66,128
5.06843,6.199999999978445e-05,66,127
5.069081,0.0006509999999995131,66,51
5.069264,0.00018300000000071037,60,128
5.069266,1.9999999993913775e-06,60,127
5.070092,0.0008259999999999934,60,52
5.07033,0.00023800000000040455,60,128
5.070535,0.0002049999999993446,1349,55
5.072275,0.001740000000000741,167,128
5.072366,9.099999999939712e-05,66,43
5.073389,0.0010229999999999961,66,52
5.07356,0.00017099999999992122,60,128
5.074371,0.0008110000000005613,60,52
5.075196,0.0008249999999998536,167,48
5.075198,2.000000000279556e-06,167,46
5.0754,0.00020199999999981344,60,87
5.07558,0.00018000000000029104,60,87
5.076008,0.00042799999999942884,1168,64
5.076371,0.00036300000000011323,1168,64
5.076372,1.000000000139778e-06,91,87
5.076374,2.000000000279556e-06,139,64
5.078909,0.002534999999999954,265,128
5.078979,7.00000000000145e-05,265,127
5.079926,0.0009470000000000312,430,52
5.080111,0.00018499999999921357,66,54
5.080832,0.0007210000000004158,76,51
5.081728,0.0008960000000000079,74,50
5.081855,0.00012699999999998823,66,64
5.082455,0.000600000000000378,472,64
5.083023,0.0005679999999994578,60,128
5.083025,2.000000000279556e-06,60,128
5.083026,1.000000000139778e-06,60,128
5.083074,4.7999999999603915e-05,60,127
5.083076,2.000000000279556e-06,60,127
5.085175,0.002098999999999407,66,128
5.085238,6.30000000008124e-05,66,127
5.085491,0.0002529999999998367,78,49
5.085651,0.00016000000000016001,60,54
5.086014,0.00036299999999922505,78,49
5.086096,8.200000000080365e-05,60,128
5.086099,2.9999999995311555e-06,60,127
5.086501,0.0004020000000002355,265,128
5.086572,7.100000000015427e-05,265,127
5.08934,0.0027679999999996596,60,54
5.0906,0.001260000000000261,60,128
5.09065,4.999999999988347e-05,1514,54
5.09065,0.0,60,127
5.090705,5.499999999969418e-05,60,128
5.09084,0.00013500000000021828,1514,54
5.09084,0.0,60,127
5.090939,9.899999999962716e-05,167,128
5.091255,0.0003160000000006491,167,128
5.091643,0.00038800000000005497,1514,54
5.091861,0.00021799999999938535,1514,54
5.091964,0.00010300000000018628,60,128
5.092789,0.0008249999999998536,60,128
5.093062,0.0002729999999999677,1514,54
5.093202,0.000140000000000029,1514,55
5.093328,0.00012599999999984846,1514,55
5.093521,0.0001930000000003318,1514,55
5.093666,0.0001449999999998397,1514,55
5.093771,0.00010500000000046583,167,64
5.093889,0.00011799999999961841,1514,55
5.094021,0.00013199999999979894,1514,55
5.094144,0.0001230000000003173,1514,55
5.094745,0.0006009999999996296,1514,55
5.094904,0.00015900000000002024,1514,55
5.095034,0.00013000000000040757,1514,55
5.095035,1.000000000139778e-06,60,54
5.095474,0.0004390000000000782,60,128
5.095713,0.00023899999999965615,60,128
5.095806,9.299999999967667e-05,167,128
5.095856,5.000000000077165e-05,1514,54
5.095997,0.0001409999999992806,1514,54
5.09612,0.0001230000000003173,1514,54
5.096277,0.00015699999999974068,60,128
5.0969,0.0006230000000000402,1514,54
5.097057,0.00015700000000062886,1514,54
5.097181,0.0001239999999995689,1514,54
5.097182,1.000000000139778e-06,60,54
5.097183,1.000000000139778e-06,60,128
5.097306,0.00012299999999942912,67,64
5.09738,7.400000000057361e-05,1514,54
5.097432,5.200000000016303e-05,575,54
5.097433,9.999999992515995e-07,60,54
5.098182,0.0007490000000007768,60,128
5.098183,9.999999992515995e-07,60,128
5.098415,0.00023200000000045407,167,51
5.09894,0.0005249999999996646,167,52
5.099776,0.000836000000000503,60,240
5.100026,0.00024999999999941735,60,128
5.100174,0.00014800000000025904,60,128
5.101102,0.0009280000000000399,352,51
5.101269,0.00016700000000025028,167,128
5.102512,0.001242999999999661,60,54
5.103841,0.0013290000000001356,1514,54
5.103842,1.000000000139778e-06,202,54
5.103843,1.000000000139778e-06,60,54
5.104343,0.0004999999999997229,60,128
5.104976,0.0006329999999996616,1514,54
5.105108,0.00013200000000068712,1514,54
5.105231,0.00012299999999942912,1514,54
5.105346,0.00011500000000008725,1414,128
5.105346,0.0,1514,54
5.105437,9.10000000002853e-05,1145,128
5.106035,0.0005980000000000985,167,128
5.106091,5.599999999983396e-05,60,128
5.106093,2.000000000279556e-06,1514,54
5.106227,0.00013399999999919032,1514,54
5.10635,0.0001230000000003173,1514,54
5.106473,0.0001230000000003173,1514,54
5.106597,0.0001239999999995689,1514,54
5.106754,0.00015699999999974068,1514,54
5.106924,0.00017000000000066962,60,128
5.106982,5.8000000000113516e-05,1514,54
5.107129,0.00014699999999923108,1514,54
5.107789,0.0006600000000007711,60,128
5.108794,0.0010049999999992565,1514,54
5.108794,0.0,167,52
5.109,0.00020600000000037255,1514,54
5.109138,0.00013799999999974943,1514,54
5.109261,0.0001230000000003173,1514,54
5.109386,0.00012499999999970868,1514,54
5.109576,0.00018999999999991246,1514,54
5.109705,0.0001290000000002678,1514,54
5.109828,0.0001230000000003173,1514,54
5.109949,0.00012100000000003774,155,128
5.110058,0.00010900000000013677,1514,54
5.110192,0.00013399999999919032,1514,54
5.110296,0.00010400000000032605,60,128
5.110297,1.000000000139778e-06,1514,54
5.110711,0.0004140000000001365,676,54
5.110823,0.00011199999999966792,91,45
5.111144,0.0003210000000004598,60,128
5.111257,0.0001129999999998077,89,112
5.111376,0.00011899999999975819,155,128
5.111504,0.000128000000000128,60,45
5.112988,0.0014839999999995968,630,48
5.113116,0.000128000000000128,60,64
5.114203,0.0010870000000000601,167,52
5.115682,0.001478999999999786,167,128
5.116082,0.00039999999999995595,1514,50
5.116213,0.00013100000000054735,66,64
5.117104,0.0008910000000001972,1514,50
5.117196,9.19999999995369e-05,66,64
5.117954,0.0007580000000002585,1459,128
5.118373,0.0004189999999999472,1514,50
5.11848,0.00010699999999985721,66,64
5.118594,0.00011399999999994748,1514,50
5.118595,1.000000000139778e-06,105,45
5.118656,6.099999999964467e-05,410,45
5.118656,0.0,66,64
5.118658,2.000000000279556e-06,167,52
5.118882,0.00022400000000022402,72,64
5.118884,2.000000000279556e-06,60,128
5.119305,0.00042099999999933857,167,52
5.120368,0.0010630000000002582,66,47
5.120493,0.00012499999999970868,66,128
5.120558,6.500000000020378e-05,167,52
5.120661,0.00010300000000018628,67,51
5.121745,0.0010839999999996408,1484,128
5.121866,0.00012100000000003774,1484,128
5.121935,6.899999999987472e-05,910,128
5.121936,1.000000000139778e-06,91,128
5.121937,1.000000000139778e-06,165,128
5.122372,0.0004350000000004073,167,128
5.124363,0.00199099999999941,167,52
5.124902,0.0005389999999998452,89,51
5.125805,0.0009030000000000982,60,54
5.126054,0.00024900000000016576,167,128
5.128249,0.002195000000000391,167,128
5.12914,0.000890999999999309,297,52
5.130607,0.0014670000000007732,446,64
5.131983,0.0013759999999995998,1514,55
5.132312,0.0003289999999998017,167,128
5.133008,0.000696000000000474,1514,55
5.133057,4.899999999974369e-05,465,55
5.133173,0.00011600000000022703,60,128
5.133735,0.0005619999999995073,167,128
5.134051,0.0003160000000006491,60,128
5.137846,0.0037949999999993267,167,51
5.139968,0.0021219999999999573,167,128
5.14075,0.0007820000000000604,67,51
5.141067,0.0003169999999999007,1168,64
5.141354,0.00028700000000014825,718,87
5.141497,0.00014300000000044832,1168,64
5.141498,1.000000000139778e-06,165,64
5.141635,0.00013699999999960966,60,128
5.142418,0.0007830000000002002,60,51
5.142627,0.0002089999999999037,60,51
5.143219,0.000592000000000148,60,54
5.144238,0.001018999999999437,60,54
5.144375,0.00013700000000049783,91,54
5.144989,0.0006139999999996704,103,64
5.145373,0.00038400000000038403,103,64
5.145375,1.9999999993913775e-06,103,64
5.145376,1.000000000139778e-06,103,64
5.146247,0.0008710000000000662,167,128
5.147651,0.0014039999999999608,60,241
5.148486,0.0008350000000003632,64,64
5.149268,0.0007820000000000604,139,243
5.149653,0.00038499999999963563,167,52
5.152784,0.003130999999999773,267,128
5.154381,0.0015970000000002926,167,46
5.155583,0.0012020000000001474,167,48
5.1563,0.0007169999999998566,167,128
5.156417,0.00011700000000036681,1514,54
5.156767,0.0003500000000000725,60,128
5.157189,0.00042199999999947835,60,128
5.157875,0.0006859999999999644,1514,54
5.158071,0.00019599999999986295,1514,54
5.158271,0.00020000000000042206,60,128
5.158396,0.00012499999999970868,1514,54
5.158527,0.00013100000000054735,1514,54
5.15865,0.00012299999999942912,1514,54
5.158773,0.0001230000000003173,1514,54
5.158897,0.0001239999999995689,1514,54
5.15913,0.00023300000000059384,60,128
5.159131,1.000000000139778e-06,60,128
5.159132,9.999999992515995e-07,60,128
5.159751,0.0006190000000003693,1514,54
5.159879,0.000128000000000128,1514,54
5.15988,1.000000000139778e-06,167,52
5.160069,0.00018899999999977268,1514,54
5.160267,0.0001980000000001425,1514,54
5.160391,0.0001239999999995689,1514,54
5.160515,0.00012400000000045708,1514,54
5.16063,0.00011500000000008725,1345,50
5.16063,0.0,60,241
5.160804,0.00017399999999945237,60,128
5.160905,0.00010099999999990672,60,128
5.160906,1.000000000139778e-06,60,128
5.16109,0.00018399999999996197,66,64
5.161965,0.0008750000000006253,1492,55
5.162079,0.00011399999999994748,60,128
5.16208,9.999999992515995e-07,60,128
5.162082,2.000000000279556e-06,60,128
5.16215,6.799999999973494e-05,319,51
5.162444,0.0002940000000002385,1514,55
5.162497,5.3000000000302805e-05,1168,64
5.16262,0.0001230000000003173,1514,55
5.16277,0.0001499999999996504,1514,55
5.162894,0.0001239999999995689,1514,55
5.163032,0.0001380000000006376,1113,64
5.163111,7.899999999949614e-05,1454,55
5.163111,0.0,167,51
5.163619,0.0005079999999999529,60,128
5.163898,0.0002789999999999182,74,64
5.163966,6.800000000062312e-05,1514,55
5.164206,0.00023999999999979593,1490,55
5.164401,0.00019499999999972317,1514,55
5.164548,0.00014700000000011926,1514,55
5.164683,0.00013500000000021828,1514,55
5.164683,0.0,60,128
5.164811,0.000128000000000128,1514,55
5.164941,0.0001299999999995194,1514,55
5.165094,0.00015300000000006975,60,128
5.165178,8.400000000019503e-05,1514,55
5.165305,0.00012699999999998823,1430,55
5.165446,0.00014100000000016877,66,128
5.165511,6.500000000020378e-05,66,127
5.1658290000000004,0.00031800000000004047,1514,55
5.166079,0.00024999999999941735,60,128
5.166358,0.0002789999999999182,60,128
5.166359,1.000000000139778e-06,60,127
5.166721,0.00036199999999997345,1514,54
5.166722,1.000000000139778e-06,265,128
5.166823,0.00010099999999990672,265,127
5.166881,5.8000000000113516e-05,66,128
5.167327,0.0004460000000001685,1514,54
5.167467,0.000140000000000029,1514,54
5.167468,1.000000000139778e-06,66,128
5.167708,0.00023999999999979593,1514,54
5.1678560000000004,0.00014800000000025904,1514,54
5.167954,9.799999999948739e-05,60,128
5.168082,0.000128000000000128,481,128
5.168792,0.0007099999999997664,60,128
5.16945,0.0006580000000004915,74,64
5.169513,6.299999999992423e-05,1514,54
5.169637,0.0001239999999995689,1514,54
5.16976,0.0001230000000003173,1514,54
5.169884,0.0001239999999995689,1514,54
5.170006,0.00012200000000017752,1514,54
5.17013,0.00012400000000045708,1514,54
5.170253,0.00012299999999942912,1514,54
5.170376,0.0001230000000003173,1514,54
5.170464,8.799999999986596e-05,60,128
5.170466,2.000000000279556e-06,60,128
5.170514,4.7999999999603915e-05,1514,54
5.170621,0.00010699999999985721,1514,54
5.170745,0.00012400000000045708,1514,54
5.170745,0.0,60,128
5.170746,1.000000000139778e-06,60,127
5.17142,0.0006740000000000634,60,128
5.17142,0.0,60,128
5.171569,0.00014899999999951064,60,128
5.17157,1.000000000139778e-06,60,127
5.171619,4.899999999974369e-05,60,128
5.17162,1.000000000139778e-06,60,127
5.172247,0.0006269999999997111,167,128
5.1725,0.00025300000000072487,67,64
5.172674,0.00017399999999945237,1514,54
5.172928,0.00025399999999997647,1514,54
5.1730599999999995,0.00013199999999979894,1514,54
5.173184,0.00012400000000045708,1514,54
5.173309,0.00012499999999970868,1514,54
5.173432,0.0001230000000003173,1514,54
5.173556,0.0001239999999995689,1514,54
5.17368,0.00012400000000045708,1514,54
5.173897,0.00021700000000013375,1514,54
5.173949,5.200000000016303e-05,60,128
5.17395,9.999999992515995e-07,60,128
5.174034,8.400000000019503e-05,1514,54
5.174034,0.0,141,54
5.174084,4.999999999988347e-05,324,54
5.174839,0.0007550000000007273,60,128
5.17484,9.999999992515995e-07,60,128
5.174891,5.100000000002325e-05,167,46
5.174949,5.8000000000113516e-05,60,128
5.175239,0.0002900000000005676,60,243
5.17649,0.001250999999999891,459,243
5.17682,0.00032999999999994145,167,48
5.176822,1.9999999993913775e-06,60,128
5.177266,0.0004440000000007771,574,128
5.180365,0.003098999999999741,103,53
5.181055,0.0006899999999996353,66,64
5.181359,0.00030399999999985994,76,51
5.181417,5.8000000000113516e-05,103,52
5.181468,5.100000000002325e-05,103,51
5.182167,0.0006990000000000052,103,51
5.182317,0.0001500000000005386,66,64
5.182618,0.0003009999999994406,66,64
5.183386,0.0007679999999998799,66,64
5.183527,0.00014100000000016877,66,128
5.18359,6.299999999992423e-05,66,127
5.183797,0.00020700000000051233,60,128
5.183799,1.9999999993913775e-06,60,127
5.184594,0.0007950000000001012,265,128
5.184665,7.100000000015427e-05,265,127
5.184829,0.00016399999999983095,1378,64
5.185783,0.0009540000000001214,60,46
5.186041,0.0002580000000005356,60,128
5.188575,0.002533999999999814,1514,55
5.188718,0.00014299999999956015,60,128
5.18872,2.000000000279556e-06,60,127
5.188941,0.00022099999999980469,60,128
5.188942,1.000000000139778e-06,60,127
5.189095,0.00015300000000006975,60,128
5.189097,2.000000000279556e-06,60,128
5.189148,5.100000000002325e-05,60,127
5.189666,0.0005179999999995744,1514,55
5.189898,0.00023200000000045407,1514,55
5.190032,0.0001340000000000785,1514,55
5.19016,0.00012799999999923983,1514,55
5.190815,0.0006550000000000722,60,128
5.190871,5.599999999983396e-05,167,128
5.190873,2.000000000279556e-06,66,128
5.190933,6.000000000039307e-05,1514,55
5.191078,0.0001449999999998397,1514,55
5.191079,1.000000000139778e-06,66,127
5.191209,0.0001299999999995194,1514,55
5.191259,4.999999999988347e-05,167,128
5.191375,0.00011600000000022703,60,128
5.191425,4.999999999988347e-05,1514,55
5.191554,0.0001290000000002678,1514,55
5.191554,0.0,60,127
5.191683,0.0001290000000002678,1514,55
5.191684,1.000000000139778e-06,167,64
5.19192,0.00023599999999923682,1514,55
5.192531,0.0006110000000001392,1514,55
5.192669,0.0001380000000006376,1514,55
5.1929,0.0002309999999994261,1514,55
5.1929,0.0,73,112
5.192902,2.000000000279556e-06,60,49
5.193043,0.00014100000000016877,66,55
5.193135,9.19999999995369e-05,60,128
5.193137,2.000000000279556e-06,66,55
5.193262,0.00012499999999970868,60,128
5.193264,2.000000000279556e-06,60,128
5.193333,6.899999999987472e-05,78,50
5.193335,2.000000000279556e-06,60,128
5.193474,0.0001389999999998892,66,64
5.193903,0.0004289999999995686,77,64
5.194096,0.0001930000000003318,445,64
5.19418,8.400000000019503e-05,580,128
5.194751,0.0005709999999998772,589,128
5.195836,0.0010849999999997806,167,128
5.196236,0.00039999999999995595,60,55
5.196488,0.0002520000000005851,66,50
5.197938,0.0014499999999992852,167,51
5.198365,0.00042700000000017724,60,55
5.198476,0.00011100000000041632,60,128
5.19879,0.00031399999999948136,167,52
5.199901,0.001110999999999862,236,64
5.200016,0.00011500000000008725,1514,55
5.200934,0.0009180000000004185,266,51
5.200935,1.000000000139778e-06,265,128
5.201021,8.599999999958641e-05,265,127
5.201071,4.999999999988347e-05,436,55
5.201144,7.300000000043383e-05,60,128
5.2012,5.599999999983396e-05,167,128
5.20153,0.00032999999999994145,60,128
5.203051,0.0015210000000003276,104,54
5.203293,0.0002420000000000755,60,128
5.203599,0.0003059999999992513,777,48
5.203718,0.00011900000000064637,60,64
5.204099,0.0003809999999999647,97,54
5.204316,0.00021700000000013375,111,54
5.204418,0.0001020000000000465,66,53
5.204619,0.00020099999999967366,60,128
5.205058,0.0004390000000000782,60,128
5.20506,1.9999999993913775e-06,60,127
5.205132,7.200000000029405e-05,60,128
5.205133,1.000000000139778e-06,60,127
5.205186,5.3000000000302805e-05,60,128
5.205188,1.9999999993913775e-06,60,127
5.206036,0.000848000000000404,167,128
5.208873,0.0028369999999995343,74,51
5.208874,1.000000000139778e-06,167,52
5.20899,0.00011600000000022703,66,64
5.209563,0.0005730000000001567,443,64
5.210508,0.0009449999999997516,1514,54
5.210957,0.00044899999999969964,60,128
5.211288,0.00033100000000008123,175,1
5.211554,0.00026599999999987745,1514,54
5.211764,0.00021000000000004349,1514,54
5.211888,0.00012400000000045708,1514,54
5.212314,0.00042600000000003746,66,128
5.212654,0.0003399999999995629,1514,54
5.212654,0.0,60,128
5.212783,0.0001290000000002678,1514,54
5.212911,0.000128000000000128,66,128
5.212961,4.999999999988347e-05,1514,54
5.21306,9.899999999962716e-05,66,128
5.213061,1.000000000139778e-06,1514,54
5.213198,0.00013700000000049783,1514,54
5.213199,1.000000000139778e-06,66,127
5.21354,0.00034099999999970265,60,128
5.213541,1.000000000139778e-06,60,128
5.2139,0.0003589999999995541,1514,54
5.213971,7.100000000015427e-05,60,128
5.214032,6.099999999964467e-05,1514,54
5.214032,0.0,60,127
5.214162,0.00013000000000040757,1514,54
5.214719,0.0005569999999996966,1168,64
5.215106,0.0003869999999999152,1001,64
5.215107,1.000000000139778e-06,1514,54
5.215232,0.00012500000000059686,1514,54
5.215232,0.0,60,128
5.215234,1.9999999993913775e-06,60,128
5.215381,0.00014700000000011926,1514,54
5.215513,0.00013199999999979894,1514,54
5.215513,0.0,167,52
5.215664,0.00015100000000067837,167,128
5.215745,8.09999999997757e-05,1514,54
5.215869,0.0001239999999995689,1514,54
5.215992,0.0001230000000003173,1514,54
5.216133,0.00014100000000016877,60,128
5.216134,1.000000000139778e-06,60,128
5.216766,0.0006319999999995218,60,45
5.217023,0.0002570000000003958,60,128
5.217378,0.0003549999999998832,1514,55
5.217677,0.0002990000000000492,1514,55
5.217833,0.0001559999999996009,1514,55
5.217927,9.400000000070463e-05,60,128
5.218552,0.0006249999999994316,167,52
5.218801,0.00024900000000016576,60,128
5.219407,0.0006060000000003285,1514,55
5.219534,0.00012699999999998823,1514,55
5.219535,9.999999992515995e-07,167,52
5.219712,0.00017700000000075988,1514,55
5.219862,0.0001499999999996504,1514,55
5.21999,0.000128000000000128,1514,55
5.220115,0.00012499999999970868,1514,55
5.220243,0.000128000000000128,1514,55
5.220367,0.00012400000000045708,1514,55
5.220458,9.099999999939712e-05,66,128
5.220459,1.000000000139778e-06,66,128
5.22046,1.000000000139778e-06,66,128
5.220461,1.000000000139778e-06,66,128
5.220508,4.699999999946414e-05,1514,55
5.220723,0.0002149999999998542,1514,55
5.220873,0.0001500000000005386,1514,55
5.221012,0.0001389999999998892,1514,55
5.221205,0.0001930000000003318,66,128
5.221207,1.9999999993913775e-06,66,128
5.221208,1.000000000139778e-06,66,128
5.221209,1.000000000139778e-06,66,128
5.22121,1.000000000139778e-06,66,128
5.221294,8.400000000019503e-05,60,55
5.221499,0.0002049999999993446,60,55
5.222059,0.000560000000000116,167,52
5.222198,0.0001389999999998892,66,128
5.2222,2.000000000279556e-06,60,128
5.222524,0.00032399999999999096,167,128
5.222774,0.00025000000000030553,60,55
5.222889,0.00011500000000008725,67,51
5.222891,1.9999999993913775e-06,60,55
5.223022,0.00013100000000054735,60,128
5.223073,5.100000000002325e-05,60,128
5.223276,0.00020299999999995322,1514,55
5.224132,0.0008559999999997459,265,128
5.224206,7.399999999968543e-05,265,127
5.224887,0.0006810000000001537,167,52
5.225253,0.00036600000000053257,1514,55
5.22551,0.0002569999999995076,1514,55
5.225633,0.0001230000000003173,1514,55
5.22569,5.699999999997374e-05,60,128
5.225757,6.699999999959516e-05,1514,55
5.22588,0.0001230000000003173,1514,55
5.226002,0.00012200000000017752,1514,55
5.226126,0.0001239999999995689,1514,55
5.226239,0.0001129999999998077,167,128
5.22624,1.000000000139778e-06,1514,55
5.22675,0.0005100000000002325,60,128
5.227145,0.00039500000000014523,1165,55
5.2274,0.00025500000000011624,1514,55
5.227523,0.00012299999999942912,1514,55
5.227628,0.00010500000000046583,60,128
5.227629,1.000000000139778e-06,1514,55
5.227769,0.000140000000000029,1514,55
5.227897,0.00012799999999923983,1514,55
5.228021,0.00012400000000045708,1514,55
5.228182,0.0001610000000002998,66,128
5.228183,9.999999992515995e-07,60,128
5.228232,4.900000000063187e-05,1514,55
5.228233,1.000000000139778e-06,60,128
5.228234,9.999999992515995e-07,66,127
5.228235,1.000000000139778e-06,60,127
5.228282,4.7000000000352316e-05,60,127
5.228461,0.00017900000000015126,1514,55
5.228585,0.0001239999999995689,1514,55
5.228708,0.0001230000000003173,1514,55
5.228831,0.00012299999999942912,1514,54
5.228903,7.200000000029405e-05,60,128
5.228961,5.8000000000113516e-05,1514,54
5.229305,0.000344000000000122,60,128
5.229306,1.000000000139778e-06,60,127
5.229731,0.0004249999999998977,265,128
5.229886,0.00015499999999946112,1514,54
5.229887,1.000000000139778e-06,60,128
5.229888,1.000000000139778e-06,265,127
5.230031,0.00014300000000044832,1514,54
5.230093,6.199999999978445e-05,60,128
5.230155,6.199999999978445e-05,1514,54
5.230278,0.0001230000000003173,1514,54
5.230494,0.00021599999999999397,1514,54
5.230626,0.00013199999999979894,1514,54
5.2307500000000005,0.00012400000000045708,1514,54
5.230874,0.0001239999999995689,1514,54
5.230971,9.700000000023579e-05,60,128
5.23102,4.899999999974369e-05,1514,54
5.23112,9.999999999976694e-05,1514,54
5.231249,0.0001290000000002678,1514,54
5.23142,0.00017099999999992122,1388,54
5.231595,0.00017500000000048033,1514,54
5.231718,0.00012299999999942912,1514,54
5.231841,0.0001230000000003173,1514,54
5.231966,0.00012499999999970868,1514,54
5.231966,0.0,60,128
5.231968,2.000000000279556e-06,60,128
5.23239,0.00042199999999947835,167,128
5.232467,7.700000000010476e-05,167,128
5.232596,0.0001290000000002678,66,43
5.232844,0.000248000000000026,66,128
5.232846,2.000000000279556e-06,60,128
5.23291,6.4000000000064e-05,66,127
5.23355,0.0006399999999997519,78,48
5.233622,7.200000000029405e-05,78,48
5.233727,0.00010499999999957765,167,128
5.233903,0.00017599999999973193,60,128
5.233904,1.000000000139778e-06,60,127
5.233905,1.000000000139778e-06,60,128
5.233952,4.7000000000352316e-05,60,127
5.234134,0.00018199999999968242,89,116
5.234635,0.0005009999999998627,66,55
5.234841,0.00020600000000037255,60,128
5.234893,5.199999999927485e-05,66,128
5.234943,5.000000000077165e-05,66,128
5.235017,7.399999999968543e-05,66,127
5.235632,0.0006149999999998101,60,128
5.235638,5.999999999950489e-06,60,127
5.235811,0.00017300000000020077,67,64
5.236015,0.000204000000000093,265,128
5.236086,7.100000000015427e-05,265,127
5.236913,0.0008270000000001332,589,128
5.23817,0.0012569999999998416,167,51
5.238447,0.00027699999999963865,999,50
5.238599,0.00015199999999992997,66,64
5.239267,0.000668000000000113,66,50
5.239484,0.00021700000000013375,66,55
5.239662,0.00017800000000001148,60,128
5.23972,5.8000000000113516e-05,66,64
5.239964,0.00024399999999946687,167,128
5.24028,0.0003160000000006491,60,128
5.240375,9.499999999995623e-05,481,128
5.240376,1.000000000139778e-06,60,128
5.240429,5.2999999999414626e-05,1514,55
5.240429,0.0,60,127
5.240431,2.000000000279556e-06,60,127
5.240747,0.0003159999999997609,1514,55
5.241121,0.00037399999999987443,1514,55
5.241244,0.0001230000000003173,1514,55
5.24145,0.00020600000000037255,1514,55
5.24145,0.0,66,128
5.241571,0.00012100000000003774,1514,55
5.241571,0.0,66,127
5.241702,0.00013099999999965917,1514,55
5.241825,0.0001230000000003173,1514,55
5.241826,9.999999992515995e-07,60,128
5.241935,0.00010900000000013677,60,128
5.241936,1.000000000139778e-06,1514,55
5.242072,0.00013600000000035806,1514,55
5.242072,0.0,60,127
5.242202,0.0001299999999995194,1514,55
5.242325,0.0001230000000003173,1514,55
5.242449,0.0001239999999995689,1514,55
5.242572,0.0001230000000003173,1514,55
5.242629,5.699999999997374e-05,60,128
5.242695,6.600000000034356e-05,1514,55
5.242818,0.00012299999999942912,1514,55
5.242819,1.000000000139778e-06,67,51
5.243373,0.0005540000000001655,60,128
5.243443,7.00000000000145e-05,60,240
5.243672,0.00022900000000003473,60,128
5.245874,0.002201999999999593,77,128
5.246239,0.0003650000000003928,167,128
5.247872,0.0016329999999999956,507,51
5.248003,0.00013099999999965917,66,64
5.248779,0.0007760000000001099,66,51
5.248917,0.00013799999999974943,60,128
5.24914,0.00022300000000008424,66,64
5.249752,0.000612000000000279,167,52
5.251233,0.0014810000000000656,66,128
5.251296,6.299999999992423e-05,66,127
5.251639,0.0003429999999999822,265,128
5.251712,7.300000000043383e-05,265,127
5.252103,0.0003909999999995861,60,128
5.252104,1.000000000139778e-06,60,127
5.25249,0.0003859999999997754,265,128
5.252562,7.200000000029405e-05,265,127
5.253062,0.0004999999999997229,60,128
5.253933,0.0008710000000000662,167,48
5.253985,5.200000000016303e-05,167,46
5.254987,0.0010019999999997253,106,45
5.254993,5.999999999950489e-06,60,128
5.254994,1.000000000139778e-06,60,127
5.255597,0.0006029999999999092,265,128
5.255669,7.200000000029405e-05,265,127
5.255835,0.0001660000000001105,60,128
5.255837,1.9999999993913775e-06,60,127
5.255839,2.000000000279556e-06,60,128
5.255885,4.600000000021254e-05,60,127
5.256061,0.00017599999999973193,501,45
5.256166,0.00010500000000046583,60,128
5.256348,0.00018199999999968242,167,128
5.257586,0.0012379999999998503,1392,55
5.257796,0.00021000000000004349,67,64
5.25844,0.000644000000000311,66,55
5.258612,0.000172000000000061,60,55
5.258834,0.00022199999999994446,60,128
5.259016,0.00018199999999968242,1514,55
5.259359,0.0003429999999999822,167,52
5.25967,0.0003109999999999502,60,128
5.259815,0.0001449999999998397,60,128
5.259865,4.999999999988347e-05,1514,55
5.259865,0.0,60,127
5.260461,0.0005960000000007071,609,128
5.260645,0.00018399999999996197,60,128
5.260697,5.200000000016303e-05,60,128
5.260701,3.9999999996709334e-06,1514,55
5.260824,0.0001230000000003173,1514,55
5.260826,1.9999999993913775e-06,60,127
5.260827,1.000000000139778e-06,60,127
5.261012,0.00018500000000010175,1514,55
5.261134,0.00012200000000017752,1514,55
5.261258,0.0001239999999995689,1514,55
5.261381,0.0001230000000003173,1514,55
5.261504,0.0001230000000003173,1514,55
5.261628,0.0001239999999995689,1514,55
5.261751,0.0001230000000003173,1514,55
5.261875,0.0001239999999995689,1514,55
5.261998,0.0001230000000003173,1514,55
5.261998,0.0,60,55
5.262068,7.00000000000145e-05,80,128
5.2621780000000005,0.00011000000000027654,60,128
5.262322,0.00014399999999969992,221,51
5.262806,0.000484000000000151,60,128
5.262808,1.9999999993913775e-06,60,128
5.262809,1.000000000139778e-06,60,128
5.26281,1.000000000139778e-06,60,128
5.262811,1.000000000139778e-06,167,51
5.262869,5.8000000000113516e-05,60,128
5.263383,0.0005139999999999034,1514,55
5.263506,0.00012299999999942912,1514,55
5.263677,0.0001710000000008094,1514,55
5.263884,0.00020699999999962415,1514,55
5.264007,0.0001230000000003173,1514,55
5.264007,0.0,81,128
5.264129,0.00012199999999928934,1514,55
5.264271,0.00014200000000030855,1514,55
5.264388,0.00011700000000036681,60,128
5.2643889999999995,9.999999992515995e-07,1514,55
5.264502,0.00011300000000069588,1313,55
5.265451,0.0009489999999994225,60,128
5.266153,0.0007020000000004245,60,55
5.266356,0.00020299999999995322,60,55
5.266836,0.00047999999999959186,1514,55
5.266959,0.0001230000000003173,1514,55
5.267076,0.00011700000000036681,60,128
5.2670770000000005,1.000000000139778e-06,1514,55
5.2670770000000005,0.0,81,128
5.267135,5.799999999922534e-05,86,128
5.267205,7.00000000000145e-05,1514,55
5.267342,0.00013700000000049783,1514,55
5.267417,7.49999999998252e-05,918,55
5.26754,0.0001230000000003173,1514,55
5.267664,0.0001239999999995689,1514,55
5.267787,0.0001230000000003173,1514,54
5.26791,0.00012299999999942912,1514,54
5.268034,0.00012400000000045708,1514,54
5.268125,9.10000000002853e-05,60,128
5.268214,8.900000000000574e-05,60,128
5.269065,0.0008509999999999351,60,128
5.269163,9.799999999948739e-05,1514,54
5.269286,0.0001230000000003173,1514,54
5.269286,0.0,385,54
5.269589,0.00030299999999972016,1514,54
5.269638,4.899999999974369e-05,509,54
5.269639,1.000000000139778e-06,66,50
5.269936,0.00029700000000065785,60,128
5.270798,0.0008619999999996963,60,128
5.271144,0.00034599999999951336,99,128
5.272077,0.0009330000000007388,78,48
5.272149,7.199999999940587e-05,78,48
5.272276,0.00012699999999998823,167,128
5.272776,0.0005000000000006111,60,128
5.27287,9.399999999981645e-05,109,51
5.274694,0.0018240000000000478,167,48
5.2749690000000005,0.00027500000000024727,167,46
5.278917,0.0039479999999993964,74,64
5.280264,0.001346999999999987,1168,64
5.280627,0.00036300000000011323,1109,64
5.280744,0.00011700000000036681,269,51
5.281713,0.0009689999999995536,60,55
5.282964,0.001250999999999891,1272,55
5.282964,0.0,60,55
5.283372,0.000408000000000186,60,128
5.283375,3.000000000419334e-06,60,128
5.284353,0.0009779999999999234,60,128
5.284355,1.9999999993913775e-06,1514,55
5.284479,0.00012400000000045708,1514,55
5.28448,1.000000000139778e-06,60,127
5.284797,0.0003169999999999007,60,128
5.284798,1.000000000139778e-06,60,128
5.284799,9.999999992515995e-07,60,127
5.2848,1.000000000139778e-06,60,127
5.28512,0.00032000000000032003,60,128
5.285479,0.0003589999999995541,1514,55
5.285602,0.0001230000000003173,1514,55
5.285726,0.00012400000000045708,1513,55
5.285878,0.00015199999999992997,1514,54
5.286015,0.00013699999999960966,1514,54
5.286243,0.00022799999999989495,1514,54
5.286375,0.00013199999999979894,1514,54
5.286498,0.0001230000000003173,1514,54
5.286772,0.0002740000000001075,60,128
5.286822,4.999999999988347e-05,1514,55
5.287021,0.00019900000000028228,1514,54
5.287155,0.0001340000000000785,1514,55
5.287155,0.0,60,128
5.287205,4.999999999988347e-05,551,54
5.287206,1.000000000139778e-06,112,51
5.287481,0.0002749999999993591,60,236
5.287713,0.00023200000000045407,60,128
5.287837,0.0001239999999995689,1514,55
5.288016,0.00017900000000015126,74,64
5.288018,2.000000000279556e-06,60,128
5.28819,0.000172000000000061,60,128
5.288245,5.499999999969418e-05,1514,55
5.288245,0.0,66,128
5.288559,0.00031400000000036954,1514,55
5.288856,0.00029699999999976967,1514,55
5.289883,0.001026999999999667,1514,55
5.290115,0.00023200000000045407,60,128
5.290314,0.00019900000000028228,167,64
5.290786,0.0004719999999993618,66,51
5.290858,7.200000000029405e-05,167,128
5.291268,0.00040999999999957737,167,128
5.292009,0.0007410000000005468,1514,55
5.292357,0.0003479999999997929,1514,55
5.292481,0.00012400000000045708,1514,55
5.292604,0.00012299999999942912,1514,55
5.292839,0.00023499999999998522,1514,55
5.292965,0.00012599999999984846,1514,55
5.293088,0.0001230000000003173,1514,55
5.293211,0.0001230000000003173,1514,55
5.293335,0.0001239999999995689,1514,55
5.293335,0.0,60,128
5.293458,0.0001230000000003173,1514,55
5.293458,0.0,97,51
5.294161,0.0007029999999996761,66,128
5.29431,0.0001490000000003988,66,128
5.294367,5.699999999997374e-05,60,128
5.295854,0.001487000000000016,167,128
5.2970749999999995,0.0012209999999992505,60,128
5.297292,0.00021700000000013375,97,51
5.297811,0.0005190000000006023,66,128
5.29795,0.0001389999999998892,66,128
5.29824,0.0002899999999996794,167,51
5.298763,0.0005230000000002732,167,52
5.29957,0.0008070000000000022,67,64
5.300744,0.0011739999999997863,67,51
5.301284,0.0005399999999999849,167,128
5.304542,0.003257999999999761,102,51
5.306051,0.0015090000000004267,167,128
5.308695,0.0026440000000000907,167,52
5.310159,0.0014639999999994657,60,128
5.311179,0.001020000000000465,60,128
5.311725,0.0005459999999999354,60,128
5.314955,0.003230000000000288,1514,55
5.315226,0.00027099999999968816,1514,55
5.315349,0.0001230000000003173,1514,55
5.315472,0.00012299999999942912,1514,55
5.315595,0.0001230000000003173,1514,55
5.315711,0.00011600000000022703,167,128
5.3157119999999995,9.999999992515995e-07,1514,55
5.315848,0.00013600000000035806,1514,55
5.315977,0.0001290000000002678,1514,55
5.315978,1.000000000139778e-06,167,52
5.316637,0.0006589999999997431,60,128
5.318604,0.001966999999999608,167,52
5.319277,0.0006729999999999237,167,52
5.320146,0.0008690000000006748,67,64
5.32058,0.0004339999999993793,167,52
5.320733,0.00015300000000006975,67,51
5.321136,0.0004030000000003753,171,52
5.322124,0.0009879999999995448,171,52
5.322341,0.00021700000000013375,171,52
5.322398,5.699999999997374e-05,167,128
5.322936,0.0005380000000005936,60,128
5.323094,0.00015799999999988046,171,52
5.324307,0.0012129999999999086,167,52
5.324604,0.00029699999999976967,167,128
5.326584,0.001980000000000537,1514,55
5.326776,0.00019199999999930384,60,128
5.326909,0.00013299999999993872,1514,55
5.32731,0.0004010000000000957,1514,55
5.327397,8.700000000061436e-05,575,128
5.32766,0.0002629999999994581,1514,55
5.327955,0.0002950000000003783,60,128
5.328014,5.8999999999365116e-05,1514,55
5.328386,0.00037200000000048306,1514,55
5.328734,0.0003479999999997929,1514,55
5.328735,1.000000000139778e-06,60,128
5.328942,0.00020699999999962415,66,128
5.32901,6.800000000062312e-05,66,127
5.329232,0.00022199999999994446,167,128
5.329687,0.00045499999999965013,1514,55
5.329834,0.00014700000000011926,60,128
5.329892,5.8000000000113516e-05,60,127
5.330016,0.0001239999999995689,1514,55
5.330016,0.0,60,185
5.33016,0.0001440000000005881,60,64
5.330277,0.00011699999999947863,60,128
5.3310130000000004,0.0007360000000007361,782,64
5.331955,0.0009419999999993323,66,55
5.33216,0.00020500000000023277,60,128
5.33234,0.00018000000000029104,167,128
5.332491,0.0001509999999997902,60,128
5.332866,0.0003750000000000142,66,55
5.333047,0.00018099999999954264,66,55
5.333687,0.0006400000000006401,167,128
5.333859,0.000172000000000061,60,128
5.33386,9.999999992515995e-07,60,128
5.335252,0.0013920000000000599,91,128
5.335324,7.200000000029405e-05,91,128
5.335381,5.699999999997374e-05,91,128
5.335519,0.00013799999999974943,74,51
5.335637,0.00011800000000050659,66,64
5.336384,0.0007469999999996091,461,64
5.336528,0.0001440000000005881,66,55
5.33679,0.00026199999999931833,85,126
5.336951,0.0001610000000002998,113,64
5.337537,0.0005860000000001975,85,126
5.337641,0.00010399999999943788,113,64
5.337917,0.00027600000000038705,167,51
5.339948,0.002030999999999672,167,128
5.340248,0.000300000000000189,265,128
5.34032,7.200000000029405e-05,265,127
5.340793,0.0004729999999995016,299,51
5.341499,0.0007060000000000954,66,55
5.341563,6.4000000000064e-05,67,64
5.341732,0.00016900000000052984,60,128
5.342072,0.0003399999999995629,1514,55
5.342372,0.000300000000000189,1514,55
5.342607,0.00023499999999998522,60,128
5.342785,0.00017800000000001148,1514,55
5.343122,0.0003370000000000317,1514,55
5.343423,0.0003009999999994406,1514,55
5.343491,6.800000000062312e-05,60,128
5.343772,0.00028100000000019776,1514,55
5.344293,0.0005209999999999937,60,128
5.344478,0.00018499999999921357,1514,55
5.344479,1.000000000139778e-06,60,128
5.34448,1.000000000139778e-06,60,127
5.344528,4.8000000000492093e-05,60,128
5.34453,1.9999999993913775e-06,60,127
5.345102,0.0005720000000000169,1514,55
5.345434,0.000332000000000221,66,54
5.345639,0.00020500000000023277,60,128
5.345783,0.00014399999999969992,60,128
5.346246,0.0004629999999998802,167,128
5.346303,5.699999999997374e-05,1514,55
5.346542,0.00023900000000054433,117,127
5.346748,0.00020599999999948437,1514,55
5.346748,0.0,99,55
5.34675,2.000000000279556e-06,117,127
5.346838,8.799999999986596e-05,513,242
5.346839,1.000000000139778e-06,91,48
5.347357,0.0005179999999995744,60,128
5.347458,0.00010099999999990672,117,127
5.348422,0.000964000000000631,155,128
5.348831,0.0004089999999994376,155,128
5.349929,0.0010980000000007095,167,52
5.351211,0.0012819999999997833,123,64
5.351888,0.0006769999999995946,129,64
5.35224,0.00035200000000035203,67,64
5.35383,0.0015900000000002024,167,46
5.354208,0.00037799999999954537,60,128
5.35488,0.0006719999999997839,167,48
5.356317,0.0014370000000001326,167,128
5.356412,9.499999999995623e-05,130,64
5.359257,0.0028450000000006526,89,112
5.359507,0.00024999999999941735,167,52
5.359659,0.00015199999999992997,103,128
5.360739,0.0010799999999999699,67,51
5.361205,0.0004660000000002995,60,240
5.362761,0.0015559999999998908,60,45
5.363063,0.00030200000000046856,167,51
5.364477,0.0014139999999995823,66,128
5.364479,2.000000000279556e-06,89,110
5.364545,6.599999999945538e-05,66,127
5.365431,0.0008860000000003865,60,128
5.365433,2.000000000279556e-06,60,127
5.365823,0.00038999999999944635,265,128
5.365894,7.100000000015427e-05,265,127
5.367703,0.0018089999999997275,91,50
5.369549,0.0018460000000004584,91,128
5.369956,0.0004070000000000462,60,128
5.3699580000000005,2.000000000279556e-06,60,127
5.370007,4.899999999974369e-05,60,128
5.370009,1.9999999993913775e-06,60,127
5.370234,0.0002250000000003638,91,128
5.370235,1.000000000139778e-06,91,128
5.370237,2.000000000279556e-06,91,128
5.372293,0.0020559999999996137,167,128
5.374007,0.0017139999999997713,1168,64
5.374376,0.0003690000000000637,832,64
5.374851,0.00047499999999978115,167,46
5.376823,0.001972000000000307,167,48
5.380889,0.004065999999999903,259,51
5.390998,0.010108999999999924,167,128
5.391258,0.00025999999999992696,167,128
5.393207,0.0019490000000006447,66,128
5.393267,5.9999999999504894e-05,66,127
5.394134,0.0008670000000003952,60,128
5.394135,1.000000000139778e-06,60,127
5.394535,0.00039999999999995595,265,128
5.394609,7.399999999968543e-05,265,127
5.394797,0.0001879999999996329,60,128
5.394799,2.000000000279556e-06,60,128
5.395056,0.0002570000000003958,67,64
5.395868,0.0008119999999998129,167,128
5.396331,0.0004629999999998802,60,128
5.397184,0.0008530000000002147,167,64
5.398138,0.0009540000000001214,167,51
5.398651,0.0005129999999997636,438,48
5.39877,0.00011899999999975819,60,48
5.398772,2.000000000279556e-06,60,64
5.399001,0.00022900000000003473,60,128
5.399002,1.000000000139778e-06,60,127
5.399053,5.100000000002325e-05,60,128
5.399054,9.999999992515995e-07,60,127
5.399136,8.200000000080365e-05,167,52
5.399609,0.0004729999999995016,60,64
5.399692,8.300000000005525e-05,60,52
5.399827,0.00013500000000021828,60,52
5.399953,0.00012599999999984846,91,51
5.400049,9.600000000009601e-05,60,241
5.40017,0.00012100000000003774,91,51
5.400739,0.0005689999999995976,66,51
5.401196,0.0004569999999999297,67,51
5.401282,8.600000000047459e-05,167,128
5.404845,0.003562999999999761,114,128
5.404894,4.899999999974369e-05,114,127
5.406045,0.0011510000000001241,167,128
5.408719,0.002673999999999843,167,52
5.409572,0.0008530000000002147,81,117
5.410076,0.000504000000000282,91,53
5.410169,9.299999999967667e-05,63,128
5.410219,4.999999999988347e-05,91,52
5.410402,0.00018300000000071037,91,51
5.410535,0.00013299999999993872,91,52
5.410603,6.799999999973494e-05,78,48
5.410728,0.00012499999999970868,78,48
5.41188,0.001152000000000264,82,128
5.412045,0.00016499999999997073,66,128
5.412108,6.299999999992423e-05,66,127
5.4129760000000005,0.000868000000000535,60,128
5.412978,1.9999999993913775e-06,60,127
5.413348,0.0003700000000002035,265,128
5.413419,7.100000000015427e-05,265,127
5.414174,0.0007549999999998391,167,52
5.415599,0.0014250000000002316,167,128
5.41665,0.001050999999999469,1168,64
5.417099,0.0004490000000005878,763,64
5.417099,0.0,66,128
5.417225,0.00012599999999984846,66,127
5.417369,0.00014399999999969992,60,128
5.41737,1.000000000139778e-06,60,127
5.417371,1.000000000139778e-06,60,128
5.41744,6.899999999987472e-05,60,127
5.41802,0.000580000000000247,60,128
5.418022,1.9999999993913775e-06,60,127
5.418484,0.0004620000000006286,265,128
5.418556,7.199999999940587e-05,265,127
5.418679,0.0001230000000003173,113,45
5.418997,0.00031800000000004047,475,45
5.419101,0.00010400000000032605,167,52
5.419103,1.9999999993913775e-06,60,128
5.419754,0.0006510000000004013,167,52
5.420604,0.0008499999999997954,167,52
5.420606,2.000000000279556e-06,75,51
5.422534,0.0019279999999994857,60,128
5.422535,1.000000000139778e-06,60,127
5.422624,8.900000000000574e-05,60,128
5.422625,1.000000000139778e-06,60,127
5.423892,0.0012670000000003512,167,128
5.424757,0.0008649999999992275,167,52
5.42574,0.0009830000000006223,167,128
5.428226,0.0024860000000002103,167,128
5.430372,0.002145999999999759,78,48
5.4305959999999995,0.00022399999999933584,78,48
5.430795,0.00019900000000028228,78,48
5.431177,0.0003820000000001045,60,128
5.432352,0.001174999999999926,167,128
5.433763,0.001411000000000051,167,128
5.436805,0.003041999999999767,676,51
5.436909,0.00010400000000032605,66,64
5.437666,0.0007570000000001187,66,51
5.437814,0.00014800000000025904,167,51
5.43828,0.00046599999999941133,66,64
5.438581,0.0003010000000003288,67,64
5.4387229999999995,0.00014199999999942037,60,42
5.439987,0.00126400000000082,167,128
5.440757,0.0007699999999992713,242,51
5.440759,2.000000000279556e-06,60,128
5.44367,0.002911000000000108,66,128
5.443733,6.299999999992423e-05,66,127
5.443996,0.0002630000000003463,60,128
5.443998,1.9999999993913775e-06,60,127
5.4462530000000005,0.002255000000000784,167,128
5.446993,0.0007399999999995188,73,128
5.447098,0.00010500000000046583,98,51
5.448136,0.0010379999999994283,60,48
5.449737,0.0016009999999999636,66,128
5.450027,0.0002900000000005676,167,52
5.451538,0.001510999999999818,66,128
5.4516,6.199999999978445e-05,66,127
5.451794,0.0001939999999995834,60,128
5.451796,2.000000000279556e-06,60,127
5.452015,0.0002190000000004133,265,128
5.452087,7.199999999940587e-05,265,127
5.453511,0.0014240000000000919,265,128
5.453582,7.100000000015427e-05,265,127
5.454552,0.0009699999999996933,167,46
5.455128,0.000576000000000576,167,48
5.456241,0.0011130000000001417,60,128
5.456242,9.999999992515995e-07,60,127
5.456293,5.100000000002325e-05,167,128
5.456423,0.00013000000000040757,60,128
5.456484,6.099999999964467e-05,60,128
5.456535,5.100000000002325e-05,60,127
5.456537,2.000000000279556e-06,60,127
5.45729,0.0007530000000004478,66,53
5.459381,0.002090999999999177,167,52
5.459827,0.0004460000000001685,450,64
5.460282,0.0004550000000005383,67,64
5.460356,7.399999999968543e-05,60,128
5.460358,2.000000000279556e-06,60,127
5.460594,0.000236000000000125,60,128
5.460596,1.9999999993913775e-06,60,127
5.460663,6.700000000048334e-05,60,128
5.460664,1.000000000139778e-06,60,127
5.46072,5.599999999983396e-05,67,51
5.462835,0.002114999999999867,167,51
5.464228,0.0013930000000001996,106,126
5.464832,0.0006040000000000489,60,128
5.464833,9.999999992515995e-07,106,255
5.465037,0.000204000000000093,106,255
5.4658999999999995,0.0008629999999998361,1414,128
5.46599,9.000000000014552e-05,1131,128
5.468278,0.0022880000000000678,66,128
5.468339,6.100000000053285e-05,66,127
5.468593,0.00025399999999997647,60,128
5.468594,1.000000000139778e-06,60,127
5.470396,0.0018019999999996372,576,128
5.471045,0.0006490000000001217,60,128
5.472262,0.0012169999999995795,167,128
5.474894,0.0026320000000001897,167,46
5.475262,0.00036799999999992394,74,64
5.475316,5.400000000044258e-05,66,47
5.475416,9.999999999976694e-05,66,128
5.476169,0.0007529999999995596,167,48
5.476356,0.0001870000000003813,91,49
5.477521,0.0011650000000003047,1266,64
5.478518,0.0009969999999999146,265,128
5.478589,7.100000000015427e-05,265,127
5.480707,0.002117999999999398,74,51
5.480708,1.000000000139778e-06,60,49
5.480964,0.000256000000000256,60,128
5.481752,0.0007880000000000109,1168,64
5.482218,0.00046599999999941133,1104,64
5.482434,0.00021599999999999397,60,128
5.482436,2.000000000279556e-06,60,127
5.48272,0.0002839999999997289,60,128
5.482721,1.000000000139778e-06,60,127
5.4827960000000004,7.500000000071338e-05,60,128
5.482797,9.999999992515995e-07,60,127
5.484499,0.0017019999999998703,66,128
5.484564,6.500000000020378e-05,66,127
5.485377,0.0008129999999999526,60,128
5.485378,1.000000000139778e-06,60,127
5.488823,0.0034450000000001424,66,128
5.488884,6.099999999964467e-05,66,127
5.48971,0.0008259999999999934,60,128
5.489711,1.000000000139778e-06,60,127
5.49089,0.0011790000000004852,66,51
5.490991,0.00010099999999990672,167,128
5.49123,0.00023899999999965615,103,64
5.491231,1.000000000139778e-06,167,128
5.4923,0.0010690000000002087,99,128
5.492634,0.0003339999999996124,67,64
5.492803,0.00016900000000052984,60,128
5.492947,0.00014399999999969992,167,64
5.495036,0.0020889999999997855,265,128
5.495108,7.200000000029405e-05,265,127
5.495861,0.0007529999999995596,167,128
5.49796,0.002099000000000295,167,51
5.49876,0.0007999999999999119,167,52
5.49921,0.0004499999999998394,265,128
5.499286,7.599999999996498e-05,265,127
5.499538,0.0002520000000005851,60,128
5.49954,1.9999999993913775e-06,60,128
5.499541,1.000000000139778e-06,60,127
5.499542,1.000000000139778e-06,60,127
5.500691,0.0011489999999998446,67,51
5.501262,0.0005709999999998772,167,128
5.504872,0.003610000000000113,60,128
5.504873,1.000000000139778e-06,60,127
5.504944,7.100000000015427e-05,60,128
5.504946,2.000000000279556e-06,60,127
5.505401,0.00045499999999965013,182,50
5.506042,0.0006409999999998917,167,128
5.506432,0.0003900000000003345,74,52
5.506567,0.00013500000000021828,66,64
5.507168,0.0006009999999996296,472,64
5.507439,0.00027099999999968816,60,241
5.507834,0.00039500000000014523,60,128
5.508446,0.000612000000000279,60,45
5.508637,0.00019100000000005224,66,51
5.508924,0.00028700000000014825,1414,128
5.508925,9.999999992515995e-07,78,52
5.509005,8.00000000005241e-05,1063,128
5.509005,0.0,167,52
5.509107,0.0001020000000000465,78,52
5.50917,6.299999999992423e-05,78,51
5.509499,0.0003289999999998017,366,241
5.510484,0.0009850000000000136,66,239
5.510809,0.00032500000000013074,60,128
5.511438,0.0006289999999999907,180,128
5.513104,0.0016660000000001673,66,128
5.513168,6.4000000000064e-05,66,127
5.513997,0.0008289999999995246,60,128
5.513999,2.000000000279556e-06,60,127
5.514347,0.0003479999999997929,167,52
5.514444,9.700000000023579e-05,60,128
5.514623,0.00017900000000015126,67,64
5.515051,0.00042799999999942884,66,128
5.515109,5.8000000000113516e-05,66,127
5.515706,0.0005969999999999587,167,128
5.515915,0.0002089999999999037,60,128
5.515915,0.0,60,127
5.516292,0.00037700000000029377,265,128
5.516363,7.100000000015427e-05,265,127
5.517859,0.0014959999999994977,66,128
5.517919,6.000000000039307e-05,66,127
5.5186530000000005,0.0007340000000004565,167,52
5.518788,0.0001349999999993301,66,49
5.51879,2.000000000279556e-06,60,128
5.518956,0.0001660000000001105,60,128
5.518957,1.000000000139778e-06,60,127
5.519274,0.0003169999999999007,167,52
5.519276,1.9999999993913775e-06,78,53
5.519457,0.00018100000000043082,78,53
5.519827,0.0003700000000002035,66,40
5.520036,0.0002089999999999037,167,51
5.5201329999999995,9.699999999934761e-05,78,52
5.520577,0.0004440000000007771,167,52
5.5206420000000005,6.500000000020378e-05,60,128
5.520644,1.9999999993913775e-06,60,127
5.520741,9.700000000023579e-05,60,128
5.5207429999999995,1.9999999993913775e-06,60,127
5.520822,7.900000000038432e-05,282,51
5.520988,0.0001660000000001105,66,128
5.521049,6.099999999964467e-05,66,127
5.521888,0.0008390000000000342,60,128
5.52189,2.000000000279556e-06,60,127
5.522142,0.0002519999999996969,66,128
5.522246,0.00010400000000032605,265,128
5.52232,7.399999999968543e-05,265,127
5.523667,0.001346999999999987,265,128
5.523741,7.400000000057361e-05,265,127
5.524379,0.0006379999999994723,167,52
5.5247530000000005,0.0003740000000007626,167,128
5.528243,0.003489999999999327,167,128
5.528782,0.0005389999999998452,167,128
5.529304,0.0005220000000001335,265,128
5.529374,7.00000000000145e-05,265,127
5.530752,0.0013779999999998793,60,128
5.531204,0.000452000000000119,66,128
5.531273,6.899999999987472e-05,66,127
5.532322,0.0010490000000000776,60,128
5.532323,1.000000000139778e-06,167,128
5.532325,2.000000000279556e-06,60,127
5.533574,0.0012489999999996115,60,128
5.533576,2.000000000279556e-06,60,128
5.533577,1.000000000139778e-06,60,127
5.533643,6.599999999945538e-05,60,127
5.533751,0.00010799999999999699,167,128
5.53678,0.0030290000000006145,630,48
5.536834,5.3999999999554404e-05,1168,64
5.5369150000000005,8.100000000066387e-05,60,64
5.53728,0.0003649999999995046,1011,64
5.537657,0.00037700000000029377,66,128
5.537716,5.8999999999365116e-05,66,127
5.5381160000000005,0.0004000000000008441,167,51
5.538117,9.999999992515995e-07,60,128
5.538176,5.9000000000253294e-05,60,127
5.538578,0.0004020000000002355,265,128
5.53865,7.199999999940587e-05,265,127
5.539978,0.0013279999999999959,167,128
5.540185,0.00020700000000051233,60,128
5.540698,0.0005129999999997636,67,51
5.542125,0.0014270000000005112,265,128
5.542197,7.199999999940587e-05,265,127
5.542388,0.00019100000000005224,60,128
5.542389,1.000000000139778e-06,60,128
5.54239,1.000000000139778e-06,60,127
5.542455,6.500000000020378e-05,60,127
5.54486,0.0024049999999995464,60,128
5.544862,2.000000000279556e-06,60,127
5.54534,0.0004780000000002005,143,242
5.545655,0.00031499999999962114,60,128
5.545657,2.000000000279556e-06,60,127
5.545719,6.199999999978445e-05,60,128
5.54572,1.000000000139778e-06,60,127
5.5458549999999995,0.0001349999999993301,60,128
5.54604,0.00018500000000010175,60,128
5.5462620000000005,0.00022200000000083264,167,128
5.546545,0.00028299999999958914,60,128
5.5466180000000005,7.300000000043383e-05,255,128
5.547089,0.00047099999999922204,446,64
5.548496,0.0014070000000003802,60,128
5.548498,2.000000000279556e-06,60,128
5.548499,9.999999992515995e-07,60,127
5.548546,4.7000000000352316e-05,60,127
5.549165,0.0006190000000003693,66,128
5.549227,6.199999999978445e-05,66,127
5.549594,0.00036699999999978417,1514,52
5.549718,0.00012400000000045708,1514,52
5.549718,0.0,66,64
5.5498,8.199999999991547e-05,66,64
5.54985,4.999999999988347e-05,1514,52
5.549851,1.000000000139778e-06,167,52
5.549924,7.299999999954565e-05,66,64
5.550113,0.00018899999999977268,60,128
5.550115,2.000000000279556e-06,60,127
5.550191,7.599999999996498e-05,91,128
5.550343,0.00015199999999992997,60,128
5.550526,0.0001829999999998222,265,128
5.5507,0.00017400000000034055,1514,52
5.550701,1.000000000139778e-06,265,127
5.550798,9.700000000023579e-05,66,64
5.552123,0.0013249999999995765,95,240
5.552358,0.00023499999999998522,104,45
5.55236,2.000000000279556e-06,60,128
5.55242,5.9999999999504894e-05,60,127
5.552478,5.8000000000113516e-05,60,128
5.552536,5.8000000000113516e-05,60,128
5.5525400000000005,4.000000000559112e-06,471,45
5.552541,9.999999992515995e-07,60,127
5.552542,1.000000000139778e-06,60,127
5.552643,0.00010099999999990672,66,53
5.552708,6.500000000020378e-05,60,128
5.55284,0.00013199999999979894,60,128
5.553041,0.00020100000000056184,60,128
5.554002,0.0009609999999993235,167,46
5.554122,0.00011999999999989797,555,128
5.554525,0.0004030000000003753,60,242
5.555368,0.0008429999999997051,60,241
5.555877,0.0005090000000000927,167,48
5.556176,0.0002990000000000492,60,128
5.556228,5.200000000016303e-05,60,128
5.55623,2.000000000279556e-06,365,241
5.556231,1.000000000139778e-06,60,127
5.556232,9.999999992515995e-07,60,127
5.556355,0.0001230000000003173,167,128
5.558692,0.0023369999999998115,67,64
5.559733,0.0010409999999998476,167,52
5.559831,9.800000000037556e-05,60,126
5.560799,0.000968000000000302,106,126
5.560983,0.00018399999999996197,304,51
5.561165,0.00018199999999968242,60,128
5.561294,0.0001290000000002678,106,255
5.56146,0.0001660000000001105,106,255
5.562204,0.0007440000000000779,60,242
5.563409,0.0012049999999996786,167,51
5.564837,0.0014279999999997628,60,241
5.564915,7.800000000024454e-05,60,128
5.567143,0.0022279999999996747,60,128
5.567559,0.00041600000000041604,66,54
5.568556,0.0009969999999999146,60,243
5.570251,0.00169499999999978,66,128
5.570625,0.00037399999999987443,66,128
5.571684,0.0010590000000005872,1514,239
5.572313,0.0006289999999999907,167,128
5.572683,0.0003699999999993153,1514,239
5.573209,0.0005260000000006926,60,128
5.573746,0.0005369999999995656,1514,239
5.573831,8.500000000033481e-05,952,239
5.573832,1.000000000139778e-06,60,242
5.574186,0.0003539999999997434,60,128
5.57485,0.0006639999999995538,60,128
5.574986,0.00013600000000035806,167,46
5.57515,0.00016399999999983095,60,128
5.575257,0.00010699999999985721,60,128
5.5757010000000005,0.0004440000000007771,60,128
5.575769,6.799999999973494e-05,167,48
5.575826,5.699999999997374e-05,60,128
5.575925,9.899999999962716e-05,364,128
5.577168,0.0012430000000005492,431,128
5.577407,0.00023899999999965615,60,45
5.57761,0.00020299999999995322,469,128
5.577661,5.100000000002325e-05,60,128
5.578711,0.0010500000000002174,1514,128
5.578761,4.999999999988347e-05,539,128
5.579387,0.0006259999999995713,1514,128
5.579435,4.8000000000492093e-05,546,128
5.580444,0.0010089999999998156,60,53
5.5805240000000005,8.00000000005241e-05,1514,128
5.5805240000000005,0.0,72,64
5.580573,4.899999999974369e-05,541,128
5.58065,7.700000000010476e-05,75,51
5.581192,0.0005419999999993763,1514,128
5.581242,4.999999999988347e-05,554,128
5.581844,0.0006020000000006576,1384,53
5.58235,0.0005059999999996734,60,112
5.582808,0.00045800000000006946,1345,52
5.582977,0.00016899999999964166,1304,128
5.583268,0.00029100000000070736,66,64
5.584573,0.0013049999999994455,73,112
5.587225,0.0026520000000003208,1514,128
5.587226,1.000000000139778e-06,536,128
5.587356,0.0001299999999995194,78,49
5.58751,0.00015400000000020952,78,49
5.588249,0.0007390000000002672,60,241
5.590813,0.0025639999999995666,167,64
5.590943,0.00013000000000040757,1514,128
5.590943,0.0,167,128
5.590992,4.899999999974369e-05,549,128
5.591268,0.00027600000000038705,167,128
5.591612,0.0003439999999992338,319,242
5.591889,0.0002770000000005268,60,128
5.592319,0.0004299999999997084,427,128
5.593758,0.0014390000000004122,74,64
5.594743,0.0009850000000000136,60,242
5.595924,0.0011809999999998766,167,128
5.597166,0.0012419999999995213,60,128
5.59786,0.0006940000000001945,167,51
5.598445,0.0005850000000000577,95,128
5.598732,0.00028700000000014825,74,64
5.598877,0.0001449999999998397,167,52
5.600178,0.0013009999999997746,60,128
5.601069,0.0008910000000001972,67,51
5.601273,0.000204000000000093,167,128
5.601398,0.00012499999999970868,60,128
5.602751,0.0013529999999999376,1168,64
5.602823,7.200000000029405e-05,1514,55
5.603243,0.00042000000000008697,1168,64
5.603243,0.0,295,64
5.603581,0.0003380000000001715,321,55
5.604324,0.0007429999999999382,60,128
5.6044,7.599999999996498e-05,60,128
5.6059909999999995,0.001590999999999454,60,128
5.60605,5.9000000000253294e-05,167,128
5.6084060000000004,0.002356000000000691,1278,55
5.608793,0.0003869999999999152,167,52
5.609195,0.0004019999999993473,66,52
5.609386,0.00019100000000005224,66,52
5.609837,0.0004509999999999792,60,128
5.609839,2.000000000279556e-06,60,128
5.610364,0.0005249999999996646,60,128
5.610569,0.00020500000000023277,1310,128
5.610774,0.00020500000000023277,60,128
5.610775,1.000000000139778e-06,60,128
5.6107759999999995,9.999999992515995e-07,60,127
5.6128350000000005,0.002059000000000921,67,64
5.614034,0.001198999999999728,60,128
5.614307,0.0002729999999999677,60,128
5.6143979999999996,9.099999999939712e-05,167,52
5.615708,0.0013100000000001444,167,128
5.616111,0.0004030000000003753,66,128
5.617557,0.0014459999999996143,78,50
5.617695,0.0001380000000006376,66,64
5.618308,0.0006129999999995306,445,64
5.618674,0.00036600000000053257,167,52
5.619247,0.0005729999999992685,167,52
5.62005,0.0008030000000003312,66,52
5.620442,0.0003919999999997259,777,48
5.62054,9.800000000037556e-05,60,64
5.620541,1.000000000139778e-06,167,52
5.620775,0.00023399999999984544,307,51
5.621367,0.000592000000000148,60,128
5.621368,1.000000000139778e-06,60,128
5.621895,0.0005269999999999442,60,128
5.622391,0.000496000000000052,167,128
5.624104,0.0017129999999996315,60,52
5.624106,2.000000000279556e-06,60,128
5.624353,0.0002469999999998862,167,52
5.624607,0.00025399999999997647,167,128
5.624717,0.00011000000000027654,66,128
5.624785,6.799999999973494e-05,66,127
5.625618,0.0008330000000000837,60,128
5.625619,1.000000000139778e-06,60,127
5.626788,0.0011689999999999756,83,127
5.628239,0.001450999999999425,167,128
5.63169,0.003451000000000093,60,52
5.6322980000000005,0.000608000000000608,167,128
5.632686,0.0003879999999991668,60,54
5.632893,0.00020700000000051233,60,54
5.633731,0.0008379999999998944,167,128
5.634175,0.00044399999999988893,1514,54
5.634309,0.0001340000000000785,1514,54
5.634392,8.300000000005525e-05,1019,52
5.634552,0.00016000000000016001,1514,54
5.634684,0.00013199999999979894,1514,54
5.634857,0.00017300000000020077,1514,54
5.634858,1.000000000139778e-06,1168,64
5.635102,0.00024399999999946687,1514,54
5.635426,0.00032399999999999096,1076,64
5.635529,0.00010300000000018628,1514,54
5.6356020000000004,7.300000000043383e-05,60,128
5.63568,7.799999999935636e-05,1514,54
5.635841,0.0001610000000002998,1514,54
5.63598,0.0001389999999998892,1514,54
5.635981,1.000000000139778e-06,265,128
5.636084,0.00010300000000018628,265,127
5.636144,5.9999999999504894e-05,66,128
5.636249,0.00010500000000046583,1514,54
5.636249,0.0,74,51
5.636385,0.00013599999999946988,66,64
5.636387,2.000000000279556e-06,60,128
5.636484,9.700000000023579e-05,1514,54
5.636603,0.00011899999999975819,1514,54
5.636726,0.0001230000000003173,1514,54
5.636829,0.0001029999999992981,1255,54
5.6369869999999995,0.00015799999999988046,443,64
5.637329,0.0003420000000007306,60,128
5.637389,5.9999999999504894e-05,60,54
5.637789,0.00039999999999995595,1514,54
5.637914,0.00012500000000059686,1514,54
5.638249,0.00033499999999975216,1514,54
5.638306,5.699999999997374e-05,673,54
5.638307,1.000000000139778e-06,60,54
5.638487,0.00017999999999940286,1514,128
5.638537,5.000000000077165e-05,536,128
5.638654,0.00011699999999947863,1514,54
5.638791,0.00013700000000049783,1514,54
5.638872,8.09999999997757e-05,60,128
5.638922,4.999999999988347e-05,1514,54
5.638983,6.099999999964467e-05,60,128
5.639141,0.00015800000000076864,1514,54
5.639141,0.0,167,51
5.639256,0.00011499999999919908,60,128
5.639305,4.900000000063187e-05,1514,54
5.639407,0.0001020000000000465,1514,54
5.639939,0.0005319999999997549,60,128
5.639997,5.8000000000113516e-05,167,128
5.640364,0.00036699999999978417,60,128
5.640366,2.000000000279556e-06,60,127
5.64042,5.3999999999554404e-05,1514,128
5.64042,0.0,60,128
5.640422,2.000000000279556e-06,551,128
5.6405840000000005,0.00016200000000043957,60,127
5.640833,0.0002489999999992776,1514,54
5.640964,0.00013100000000054735,1514,54
5.640965,9.999999992515995e-07,67,51
5.641235,0.00027000000000043656,1514,54
5.64137,0.00013500000000021828,1514,54
5.64137,0.0,60,239
5.641481,0.00011099999999952814,60,128
5.641585,0.00010400000000032605,1514,54
5.641642,5.699999999997374e-05,676,54
5.641813,0.00017099999999992122,1514,54
5.641813,0.0,60,54
5.642316,0.0005030000000001422,60,128
5.643867,0.00155100000000008,1514,54
5.6440850000000005,0.00021800000000027353,1514,54
5.644219,0.00013399999999919032,1514,54
5.644347,0.000128000000000128,1514,54
5.64447,0.0001230000000003173,1514,54
5.644471,1.000000000139778e-06,172,54
5.64452,4.899999999974369e-05,97,239
5.644608,8.799999999986596e-05,60,242
5.64515,0.0005420000000002645,60,128
5.645833,0.0006829999999995451,60,54
5.646057,0.00022400000000022402,1514,128
5.646107,4.999999999988347e-05,539,128
5.646246,0.0001389999999998892,167,128
5.647166,0.000920000000000698,1514,54
5.6473759999999995,0.0002099999999991553,1514,54
5.647568,0.00019200000000019202,1514,54
5.647708,0.000140000000000029,1514,54
5.647835,0.00012699999999998823,1514,54
5.64796,0.00012500000000059686,1514,54
5.648083,0.00012299999999942912,1514,54
5.648083,0.0,535,128
5.648208,0.00012500000000059686,1000,128
5.648395,0.00018699999999949313,1514,54
5.6485199999999995,0.00012499999999970868,60,128
5.648521,1.000000000139778e-06,1514,54
5.648657,0.00013600000000035806,1514,54
5.648781,0.0001239999999995689,1514,54
5.648838,5.699999999997374e-05,676,54
5.649006,0.00016800000000039006,1514,54
5.6491299999999995,0.0001239999999995689,1514,54
5.649351,0.00022100000000069286,1514,54
5.649415,6.4000000000064e-05,60,128
5.649493,7.799999999935636e-05,1514,54
5.649618,0.00012500000000059686,1514,54
5.649742,0.0001239999999995689,1514,54
5.649866,0.00012400000000045708,1514,54
5.649915,4.899999999974369e-05,452,54
5.649916,1.000000000139778e-06,60,243
5.6499179999999996,1.9999999993913775e-06,167,52
5.650048,0.00013000000000040757,60,128
5.650317,0.0002690000000002968,60,128
5.650639,0.0003219999999997114,60,242
5.650767,0.000128000000000128,60,241
5.652902,0.002134999999999998,60,52
5.652903,1.000000000139778e-06,175,1
5.6539,0.0009969999999999146,167,46
5.653901,1.000000000139778e-06,60,117
5.654903,0.0010019999999997253,167,48
5.654905,2.000000000279556e-06,60,48
5.655147,0.0002420000000000755,66,128
5.655216,6.899999999987472e-05,66,127
5.655447,0.0002309999999994261,67,64
5.6560369999999995,0.0005899999999998684,60,128
5.656038,1.000000000139778e-06,60,127
5.656302,0.00026400000000048607,167,128
5.65643,0.000128000000000128,265,128
5.656502,7.199999999940587e-05,265,127
5.657023,0.0005209999999999937,60,126
5.658168,0.0011450000000001737,89,118
5.65842,0.0002519999999996969,122,126
5.658905,0.00048500000000029075,106,255
5.659027,0.00012200000000017752,165,128
5.659029,2.000000000279556e-06,106,255
5.659276,0.0002469999999998862,106,255
5.659417,0.00014100000000016877,106,255
5.659558,0.0001409999999992806,106,255
5.659698,0.000140000000000029,106,255
5.659854,0.00015600000000048908,106,255
5.6598559999999996,1.9999999993913775e-06,60,128
5.659997,0.00014100000000016877,106,255
5.660108,0.00011100000000041632,167,52
5.660109,1.000000000139778e-06,106,255
5.660285,0.00017599999999973193,106,255
5.660433,0.00014800000000025904,106,255
5.660579,0.00014599999999997948,106,255
5.660726,0.00014700000000011926,106,255
5.660874,0.00014799999999937086,106,255
5.661023,0.0001490000000003988,60,128
5.661029,5.999999999950489e-06,106,255
5.66103,1.000000000139778e-06,60,128
5.661032,1.9999999993913775e-06,60,128
5.661032,0.0,60,127
5.661079,4.7000000000352316e-05,60,127
5.661128,4.899999999974369e-05,60,127
5.661178,4.999999999988347e-05,106,255
5.661323,0.00014500000000072788,106,255
5.6614830000000005,0.00016000000000016001,106,255
5.661864,0.0003809999999990765,341,51
5.661945,8.100000000066387e-05,106,255
5.662959,0.0010139999999996263,167,51
5.663285,0.0003260000000002705,577,128
5.663874,0.0005889999999997286,60,242
5.664832,0.0009579999999997924,60,241
5.665212,0.0003800000000007131,1001,50
5.665213,9.999999992515995e-07,66,50
5.665214,1.000000000139778e-06,60,241
5.6653459999999995,0.00013199999999979894,60,241
5.665348,2.000000000279556e-06,66,64
5.6664449999999995,0.0010969999999996816,66,64
5.667811,0.0013660000000008665,60,240
5.668327,0.0005159999999992948,66,128
5.6683900000000005,6.30000000008124e-05,66,127
5.669236,0.0008459999999992363,60,128
5.669237,1.000000000139778e-06,60,127
5.669678,0.00044100000000035777,265,128
5.66975,7.199999999940587e-05,265,127
5.67206,0.0023100000000004783,60,242
5.672213,0.00015300000000006975,60,128
5.672282,6.899999999987472e-05,167,128
5.672764,0.0004819999999998714,155,128
5.672865,0.00010099999999990672,155,128
5.6737,0.0008350000000003632,60,128
5.6737020000000005,2.000000000279556e-06,60,127
5.67379,8.799999999986596e-05,60,128
5.673791,9.999999992515995e-07,60,127
5.674826,0.0010350000000007853,60,55
5.674892,6.599999999945538e-05,167,46
5.675715,0.0008230000000004623,167,48
5.676587,0.0008719999999993178,66,128
5.676726,0.0001390000000007774,66,127
5.67752,0.0007939999999999614,60,128
5.677522,1.9999999993913775e-06,60,127
5.677897,0.0003750000000000142,1168,64
5.677897,0.0,265,128
5.67807,0.00017300000000020077,265,127
5.678301,0.0002310000000003143,1118,64
5.678796,0.0004949999999999122,60,128
5.67962,0.0008239999999997139,91,128
5.680306,0.0006859999999999644,60,128
5.680704,0.00039800000000056457,77,51
5.680705,9.999999992515995e-07,60,52
5.680867,0.00016200000000043957,60,128
5.681334,0.0004669999999995511,60,128
5.681863,0.0005290000000002237,60,128
5.68322,0.0013570000000004967,60,128
5.683222,1.9999999993913775e-06,60,127
5.683223,1.000000000139778e-06,60,128
5.683286,6.299999999992423e-05,91,128
5.683287,1.000000000139778e-06,60,127
5.683289,2.000000000279556e-06,91,128
5.6832899999999995,9.999999992515995e-07,91,128
5.683291,1.000000000139778e-06,91,128
5.683715,0.0004240000000006461,507,51
5.683828,0.0001129999999998077,66,64
5.68383,2.000000000279556e-06,74,64
5.684827,0.0009969999999999146,66,51
5.684941,0.00011399999999994748,66,64
5.686651,0.0017100000000001003,1514,128
5.686651,0.0,296,128
5.689257,0.00260599999999922,91,128
5.689315,5.8000000000113516e-05,91,128
5.689367,5.200000000016303e-05,91,128
5.689526,0.00015900000000002024,167,64
5.690326,0.0007999999999999119,60,128
5.690845,0.0005190000000006023,60,128
5.690943,9.799999999948739e-05,167,128
5.69127,0.0003270000000004103,167,128
5.693927,0.0026570000000001315,60,128
5.694334,0.00040699999999915804,66,128
5.694397,6.30000000008124e-05,66,127
5.694672,0.0002749999999993591,74,64
5.695209,0.0005370000000004538,60,128
5.69521,1.000000000139778e-06,60,127
5.695608,0.0003979999999996764,265,128
5.695682,7.399999999968543e-05,265,127
5.6957889999999995,0.00010699999999985721,66,50
5.695852,6.30000000008124e-05,167,128
5.696884,0.0010319999999994778,60,52
5.6972570000000005,0.00037300000000062283,60,52
5.697433,0.00017599999999973193,264,44
5.697909,0.00047599999999992093,1514,54
5.6980319999999995,0.00012299999999942912,1514,54
5.698266,0.00023400000000073362,67,64
5.698657,0.0003909999999995861,899,128
5.698729,7.200000000029405e-05,60,128
5.698787,5.8000000000113516e-05,1514,54
5.698929,0.00014199999999942037,1514,54
5.699066,0.00013700000000049783,1514,54
5.699308,0.0002420000000000755,1514,54
5.699494,0.00018599999999935335,1514,54
5.69962,0.00012600000000073663,60,128
5.699622,1.9999999993913775e-06,1514,54
5.699779,0.00015700000000062886,1514,54
5.699861,8.199999999991547e-05,60,128
5.699911,4.999999999988347e-05,1514,54
5.699911,0.0,60,127
5.700232,0.00032099999999957163,167,51
5.700526,0.0002940000000002385,60,128
5.700671,0.0001449999999998397,60,128
5.700673,2.000000000279556e-06,60,127
5.700732,5.9000000000253294e-05,60,128
5.700734,1.9999999993913775e-06,60,127
5.701208,0.00047400000000052955,1514,54
5.7012789999999995,7.09999999992661e-05,167,128
5.701433,0.00015400000000020952,1514,54
5.701433,0.0,60,54
5.701669,0.000236000000000125,1514,54
5.701792,0.0001230000000003173,1514,54
5.701917,0.00012499999999970868,1514,54
5.702039,0.00012200000000017752,1514,54
5.702158,0.00011899999999975819,60,128
5.702159,1.000000000139778e-06,1514,54
5.70216,1.000000000139778e-06,796,64
5.70216,0.0,167,52
5.7021619999999995,1.9999999993913775e-06,67,51
5.702414,0.0002520000000005851,1514,54
5.702542,0.000128000000000128,1514,54
5.702665,0.00012299999999942912,1514,54
5.702788,0.0001230000000003173,1514,54
5.703064,0.00027600000000038705,60,128
5.703635,0.0005709999999998772,1514,54
5.703742,0.00010699999999985721,1312,54
5.703742,0.0,60,54
5.703975,0.00023299999999970566,1514,54
5.704064,8.900000000000574e-05,60,128
5.704114,4.999999999988347e-05,1514,54
5.704237,0.0001230000000003173,1514,54
5.704447,0.00021000000000004349,1514,54
5.704576,0.0001290000000002678,1514,54
5.704699,0.00012299999999942912,1514,54
5.704823,0.00012400000000045708,1514,54
5.704946,0.00012299999999942912,1514,54
5.705005,5.9000000000253294e-05,60,128
5.705006,1.000000000139778e-06,60,128
5.705069,6.299999999992423e-05,1514,54
5.705941,0.0008720000000002059,60,128
5.705942,1.000000000139778e-06,167,128
5.706457,0.0005150000000000432,1514,54
5.706675,0.00021799999999938535,1514,54
5.706804,0.0001290000000002678,1514,54
5.7070039999999995,0.00019999999999953388,1514,54
5.707107,0.00010300000000018628,66,128
5.7071570000000005,5.000000000077165e-05,1514,54
5.707272,0.00011499999999919908,1514,54
5.707273,1.000000000139778e-06,66,127
5.707404,0.00013100000000054735,1514,54
5.707598,0.0001939999999995834,1514,54
5.70774,0.00014200000000030855,1514,54
5.70774,0.0,60,128
5.707867,0.00012699999999998823,1514,54
5.707991,0.0001239999999995689,1514,54
5.708049,5.8000000000113516e-05,676,54
5.708049,0.0,60,45
5.708051,2.000000000279556e-06,60,128
5.708052,1.000000000139778e-06,60,127
5.708169,0.00011699999999947863,66,52
5.70839,0.00022099999999980469,66,52
5.708392,2.000000000279556e-06,265,128
5.7085,0.00010799999999999699,265,127
5.7085,0.0,60,54
5.708667,0.00016700000000025028,60,128
5.708911,0.00024399999999946687,1514,54
5.709067,0.00015600000000048908,167,52
5.709128,6.099999999964467e-05,60,128
5.709961,0.0008330000000000837,1514,54
5.710089,0.000128000000000128,1514,54
5.710089,0.0,66,128
5.71015,6.099999999964467e-05,702,54
5.710151,1.000000000139778e-06,60,51
5.710368,0.00021700000000013375,60,128
5.710426,5.8000000000113516e-05,60,128
5.711265,0.0008390000000000342,60,128
5.711319,5.3999999999554404e-05,60,128
5.711634,0.0003150000000005093,362,241
5.711961,0.0003269999999995221,473,52
5.712128,0.00016700000000025028,60,128
5.712656,0.000528000000000084,60,128
5.712658,2.000000000279556e-06,60,128
5.712659,1.000000000139778e-06,60,127
5.712661,1.9999999993913775e-06,60,127
5.71429,0.0016290000000003246,167,52
5.714292,2.000000000279556e-06,60,239
5.7151,0.0008079999999992538,60,239
5.715226,0.00012600000000073663,91,52
5.715423,0.00019700000000000273,566,52
5.715702,0.0002789999999999182,167,128
5.718977,0.0032749999999994728,67,64
5.719299,0.0003220000000005996,167,52
5.720547,0.0012479999999994718,91,52
5.7207,0.00015300000000006975,167,52
5.720701,1.000000000139778e-06,66,128
5.720815,0.00011399999999994748,381,51
5.720815,0.0,66,127
5.720816,1.000000000139778e-06,60,128
5.721073,0.0002569999999995076,91,52
5.721208,0.00013500000000021828,91,50
5.721317,0.00010900000000013677,60,128
5.721877,0.000560000000000116,60,128
5.721931,5.3999999999554404e-05,66,51
5.721932,1.000000000139778e-06,60,127
5.7223559999999996,0.0004239999999997579,66,54
5.722357,1.000000000139778e-06,167,128
5.723217,0.000860000000000305,1414,241
5.724061,0.0008439999999998449,75,241
5.724424,0.00036300000000011323,1414,241
5.72454,0.00011600000000022703,1414,241
5.724541,1.000000000139778e-06,96,241
5.724542,9.999999992515995e-07,291,241
5.724543,1.000000000139778e-06,66,52
5.72459,4.7000000000352316e-05,167,52
5.725261,0.0006709999999996441,60,128
5.726157,0.0008960000000000079,167,128
5.726206,4.900000000063187e-05,1358,64
5.727549,0.001342999999999428,521,114
5.728248,0.0006990000000000052,167,128
5.728502,0.00025399999999997647,241,114
5.729722,0.0012199999999999989,66,43
5.730846,0.0011239999999999029,91,50
5.73142,0.0005740000000002965,265,128
5.731493,7.300000000043383e-05,265,127
5.731871,0.00037799999999954537,91,51
5.732076,0.00020500000000023277,91,51
5.732322,0.0002459999999997464,167,128
5.732462,0.000140000000000029,60,128
5.733671,0.0012090000000002377,167,128
5.734794,0.001122999999999763,78,48
5.7348479999999995,5.3999999999554404e-05,78,48
5.7355789999999995,0.0007310000000000372,60,128
5.736292,0.0007130000000001857,60,128
5.736294,2.000000000279556e-06,60,128
5.736294,0.0,60,127
5.736296,2.000000000279556e-06,60,127
5.736518,0.00022199999999994446,95,128
5.738473,0.001954999999999707,1414,241
5.739445,0.0009719999999999729,1414,241
5.739861,0.00041600000000041604,60,128
5.739983,0.00012199999999928934,167,128
5.740214,0.0002310000000003143,167,51
5.740271,5.699999999997374e-05,1168,64
5.740338,6.700000000048334e-05,167,52
5.740663,0.00032499999999924256,1168,64
5.740664,1.000000000139778e-06,86,64
5.740756,9.200000000042508e-05,1414,241
5.740756,0.0,67,51
5.741296,0.0005399999999999849,60,187
5.741384,8.799999999986596e-05,66,55
5.741386,2.000000000279556e-06,60,64
5.741485,9.899999999962716e-05,66,53
5.741716,0.0002310000000003143,105,45
5.741904,0.0001879999999996329,402,45
5.742056,0.00015199999999992997,60,128
5.742058,2.000000000279556e-06,782,64
5.742316,0.0002579999999996474,74,51
5.742413,9.700000000023579e-05,66,64
5.743639,0.0012259999999999494,461,64
5.74433,0.0006909999999997751,66,52
5.744865,0.0005350000000001742,460,64
5.745254,0.00038900000000019475,99,128
5.746251,0.0009969999999999146,167,128
5.746726,0.00047499999999978115,89,51
5.74973,0.0030039999999997846,1514,54
5.750789,0.0010590000000005872,1514,54
5.751036,0.0002469999999998862,1514,54
5.7511600000000005,0.00012400000000045708,1514,54
5.7511600000000005,0.0,105,46
5.751162,1.9999999993913775e-06,167,52
5.751233,7.100000000015427e-05,60,128
5.751817,0.0005839999999999179,1514,54
5.752044,0.00022699999999975518,1514,54
5.752044,0.0,60,128
5.752172,0.000128000000000128,1514,54
5.752173,1.000000000139778e-06,60,128
5.7523,0.00012699999999998823,1514,54
5.752716,0.00041600000000041604,60,128
5.752832,0.00011599999999933885,60,128
5.752914,8.199999999991547e-05,1514,54
5.752915,1.000000000139778e-06,60,128
5.753167,0.0002520000000005851,66,128
5.754697,0.0015299999999998093,1514,54
5.754697,0.0,167,46
5.754908,0.00021100000000018326,1514,54
5.75505,0.00014199999999942037,1514,54
5.755051,1.000000000139778e-06,60,128
5.755181,0.00013000000000040757,1514,54
5.755311,0.0001299999999995194,1514,54
5.755311,0.0,167,48
5.755845,0.0005340000000000344,60,128
5.755941,9.600000000009601e-05,60,128
5.7562,0.0002589999999997872,1514,54
5.7562,0.0,384,54
5.756293,9.300000000056485e-05,167,128
5.7564589999999995,0.00016599999999922233,1514,54
5.756583,0.00012400000000045708,1514,54
5.756706,0.0001230000000003173,1514,54
5.756829,0.00012299999999942912,1514,54
5.756881,5.200000000016303e-05,60,128
5.756882,1.000000000139778e-06,60,128
5.7570630000000005,0.00018100000000043082,1514,54
5.757064,9.999999992515995e-07,60,126
5.757278,0.0002140000000006026,1414,242
5.757407,0.0001289999999993796,1414,242
5.757824,0.0004170000000005558,60,128
5.758215,0.0003909999999995861,1414,242
5.758216,1.000000000139778e-06,60,126
5.758217,1.000000000139778e-06,96,242
5.758411,0.0001939999999995834,312,242
5.758511,0.00010000000000065512,60,128
5.759357,0.0008459999999992363,60,128
5.759654,0.00029700000000065785,167,52
5.759655,1.000000000139778e-06,60,126
5.759847,0.00019199999999930384,60,126
5.760282,0.0004350000000004073,1514,54
5.760813,0.0005309999999996151,356,51
5.761189,0.000376000000000154,1514,54
5.761337,0.00014800000000025904,1514,54
5.761462,0.00012499999999970868,1514,54
5.761545,8.300000000005525e-05,67,64
5.761595,4.999999999988347e-05,1514,54
5.761595,0.0,60,128
5.7617270000000005,0.00013200000000068712,1514,54
5.76185,0.00012299999999942912,1514,54
5.762527,0.0006770000000004828,60,128
5.762582,5.499999999969418e-05,1514,54
5.762718,0.00013599999999946988,1514,54
5.76284,0.00012200000000017752,1492,54
5.763046,0.00020600000000037255,1514,54
5.76319,0.00014399999999969992,1514,54
5.763191,1.000000000139778e-06,167,51
5.763329,0.00013799999999974943,1514,54
5.7633790000000005,5.000000000077165e-05,498,54
5.7633790000000005,0.0,60,128
5.76338,9.999999992515995e-07,233,47
5.763381,1.000000000139778e-06,60,128
5.76344,5.9000000000253294e-05,60,128
5.764263,0.0008229999999995741,60,128
5.764807,0.000544000000000544,60,242
5.765004,0.00019700000000000273,60,128
5.765108,0.00010399999999943788,60,128
5.765974,0.0008660000000002555,249,128
5.770857,0.004883000000000415,91,128
5.772106,0.0012489999999996115,91,128
5.772108,2.000000000279556e-06,91,128
5.772251,0.00014299999999956015,167,128
5.772561,0.00030999999999981043,67,64
5.772619,5.8000000000113516e-05,66,53
5.772845,0.00022600000000050358,78,48
5.77292,7.49999999998252e-05,78,48
5.773683,0.0007630000000000692,99,240
5.773785,0.0001020000000000465,60,128
5.773867,8.199999999991547e-05,60,241
5.774804,0.0009369999999995215,1040,241
5.775067,0.0002630000000003463,167,46
5.775764,0.0006969999999997256,167,48
5.776181,0.0004170000000005558,60,243
5.77719,0.0010089999999998156,66,41
5.7773,0.00011000000000027654,1148,64
5.780609,0.0033089999999997843,578,128
5.780678,6.899999999987472e-05,75,51
5.781729,0.0010510000000003572,60,128
5.782766,0.0010369999999992885,1414,241
5.783138,0.00037200000000048306,60,128
5.783801,0.0006630000000003022,60,128
5.7838519999999995,5.099999999913507e-05,66,55
5.7839469999999995,9.499999999995623e-05,60,128
5.78649,0.002543000000000184,60,48
5.787489,0.0009990000000001942,89,51
5.788568,0.00107899999999983,438,48
5.788704,0.00013600000000035806,60,64
5.789506,0.0008020000000001914,60,48
5.789817,0.0003109999999999502,60,64
5.79094,0.001122999999999763,167,128
5.791268,0.0003279999999996619,167,128
5.793919,0.002651000000000181,77,64
5.795123,0.001204000000000427,60,47
5.79587,0.0007469999999996091,167,128
5.79816,0.0022900000000003473,167,51
5.798366,0.00020599999999948437,167,64
5.798712,0.00034600000000040154,167,52
5.800939,0.002226999999999535,67,51
5.801257,0.00031800000000004047,167,128
5.801487,0.0002300000000001745,1414,242
5.801544,5.699999999997374e-05,234,242
5.801788,0.00024400000000035504,60,128
5.801899,0.00011099999999952814,60,128
5.805968,0.004069000000000322,167,128
5.807745,0.0017769999999996955,60,51
5.807926,0.00018100000000043082,60,128
5.808891,0.0009649999999998826,167,52
5.808892,1.000000000139778e-06,66,51
5.80912,0.00022799999999989495,60,242
5.809254,0.0001340000000000785,60,128
5.809392,0.00013799999999974943,60,128
5.809876,0.000484000000000151,66,41
5.8122620000000005,0.0023860000000004433,707,47
5.813238,0.0009759999999996438,66,52
5.814243,0.0010050000000001447,167,52
5.814463,0.0002199999999996649,67,64
5.815598,0.001134999999999664,60,128
5.815717,0.00011900000000064637,167,128
5.816785,0.001068000000000069,66,128
5.817056,0.00027099999999968816,60,128
5.8173200000000005,0.00026400000000048607,60,128
5.817658,0.0003379999999992833,91,50
5.818965,0.0013070000000006132,66,128
5.819271,0.0003059999999992513,66,128
5.819512,0.0002409999999999357,167,52
5.820673,0.0011610000000006337,167,52
5.820852,0.00017900000000015126,318,51
5.822354,0.0015019999999994482,167,128
5.823616,0.0012620000000005405,91,51
5.823735,0.00011899999999975819,91,51
5.824403,0.000668000000000113,167,52
5.827285,0.002881999999999607,60,45
5.827877,0.000592000000000148,534,241
5.828224,0.00034699999999965314,167,128
5.829838,0.0016140000000000043,60,48
5.830381,0.0005430000000004043,167,128
5.830851,0.00046999999999997044,60,240
5.831895,0.001044000000000267,66,53
5.832316,0.00042099999999933857,167,128
5.832916,0.000600000000000378,60,46
5.833727,0.0008109999999996731,167,128
5.835723,0.001996000000000109,1168,64
5.836124,0.0004010000000000957,978,64
5.837889,0.0017649999999997945,167,51
5.837984,9.499999999995623e-05,66,128
5.838663,0.0006790000000007623,167,52
5.839383,0.0007199999999993878,66,128
5.839979,0.0005959999999998189,167,128
5.840325,0.00034600000000040154,60,128
5.840772,0.00044700000000030826,60,128
5.840846,7.399999999968543e-05,307,51
5.842136,0.0012900000000000134,60,128
5.843306,0.0011700000000001154,1307,128
5.843699,0.0003929999999998657,91,128
5.843757,5.8000000000113516e-05,91,128
5.843811,5.3999999999554404e-05,91,128
5.843861,5.000000000077165e-05,91,128
5.844952,0.001090999999999731,1514,128
5.845001,4.899999999974369e-05,553,128
5.846257,0.0012559999999997018,167,128
5.846461,0.000204000000000093,1514,128
5.846467,5.999999999950489e-06,542,128
5.846727,0.00025999999999992696,60,64
5.847485,0.0007580000000002585,1514,128
5.847536,5.100000000002325e-05,547,128
5.849089,0.0015530000000003596,60,128
5.84936,0.00027099999999968816,362,241
5.849521,0.0001610000000002998,89,116
5.849645,0.0001239999999995689,167,52
5.850017,0.00037200000000048306,105,46
5.85012,0.00010300000000018628,1514,128
5.850169,4.899999999974369e-05,539,128
5.850769,0.0005999999999994898,1514,128
5.8508189999999995,4.999999999988347e-05,537,128
5.851637,0.0008180000000006515,1514,128
5.851686,4.899999999974369e-05,550,128
5.853309,0.0016230000000003741,66,54
5.853604,0.0002949999999994901,60,128
5.853763,0.00015900000000002024,167,46
5.853876,0.0001129999999998077,66,54
5.853995,0.00011900000000064637,60,47
5.854048,5.2999999999414626e-05,244,128
5.854447,0.00039900000000070435,60,128
5.854748,0.0003009999999994406,244,128
5.8549240000000005,0.0001760000000006201,138,126
5.855201,0.00027699999999963865,167,48
5.855203,2.000000000279556e-06,60,255
5.855383,0.00017999999999940286,1057,128
5.855542,0.00015900000000002024,106,255
5.855686,0.0001440000000005881,106,255
5.855824,0.00013799999999974943,106,255
5.855963,0.0001389999999998892,106,255
5.856102,0.0001389999999998892,106,255
5.856241,0.0001389999999998892,106,255
5.856345,0.00010400000000032605,167,128
5.8563469999999995,1.9999999993913775e-06,106,255
5.856524,0.00017700000000075988,106,255
5.856666,0.00014199999999942037,106,255
5.856809,0.00014300000000044832,106,255
5.856954,0.0001449999999998397,106,255
5.8571,0.00014599999999997948,106,255
5.857246,0.00014599999999997948,106,255
5.857406,0.00016000000000016001,106,255
5.857557,0.0001509999999997902,106,255
5.8577069999999996,0.0001499999999996504,106,255
5.857808,0.0001010000000007949,67,64
5.857862,5.3999999999554404e-05,106,255
5.858008,0.00014599999999997948,106,255
5.858163,0.0001550000000003493,106,255
5.858316,0.00015300000000006975,106,255
5.859428,0.0011120000000000019,167,52
5.860455,0.001026999999999667,66,243
5.860672,0.00021700000000013375,60,128
5.860758,8.599999999958641e-05,60,51
5.86076,2.000000000279556e-06,60,128
5.860871,0.00011100000000041632,60,128
5.861108,0.0002369999999993766,67,51
5.8612459999999995,0.00013799999999974943,103,45
5.861672,0.00042600000000092564,1434,128
5.861733,6.099999999964467e-05,811,128
5.862506,0.0007729999999996906,402,45
5.862608,0.0001020000000000465,60,128
5.863188,0.000580000000000247,167,51
5.869447,0.0062590000000000146,452,128
5.869651,0.000204000000000093,66,128
5.872301,0.002650000000000041,167,128
5.874843,0.0025420000000000442,167,46
5.875615,0.0007719999999995508,167,48
5.875838,0.00022300000000008424,66,128
5.875904,6.600000000034356e-05,66,127
5.876725,0.0008210000000001827,60,128
5.876727,1.9999999993913775e-06,60,127
5.876866,0.0001389999999998892,66,243
5.8771830000000005,0.0003170000000007889,60,128
5.87813,0.000946999999999143,72,64
5.878253,0.0001230000000003173,1434,128
5.878324,7.100000000015427e-05,931,128
5.879713,0.0013889999999996405,66,243
5.87986,0.00014700000000011926,60,128
5.880331,0.0004710000000001102,60,54
5.880595,0.0002639999999995979,60,54
5.880736,0.00014100000000016877,1434,128
5.880804,6.800000000062312e-05,808,128
5.880804,0.0,74,51
5.88146,0.0006559999999993238,60,54
5.881846,0.0003860000000006636,1484,54
5.881932,8.599999999958641e-05,1073,54
5.8826789999999995,0.0007469999999996091,1484,54
5.882767,8.800000000075414e-05,1073,54
5.883159,0.0003919999999997259,60,128
5.884043,0.0008840000000001069,60,128
5.8841090000000005,6.600000000034356e-05,60,128
5.884387,0.0002779999999997784,60,128
5.8843879999999995,9.999999992515995e-07,60,128
5.884691,0.00030300000000060834,60,128
5.8849,0.0002089999999999037,60,128
5.885093,0.0001930000000003318,60,128
5.885285,0.00019199999999930384,60,128
5.885476,0.00019100000000005224,60,128
5.885663,0.0001870000000003813,60,128
5.885851,0.0001879999999996329,60,128
5.886038,0.0001870000000003813,60,128
5.886242,0.000204000000000093,60,128
5.886429,0.00018699999999949313,60,128
5.886431,2.000000000279556e-06,265,128
5.886518,8.699999999972619e-05,265,127
5.886609,9.10000000002853e-05,60,128
5.886786,0.0001769999999998717,60,128
5.886976,0.00018999999999991246,60,128
5.888675,0.0016990000000003391,60,243
5.888946,0.00027099999999968816,91,53
5.889791,0.0008449999999999847,91,52
5.890236,0.0004450000000000287,91,52
5.890746,0.0005100000000002325,91,51
5.890818,7.200000000029405e-05,60,128
5.8908190000000005,1.000000000139778e-06,60,127
5.8909780000000005,0.00015900000000002024,167,128
5.891332,0.0003539999999997434,167,128
5.89162,0.00028799999999939985,60,128
5.891722,0.0001020000000000465,60,128
5.891782,6.000000000039307e-05,60,127
5.891783,1.000000000139778e-06,60,127
5.892562,0.0007789999999996411,1514,128
5.892563,1.000000000139778e-06,523,128
5.893975,0.0014120000000001909,60,242
5.89427,0.0002949999999994901,430,52
5.89564,0.0013700000000005375,348,128
5.895958,0.00031800000000004047,167,128
5.897031,0.0010729999999998796,167,64
5.897856,0.0008249999999998536,167,51
5.898488,0.00063200000000041,60,242
5.899385,0.0008969999999992595,167,52
5.899445,6.000000000039307e-05,1168,64
5.899842,0.0003969999999995366,832,64
5.900923,0.0010810000000001097,253,51
5.901267,0.000344000000000122,167,128
5.901718,0.0004509999999999792,1059,128
5.902311,0.0005930000000002877,1084,128
5.905912,0.0036009999999997433,60,54
5.906047,0.00013500000000021828,167,128
5.906103,5.599999999983396e-05,60,54
5.906472,0.0003690000000000637,1514,54
5.906616,0.00014399999999969992,1514,54
5.906728,0.0001120000000005561,1514,54
5.90689,0.0001619999999995514,1514,54
5.907365,0.00047500000000066933,1514,54
5.907461,9.599999999920783e-05,348,128
5.907525,6.4000000000064e-05,1514,54
5.907673,0.00014800000000025904,1514,54
5.907674,1.000000000139778e-06,107,128
5.907723,4.899999999974369e-05,115,128
5.907779,5.599999999983396e-05,1514,54
5.90793,0.00015100000000067837,60,128
5.907996,6.599999999945538e-05,1514,54
5.908397,0.0004010000000000957,1514,54
5.9084520000000005,5.500000000058236e-05,1484,128
5.908453,9.999999992515995e-07,153,128
5.908527,7.400000000057361e-05,851,128
5.908579,5.199999999927485e-05,1514,54
5.9086300000000005,5.100000000091143e-05,676,54
5.908838,0.00020799999999976393,60,128
5.909579,0.0007409999999996586,1514,54
5.909714,0.00013500000000021828,1514,54
5.909778,6.4000000000064e-05,60,128
5.909859,8.09999999997757e-05,1514,54
5.909998,0.0001389999999998892,1514,54
5.9101,0.0001020000000000465,60,128
5.910226,0.00012599999999984846,1514,54
5.910362,0.00013600000000035806,1514,54
5.910469,0.00010699999999985721,1514,54
5.910622,0.00015300000000006975,1514,54
5.910622,0.0,91,48
5.910704,8.199999999991547e-05,60,128
5.910822,0.00011799999999961841,1326,54
5.910822,0.0,60,54
5.910872,5.000000000077165e-05,1514,128
5.9108730000000005,1.000000000139778e-06,60,54
5.910938,6.49999999993156e-05,708,128
5.911029,9.10000000002853e-05,60,243
5.911244,0.0002149999999998542,60,128
5.911509,0.00026499999999973767,476,64
5.911673,0.00016400000000071913,60,128
5.911675,1.9999999993913775e-06,60,128
5.911757,8.199999999991547e-05,60,128
5.911758,1.000000000139778e-06,60,128
5.912176,0.0004179999999998074,167,52
5.912685,0.0005090000000000927,78,48
5.912774,8.900000000000574e-05,78,48
5.913988,0.0012140000000000484,1514,54
5.914208,0.0002200000000005531,1514,54
5.914356,0.00014799999999937086,1514,54
5.914437,8.100000000066387e-05,60,128
5.914487,4.999999999988347e-05,1514,54
5.914617,0.0001299999999995194,1514,54
5.914789,0.000172000000000061,1514,54
5.914905,0.00011600000000022703,1514,54
5.914906,1.000000000139778e-06,167,52
5.915155,0.00024900000000016576,1514,54
5.915287,0.00013199999999979894,1514,54
5.915401,0.00011399999999994748,1514,54
5.915539,0.00013799999999974943,1514,54
5.915662,0.0001230000000003173,1514,54
5.915712,4.999999999988347e-05,167,128
5.915785,7.299999999954565e-05,1514,54
5.915841,5.600000000072214e-05,676,54
5.915901,5.9999999999504894e-05,60,128
5.915986,8.500000000033481e-05,1514,54
5.916205,0.00021899999999952513,1514,54
5.916349,0.0001440000000005881,1514,54
5.916473,0.0001239999999995689,1514,54
5.916578,0.00010500000000046583,1514,54
5.9165790000000005,1.000000000139778e-06,60,128
5.91672,0.0001409999999992806,1514,54
5.916843,0.0001230000000003173,1514,54
5.916948,0.00010499999999957765,1514,54
5.91709,0.00014200000000030855,1514,54
5.917308,0.00021800000000027353,1514,54
5.917308,0.0,60,128
5.917309,1.000000000139778e-06,60,128
5.917422,0.0001129999999998077,1514,54
5.9175640000000005,0.00014200000000030855,1514,54
5.917687,0.00012299999999942912,1514,54
5.917752,6.500000000020378e-05,60,128
5.9178180000000005,6.600000000034356e-05,1514,54
5.917947,0.0001289999999993796,1514,54
5.917947,0.0,60,54
5.918543,0.0005959999999998189,60,50
5.918642,9.900000000051534e-05,60,243
5.918643,1.000000000139778e-06,60,128
5.9186440000000005,1.000000000139778e-06,60,128
5.918756,0.00011199999999966792,60,128
5.919042,0.00028600000000000847,1514,54
5.919275,0.00023299999999970566,1514,54
5.91941,0.00013500000000021828,1514,54
5.919537,0.00012699999999998823,1514,54
5.919538,1.000000000139778e-06,60,54
5.919767,0.00022900000000003473,1514,54
5.919823,5.599999999983396e-05,609,54
5.919999,0.00017599999999973193,1514,54
5.920214,0.0002149999999998542,60,128
5.920216,2.000000000279556e-06,67,64
5.920548,0.000332000000000221,167,52
5.921094,0.0005459999999999354,60,128
5.921172,7.800000000024454e-05,60,128
5.921173,9.999999992515995e-07,60,128
5.921293,0.00012000000000078614,60,128
5.921575,0.00028199999999944936,167,52
5.921875,0.000300000000000189,1514,54
5.921998,0.0001230000000003173,1514,54
5.922196,0.00019799999999925433,1514,54
5.922197,1.000000000139778e-06,67,51
5.922447,0.00025000000000030553,60,128
5.9225010000000005,5.400000000044258e-05,167,128
5.924073,0.0015719999999994627,1514,54
5.924268,0.00019499999999972317,1514,54
5.924392,0.00012400000000045708,1514,54
5.924526,0.0001340000000000785,1514,54
5.924526,0.0,167,52
5.92459,6.4000000000064e-05,60,128
5.9247119999999995,0.00012199999999928934,160,1
5.924714,2.000000000279556e-06,1514,54
5.924857,0.00014300000000044832,1514,54
5.924857,0.0,60,128
5.924992,0.0001349999999993301,1514,54
5.925203,0.00021100000000018326,1514,54
5.925366,0.00016300000000057935,1514,54
5.92549,0.0001239999999995689,60,128
5.925491,1.000000000139778e-06,1514,54
5.925554,6.299999999992423e-05,676,54
5.925555,1.000000000139778e-06,287,243
5.925555,0.0,60,243
5.925676,0.00012100000000003774,60,43
5.925745,6.899999999987472e-05,60,43
5.925936,0.00019100000000005224,60,242
5.926082,0.00014599999999997948,1514,128
5.926131,4.899999999974369e-05,539,128
5.926262,0.00013100000000054735,1090,243
5.926263,9.999999992515995e-07,60,243
5.926265,2.000000000279556e-06,60,44
5.926355,9.000000000014552e-05,60,41
5.926423,6.799999999973494e-05,60,128
5.926425,2.000000000279556e-06,60,128
5.927298,0.0008730000000003457,1434,243
5.927298,0.0,134,243
5.927494,0.00019599999999986295,60,128
5.927544,4.999999999988347e-05,1434,243
5.927651,0.00010699999999985721,1434,243
5.927651,0.0,66,52
5.927701,4.999999999988347e-05,414,52
5.927701,0.0,60,43
5.928022,0.0003210000000004598,60,43
5.928154,0.00013199999999979894,60,43
5.928248,9.399999999981645e-05,167,128
5.928249,1.000000000139778e-06,60,43
5.928595,0.00034599999999951336,60,128
5.929094,0.0004990000000004713,60,128
5.929137,4.2999999999793204e-05,60,128
5.929218,8.09999999997757e-05,280,54
5.929367,0.0001490000000003988,107,54
5.929861,0.0004939999999997724,60,45
5.930096,0.00023499999999998522,60,128
5.930523,0.00042700000000017724,60,128
5.930864,0.00034099999999970265,60,128
5.931023,0.00015900000000002024,66,128
5.931089,6.600000000034356e-05,66,127
5.931153,6.4000000000064e-05,60,128
5.932149,0.0009959999999997748,60,128
5.93215,1.000000000139778e-06,60,128
5.932283,0.00013299999999993872,167,128
5.932285,2.000000000279556e-06,60,127
5.932339,5.3999999999554404e-05,265,128
5.932501,0.00016200000000043957,265,127
5.933336,0.000834999999999475,167,128
5.933679,0.0003429999999999822,78,48
5.933681,2.000000000279556e-06,78,48
5.933681,0.0,78,48
5.9340019999999996,0.00032099999999957163,167,128
5.935271,0.0012690000000006307,60,128
5.936544,0.0012729999999994135,60,128
5.936546,2.000000000279556e-06,60,128
5.93679,0.00024400000000035504,60,127
5.936792,1.9999999993913775e-06,60,127
5.936792,0.0,91,128
5.936865,7.300000000043383e-05,91,128
5.936945,7.999999999963592e-05,91,128
5.937657,0.0007120000000000459,1514,128
5.937706,4.900000000063187e-05,539,128
5.938344,0.0006379999999994723,476,128
5.939952,0.0016080000000000538,167,128
5.942085,0.0021329999999997185,1168,64
5.942366,0.00028100000000019776,91,128
5.942426,6.000000000039307e-05,91,128
5.942476,4.999999999988347e-05,852,64
5.942477,1.000000000139778e-06,91,128
5.94333,0.0008529999999993265,167,51
5.943332,2.000000000279556e-06,167,52
5.943423,9.10000000002853e-05,223,51
5.945678,0.002254999999999896,60,127
5.946187,0.0005090000000000927,167,128
5.946189,2.000000000279556e-06,60,128
5.946321,0.00013199999999979894,1514,239
5.9463740000000005,5.3000000000302805e-05,580,239
5.9463740000000005,0.0,103,239
5.946462,8.799999999986596e-05,803,54
5.946462,0.0,80,239
5.946727,0.00026499999999973767,155,128
5.946728,1.000000000139778e-06,155,128
5.946909,0.00018099999999954264,60,55
5.947646,0.0007369999999999877,1514,55
5.947647,1.000000000139778e-06,60,128
5.947769,0.00012200000000017752,1514,55
5.947891,0.00012200000000017752,1514,55
5.948189,0.00029799999999990945,1514,55
5.948347,0.00015799999999988046,1514,55
5.948471,0.0001239999999995689,1514,55
5.948587,0.00011600000000022703,60,128
5.948588,1.000000000139778e-06,1514,55
5.948588,0.0,60,54
5.948812,0.00022400000000022402,1514,55
5.949082,0.0002699999999995484,1514,55
5.949213,0.00013100000000054735,1514,55
5.949339,0.00012599999999984846,1514,55
5.949463,0.0001239999999995689,1514,55
5.949587,0.00012400000000045708,1514,55
5.949692,0.00010499999999957765,66,128
5.949693,1.000000000139778e-06,1514,55
5.949811,0.00011800000000050659,1247,55
5.949812,9.999999992515995e-07,66,127
5.949912,0.00010000000000065512,579,128
5.949912,0.0,60,55
5.949986,7.399999999968543e-05,568,128
5.950063,7.700000000010476e-05,167,52
5.950064,1.000000000139778e-06,60,54
5.950393,0.0003289999999998017,297,54
5.950542,0.0001490000000003988,1404,54
5.950657,0.00011499999999919908,1404,54
5.950773,0.00011600000000022703,1404,54
5.951001,0.00022799999999989495,1404,54
5.95113,0.0001290000000002678,1404,54
5.95113,0.0,60,128
5.951243,0.0001129999999998077,1404,54
5.951348,0.00010500000000046583,575,128
5.9513490000000004,1.000000000139778e-06,1404,54
5.951473,0.0001239999999995689,1404,54
5.951969,0.000496000000000052,60,128
5.952611,0.0006420000000000314,60,64
5.9527719999999995,0.00016099999999941161,60,128
5.952938,0.0001660000000001105,67,64
5.953623,0.0006850000000007128,66,128
5.953687,6.4000000000064e-05,66,127
5.953943,0.00025599999999936784,60,128
5.954025,8.199999999991547e-05,60,127
5.954146,0.00012100000000003774,167,48
5.954338,0.00019200000000019202,265,128
5.954418,8.00000000005241e-05,1232,54
5.954419,9.999999992515995e-07,265,127
5.954795,0.000376000000000154,60,128
5.954797,2.000000000279556e-06,1514,54
5.954983,0.00018600000000024153,1514,54
5.954983,0.0,167,46
5.955119,0.00013599999999946988,66,128
5.955173,5.400000000044258e-05,66,128
5.955235,6.199999999978445e-05,60,128
5.956325,0.0010899999999995913,167,128
5.956491,0.0001660000000001105,280,54
5.956718,0.00022700000000064335,107,54
5.957114,0.00039599999999939683,1514,55
5.957236,0.00012200000000017752,1514,55
5.957558,0.0003219999999997114,60,128
5.957973,0.00041500000000027626,1514,55
5.958229,0.000256000000000256,1514,55
5.958373,0.00014399999999969992,1514,55
5.958373,0.0,60,128
5.958374,1.000000000139778e-06,60,128
5.958496,0.00012200000000017752,1514,55
5.958496,0.0,60,127
5.958497,1.000000000139778e-06,60,127
5.958633,0.00013599999999946988,1514,55
5.958757,0.00012400000000045708,1514,55
5.958929,0.000172000000000061,1514,55
5.959052,0.00012299999999942912,1514,55
5.959176,0.00012400000000045708,1514,55
5.959299,0.00012299999999942912,1514,55
5.959422,0.0001230000000003173,1514,55
5.959546,0.0001239999999995689,1514,55
5.95967,0.00012400000000045708,1514,55
5.9597940000000005,0.00012400000000045708,1514,55
5.959931,0.00013699999999960966,1514,55
5.960055,0.0001239999999995689,1514,55
5.960178,0.0001230000000003173,1514,55
5.960302,0.00012400000000045708,1514,55
5.960425,0.00012299999999942912,1514,55
5.960548,0.0001230000000003173,1375,55
5.960548,0.0,66,41
5.960665,0.00011699999999947863,1280,64
5.960831,0.0001660000000001105,60,128
5.961003,0.000172000000000061,60,126
5.961131,0.000128000000000128,60,126
5.961466,0.00033499999999975216,1514,55
5.961546,8.00000000005241e-05,106,255
5.961598,5.200000000016303e-05,1514,55
5.961599,9.999999992515995e-07,60,126
5.961675,7.599999999996498e-05,60,126
5.961812,0.00013700000000049783,106,255
5.962025,0.00021299999999957464,1514,54
5.962148,0.0001230000000003173,1514,54
5.962149,1.000000000139778e-06,106,255
5.962271,0.00012200000000017752,1514,54
5.9622720000000005,1.000000000139778e-06,60,51
5.962323,5.099999999913507e-05,106,255
5.962394,7.100000000015427e-05,66,128
5.962395,1.000000000139778e-06,1514,54
5.962395,0.0,60,51
5.962478,8.300000000005525e-05,106,255
5.962532,5.400000000044258e-05,1514,54
5.96264,0.00010799999999999699,106,255
5.962641,9.999999992515995e-07,1514,54
5.962739,9.800000000037556e-05,999,54
5.962739,0.0,167,52
5.96274,1.000000000139778e-06,67,51
5.962802,6.199999999978445e-05,106,255
5.962975,0.00017300000000020077,106,255
5.963127,0.00015199999999992997,167,51
5.963207,7.999999999963592e-05,66,128
5.963208,1.000000000139778e-06,66,128
5.963209,1.000000000139778e-06,106,255
5.96321,1.000000000139778e-06,66,128
5.96329,7.999999999963592e-05,60,128
5.963342,5.200000000016303e-05,60,128
5.963398,5.599999999983396e-05,106,255
5.963565,0.00016700000000025028,106,255
5.963743,0.00017800000000001148,106,255
5.965011,0.0012679999999996028,1514,128
5.965061,5.000000000077165e-05,537,128
5.965542,0.00048099999999973164,590,255
5.965593,5.100000000002325e-05,466,255
5.967498,0.0019049999999998235,676,51
5.967499,1.000000000139778e-06,66,51
5.967598,9.899999999962716e-05,66,64
5.967672,7.400000000057361e-05,60,128
5.967673,9.999999992515995e-07,60,127
5.968916,0.0012430000000005492,1278,64
5.968966,4.999999999988347e-05,66,64
5.969893,0.0009269999999999001,60,128
5.970881,0.000988000000000433,110,54
5.971685,0.0008039999999995828,60,128
5.973439,0.0017540000000000333,60,128
5.974443,0.0010040000000000049,265,128
5.974514,7.100000000015427e-05,73,64
5.974515,1.000000000139778e-06,265,127
5.975732,0.0012169999999995795,1514,54
5.975733,1.000000000139778e-06,167,46
5.976101,0.00036799999999992394,1484,128
5.976204,0.00010300000000018628,1290,128
5.976205,1.000000000139778e-06,167,128
5.976822,0.0006170000000000897,1514,54
5.977062,0.00023999999999979593,1514,54
5.977203,0.00014100000000016877,1514,54
5.977203,0.0,60,128
5.977336,0.00013299999999993872,1514,54
5.977458,0.00012200000000017752,1514,54
5.978049,0.0005910000000000082,1514,54
5.97812,7.09999999992661e-05,60,128
5.979349,0.0012290000000003687,60,128
5.9794920000000005,0.00014300000000044832,60,128
5.979576,8.399999999930685e-05,60,128
5.980149,0.0005730000000001567,1514,54
5.980199,4.999999999988347e-05,613,128
5.980394,0.00019500000000061135,1514,54
5.980517,0.00012299999999942912,1514,54
5.98065,0.00013299999999993872,1514,54
5.980781,0.00013100000000054735,1514,54
5.980905,0.0001239999999995689,1514,54
5.98103,0.00012499999999970868,1514,54
5.981031,1.000000000139778e-06,89,114
5.981192,0.0001610000000002998,60,128
5.981275,8.300000000005525e-05,167,48
5.981405,0.0001299999999995194,73,51
5.981406,1.000000000139778e-06,103,128
5.981499,9.300000000056485e-05,60,128
5.9815000000000005,1.000000000139778e-06,60,128
5.982398,0.0008979999999993993,60,242
5.982399,1.000000000139778e-06,60,242
5.983758,0.001358999999999888,60,128
5.983808,4.999999999988347e-05,60,127
5.98429,0.0004819999999998714,60,128
5.984291,1.000000000139778e-06,60,128
5.984413,0.00012200000000017752,60,127
5.984415,2.000000000279556e-06,60,127
5.986522,0.002106999999999637,1514,54
5.986645,0.0001230000000003173,1514,54
5.986769,0.0001239999999995689,1514,54
5.986893,0.00012400000000045708,1514,54
5.9870149999999995,0.00012199999999928934,1514,54
5.987139,0.00012400000000045708,1514,54
5.987253,0.00011399999999994748,1404,54
5.987673,0.00042000000000008697,1514,54
5.987673,0.0,66,128
5.9878029999999995,0.0001299999999995194,1514,54
5.987943,0.000140000000000029,1514,54
5.988075,0.00013200000000068712,1514,54
5.988154,7.899999999949614e-05,60,128
5.988225,7.100000000015427e-05,60,128
5.988651,0.00042600000000003746,1514,54
5.988729,7.800000000024454e-05,915,54
5.988983,0.00025399999999997647,1514,54
5.988984,1.000000000139778e-06,107,54
5.989227,0.0002429999999993271,60,128
5.989229,2.000000000279556e-06,66,128
5.989307,7.800000000024454e-05,1514,54
5.989452,0.0001449999999998397,1514,54
5.989566,0.00011399999999994748,1404,54
5.990146,0.000580000000000247,1404,54
5.990269,0.00012299999999942912,60,128
5.990328,5.9000000000253294e-05,450,64
5.990378,4.999999999988347e-05,1404,54
5.99048,0.0001020000000000465,1404,54
5.990595,0.00011500000000008725,1404,54
5.990893,0.00029799999999990945,60,128
5.990974,8.09999999997757e-05,167,128
5.991057,8.300000000005525e-05,1404,54
5.991261,0.000204000000000093,1404,54
5.991261,0.0,167,128
5.991389,0.000128000000000128,1404,54
5.991509,0.00011999999999989797,1404,54
5.991509,0.0,60,47
5.991727,0.00021800000000027353,60,128
5.991949,0.00022199999999994446,91,128
5.992007,5.8000000000113516e-05,91,128
5.99208,7.299999999954565e-05,91,128
5.992136,5.600000000072214e-05,91,128
5.9923079999999995,0.00017199999999917281,1514,128
5.9923079999999995,0.0,539,128
5.992582,0.0002740000000001075,60,128
5.99314,0.0005580000000007246,1514,55
5.993328,0.0001879999999996329,1514,55
5.993464,0.00013600000000035806,1514,55
5.9935220000000005,5.8000000000113516e-05,66,128
5.993592,6.999999999912632e-05,1514,55
5.993716,0.00012400000000045708,1514,55
5.994194,0.0004780000000002005,1514,55
5.9942969999999995,0.0001029999999992981,66,128
5.994299,2.000000000279556e-06,66,128
5.9943,1.000000000139778e-06,66,128
5.994302,2.000000000279556e-06,66,128
5.994415,0.0001129999999998077,1514,55
5.994537,0.00012200000000017752,1514,55
5.994711,0.00017399999999945237,1514,55
5.994847,0.00013600000000035806,1514,55
5.994974,0.00012699999999998823,1514,55
5.995102,0.000128000000000128,1514,55
5.995103,1.000000000139778e-06,66,128
5.995105,1.9999999993913775e-06,66,128
5.995106,1.000000000139778e-06,66,128
5.995152,4.600000000021254e-05,66,128
5.995154,2.000000000279556e-06,167,64
5.995354,0.00019999999999953388,1514,55
5.995477,0.0001230000000003173,1514,55
5.995579,0.0001020000000000465,1247,55
5.995579,0.0,60,243
5.995857,0.0002779999999997784,167,128
5.995956,9.899999999962716e-05,66,128
5.995957,1.000000000139778e-06,66,128
5.995958,1.000000000139778e-06,66,128
5.995959,1.000000000139778e-06,66,128
5.996016,5.699999999997374e-05,66,128
5.996018,2.000000000279556e-06,66,128
5.996317,0.0002990000000000492,1434,243
5.996405,8.799999999986596e-05,1080,243
5.996406,1.000000000139778e-06,60,243
5.9967880000000005,0.0003820000000001045,1168,64
5.996975,0.00018699999999949313,1414,128
5.997033,5.8000000000113516e-05,733,128
5.997269,0.000236000000000125,1168,64
5.997269,0.0,531,64
5.997853,0.0005839999999999179,167,51
5.998189,0.00033599999999989194,60,128
5.998466,0.00027699999999963865,60,128
5.998854,0.00038800000000005497,167,52
6.000737,0.001883000000000301,67,51
6.001309,0.0005720000000000169,167,128
6.005463,0.004153999999999769,60,243
6.005752,0.0002890000000004278,74,64
6.005854,0.0001020000000000465,155,128
6.005934,7.999999999963592e-05,155,128
6.006057,0.0001230000000003173,167,128
6.008051,0.0019939999999998292,66,128
6.008115,6.4000000000064e-05,66,127
6.008951,0.0008359999999996148,60,128
6.008954,3.000000000419334e-06,60,127
6.009261,0.00030700000000027927,167,52
6.010272,0.001010999999999207,78,52
6.010326,5.400000000044258e-05,78,51
6.010376,4.999999999988347e-05,78,52
6.010457,8.09999999997757e-05,66,128
6.010525,6.800000000062312e-05,66,127
6.011402,0.0008770000000000167,60,128
6.011405,2.9999999995311555e-06,60,127
6.011885,0.00048000000000048004,265,128
6.011956,7.09999999992661e-05,265,127
6.014342,0.0023860000000004433,167,52
6.015659,0.0013170000000002346,1514,54
6.015747,8.799999999986596e-05,167,128
6.015896,0.00014899999999951064,60,128
6.015897,1.000000000139778e-06,60,127
6.016733,0.000836000000000503,60,128
6.016782,4.899999999974369e-05,1514,54
6.016783,1.000000000139778e-06,60,127
6.016851,6.799999999973494e-05,60,128
6.016982,0.00013099999999965917,1514,54
6.016983,1.000000000139778e-06,60,127
6.017125,0.00014200000000030855,1514,54
6.017249,0.0001239999999995689,1514,54
6.01733,8.100000000066387e-05,67,64
6.01738,4.999999999988347e-05,1514,54
6.01758,0.00019999999999953388,60,128
6.017911,0.00033100000000008123,1514,54
6.018053,0.00014200000000030855,1514,54
6.018054,1.000000000139778e-06,91,128
6.018116,6.199999999978445e-05,91,128
6.018168,5.200000000016303e-05,91,128
6.018402,0.00023399999999984544,1514,54
6.018403,1.000000000139778e-06,60,128
6.01854,0.00013699999999960966,1514,54
6.018595,5.500000000058236e-05,613,54
6.018596,9.999999992515995e-07,60,54
6.019002,0.0004060000000007946,1514,54
6.019002,0.0,302,54
6.019051,4.899999999974369e-05,555,128
6.019157,0.00010599999999971743,265,128
6.019227,7.00000000000145e-05,265,127
6.019227,0.0,167,52
6.019229,2.000000000279556e-06,60,128
6.019229,0.0,60,47
6.019521,0.00029199999999995896,571,128
6.020196,0.0006750000000002032,60,128
6.020263,6.699999999959516e-05,78,53
6.020265,2.000000000279556e-06,60,47
6.020352,8.699999999972619e-05,78,53
6.020523,0.00017099999999992122,167,52
6.02058,5.699999999997374e-05,1514,128
6.02063,4.999999999988347e-05,582,128
6.02076,0.00013000000000040757,213,51
6.021274,0.0005139999999999034,78,52
6.022268,0.0009940000000003835,1514,128
6.022317,4.899999999974369e-05,579,128
6.02305,0.0007329999999994286,60,128
6.023052,2.000000000279556e-06,60,127
6.023189,0.00013700000000049783,60,128
6.02319,9.999999992515995e-07,60,127
6.023247,5.699999999997374e-05,60,128
6.023255,8.000000000230045e-06,60,127
6.024065,0.0008100000000004215,167,128
6.024298,0.00023299999999970566,167,52
6.026071,0.0017730000000000246,91,50
6.026278,0.00020699999999962415,91,52
6.026406,0.000128000000000128,91,50
6.02654,0.0001340000000000785,66,128
6.0266,6.000000000039307e-05,66,127
6.027448,0.0008479999999995158,60,128
6.02745,2.000000000279556e-06,60,127
6.027833,0.00038300000000024426,265,128
6.027904,7.100000000015427e-05,265,127
6.028095,0.00019100000000005224,60,128
6.028212,0.00011699999999947863,167,128
6.028931,0.0007190000000001362,91,50
6.029921,0.0009899999999998244,91,51
6.030015,9.399999999981645e-05,60,128
6.030602,0.0005870000000003373,60,128
6.03168,0.0010779999999996903,60,128
6.031682,2.000000000279556e-06,60,128
6.031847,0.00016499999999997073,60,128
6.031849,2.000000000279556e-06,60,127
6.03185,1.000000000139778e-06,60,128
6.031899,4.899999999974369e-05,60,127
6.032317,0.0004179999999998074,167,128
6.033708,0.00139099999999992,167,128
6.033828,0.00011999999999989797,60,52
6.034846,0.0010180000000001854,91,51
6.0365,0.0016540000000002664,1484,52
6.037532,0.0010319999999994778,1484,52
6.037736,0.000204000000000093,1484,52
6.037918,0.0001820000000005706,60,128
6.037983,6.49999999993156e-05,167,51
6.037984,1.000000000139778e-06,67,64
6.038732,0.000748000000000637,1484,52
6.038854,0.00012199999999928934,1484,52
6.038973,0.00011900000000064637,1484,52
6.039094,0.00012100000000003774,1484,52
6.039215,0.00012100000000003774,1484,52
6.039335,0.00011999999999989797,1484,52
6.039457,0.00012199999999928934,1484,52
6.039634,0.00017700000000075988,60,128
6.039921,0.00028699999999926007,167,128
6.040458,0.0005370000000004538,167,52
6.040545,8.699999999972619e-05,60,128
6.042979,0.0024340000000000472,167,128
6.044903,0.0019239999999998147,60,128
6.045024,0.00012100000000003774,60,128
6.045026,2.000000000279556e-06,60,128
6.045767,0.0007409999999996586,67,51
6.046126,0.0003590000000004423,167,128
6.047264,0.0011380000000000834,60,54
6.047393,0.0001289999999993796,1514,54
6.047639,0.0002460000000006346,1514,54
6.047763,0.0001239999999995689,1514,54
6.047981,0.00021800000000027353,1168,54
6.048228,0.0002469999999998862,1514,55
6.048351,0.0001230000000003173,1514,55
6.048452,0.00010099999999990672,60,128
6.048591,0.0001389999999998892,66,128
6.048792,0.00020099999999967366,1514,55
6.048931,0.0001389999999998892,1514,55
6.049054,0.0001230000000003173,1514,55
6.049178,0.00012400000000045708,1514,55
6.049178,0.0,60,128
6.049301,0.00012299999999942912,1514,55
6.049371,7.00000000000145e-05,66,128
6.049372,1.000000000139778e-06,66,128
6.049373,1.000000000139778e-06,66,128
6.049428,5.499999999969418e-05,1514,55
6.049511,8.300000000005525e-05,60,128
6.049565,5.400000000044258e-05,1514,55
6.049782,0.00021700000000013375,1514,55
6.049917,0.0001349999999993301,1514,55
6.049918,1.000000000139778e-06,167,52
6.050056,0.00013799999999974943,1514,55
6.050165,0.00010900000000013677,66,128
6.050167,2.000000000279556e-06,66,128
6.050167,0.0,1514,55
6.050168,1.000000000139778e-06,66,128
6.050169,1.000000000139778e-06,66,128
6.05017,9.999999992515995e-07,66,128
6.050171,1.000000000139778e-06,66,128
6.050303,0.00013200000000068712,1514,55
6.050426,0.00012299999999942912,1514,55
6.050476,4.999999999988347e-05,1514,128
6.050476,0.0,581,128
6.05055,7.400000000057361e-05,1514,55
6.050756,0.00020599999999948437,1514,55
6.050756,0.0,585,128
6.050887,0.00013100000000054735,1514,55
6.050972,8.499999999944663e-05,66,128
6.050974,2.000000000279556e-06,66,128
6.050975,1.000000000139778e-06,66,128
6.050976,1.000000000139778e-06,66,128
6.050978,1.9999999993913775e-06,66,128
6.050979,1.000000000139778e-06,66,128
6.051022,4.2999999999793204e-05,1514,55
6.051499,0.0004770000000000607,60,128
6.051646,0.00014700000000011926,60,128
6.051696,4.999999999988347e-05,1514,55
6.051766,7.00000000000145e-05,66,128
6.051768,2.000000000279556e-06,66,128
6.051768,0.0,66,128
6.051822,5.3999999999554404e-05,1514,55
6.051938,0.00011600000000022703,1375,55
6.051938,0.0,91,48
6.051939,1.000000000139778e-06,60,54
6.052297,0.0003580000000003025,1514,54
6.052421,0.0001239999999995689,1514,54
6.052544,0.0001230000000003173,1514,54
6.052545,1.000000000139778e-06,66,128
6.052546,1.000000000139778e-06,66,128
6.052547,9.999999992515995e-07,66,128
6.052779,0.00023200000000045407,1514,54
6.05291,0.00013099999999965917,1514,54
6.052963,5.3000000000302805e-05,60,128
6.053033,7.00000000000145e-05,1514,54
6.053157,0.0001239999999995689,1514,54
6.053207,4.999999999988347e-05,60,128
6.05328,7.300000000043383e-05,1514,54
6.053281,1.000000000139778e-06,611,128
6.053404,0.00012299999999942912,1514,54
6.05353,0.00012600000000073663,1514,54
6.053744,0.00021399999999971442,1514,54
6.053799,5.499999999969418e-05,676,54
6.053799,0.0,167,46
6.0538,1.000000000139778e-06,482,128
6.053801,1.000000000139778e-06,60,128
6.053885,8.400000000019503e-05,60,128
6.054053,0.00016799999999950188,1484,54
6.054553,0.0005000000000006111,481,128
6.054636,8.300000000005525e-05,60,128
6.054772,0.00013599999999946988,167,48
6.054832,6.000000000039307e-05,481,128
6.056305,0.0014729999999998356,167,128
6.056885,0.000580000000000247,155,128
6.05729,0.00040499999999976666,1414,128
6.057369,7.899999999949614e-05,1023,128
6.059348,0.001979000000000397,167,52
6.059976,0.0006279999999998509,1168,64
6.060439,0.0004629999999998802,1168,64
6.06044,1.000000000139778e-06,678,64
6.060895,0.0004550000000005383,270,51
6.061431,0.0005359999999994258,66,128
6.062902,0.0014710000000004442,167,51
6.066955,0.004052999999999862,66,128
6.074163,0.007208000000000325,66,128
6.075192,0.0010289999999999466,167,46
6.075763,0.0005709999999998772,167,48
6.076278,0.0005150000000000432,167,128
6.076754,0.00047599999999992093,599,47
6.078396,0.0016419999999994772,1514,128
6.078445,4.900000000063187e-05,528,128
6.080629,0.0021839999999997417,75,51
6.081631,0.0010019999999997253,82,64
6.081837,0.00020600000000037255,1464,47
6.082485,0.0006479999999999819,60,128
6.082488,2.9999999995311555e-06,66,128
6.082566,7.800000000024454e-05,66,127
6.083393,0.0008270000000001332,60,128
6.083395,2.000000000279556e-06,60,127
6.083805,0.00040999999999957737,265,128
6.08388,7.49999999998252e-05,265,127
6.087851,0.003970999999999947,60,128
6.087853,2.000000000279556e-06,60,128
6.087854,1.000000000139778e-06,60,127
6.0879010000000005,4.7000000000352316e-05,60,127
6.088119,0.00021799999999938535,60,126
6.088595,0.00047599999999992093,60,128
6.088597,2.000000000279556e-06,60,128
6.088649,5.200000000016303e-05,60,128
6.089032,0.0003829999999993561,60,126
6.089209,0.00017700000000075988,60,126
6.089303,9.399999999981645e-05,78,49
6.089361,5.8000000000113516e-05,78,49
6.08945,8.900000000000574e-05,106,255
6.089617,0.0001669999999993621,60,128
6.090214,0.0005969999999999587,60,126
6.090981,0.0007670000000006283,167,128
6.090983,1.9999999993913775e-06,60,126
6.091335,0.00035200000000035203,167,128
6.092403,0.001068000000000069,73,64
6.092783,0.0003799999999998249,167,64
6.092785,2.000000000279556e-06,60,128
6.09305,0.00026499999999973767,67,64
6.095809,0.002759000000000178,167,128
6.09783,0.0020210000000000505,167,51
6.098003,0.00017300000000020077,66,128
6.098071,6.799999999973494e-05,66,127
6.098704,0.0006329999999996616,167,52
6.098917,0.00021300000000046282,60,128
6.098919,2.000000000279556e-06,60,128
6.098919,0.0,60,127
6.099328,0.0004089999999994376,265,128
6.099401,7.300000000043383e-05,265,127
6.100195,0.0007939999999999614,60,128
6.100637,0.00044199999999960937,67,51
6.100748,0.00011100000000041632,60,128
6.101292,0.0005439999999996559,167,128
6.102217,0.0009249999999996206,1514,55
6.102638,0.00042100000000022675,66,128
6.103138,0.0005000000000006111,1514,55
6.103303,0.00016499999999997073,60,128
6.103304,9.999999992515995e-07,60,128
6.103365,6.100000000053285e-05,60,128
6.103367,2.000000000279556e-06,1514,55
6.103367,0.0,60,127
6.103369,1.9999999993913775e-06,60,127
6.103534,0.00016499999999997073,1514,55
6.103657,0.0001230000000003173,1514,55
6.103778,0.00012100000000003774,1514,55
6.10424,0.0004619999999997404,66,128
6.104241,1.000000000139778e-06,66,128
6.104242,1.000000000139778e-06,66,128
6.104243,1.000000000139778e-06,66,128
6.104245,1.9999999993913775e-06,66,128
6.104784,0.0005390000000007333,1514,55
6.104913,0.0001289999999993796,1514,55
6.105119,0.00020600000000037255,1514,55
6.105341,0.00022199999999994446,1514,55
6.105484,0.00014299999999956015,1514,55
6.105607,0.0001230000000003173,1514,55
6.105731,0.0001239999999995689,1514,55
6.105817,8.600000000047459e-05,66,128
6.105818,1.000000000139778e-06,66,128
6.105819,1.000000000139778e-06,66,128
6.105867,4.7999999999603915e-05,1514,55
6.105868,1.000000000139778e-06,66,128
6.105869,1.000000000139778e-06,66,128
6.105955,8.599999999958641e-05,1247,55
6.106045,9.000000000014552e-05,167,128
6.106649,0.0006040000000000489,66,128
6.106651,2.000000000279556e-06,66,128
6.106651,0.0,66,128
6.106652,1.000000000139778e-06,66,128
6.108664,0.0020119999999996807,167,52
6.108809,0.0001449999999998397,60,128
6.111274,0.0024649999999999395,60,128
6.111618,0.000344000000000122,60,54
6.112664,0.0010459999999996583,60,54
6.112774,0.00011000000000027654,1168,64
6.113141,0.00036699999999978417,1484,54
6.113241,0.00010000000000065512,1168,64
6.113241,0.0,181,64
6.113291,4.999999999988347e-05,1484,54
6.113636,0.0003449999999993736,60,128
6.114173,0.0005370000000004538,1484,54
6.114298,0.00012499999999970868,1484,54
6.114419,0.00012100000000003774,1484,54
6.114539,0.00011999999999989797,1484,54
6.114661,0.00012200000000017752,1484,54
6.114721,6.000000000039307e-05,60,128
6.114784,6.299999999992423e-05,1484,54
6.114906,0.00012200000000017752,1484,54
6.115125,0.00021899999999952513,1484,54
6.115249,0.00012400000000045708,1484,54
6.115381,0.00013199999999979894,1484,54
6.115505,0.0001239999999995689,1484,54
6.115612,0.00010699999999985721,60,128
6.115747,0.00013500000000021828,167,128
6.116463,0.000716000000000605,1484,54
6.116463,0.0,167,52
6.116464,9.999999992515995e-07,60,128
6.116599,0.00013500000000021828,1484,54
6.11672,0.00012100000000003774,1484,54
6.11694,0.0002199999999996649,1484,54
6.117174,0.00023400000000073362,1484,54
6.117288,0.00011399999999994748,60,128
6.117338,4.999999999988347e-05,1484,54
6.117466,0.000128000000000128,1484,54
6.118156,0.0006899999999996353,60,128
6.118469,0.00031300000000022976,1484,54
6.11861,0.00014100000000016877,1484,54
6.118739,0.0001289999999993796,1484,54
6.118861,0.00012200000000017752,1484,54
6.119074,0.00021300000000046282,1484,54
6.119223,0.00014899999999951064,1484,54
6.119348,0.00012499999999970868,1484,54
6.119473,0.00012500000000059686,1484,54
6.119473,0.0,167,52
6.119611,0.00013799999999974943,1484,54
6.119731,0.00011999999999989797,1484,54
6.119835,0.00010400000000032605,60,128
6.119836,1.000000000139778e-06,1484,54
6.120569,0.0007329999999994286,167,52
6.120886,0.0003169999999999007,256,51
6.1211,0.0002140000000006026,60,128
6.121227,0.00012699999999998823,1484,54
6.121445,0.00021799999999938535,1484,54
6.121578,0.0001330000000008269,1484,54
6.121782,0.00020399999999920482,1484,54
6.121783,1.000000000139778e-06,66,54
6.121784,1.000000000139778e-06,60,55
6.121833,4.899999999974369e-05,60,55
6.121974,0.00014100000000016877,60,128
6.121975,1.000000000139778e-06,60,128
6.122091,0.00011600000000022703,60,128
6.122203,0.00011199999999966792,1514,55
6.122426,0.00022300000000008424,1514,55
6.122526,9.999999999976694e-05,253,128
6.122576,4.999999999988347e-05,1514,55
6.122672,9.600000000009601e-05,1514,55
6.122795,0.0001230000000003173,1514,55
6.122919,0.0001239999999995689,1514,55
6.123002,8.300000000005525e-05,1016,55
6.123002,0.0,60,128
6.123126,0.00012400000000045708,1514,55
6.123249,0.0001230000000003173,1514,55
6.123362,0.0001129999999998077,1085,55
6.123537,0.00017499999999959215,167,128
6.123827,0.0002900000000005676,66,128
6.12383,2.9999999995311555e-06,60,128
6.123832,2.000000000279556e-06,66,128
6.123895,6.299999999992423e-05,1414,64
6.123966,7.100000000015427e-05,60,128
6.12417,0.000204000000000093,66,55
6.124397,0.00022699999999975518,167,52
6.124398,1.000000000139778e-06,60,245
6.12668,0.0022820000000001173,482,128
6.128219,0.001538999999999291,167,128
6.128458,0.00023900000000054433,91,52
6.129475,0.0010170000000000456,91,52
6.129682,0.00020699999999962415,91,50
6.130295,0.0006130000000004188,60,128
6.130443,0.00014799999999937086,91,52
6.131644,0.0012010000000000076,66,54
6.132289,0.0006450000000004508,167,128
6.132896,0.0006069999999995801,60,128
6.133813,0.0009170000000002787,67,64
6.134368,0.0005550000000003052,60,241
6.13474,0.0003719999999995949,167,128
6.136222,0.0014820000000002054,66,54
6.1375399999999996,0.0013179999999994862,1484,54
6.138052,0.000512000000000512,60,128
6.138681,0.0006289999999999907,1484,54
6.138922,0.0002409999999999357,1484,54
6.139056,0.0001340000000000785,1484,54
6.139185,0.0001290000000002678,1484,54
6.139696,0.0005109999999994841,60,128
6.139967,0.00027100000000057634,1484,54
6.139967,0.0,167,128
6.140157,0.00018999999999991246,1484,54
6.140294,0.00013699999999960966,1484,54
6.140294,0.0,167,51
6.140296,2.000000000279556e-06,167,52
6.140297,1.000000000139778e-06,84,52
6.140466,0.00016899999999964166,1484,54
6.140467,1.000000000139778e-06,84,52
6.140595,0.000128000000000128,1484,54
6.140807,0.00021199999999943486,1484,54
6.140952,0.00014500000000072788,1484,54
6.141094,0.00014199999999942037,1484,54
6.141226,0.00013199999999979894,1484,54
6.141227,1.000000000139778e-06,61,51
6.141228,1.000000000139778e-06,210,51
6.141391,0.00016299999999969117,60,128
6.141958,0.0005670000000002062,1484,54
6.142097,0.0001389999999998892,1484,54
6.142231,0.0001340000000000785,1484,54
6.142357,0.00012599999999984846,1484,54
6.142357,0.0,60,128
6.142478,0.00012100000000003774,1484,54
6.142619,0.00014100000000016877,1484,54
6.142841,0.00022199999999994446,1484,54
6.143249,0.000408000000000186,60,128
6.143638,0.00038900000000019475,1484,54
6.143845,0.00020699999999962415,1484,54
6.143984,0.0001389999999998892,1484,54
6.144107,0.0001230000000003173,1484,54
6.144228,0.00012100000000003774,1484,54
6.144229,1.000000000139778e-06,167,128
6.144351,0.00012200000000017752,1484,54
6.144473,0.00012199999999928934,1484,54
6.144594,0.00012100000000003774,1484,54
6.144715,0.00012100000000003774,1484,54
6.144865,0.0001500000000005386,374,241
6.144927,6.199999999978445e-05,60,128
6.145209,0.00028200000000033754,1514,54
6.145339,0.0001299999999995194,1514,54
6.145735,0.000396000000000285,60,128
6.146146,0.00041099999999971715,60,128
6.146222,7.599999999996498e-05,1514,54
6.146222,0.0,167,128
6.146354,0.00013199999999979894,1514,54
6.146482,0.000128000000000128,1514,54
6.146482,0.0,60,128
6.146604,0.00012200000000017752,91,128
6.146605,1.000000000139778e-06,1514,54
6.146606,1.000000000139778e-06,60,242
6.146922,0.0003159999999997609,66,128
6.146972,4.999999999988347e-05,1514,54
6.1471,0.000128000000000128,1514,54
6.1471,0.0,66,127
6.147232,0.00013199999999979894,1514,54
6.147355,0.0001230000000003173,1514,54
6.147413,5.8000000000113516e-05,60,128
6.1474779999999996,6.49999999993156e-05,1514,54
6.147479,1.000000000139778e-06,60,54
6.147479,0.0,60,54
6.14748,1.000000000139778e-06,60,127
6.147481,1.000000000139778e-06,60,128
6.147786,0.0003049999999999997,265,128
6.147859,7.300000000043383e-05,265,127
6.148637,0.0007779999999995013,60,128
6.148779,0.00014200000000030855,1484,54
6.148832,5.2999999999414626e-05,572,54
6.149108,0.00027600000000038705,1514,54
6.149231,0.0001230000000003173,1514,54
6.149355,0.0001239999999995689,1514,54
6.14955,0.00019499999999972317,1514,54
6.149684,0.0001340000000000785,1514,54
6.149808,0.00012400000000045708,1514,54
6.150008,0.00019999999999953388,60,128
6.150058,4.999999999988347e-05,1514,54
6.150228,0.00017000000000066962,167,52
6.150901,0.0006729999999999237,60,128
6.1513349999999996,0.0004339999999993793,60,128
6.15172,0.0003850000000005238,60,128
6.151725,4.999999999810711e-06,60,127
6.151766,4.1000000000401826e-05,60,128
6.15186,9.399999999981645e-05,60,128
6.15191,4.999999999988347e-05,1514,54
6.15191,0.0,60,127
6.151911,1.000000000139778e-06,60,127
6.152149,0.00023799999999951638,1514,54
6.152272,0.0001230000000003173,1514,54
6.152396,0.00012400000000045708,1514,54
6.152519,0.00012299999999942912,1514,54
6.152642,0.0001230000000003173,1511,54
6.152765,0.00012299999999942912,1514,54
6.152888,0.0001230000000003173,1514,54
6.153109,0.00022099999999980469,1514,54
6.15324,0.00013100000000054735,1514,54
6.153366,0.00012599999999984846,1514,54
6.153428,6.199999999978445e-05,60,128
6.15349,6.199999999978445e-05,1514,54
6.153491,1.000000000139778e-06,60,128
6.153624,0.00013299999999993872,1514,54
6.153747,0.0001230000000003173,1514,54
6.153874,0.00012699999999998823,1514,54
6.153874,0.0,167,46
6.154113,0.00023899999999965615,1514,54
6.154253,0.000140000000000029,1514,54
6.154314,6.100000000053285e-05,60,128
6.154376,6.199999999978445e-05,1514,54
6.154377,1.000000000139778e-06,60,128
6.154504,0.00012699999999998823,1514,54
6.154505,1.000000000139778e-06,72,52
6.154635,0.0001299999999995194,1434,54
6.154637,2.000000000279556e-06,167,48
6.154778,0.00014100000000016877,66,51
6.155153,0.0003750000000000142,60,128
6.155516,0.00036300000000011323,137,64
6.155819,0.00030299999999972016,89,51
6.155939,0.00011999999999989797,1168,64
6.155987,4.7999999999603915e-05,1155,64
6.156379,0.0003920000000006141,167,128
6.158105,0.0017259999999996722,84,51
6.158444,0.0003390000000003113,60,55
6.158539,9.499999999995623e-05,60,55
6.158953,0.0004140000000001365,348,128
6.159223,0.0002699999999995484,1443,55
6.159314,9.10000000002853e-05,60,128
6.160268,0.0009540000000001214,1484,54
6.161278,0.0010099999999999554,1484,54
6.161746,0.0004679999999996909,60,128
6.162489,0.0007429999999999382,1484,54
6.16271,0.00022099999999980469,1484,54
6.16285,0.000140000000000029,1484,54
6.162979,0.0001290000000002678,1484,54
6.163149,0.00016999999999978144,1484,54
6.163309,0.00016000000000016001,1484,54
6.16331,1.000000000139778e-06,60,128
6.163422,0.00011199999999966792,1484,54
6.163659,0.00023700000000026478,1484,54
6.163804,0.0001449999999998397,1484,54
6.164335,0.0005310000000005033,60,128
6.164834,0.0004989999999995831,60,128
6.164835,1.000000000139778e-06,1484,54
6.165014,0.00017900000000015126,1484,54
6.165014,0.0,80,51
6.165226,0.00021199999999943486,1484,54
6.165227,1.000000000139778e-06,167,51
6.165363,0.00013600000000035806,1484,54
6.165482,0.00011899999999975819,1484,54
6.165692,0.00021000000000004349,1484,54
6.165831,0.0001389999999998892,1484,54
6.165954,0.0001230000000003173,1484,54
6.166015,6.099999999964467e-05,60,128
6.166076,6.100000000053285e-05,1484,54
6.166198,0.00012199999999928934,1484,54
6.166319,0.00012100000000003774,1484,54
6.166846,0.0005269999999999442,60,128
6.167269,0.0004230000000005063,1484,54
6.1674,0.00013099999999965917,1484,54
6.1676,0.00020000000000042206,1484,54
6.167745,0.0001449999999998397,1484,54
6.167831,8.599999999958641e-05,60,128
6.167881,5.000000000077165e-05,1484,54
6.168012,0.00013099999999965917,1484,54
6.168298,0.00028600000000000847,1484,54
6.168452,0.00015400000000020952,1484,54
6.1686630000000005,0.00021100000000018326,60,128
6.169099,0.0004359999999996589,1484,54
6.16922,0.00012100000000003774,1484,54
6.169341,0.00012100000000003774,1484,54
6.169462,0.00012100000000003774,1484,54
6.169462,0.0,60,128
6.169582,0.00011999999999989797,1484,54
6.169702,0.00011999999999989797,1484,54
6.169823,0.00012100000000003774,1484,54
6.169944,0.00012100000000003774,1484,54
6.170336,0.0003919999999997259,60,128
6.170692,0.00035600000000002296,1484,54
6.170834,0.00014200000000030855,1484,54
6.170886,5.200000000016303e-05,630,48
6.170976,8.999999999925734e-05,60,64
6.171025,4.900000000063187e-05,1484,54
6.171139,0.00011399999999994748,1484,54
6.171139,0.0,60,128
6.171285,0.00014599999999997948,1484,54
6.171422,0.00013699999999960966,1484,54
6.171422,0.0,89,47
6.171965,0.0005430000000004043,60,128
6.1731,0.001134999999999664,1484,54
6.173224,0.00012400000000045708,1484,54
6.17344,0.00021599999999999397,1484,54
6.1736509999999996,0.00021099999999929508,1484,54
6.173786,0.00013500000000021828,1484,54
6.173915,0.0001290000000002678,1484,54
6.173915,0.0,84,46
6.174044,0.0001290000000002678,1484,54
6.174165,0.00012100000000003774,1484,54
6.174286,0.00012100000000003774,1484,54
6.174365,7.899999999949614e-05,60,128
6.174415,4.999999999988347e-05,1484,54
6.174543,0.000128000000000128,1484,54
6.174758,0.0002149999999998542,1484,54
6.174887,0.0001290000000002678,1484,54
6.175249,0.00036199999999997345,60,128
6.176191,0.0009420000000002204,167,128
6.176529,0.0003380000000001715,1484,54
6.176746,0.00021699999999924557,1484,54
6.1768,5.400000000044258e-05,75,64
6.176881,8.09999999997757e-05,1484,54
6.177011,0.00013000000000040757,1484,54
6.177137,0.00012599999999984846,1484,54
6.177265,0.000128000000000128,1484,54
6.177389,0.0001239999999995689,1484,54
6.17751,0.00012100000000003774,1484,54
6.177511,1.000000000139778e-06,60,128
6.177775,0.0002639999999995979,1484,54
6.177776,1.000000000139778e-06,60,241
6.177777,1.000000000139778e-06,182,50
6.177778,1.000000000139778e-06,167,46
6.177914,0.00013600000000035806,167,48
6.177967,5.2999999999414626e-05,66,128
6.178351,0.00038400000000038403,60,128
6.178626,0.00027500000000024727,446,64
6.178803,0.0001769999999998717,481,128
6.178897,9.399999999981645e-05,66,128
6.178961,6.4000000000064e-05,66,127
6.179199,0.00023799999999951638,83,52
6.1797509999999996,0.0005519999999998859,60,128
6.179752,1.000000000139778e-06,60,127
6.180156,0.00040400000000051506,265,128
6.180228,7.199999999940587e-05,265,127
6.180673,0.0004450000000000287,1484,54
6.180673,0.0,108,51
6.182434,0.0017610000000001236,1484,54
6.182656,0.00022199999999994446,1484,54
6.182783,0.00012699999999998823,1484,54
6.182859,7.599999999996498e-05,60,128
6.182911,5.200000000016303e-05,1484,54
6.182911,0.0,72,51
6.18304,0.0001290000000002678,1484,54
6.183161,0.00012100000000003774,1484,54
6.183282,0.00012100000000003774,1484,54
6.183422,0.000140000000000029,1484,54
6.183661,0.00023899999999965615,1484,54
6.183661,0.0,60,128
6.183794,0.00013299999999993872,1484,54
6.183918,0.00012400000000045708,1484,54
6.184039,0.00012100000000003774,1484,54
6.18416,0.00012100000000003774,1484,54
6.184281,0.00012100000000003774,1484,54
6.184401,0.00011999999999989797,1484,54
6.184463,6.199999999978445e-05,60,128
6.184644,0.00018099999999954264,1484,54
6.184694,5.000000000077165e-05,1414,128
6.18478,8.599999999958641e-05,1484,54
6.184907,0.00012699999999998823,1484,54
6.18498,7.300000000043383e-05,60,128
6.185033,5.2999999999414626e-05,1484,54
6.1851,6.700000000048334e-05,60,128
6.185159,5.8999999999365116e-05,1484,54
6.185159,0.0,60,241
6.185161,2.000000000279556e-06,60,127
6.185162,1.000000000139778e-06,60,127
6.185308,0.00014599999999997948,60,128
6.185878,0.0005699999999997374,60,40
6.186107,0.00022900000000003473,60,128
6.187814,0.0017070000000005692,296,54
6.187984,0.00016999999999978144,107,54
6.188654,0.0006699999999995043,86,52
6.188798,0.0001440000000005881,60,128
6.189028,0.0002300000000001745,1484,54
6.189174,0.00014599999999997948,1484,54
6.189342,0.00016799999999950188,1484,54
6.189468,0.00012599999999984846,1484,54
6.189593,0.00012500000000059686,1484,54
6.190292,0.0006990000000000052,60,128
6.1905660000000005,0.0002740000000001075,1484,54
6.190734,0.00016799999999950188,1484,54
6.190858,0.00012400000000045708,167,64
6.190957,9.899999999962716e-05,1484,54
6.190958,1.000000000139778e-06,167,128
6.191101,0.00014299999999956015,1484,54
6.191219,0.00011800000000050659,1007,128
6.191269,4.999999999988347e-05,1484,54
6.191338,6.899999999987472e-05,167,128
6.191387,4.899999999974369e-05,1484,54
6.191517,0.00013000000000040757,1484,54
6.191638,0.00012100000000003774,1484,54
6.191759,0.00012100000000003774,1484,54
6.191759,0.0,60,128
6.192007,0.000248000000000026,1484,54
6.192149,0.00014199999999942037,1484,54
6.192278,0.0001290000000002678,1484,54
6.192405,0.00012699999999998823,1484,54
6.192525,0.00011999999999989797,1484,54
6.192585,6.000000000039307e-05,60,128
6.192652,6.699999999959516e-05,1484,54
6.192776,0.00012400000000045708,1484,54
6.193028,0.0002519999999996969,1484,54
6.193029,1.000000000139778e-06,60,126
6.193294,0.00026499999999973767,106,255
6.193407,0.0001129999999998077,60,128
6.193476,6.90000000007629e-05,60,47
6.193672,0.00019599999999986295,66,55
6.194093,0.00042099999999933857,1484,54
6.194981,0.000888000000000666,60,128
6.195841,0.0008599999999994168,167,128
6.195936,9.499999999995623e-05,1484,54
6.196216,0.000280000000000058,1484,54
6.196217,1.000000000139778e-06,84,48
6.196357,0.000140000000000029,1484,54
6.196484,0.00012699999999998823,1484,54
6.196604,0.00011999999999989797,1484,54
6.196728,0.00012400000000045708,1484,54
6.196849,0.00012100000000003774,1484,54
6.196969,0.00011999999999989797,1484,54
6.197197,0.00022799999999989495,1484,54
6.197326,0.0001290000000002678,1484,54
6.197436,0.00010999999999938836,60,128
6.197436,0.0,1484,54
6.197568,0.00013200000000068712,1484,54
6.1976890000000004,0.00012100000000003774,1484,54
6.19781,0.00012099999999914957,1484,54
6.197935,0.00012500000000059686,1514,54
6.198044,0.00010900000000013677,67,64
6.198045,9.999999992515995e-07,1484,54
6.198158,0.00011300000000069588,66,128
6.198296,0.00013799999999974943,1484,54
6.198363,6.699999999959516e-05,60,128
6.198445,8.200000000080365e-05,1484,54
6.198585,0.0001399999999991408,1484,54
6.198708,0.0001230000000003173,1484,54
6.19883,0.00012200000000017752,1484,54
6.198951,0.00012100000000003774,1484,54
6.19922,0.0002690000000002968,60,128
6.199221,9.999999992515995e-07,1484,54
6.199374,0.00015300000000006975,1484,54
6.199495,0.00012100000000003774,1484,54
6.199615,0.00011999999999989797,1484,54
6.199744,0.0001290000000002678,1484,54
6.199869,0.00012499999999970868,1484,54
6.200083,0.0002140000000006026,60,128
6.200085,1.9999999993913775e-06,1484,54
6.200255,0.00017000000000066962,1484,54
6.200963,0.0007079999999994868,60,128
6.201268,0.0003049999999999997,167,128
6.201804,0.000536000000000314,167,51
6.202078,0.0002740000000001075,812,64
6.202153,7.49999999998252e-05,167,52
6.202234,8.09999999997757e-05,67,51
6.202568,0.00033400000000050056,1484,54
6.202788,0.0002199999999996649,1484,54
6.202921,0.00013299999999993872,1484,54
6.203128,0.00020700000000051233,1484,54
6.203264,0.00013599999999946988,1484,54
6.203387,0.0001230000000003173,1484,54
6.203504,0.00011699999999947863,66,128
6.203505,1.000000000139778e-06,1484,54
6.20359,8.500000000033481e-05,66,127
6.203731,0.00014100000000016877,1484,54
6.203846,0.00011500000000008725,60,128
6.203847,9.999999992515995e-07,60,128
6.203896,4.900000000063187e-05,1484,54
6.204015,0.00011899999999975819,1484,54
6.204016,1.000000000139778e-06,60,127
6.204144,0.000128000000000128,1484,54
6.204264,0.00011999999999989797,1484,54
6.20437,0.00010599999999971743,265,128
6.204371,1.000000000139778e-06,1484,54
6.204506,0.00013500000000021828,1484,54
6.2045069999999996,9.999999992515995e-07,265,127
6.204716,0.00020900000000079189,1484,54
6.204716,0.0,60,128
6.204858,0.00014199999999942037,1484,54
6.2049900000000004,0.00013200000000068712,1484,54
6.205115,0.00012499999999970868,1484,54
6.205238,0.00012299999999942912,1484,54
6.205361,0.0001230000000003173,1484,54
6.205481,0.00011999999999989797,1484,54
6.205586,0.00010500000000046583,60,128
6.205587,1.000000000139778e-06,1484,54
6.205844,0.0002569999999995076,1484,54
6.205982,0.00013799999999974943,1484,54
6.206105,0.0001230000000003173,167,128
6.206107,2.000000000279556e-06,1484,54
6.206238,0.00013099999999965917,1484,54
6.206359,0.00012100000000003774,1484,54
6.206422,6.299999999992423e-05,60,128
6.206481,5.9000000000253294e-05,1484,54
6.206605,0.0001239999999995689,1484,54
6.206865,0.00025999999999992696,1484,54
6.206993,0.000128000000000128,1484,54
6.207097,0.00010400000000032605,1514,64
6.207097,0.0,1484,54
6.207237,0.000140000000000029,1484,54
6.207362,0.00012499999999970868,1484,54
6.207474,0.0001120000000005561,724,64
6.207474,0.0,1484,54
6.207603,0.0001289999999993796,1484,54
6.207739,0.00013600000000035806,60,128
6.20774,1.000000000139778e-06,60,128
6.207844,0.00010399999999943788,1484,54
6.207977,0.00013299999999993872,1484,54
6.208278,0.0003010000000003288,1484,54
6.208442,0.00016399999999983095,1484,54
6.208574,0.00013199999999979894,1484,54
6.208638,6.4000000000064e-05,60,128
6.208639,1.000000000139778e-06,60,128
6.20864,1.000000000139778e-06,60,128
6.208688,4.8000000000492093e-05,60,127
6.208842,0.00015399999999932135,1484,54
6.208842,0.0,60,127
6.20897,0.000128000000000128,1484,54
6.209091,0.00012100000000003774,1484,54
6.209211,0.00011999999999989797,1484,54
6.209333,0.00012200000000017752,1484,54
6.209456,0.0001230000000003173,1484,54
6.209456,0.0,60,128
6.210683,0.0012270000000000891,60,128
6.210756,7.299999999954565e-05,1484,54
6.210877,0.00012100000000003774,1484,54
6.210999,0.00012200000000017752,1484,54
6.211138,0.0001389999999998892,1484,54
6.211239,0.00010099999999990672,1484,54
6.211377,0.00013799999999974943,1484,54
6.211482,0.00010500000000046583,66,128
6.211483,1.000000000139778e-06,66,128
6.211483,0.0,66,128
6.2114840000000004,1.000000000139778e-06,1484,54
6.211619,0.0001349999999993301,1484,54
6.21174,0.00012100000000003774,1484,54
6.211861,0.00012100000000003774,1484,54
6.211981,0.00011999999999989797,1484,54
6.212102,0.00012100000000003774,1484,54
6.212223,0.00012100000000003774,1484,54
6.212338,0.00011500000000008725,66,128
6.21234,2.000000000279556e-06,1484,54
6.21234,0.0,66,128
6.212341,1.000000000139778e-06,66,128
6.212342,9.999999992515995e-07,66,128
6.212343,1.000000000139778e-06,66,128
6.212343,0.0,66,128
6.212344,1.000000000139778e-06,66,128
6.212466,0.00012200000000017752,1484,54
6.212586,0.00011999999999989797,1484,54
6.212707,0.00012100000000003774,1484,54
6.212828,0.00012100000000003774,1484,54
6.212949,0.00012100000000003774,1484,54
6.21307,0.00012100000000003774,1484,54
6.21319,0.00011999999999989797,1484,54
6.21324,4.999999999988347e-05,66,128
6.213241,1.000000000139778e-06,66,128
6.213242,1.000000000139778e-06,66,128
6.213243,1.000000000139778e-06,66,128
6.2132439999999995,9.999999992515995e-07,66,128
6.213245,1.000000000139778e-06,66,128
6.213246,1.000000000139778e-06,66,128
6.213247,1.000000000139778e-06,66,128
6.21334,9.299999999967667e-05,1484,54
6.213445,0.00010500000000046583,1484,54
6.213566,0.00012100000000003774,1484,54
6.213687,0.00012100000000003774,1484,54
6.213808,0.00012100000000003774,1484,54
6.213929,0.00012100000000003774,1484,54
6.21405,0.00012100000000003774,1484,54
6.214171,0.00012100000000003774,1484,54
6.214242,7.09999999992661e-05,66,128
6.214243,1.000000000139778e-06,66,128
6.214244,1.000000000139778e-06,66,128
6.214245,1.000000000139778e-06,66,128
6.214246,1.000000000139778e-06,66,128
6.214247,1.000000000139778e-06,66,128
6.2142479999999995,9.999999992515995e-07,66,128
6.214291,4.300000000068138e-05,1484,54
6.214292,1.000000000139778e-06,66,128
6.214412,0.00011999999999989797,1484,54
6.2145340000000004,0.00012200000000017752,1484,54
6.214654,0.00011999999999989797,1484,54
6.214775,0.00012100000000003774,1484,54
6.214896,0.00012100000000003774,1484,54
6.215017,0.00012099999999914957,1484,54
6.215118,0.0001010000000007949,66,128
6.215119,9.999999992515995e-07,66,128
6.21512,1.000000000139778e-06,66,128
6.215121,1.000000000139778e-06,66,128
6.215122,1.000000000139778e-06,66,128
6.215123,1.000000000139778e-06,66,128
6.2151250000000005,2.000000000279556e-06,66,128
6.215236,0.00011099999999952814,1484,54
6.215389,0.00015300000000006975,1484,54
6.215601,0.00021200000000032304,1484,54
6.215722,0.00012100000000003774,1484,54
6.215722,0.0,167,128
6.215843,0.00012099999999914957,1484,54
6.215963,0.00012000000000078614,1484,54
6.215964,9.999999992515995e-07,66,128
6.215965,1.000000000139778e-06,66,128
6.215967,2.000000000279556e-06,66,128
6.215968,1.000000000139778e-06,66,128
6.215969,1.000000000139778e-06,66,128
6.216092,0.00012299999999942912,1484,54
6.216093,1.000000000139778e-06,60,55
6.216094,1.000000000139778e-06,66,54
6.216227,0.00013299999999993872,1484,54
6.216227,0.0,60,128
6.216347,0.00011999999999989797,1484,54
6.216471,0.00012400000000045708,1514,55
6.216529,5.8000000000113516e-05,703,54
6.216529,0.0,196,55
6.216585,5.599999999983396e-05,451,54
6.216708,0.00012299999999942912,1514,54
6.216805,9.700000000023579e-05,66,128
6.216806,1.000000000139778e-06,66,128
6.216807,1.000000000139778e-06,66,128
6.216808,1.000000000139778e-06,66,128
6.216854,4.599999999932436e-05,1514,54
6.216854,0.0,66,128
6.216855,1.000000000139778e-06,66,128
6.216856,1.000000000139778e-06,66,128
6.216954,9.800000000037556e-05,1514,54
6.216954,0.0,1045,128
6.217078,0.0001239999999995689,1514,54
6.217193,0.00011500000000008725,60,128
6.217194,1.000000000139778e-06,1514,54
6.217331,0.00013699999999960966,1514,54
6.217454,0.0001230000000003173,1514,54
6.217577,0.0001230000000003173,1514,54
6.217628,5.100000000002325e-05,590,54
6.217628,0.0,66,128
6.218015,0.0003869999999999152,1484,54
6.218015,0.0,60,128
6.218114,9.899999999962716e-05,60,128
6.21828,0.0001660000000001105,481,128
6.218575,0.0002950000000003783,60,128
6.218845,0.0002699999999995484,167,52
6.218959,0.00011399999999994748,60,128
6.219099,0.000140000000000029,1168,64
6.219495,0.000396000000000285,1168,64
6.219543,4.7999999999603915e-05,1168,64
6.219543,0.0,1370,64
6.219544,1.000000000139778e-06,1168,64
6.219736,0.00019200000000019202,1514,128
6.219786,4.999999999988347e-05,579,128
6.22073,0.0009439999999996118,60,128
6.220848,0.00011800000000050659,167,52
6.220943,9.499999999995623e-05,176,51
6.221863,0.0009199999999998099,1514,128
6.22191,4.7000000000352316e-05,582,128
6.2224260000000005,0.000516000000000183,167,128
6.223966,0.0015399999999994307,72,46
6.224496,0.0005300000000003635,167,52
6.225556,0.0010599999999998388,1280,64
6.225626,7.00000000000145e-05,66,128
6.225729,0.00010300000000018628,66,127
6.22573,1.000000000139778e-06,60,128
6.22657,0.0008399999999992858,60,128
6.226571,1.000000000139778e-06,60,127
6.226693,0.00012200000000017752,60,128
6.226965,0.00027199999999982793,265,128
6.227038,7.300000000043383e-05,265,127
6.2282,0.0011619999999998853,167,128
6.229236,0.0010360000000000369,60,128
6.229238,1.9999999993913775e-06,60,128
6.230437,0.0011990000000006162,66,43
6.230764,0.0003269999999995221,1484,52
6.230765,1.000000000139778e-06,66,43
6.230821,5.599999999983396e-05,167,128
6.231069,0.000248000000000026,60,128
6.231123,5.400000000044258e-05,60,127
6.231698,0.0005749999999995481,1085,55
6.231936,0.00023800000000040455,60,128
6.231938,2.000000000279556e-06,60,127
6.232003,6.49999999993156e-05,60,128
6.232005,2.000000000279556e-06,91,49
6.232006,1.000000000139778e-06,66,128
6.232006,0.0,60,127
6.232217,0.00021100000000018326,110,54
6.232303,8.599999999958641e-05,167,128
6.232465,0.00016200000000043957,110,54
6.233298,0.0008329999999991955,60,128
6.234024,0.0007260000000002265,66,128
6.23443,0.00040599999999990644,167,52
6.234717,0.00028700000000014825,167,128
6.235863,0.0011460000000003134,78,48
6.23606,0.00019700000000000273,60,241
6.236238,0.00017800000000001148,78,48
6.236881,0.0006430000000001712,1484,54
6.236997,0.00011599999999933885,1484,54
6.237212,0.00021500000000074238,1484,54
6.237327,0.00011499999999919908,66,128
6.237329,2.000000000279556e-06,1484,54
6.237493,0.00016399999999983095,1484,54
6.237493,0.0,66,43
6.237621,0.000128000000000128,1484,54
6.237742,0.00012100000000003774,1484,54
6.237864,0.00012200000000017752,1484,54
6.237983,0.00011899999999975819,1484,54
6.238083,9.999999999976694e-05,66,128
6.238084,1.000000000139778e-06,66,128
6.238085,1.000000000139778e-06,66,128
6.238087,2.000000000279556e-06,66,128
6.238087,0.0,1484,54
6.238088,1.000000000139778e-06,66,128
6.238225,0.00013699999999960966,1484,54
6.238346,0.00012100000000003774,1484,54
6.238467,0.00012100000000003774,1484,54
6.238588,0.00012100000000003774,1484,54
6.238709,0.00012100000000003774,1484,54
6.23883,0.00012100000000003774,1484,54
6.23883,0.0,66,128
6.238832,2.000000000279556e-06,365,241
6.238832,0.0,66,128
6.238833,9.999999992515995e-07,66,128
6.238878,4.500000000007276e-05,167,52
6.238879,1.000000000139778e-06,66,128
6.23888,1.000000000139778e-06,66,128
6.238881,1.000000000139778e-06,66,128
6.239221,0.0003399999999995629,60,128
6.239644,0.0004230000000005063,66,128
6.239646,1.9999999993913775e-06,66,128
6.239648,2.000000000279556e-06,66,128
6.239648,0.0,66,128
6.239971,0.0003229999999998512,167,128
6.240162,0.00019100000000005224,440,64
6.240763,0.0006010000000005178,67,51
6.242774,0.002010999999999541,66,128
6.242841,6.700000000048334e-05,66,127
6.243499,0.0006579999999996033,66,128
6.24356,6.100000000053285e-05,66,127
6.244046,0.00048599999999954235,60,128
6.244047,1.000000000139778e-06,60,127
6.244453,0.00040599999999990644,265,128
6.244524,7.100000000015427e-05,265,127
6.245902,0.0013779999999998793,579,128
6.246071,0.00016899999999964166,155,128
6.246072,1.000000000139778e-06,155,128
6.24619,0.00011800000000050659,167,128
6.247512,0.0013220000000000454,777,48
6.247622,0.00010999999999938836,60,64
6.24794,0.00031800000000004047,575,128
6.247992,5.200000000016303e-05,568,128
6.248519,0.0005269999999999442,60,128
6.24852,1.000000000139778e-06,60,127
6.248938,0.0004179999999998074,167,52
6.249337,0.00039899999999981617,60,128
6.249338,1.000000000139778e-06,60,127
6.249394,5.599999999983396e-05,60,128
6.249395,1.000000000139778e-06,60,127
6.249792,0.0003970000000004248,599,241
6.249792,0.0,167,52
6.250629,0.0008369999999997546,66,128
6.250693,6.4000000000064e-05,66,127
6.251083,0.0003900000000003345,60,128
6.251084,9.999999992515995e-07,60,127
6.251262,0.00017800000000001148,60,64
6.251542,0.000280000000000058,265,128
6.251615,7.300000000043383e-05,265,127
6.253618,0.002003000000000199,60,54
6.254593,0.000974999999999504,167,48
6.255369,0.0007760000000001099,60,128
6.255538,0.00016899999999964166,60,128
6.255538,0.0,60,127
6.255636,9.800000000037556e-05,74,64
6.256348,0.0007120000000000459,60,128
6.256349,1.000000000139778e-06,167,128
6.256351,2.000000000279556e-06,60,127
6.256429,7.799999999935636e-05,60,128
6.25643,1.000000000139778e-06,60,127
6.256626,0.00019599999999986295,1514,241
6.257343,0.0007169999999998566,60,128
6.257497,0.00015400000000020952,66,128
6.257634,0.00013700000000049783,1514,241
6.257635,9.999999992515995e-07,66,127
6.257894,0.00025900000000067536,167,51
6.258107,0.00021299999999957464,60,128
6.258107,0.0,60,127
6.258324,0.00021700000000013375,95,128
6.258597,0.0002729999999999677,265,128
6.258681,8.400000000019503e-05,1514,241
6.258681,0.0,60,55
6.258682,1.000000000139778e-06,265,127
6.25927,0.0005879999999995889,167,52
6.2594,0.00013000000000040757,91,51
6.259585,0.00018500000000010175,60,128
6.260702,0.0011169999999998126,91,50
6.260803,0.00010099999999990672,67,51
6.261225,0.00042199999999947835,66,128
6.261746,0.0005209999999999937,66,55
6.262013,0.0002670000000000172,91,51
6.262086,7.300000000043383e-05,66,128
6.2621459999999995,5.9999999999504894e-05,66,41
6.26222,7.400000000057361e-05,67,64
6.262672,0.000452000000000119,60,128
6.262673,1.000000000139778e-06,60,127
6.262795,0.00012199999999928934,60,128
6.262796,1.000000000139778e-06,60,127
6.265102,0.0023059999999999192,66,128
6.265172,7.00000000000145e-05,66,127
6.265307,0.00013500000000021828,437,55
6.26592,0.0006130000000004188,66,128
6.266036,0.00011599999999933885,60,128
6.266038,2.000000000279556e-06,60,127
6.266413,0.0003750000000000142,265,128
6.266485,7.200000000029405e-05,265,127
6.269824,0.0033389999999995368,60,51
6.270432,0.0006079999999997199,60,128
6.270434,2.000000000279556e-06,60,128
6.270434,0.0,60,127
6.270498,6.4000000000064e-05,60,127
6.270991,0.0004930000000005208,805,55
6.271059,6.799999999973494e-05,60,51
6.273067,0.0020080000000000098,115,54
6.273166,9.899999999962716e-05,73,64
6.273167,1.000000000139778e-06,95,54
6.273308,0.00014100000000016877,60,54
6.273868,0.000560000000000116,60,128
6.274263,0.00039500000000014523,1207,54
6.274264,9.999999992515995e-07,78,48
6.274364,0.00010000000000065512,78,48
6.274544,0.00017999999999940286,60,128
6.275061,0.0005170000000003228,167,46
6.276181,0.001120000000000232,167,128
6.2767,0.0005189999999997141,1514,54
6.277117,0.00041699999999966764,66,128
6.279885,0.002768000000000548,60,237
6.280083,0.0001980000000001425,60,128
6.280436,0.00035299999999960363,1514,55
6.280627,0.00019100000000005224,1514,55
6.280931,0.00030399999999985994,271,51
6.28136,0.0004290000000004568,1514,55
6.281492,0.00013199999999979894,1514,55
6.281614,0.00012200000000017752,1514,55
6.281738,0.0001239999999995689,1514,55
6.281862,0.00012400000000045708,1514,55
6.282215,0.00035299999999960363,60,128
6.282398,0.0001829999999998222,1514,55
6.282527,0.0001290000000002678,1514,55
6.282686,0.00015900000000002024,1514,55
6.282823,0.00013699999999960966,1514,55
6.282881,5.8000000000113516e-05,707,55
6.282882,1.000000000139778e-06,60,45
6.283644,0.0007619999999999294,60,128
6.284452,0.0008080000000001419,60,54
6.284742,0.0002899999999996794,60,128
6.285804,0.0010620000000001184,1514,54
6.285805,1.000000000139778e-06,300,54
6.285858,5.3000000000302805e-05,60,54
6.286107,0.00024900000000016576,66,128
6.286201,9.399999999981645e-05,1304,54
6.286388,0.00018699999999949313,60,128
6.287159,0.0007710000000002992,60,128
6.28716,1.000000000139778e-06,60,127
6.287778,0.0006180000000002295,1514,128
6.287827,4.899999999974369e-05,582,128
6.288776,0.0009490000000003107,1514,128
6.288825,4.899999999974369e-05,582,128
6.289674,0.0008489999999996556,60,128
6.290917,0.0012430000000005492,167,128
6.291342,0.0004249999999998977,167,128
6.2919,0.0005579999999998364,60,54
6.292864,0.0009639999999997428,60,126
6.293124,0.00025999999999992696,106,255
6.2936250000000005,0.0005010000000007508,167,46
6.294634,0.0010089999999998156,1168,64
6.295113,0.0004789999999994521,1136,64
6.295248,0.00013500000000021828,60,45
6.295816,0.000568000000000346,167,128
6.297867,0.002050999999999803,60,128
6.298353,0.00048599999999954235,167,51
6.298914,0.0005610000000002557,167,64
6.299903,0.0009889999999996846,167,52
6.301261,0.0013580000000006365,167,128
6.301698,0.00043699999999979866,279,51
6.302806,0.001108000000000331,167,51
6.304424,0.0016179999999996753,1414,241
6.304569,0.0001449999999998397,265,128
6.304641,7.200000000029405e-05,265,127
6.3047699999999995,0.0001289999999993796,1414,241
6.3047699999999995,0.0,96,241
6.305028,0.0002580000000005356,1414,241
6.305028,0.0,312,241
6.305191,0.00016299999999969117,155,128
6.305192,1.000000000139778e-06,155,128
6.305723,0.0005310000000005033,60,128
6.306092,0.00036899999999917554,167,128
6.306456,0.000364000000000253,1514,54
6.306846,0.0003900000000003345,66,128
6.307202,0.00035600000000002296,66,54
6.307348,0.00014599999999997948,60,128
6.308147,0.0007989999999997721,1392,128
6.309402,0.0012550000000004502,1514,54
6.309802,0.00039999999999995595,66,128
6.310948,0.0011459999999994253,91,128
6.312048,0.001100000000000101,1514,55
6.313039,0.0009909999999999641,1514,55
6.313259,0.0002200000000005531,1514,55
6.31339,0.00013099999999965917,1514,55
6.313582,0.00019200000000019202,60,128
6.313938,0.00035600000000002296,91,128
6.31412,0.00018199999999968242,1514,54
6.31425,0.00013000000000040757,1514,55
6.314388,0.00013799999999974943,1514,55
6.314512,0.0001239999999995689,1514,55
6.314635,0.0001230000000003173,1514,55
6.3147590000000005,0.00012400000000045708,1514,55
6.31492,0.00016099999999941161,1514,55
6.314921,1.000000000139778e-06,60,128
6.315043,0.00012200000000017752,1514,55
6.315287,0.00024399999999946687,1514,55
6.315697,0.00041000000000046555,60,50
6.315699,2.000000000279556e-06,167,128
6.315824,0.00012499999999970868,66,128
6.315826,2.000000000279556e-06,60,128
6.315827,9.999999992515995e-07,60,128
6.31594,0.00011300000000069588,60,114
6.316124,0.00018399999999996197,74,51
6.316229,0.00010499999999957765,66,64
6.316386,0.00015699999999974068,60,128
6.316387,1.000000000139778e-06,60,127
6.316525,0.0001380000000006376,67,64
6.316769,0.00024399999999946687,60,128
6.31677,1.000000000139778e-06,60,127
6.316771,1.000000000139778e-06,60,128
6.316842,7.100000000015427e-05,60,127
6.316959,0.00011699999999947863,461,64
6.31696,1.000000000139778e-06,167,48
6.317654,0.0006940000000001945,60,128
6.317867,0.00021299999999957464,555,128
6.31792,5.3000000000302805e-05,571,128
6.318117,0.00019700000000000273,60,128
6.318944,0.0008270000000001332,167,52
6.318946,2.000000000279556e-06,91,128
6.319212,0.00026599999999987745,407,43
6.320226,0.0010139999999996263,66,64
6.320517,0.0002909999999998192,167,52
6.32067,0.00015300000000006975,67,51
6.323163,0.0024930000000003005,167,128
6.323931,0.0007679999999998799,1248,128
6.32427,0.0003390000000003113,60,128
6.324371,0.00010099999999990672,167,52
6.324425,5.3999999999554404e-05,60,54
6.325071,0.0006460000000005905,91,128
6.325145,7.399999999968543e-05,60,128
6.325876,0.0007310000000000372,60,128
6.327267,0.00139099999999992,167,128
6.327269,2.000000000279556e-06,60,128
6.328322,0.0010529999999997486,167,128
6.330286,0.001964000000000077,183,52
6.330457,0.00017099999999992122,60,243
6.330584,0.00012699999999998823,60,51
6.330708,0.0001239999999995689,60,51
6.330886,0.00017800000000001148,66,64
6.331864,0.0009780000000008116,60,128
6.331866,1.9999999993913775e-06,60,128
6.33213,0.00026400000000048607,60,46
6.332335,0.0002049999999993446,60,128
6.332336,1.000000000139778e-06,167,128
6.3331859999999995,0.0008499999999997954,171,51
6.333849,0.0006630000000003022,60,128
6.334239,0.0003900000000003345,171,51
6.3342410000000005,2.000000000279556e-06,167,52
6.334444,0.00020299999999995322,171,51
6.33469,0.0002459999999997464,167,128
6.33486,0.00016999999999978144,60,128
6.336421,0.0015609999999997015,60,54
6.33746,0.0010390000000004562,60,54
6.337944,0.000484000000000151,1514,54
6.337994,4.999999999988347e-05,349,54
6.337994,0.0,67,64
6.338486,0.0004919999999994928,60,128
6.338804,0.00031800000000004047,167,52
6.3397310000000004,0.0009270000000007883,1514,54
6.339987,0.00025599999999936784,167,128
6.340176,0.00018899999999977268,1514,128
6.340226,5.000000000077165e-05,582,128
6.340752,0.0005259999999998044,1514,54
6.340999,0.0002469999999998862,1514,54
6.341,1.000000000139778e-06,67,51
6.34175,0.0007500000000000284,60,128
6.341882,0.00013199999999979894,60,128
6.341931,4.899999999974369e-05,1514,54
6.342057,0.00012599999999984846,1514,54
6.342143,8.600000000047459e-05,1047,54
6.342143,0.0,117,127
6.342235,9.19999999995369e-05,117,127
6.342688,0.00045300000000025875,60,128
6.344065,0.0013769999999997395,1280,128
6.344067,2.000000000279556e-06,66,128
6.3441089999999996,4.1999999999653426e-05,542,54
6.344232,0.0001230000000003173,66,127
6.344985,0.0007530000000004478,60,128
6.344987,1.9999999993913775e-06,60,127
6.345371,0.00038400000000038403,265,128
6.345442,7.100000000015427e-05,265,127
6.345619,0.0001769999999998717,123,64
6.346257,0.0006379999999994723,585,128
6.346358,0.0001010000000007949,167,128
6.346606,0.000248000000000026,1514,55
6.347679,0.0010729999999998796,1514,55
6.347901,0.00022199999999994446,1514,55
6.348043,0.00014199999999942037,1514,55
6.34827,0.00022700000000064335,60,128
6.348319,4.899999999974369e-05,1414,241
6.34832,1.000000000139778e-06,431,241
6.348827,0.0005069999999998132,1514,55
6.348982,0.0001550000000003493,1514,55
6.349112,0.0001299999999995194,1514,55
6.349166,5.400000000044258e-05,596,55
6.349358,0.00019199999999930384,60,128
6.349477,0.00011900000000064637,60,128
6.349479,1.9999999993913775e-06,60,128
6.34948,1.000000000139778e-06,60,127
6.349581,0.00010099999999990672,60,128
6.349582,1.000000000139778e-06,60,127
6.349939,0.00035700000000016274,1514,55
6.35001,7.100000000015427e-05,876,55
6.350011,1.000000000139778e-06,167,52
6.3500119999999995,9.999999992515995e-07,167,52
6.350222,0.00021000000000004349,1514,55
6.350364,0.00014200000000030855,1514,55
6.350491,0.00012699999999998823,1514,55
6.350746,0.00025500000000011624,60,128
6.351266,0.0005199999999998539,611,128
6.351446,0.00018000000000029104,1514,55
6.351581,0.00013500000000021828,1514,55
6.351707,0.00012599999999984846,1514,55
6.351969,0.0002620000000002065,1514,55
6.352107,0.00013799999999974943,1514,55
6.35223,0.00012299999999942912,1514,55
6.352353,0.0001230000000003173,1514,55
6.352477,0.00012400000000045708,1514,55
6.352881,0.0004039999999996269,91,51
6.353184,0.00030299999999972016,60,128
6.353185,1.000000000139778e-06,60,128
6.353615,0.0004299999999997084,167,48
6.35383,0.00021500000000074238,66,45
6.354377,0.0005470000000000752,283,128
6.355147,0.0007699999999992713,1514,241
6.355148,1.000000000139778e-06,89,241
6.355151,3.000000000419334e-06,117,127
6.35589,0.000738999999999379,117,127
6.356239,0.0003490000000008209,481,128
6.356239,0.0,60,128
6.356343,0.00010399999999943788,167,128
6.356827,0.000484000000000151,60,128
6.356993,0.0001660000000001105,91,50
6.357252,0.0002589999999997872,482,128
6.357302,4.999999999988347e-05,481,128
6.35756,0.0002580000000005356,60,128
6.357754,0.0001939999999995834,1414,128
6.357846,9.200000000042508e-05,167,51
6.358556,0.0007099999999997664,91,51
6.359792,0.0012359999999995708,1514,54
6.359914,0.00012200000000017752,1514,54
6.360219,0.0003049999999999997,1514,54
6.360421,0.00020199999999981344,1514,54
6.360677,0.000256000000000256,129,64
6.360679,2.000000000279556e-06,123,64
6.360867,0.0001879999999996329,1514,54
6.360991,0.00012400000000045708,1514,54
6.361056,6.49999999993156e-05,60,128
6.36113,7.400000000057361e-05,1168,64
6.361181,5.100000000002325e-05,1514,54
6.361296,0.00011500000000008725,1514,54
6.361491,0.00019499999999972317,1168,64
6.361491,0.0,217,64
6.361572,8.09999999997757e-05,1514,54
6.361701,0.0001290000000002678,1514,54
6.361825,0.0001239999999995689,1514,54
6.361897,7.200000000029405e-05,60,128
6.36195,5.3000000000302805e-05,1514,54
6.362235,0.0002849999999998687,1514,54
6.362362,0.00012699999999998823,1514,54
6.362362,0.0,167,52
6.362452,9.000000000014552e-05,284,51
6.362723,0.00027099999999968816,60,128
6.363521,0.0007980000000005205,129,64
6.367914,0.004392999999999425,155,128
6.368237,0.0003229999999998512,60,55
6.369285,0.0010479999999999379,395,43
6.369415,0.00013000000000040757,60,55
6.369523,0.00010799999999999699,60,128
6.370504,0.0009810000000003427,1514,55
6.370708,0.00020399999999920482,1514,55
6.370832,0.00012400000000045708,1514,55
6.371176,0.000344000000000122,60,128
6.371177,1.000000000139778e-06,60,128
6.371232,5.499999999969418e-05,60,128
6.371233,1.000000000139778e-06,60,128
6.371234,1.000000000139778e-06,60,128
6.371362,0.000128000000000128,957,55
6.371448,8.599999999958641e-05,60,128
6.372211,0.0007630000000000692,66,52
6.372375,0.00016399999999983095,60,128
6.373088,0.0007130000000001857,986,128
6.373089,1.000000000139778e-06,147,128
6.374538,0.0014490000000000336,60,43
6.3748059999999995,0.0002679999999992688,167,46
6.375185,0.0003790000000005733,60,55
6.376256,0.0010709999999996,167,128
6.376483,0.00022700000000064335,1514,55
6.376607,0.0001239999999995689,1514,55
6.37751,0.0009030000000000982,1514,55
6.378182,0.0006719999999997839,60,128
6.378552,0.0003700000000002035,66,128
6.378613,6.099999999964467e-05,66,127
6.37945,0.0008370000000006428,60,128
6.379452,1.9999999993913775e-06,60,127
6.379832,0.0003800000000007131,265,128
6.379906,7.399999999968543e-05,265,127
6.380409,0.0005030000000001422,1514,55
6.380607,0.0001980000000001425,1514,55
6.380889,0.00028199999999944936,1514,55
6.38089,1.000000000139778e-06,355,55
6.38089,0.0,74,51
6.381155,0.00026499999999973767,1514,55
6.381284,0.0001290000000002678,1514,55
6.381411,0.00012699999999998823,1514,55
6.3815,8.900000000000574e-05,73,64
6.381759,0.0002589999999997872,1514,55
6.381759,0.0,66,51
6.381761,2.000000000279556e-06,60,55
6.381885,0.0001239999999995689,60,128
6.381939,5.400000000044258e-05,60,55
6.382042,0.00010300000000018628,60,55
6.382857,0.000814999999999344,578,128
6.382979,0.00012200000000017752,60,55
6.383087,0.00010799999999999699,60,55
6.383307,0.0002200000000005531,60,55
6.383513,0.00020599999999948437,60,128
6.383514,1.000000000139778e-06,60,128
6.383515,1.000000000139778e-06,60,128
6.383713,0.0001980000000001425,1514,55
6.383842,0.0001289999999993796,60,128
6.383914,7.200000000029405e-05,60,128
6.383915,1.000000000139778e-06,60,127
6.384021,0.00010599999999971743,60,128
6.384071,4.999999999988347e-05,60,127
6.384072,1.000000000139778e-06,60,128
6.384161,8.900000000000574e-05,1100,55
6.384162,1.000000000139778e-06,60,127
6.38434,0.00017800000000001148,1514,55
6.38563,0.0012900000000000134,1514,55
6.385631,1.000000000139778e-06,81,55
6.385695,6.4000000000064e-05,60,128
6.385787,9.19999999995369e-05,201,55
6.386198,0.0004110000000006053,1414,241
6.386341,0.00014299999999956015,1414,241
6.386476,0.00013500000000021828,1414,241
6.386477,1.000000000139778e-06,60,243
6.386575,9.799999999948739e-05,60,241
6.386741,0.0001660000000001105,60,128
6.386742,1.000000000139778e-06,60,128
6.387272,0.0005300000000003635,348,241
6.387622,0.0003500000000000725,1514,55
6.387701,7.899999999949614e-05,60,128
6.387845,0.0001440000000005881,1514,55
6.38798,0.0001349999999993301,1514,55
6.388204,0.00022400000000022402,1514,55
6.388352,0.00014800000000025904,1514,55
6.38848,0.000128000000000128,1514,55
6.3893889999999995,0.0009089999999991605,1514,55
6.389524,0.00013500000000021828,1514,55
6.389729,0.00020500000000023277,1514,55
6.389731,2.000000000279556e-06,60,126
6.389944,0.00021299999999957464,395,43
6.390042,9.800000000037556e-05,106,255
6.390538,0.000496000000000052,66,55
6.390655,0.00011699999999947863,66,55
6.3908380000000005,0.00018300000000071037,60,54
6.390937,9.899999999962716e-05,167,128
6.390939,2.000000000279556e-06,66,54
6.391349,0.00040999999999957737,167,128
6.39135,1.000000000139778e-06,1514,54
6.39135,0.0,60,128
6.391407,5.699999999997374e-05,543,54
6.391624,0.00021700000000013375,60,54
6.3918099999999995,0.00018599999999935335,60,243
6.391955,0.00014500000000072788,481,128
6.392055,9.999999999976694e-05,676,51
6.392056,1.000000000139778e-06,66,51
6.392142,8.599999999958641e-05,66,64
6.392347,0.00020500000000023277,60,128
6.392601,0.00025399999999997647,466,128
6.392601,0.0,60,128
6.392603,2.000000000279556e-06,67,64
6.392738,0.0001349999999993301,235,243
6.393428,0.0006900000000005235,66,64
6.393721,0.00029300000000009874,167,46
6.393822,0.00010099999999990672,60,243
6.394669,0.0008470000000002642,283,128
6.395822,0.0011529999999995155,167,128
6.396577,0.0007549999999998391,167,64
6.397798,0.0012210000000001386,167,51
6.398137,0.0003390000000003113,66,128
6.398599,0.0004619999999997404,89,116
6.398751,0.00015199999999992997,66,128
6.398942,0.00019100000000005224,66,128
6.399527,0.0005850000000000577,167,52
6.399989,0.0004619999999997404,1017,128
6.400878,0.0008889999999999176,300,51
6.401261,0.00038300000000024426,167,128
6.403452,0.002190999999999832,167,51
6.404056,0.0006040000000000489,1514,128
6.404179,0.0001230000000003173,1514,128
6.404302,0.0001230000000003173,1514,128
6.404812,0.0005099999999993443,155,128
6.404904,9.200000000042508e-05,155,128
6.405248,0.000344000000000122,1484,52
6.405571,0.0003229999999998512,66,128
6.406076,0.0005049999999995336,167,128
6.407412,0.001336000000000226,66,128
6.4074729999999995,6.099999999964467e-05,66,127
6.408318,0.0008450000000008728,60,128
6.40832,1.9999999993913775e-06,60,127
6.40878,0.000460000000000349,1414,242
6.409727,0.0009470000000000312,1414,242
6.409842,0.00011500000000008725,1414,242
6.410119,0.00027699999999963865,60,128
6.412183,0.0020639999999998437,1514,54
6.412593,0.00041000000000046555,60,128
6.412836,0.00024300000000021527,1514,54
6.413537,0.0007009999999993966,1514,54
6.41383,0.00029300000000009874,67,64
6.413889,5.9000000000253294e-05,1514,54
6.414105,0.00021599999999999397,1084,54
6.414359,0.00025399999999997647,60,128
6.41454,0.00018099999999954264,1514,55
6.414828,0.000288000000000288,450,64
6.414828,0.0,78,48
6.41491,8.199999999991547e-05,78,48
6.415608,0.0006979999999998654,1514,55
6.4157399999999996,0.00013199999999979894,167,128
6.415857,0.00011700000000036681,1514,55
6.416,0.00014300000000044832,1514,55
6.416126,0.00012599999999984846,1514,55
6.417305,0.001178999999999597,60,128
6.417388,8.300000000005525e-05,60,55
6.41759,0.00020199999999981344,167,48
6.418079,0.0004889999999999617,60,128
6.4181799999999996,0.00010099999999990672,265,128
6.418251,7.100000000015427e-05,265,127
6.4184280000000005,0.00017700000000075988,60,55
6.418657,0.00022899999999914655,1414,128
6.418658,1.000000000139778e-06,1095,128
6.419192,0.0005340000000000344,167,52
6.420486,0.0012940000000005725,1514,55
6.421503,0.0010170000000000456,1514,55
6.421504,9.999999992515995e-07,117,54
6.42163,0.00012600000000073663,1404,54
6.421755,0.00012499999999970868,1514,55
6.421879,0.0001239999999995689,1514,55
6.421993,0.00011399999999994748,1404,54
6.422108,0.00011500000000008725,1404,54
6.422222,0.00011399999999994748,1404,54
6.422344,0.00012200000000017752,60,128
6.422346,2.000000000279556e-06,1514,55
6.422346,0.0,60,128
6.422468,0.00012200000000017752,1514,55
6.422468,0.0,60,127
6.42247,1.9999999993913775e-06,60,127
6.422597,0.00012699999999998823,1404,54
6.422598,1.000000000139778e-06,60,128
6.422652,5.400000000044258e-05,91,128
6.422712,5.9999999999504894e-05,1404,54
6.422826,0.00011399999999994748,1404,54
6.422918,9.200000000042508e-05,60,128
6.42292,2.000000000279556e-06,1404,54
6.422967,4.699999999946414e-05,91,128
6.423055,8.799999999986596e-05,1404,54
6.423178,0.0001230000000003173,1514,55
6.423179,1.000000000139778e-06,91,128
6.423245,6.599999999945538e-05,167,128
6.423303,5.8000000000113516e-05,1514,55
6.423416,0.0001129999999998077,1404,54
6.423417,1.000000000139778e-06,91,128
6.423466,4.900000000063187e-05,60,128
6.423539,7.299999999954565e-05,1514,55
6.423744,0.00020500000000023277,1514,55
6.423858,0.00011399999999994748,1404,54
6.423982,0.0001239999999995689,1514,55
6.423983,1.000000000139778e-06,60,243
6.424103,0.00011999999999989797,1404,54
6.424218,0.00011500000000008725,1404,54
6.424311,9.300000000056485e-05,60,128
6.424313,1.9999999993913775e-06,60,128
6.424314,1.000000000139778e-06,1404,54
6.424446,0.00013199999999979894,1404,54
6.424497,5.100000000002325e-05,497,54
6.424497,0.0,167,52
6.424499,2.000000000279556e-06,67,51
6.4245,1.000000000139778e-06,251,243
6.424552,5.200000000016303e-05,167,52
6.424836,0.0002839999999997289,60,45
6.425009,0.00017300000000020077,60,128
6.4251190000000005,0.00011000000000027654,60,128
6.425864,0.0007449999999993295,66,128
6.425944,8.00000000005241e-05,66,127
6.425946,1.9999999993913775e-06,60,61
6.426028,8.199999999991547e-05,66,243
6.426148,0.00012000000000078614,60,61
6.426233,8.499999999944663e-05,60,128
6.42646,0.00022699999999975518,60,128
6.42652,6.000000000039307e-05,60,128
6.426826,0.0003060000000001395,60,128
6.426827,1.000000000139778e-06,60,127
6.42692,9.299999999967667e-05,60,235
6.42723,0.00030999999999981043,265,128
6.427305,7.49999999998252e-05,265,127
6.427631,0.0003260000000002705,1434,128
6.427692,6.100000000053285e-05,822,128
6.428213,0.0005209999999999937,167,128
6.430451,0.002237999999999296,74,64
6.431243,0.00079200000000057,60,128
6.431245,1.9999999993913775e-06,60,128
6.431246,1.000000000139778e-06,60,127
6.431311,6.500000000020378e-05,60,127
6.432345,0.0010339999999997573,167,128
6.432347,2.000000000279556e-06,66,128
6.432418,7.100000000015427e-05,66,127
6.432562,0.00014399999999969992,78,48
6.432563,1.000000000139778e-06,78,48
6.432632,6.899999999987472e-05,78,48
6.433238,0.0006060000000003285,60,128
6.433239,1.000000000139778e-06,60,127
6.434681,0.0014419999999999433,167,128
6.434758,7.700000000010476e-05,167,52
6.43569,0.0009319999999997108,1168,64
6.436056,0.0003659999999996444,1048,64
6.437905,0.0018489999999999895,60,128
6.439961,0.002056000000000502,167,128
6.441253,0.0012919999999994047,85,128
6.441334,8.100000000066387e-05,1216,128
6.441638,0.00030399999999985994,60,128
6.441858,0.0002199999999996649,167,52
6.442037,0.00017900000000015126,62,128
6.443573,0.0015359999999997598,265,128
6.443646,7.300000000043383e-05,265,127
6.443791,0.0001449999999998397,67,51
6.446375,0.0025839999999996976,167,128
6.447675,0.001300000000000523,60,128
6.447676,1.000000000139778e-06,60,127
6.4485,0.0008239999999997139,60,128
6.448501,1.000000000139778e-06,60,127
6.448561,5.9999999999504894e-05,60,128
6.448562,1.000000000139778e-06,60,127
6.448766,0.000204000000000093,167,52
6.449654,0.0008879999999997779,1414,242
6.449977,0.0003229999999998512,1414,242
6.450039,6.200000000067263e-05,60,128
6.450274,0.00023499999999998522,1414,242
6.450983,0.0007089999999996266,60,128
6.451558,0.0005750000000004363,167,52
6.452013,0.00045499999999965013,715,128
6.452442,0.0004289999999995686,64,128
6.452574,0.00013200000000068712,167,128
6.453339,0.0007649999999994606,91,128
6.453793,0.00045400000000039853,167,48
6.456379,0.002585999999999977,167,128
6.456583,0.000204000000000093,1168,64
6.456921,0.0003380000000001715,817,64
6.457352,0.00043099999999984817,66,128
6.457415,6.299999999992423e-05,66,127
6.457715,0.000300000000000189,60,128
6.457716,9.999999992515995e-07,60,127
6.458082,0.00036600000000053257,265,128
6.458156,7.399999999968543e-05,265,127
6.45822,6.4000000000064e-05,60,128
6.45828,6.000000000039307e-05,167,51
6.458287,7.000000000090267e-06,476,64
6.459497,0.0012099999999994893,60,128
6.459499,2.000000000279556e-06,60,128
6.459728,0.00022900000000003473,167,52
6.460907,0.001178999999999597,67,51
6.461157,0.00025000000000030553,60,128
6.462026,0.0008689999999997866,60,128
6.462027,1.000000000139778e-06,60,127
6.462242,0.0002149999999998542,159,128
6.462322,8.00000000005241e-05,60,128
6.462323,9.999999992515995e-07,60,127
6.462324,1.000000000139778e-06,60,128
6.462372,4.8000000000492093e-05,60,127
6.465806,0.003433999999999493,66,128
6.465869,6.299999999992423e-05,66,127
6.466094,0.0002250000000003638,60,128
6.466095,1.000000000139778e-06,60,127
6.4663070000000005,0.00021200000000032304,265,128
6.466379,7.199999999940587e-05,265,127
6.470185,0.003805999999999976,91,128
6.470288,0.00010300000000018628,91,128
6.47029,2.000000000279556e-06,60,128
6.4703479999999995,5.799999999922534e-05,60,127
6.47035,2.000000000279556e-06,91,128
6.470549,0.00019900000000028228,60,128
6.470551,2.000000000279556e-06,60,127
6.470553,1.9999999993913775e-06,60,128
6.470599,4.600000000021254e-05,60,127
6.472177,0.0015780000000003014,60,128
6.475138,0.0029609999999999914,167,46
6.476274,0.0011359999999998038,167,128
6.477827,0.0015529999999994715,60,128
6.478579,0.000752000000000308,73,64
6.480948,0.0023689999999998435,76,51
6.482363,0.0014150000000006102,66,128
6.482427,6.4000000000064e-05,66,127
6.482741,0.00031399999999948136,60,128
6.482743,2.000000000279556e-06,60,127
6.483592,0.0008489999999996556,712,54
6.483593,1.000000000139778e-06,97,54
6.483984,0.0003910000000004743,60,128
6.487617,0.0036329999999997753,980,54
6.488473,0.0008559999999997459,66,128
6.488894,0.00042100000000022675,66,128
6.489132,0.00023799999999951638,630,48
6.489269,0.00013700000000049783,60,64
6.490079,0.0008099999999995333,1514,128
6.490968,0.0008889999999999176,167,128
6.491121,0.00015300000000006975,66,128
6.491287,0.0001660000000001105,167,128
6.492475,0.0011879999999999669,265,128
6.492547,7.200000000029405e-05,265,127
6.493254,0.0007070000000002352,167,64
6.493446,0.00019199999999930384,1414,241
6.493447,1.000000000139778e-06,277,241
6.493535,8.799999999986596e-05,60,51
6.49366,0.00012500000000059686,60,51
6.493982,0.0003219999999997114,60,128
6.494163,0.00018100000000043082,1514,55
6.494163,0.0,167,46
6.494165,1.9999999993913775e-06,60,54
6.494309,0.0001440000000005881,1514,55
6.494432,0.00012299999999942912,1514,55
6.494627,0.00019500000000061135,1514,55
6.494677,4.999999999988347e-05,581,128
6.494769,9.19999999995369e-05,1514,55
6.4949069999999995,0.00013799999999974943,1514,55
6.495029,0.00012200000000017752,1514,55
6.49515,0.00012100000000003774,1484,52
6.49527,0.00011999999999989797,1484,52
6.495392,0.00012200000000017752,1484,52
6.495513,0.00012100000000003774,1484,52
6.495687,0.00017400000000034055,1484,52
6.495811,0.0001239999999995689,1484,52
6.495868,5.699999999997374e-05,167,128
6.495932,6.4000000000064e-05,1484,52
6.496055,0.0001230000000003173,1484,52
6.496176,0.00012100000000003774,1484,52
6.496297,0.00012100000000003774,1484,52
6.496297,0.0,89,51
6.496298,1.000000000139778e-06,89,47
6.496491,0.00019299999999944362,66,128
6.496585,9.399999999981645e-05,66,128
6.496653,6.800000000062312e-05,60,128
6.496655,1.9999999993913775e-06,60,128
6.496714,5.9000000000253294e-05,60,128
6.496766,5.200000000016303e-05,1514,55
6.496767,1.000000000139778e-06,60,127
6.496899,0.00013199999999979894,1514,55
6.4969,1.000000000139778e-06,60,127
6.497029,0.0001290000000002678,1514,55
6.497152,0.00012299999999942912,1514,55
6.497275,0.0001230000000003173,1514,55
6.497402,0.00012699999999998823,1514,55
6.497484,8.199999999991547e-05,60,128
6.497534,4.999999999988347e-05,1514,55
6.497733,0.00019900000000028228,1514,55
6.497733,0.0,91,53
6.498123,0.00038999999999944635,167,51
6.498977,0.0008540000000003545,66,128
6.499043,6.600000000034356e-05,66,127
6.499352,0.00030899999999967065,167,52
6.499884,0.0005319999999997549,60,128
6.499885,1.000000000139778e-06,60,127
6.499973,8.799999999986596e-05,67,64
6.500307,0.00033400000000050056,265,128
6.500379,7.199999999940587e-05,265,127
6.500653,0.0002740000000001075,66,51
6.500801,0.00014800000000025904,305,51
6.500873,7.200000000029405e-05,91,52
6.500997,0.0001239999999995689,91,51
6.501053,5.599999999983396e-05,60,128
6.501114,6.100000000053285e-05,60,241
6.5012360000000005,0.00012200000000017752,91,52
6.501237,9.999999992515995e-07,167,128
6.501423,0.00018600000000024153,89,116
6.501552,0.0001290000000002678,113,45
6.501701,0.00014899999999951064,103,128
6.501703,2.000000000279556e-06,396,45
6.5018899999999995,0.00018699999999949313,60,128
6.502025,0.00013500000000021828,446,64
6.502229,0.000204000000000093,91,128
6.502231,2.000000000279556e-06,91,128
6.502365,0.0001340000000000785,91,128
6.502727,0.00036199999999997345,66,128
6.502798,7.100000000015427e-05,66,127
6.5028,1.9999999993913775e-06,167,51
6.502933,0.00013299999999993872,1514,128
6.503353,0.00042000000000008697,1514,128
6.503658,0.0003049999999999997,632,241
6.503796,0.0001380000000006376,60,126
6.503846,4.999999999988347e-05,1514,128
6.503846,0.0,60,128
6.503896,4.999999999988347e-05,60,239
6.504,0.00010399999999943788,60,54
6.504001,1.000000000139778e-06,60,127
6.504079,7.800000000024454e-05,106,255
6.504081,2.000000000279556e-06,60,54
6.504083,1.9999999993913775e-06,60,128
6.504159,7.599999999996498e-05,66,128
6.504161,2.000000000279556e-06,582,128
6.504209,4.8000000000492093e-05,89,114
6.504211,1.9999999993913775e-06,265,128
6.504212,1.000000000139778e-06,60,128
6.50431,9.800000000037556e-05,1514,128
6.5043109999999995,9.999999992515995e-07,265,127
6.504794,0.0004830000000008994,1514,128
6.504944,0.0001499999999996504,60,128
6.504945,1.000000000139778e-06,579,128
6.504946,1.000000000139778e-06,60,127
6.505257,0.0003109999999999502,60,128
6.505259,1.9999999993913775e-06,1514,128
6.505259,0.0,60,127
6.505692,0.00043300000000012773,60,242
6.505755,6.299999999992423e-05,1514,128
6.5059190000000005,0.00016400000000071913,587,128
6.506096,0.0001769999999998717,167,128
6.506146,4.999999999988347e-05,1023,128
6.507215,0.0010690000000002087,60,128
6.507326,0.00011099999999952814,66,128
6.507519,0.0001930000000003318,140,128
6.507594,7.49999999998252e-05,140,127
6.507596,2.000000000279556e-06,66,128
6.508179,0.0005829999999997781,89,50
6.509664,0.0014849999999997365,66,128
6.509666,2.000000000279556e-06,60,128
6.509972,0.0003060000000001395,91,50
6.510056,8.399999999930685e-05,60,128
6.51032,0.00026400000000048607,78,52
6.510539,0.00021899999999952513,91,51
6.510662,0.0001230000000003173,91,51
6.510663,1.000000000139778e-06,66,128
6.510836,0.00017300000000020077,89,114
6.511166,0.00032999999999994145,78,52
6.511221,5.499999999969418e-05,78,51
6.511462,0.0002409999999999357,60,128
6.511464,2.000000000279556e-06,60,127
6.511812,0.0003479999999997929,60,243
6.512274,0.0004619999999997404,60,128
6.512275,1.000000000139778e-06,60,127
6.512276,1.000000000139778e-06,60,128
6.512324,4.7999999999603915e-05,60,127
6.512867,0.0005430000000004043,95,128
6.515755,0.0028880000000004458,167,128
6.516012,0.0002569999999995076,167,48
6.518189,0.0021769999999996514,1093,55
6.5186910000000005,0.0005020000000008906,167,52
6.519094,0.0004029999999994871,66,128
6.51922,0.00012599999999984846,60,51
6.519221,1.000000000139778e-06,66,128
6.520284,0.0010630000000002582,66,52
6.5202860000000005,2.000000000279556e-06,1326,64
6.520493,0.00020699999999962415,167,52
6.5209150000000005,0.0004220000000003665,293,51
6.521049,0.00013399999999919032,78,53
6.521147,9.800000000037556e-05,78,53
6.521283,0.00013600000000035806,66,41
6.52138,9.699999999934761e-05,492,64
6.5215119999999995,0.00013199999999979894,74,52
6.521514,2.000000000279556e-06,1168,64
6.521619,0.00010500000000046583,60,242
6.521621,1.9999999993913775e-06,66,64
6.521712,9.10000000002853e-05,143,242
6.521988,0.00027600000000038705,1024,64
6.522268,0.000280000000000058,78,52
6.522401,0.00013299999999993872,472,64
6.523683,0.0012819999999997833,255,128
6.523685,2.000000000279556e-06,1434,243
6.524395,0.0007099999999997664,167,52
6.5243970000000004,2.000000000279556e-06,134,243
6.524867,0.00046999999999997044,1434,243
6.524926,5.8999999999365116e-05,701,243
6.524926,0.0,60,243
6.525151,0.0002250000000003638,60,128
6.525876,0.0007250000000000867,167,128
6.52665,0.0007739999999998304,60,128
6.526831,0.00018099999999954264,60,128
6.5273,0.00046900000000071884,581,128
6.528168,0.0008679999999996468,66,128
6.528233,6.500000000020378e-05,66,127
6.528234,1.000000000139778e-06,167,128
6.528703,0.00046899999999983066,1414,128
6.528753,4.999999999988347e-05,521,128
6.528862,0.00010900000000013677,1414,128
6.528977,0.00011500000000008725,1414,128
6.528978,1.000000000139778e-06,66,128
6.529053,7.49999999998252e-05,60,128
6.529055,1.9999999993913775e-06,715,51
6.529103,4.8000000000492093e-05,1414,128
6.529103,0.0,60,127
6.529158,5.499999999969418e-05,66,127
6.529212,5.400000000044258e-05,1414,128
6.529268,5.599999999983396e-05,753,128
6.529327,5.9000000000253294e-05,60,128
6.529441,0.00011399999999994748,265,128
6.529512,7.100000000015427e-05,265,127
6.529756,0.00024399999999946687,715,51
6.529892,0.00013600000000035806,60,128
6.529894,1.9999999993913775e-06,60,127
6.530188,0.0002940000000002385,1514,128
6.530265,7.700000000010476e-05,265,128
6.530392,0.00012699999999998823,265,127
6.530739,0.00034699999999965314,60,128
6.531319,0.000580000000000247,1514,128
6.531804,0.00048500000000029075,1514,128
6.531804,0.0,66,128
6.5319970000000005,0.0001930000000003318,66,127
6.532255,0.0002579999999996474,66,128
6.532256,1.000000000139778e-06,1514,128
6.532386,0.0001299999999995194,167,128
6.532553,0.00016700000000025028,805,55
6.532759,0.00020600000000037255,1514,128
6.532836,7.699999999921658e-05,66,128
6.53297,0.0001340000000000785,167,128
6.533233,0.0002630000000003463,1514,128
6.533718,0.00048500000000029075,1514,128
6.533788,7.00000000000145e-05,60,51
6.534086,0.00029799999999990945,1039,128
6.53425,0.00016399999999983095,66,128
6.534332,8.199999999991547e-05,66,128
6.534397,6.500000000020378e-05,66,127
6.534706,0.00030899999999967065,66,128
6.534708,2.000000000279556e-06,167,128
6.535124,0.00041599999999952786,60,128
6.535126,2.000000000279556e-06,60,127
6.535273,0.00014700000000011926,60,128
6.535275,2.000000000279556e-06,60,127
6.535397,0.00012199999999928934,66,128
6.5355039999999995,0.00010699999999985721,265,128
6.535601,9.700000000023579e-05,66,128
6.535697,9.600000000009601e-05,265,127
6.535697,0.0,66,128
6.536212,0.0005150000000000432,1514,55
6.536517,0.0003049999999999997,66,128
6.5367619999999995,0.00024499999999960664,167,52
6.536828,6.600000000034356e-05,462,242
6.537281,0.00045300000000025875,1514,55
6.537282,1.000000000139778e-06,66,128
6.537554,0.00027199999999982793,1514,55
6.5377,0.00014599999999997948,1514,55
6.538288,0.0005879999999995889,92,128
6.538602,0.00031400000000036954,167,52
6.53886,0.0002579999999996474,60,128
6.53953,0.0006700000000003925,1514,55
6.539752,0.00022199999999994446,1514,55
6.539884,0.00013199999999979894,1514,55
6.5399709999999995,8.699999999972619e-05,167,128
6.540021,5.000000000077165e-05,1514,55
6.540159,0.00013799999999974943,1514,55
6.540282,0.0001230000000003173,1514,55
6.540405,0.00012299999999942912,1514,55
6.540461,5.599999999983396e-05,60,128
6.540529,6.800000000062312e-05,1514,55
6.540767,0.00023799999999951638,1514,55
6.540768,1.000000000139778e-06,67,51
6.540863,9.499999999995623e-05,60,128
6.540865,2.000000000279556e-06,60,127
6.541657,0.0007919999999996818,60,128
6.541659,2.000000000279556e-06,60,127
6.541786,0.00012699999999998823,60,128
6.541788,2.000000000279556e-06,60,127
6.54201,0.00022199999999994446,1514,55
6.542221,0.00021099999999929508,395,42
6.542286,6.500000000020378e-05,91,50
6.542739,0.00045300000000025875,67,64
6.542792,5.3000000000302805e-05,60,48
6.543953,0.0011609999999997456,60,51
6.54421,0.0002569999999995076,60,128
6.544604,0.00039400000000000546,60,51
6.544778,0.00017400000000034055,60,51
6.544866,8.799999999986596e-05,66,128
6.544867,1.000000000139778e-06,60,128
6.544917,4.999999999988347e-05,60,51
6.544919,2.000000000279556e-06,66,127
6.54492,1.000000000139778e-06,60,127
6.544967,4.699999999946414e-05,60,51
6.545017,4.999999999988347e-05,60,128
6.545019,2.000000000279556e-06,60,127
6.545253,0.00023399999999984544,60,128
6.545255,2.000000000279556e-06,60,127
6.545467,0.00021200000000032304,1514,55
6.545597,0.0001299999999995194,265,128
6.545673,7.599999999996498e-05,265,127
6.545719,4.600000000021254e-05,265,128
6.545772,5.3000000000302805e-05,60,128
6.545773,9.999999992515995e-07,265,127
6.545882,0.00010900000000013677,60,128
6.546064,0.0001820000000005706,1514,55
6.546234,0.00016999999999978144,1514,55
6.546285,5.100000000002325e-05,167,128
6.546377,9.19999999995369e-05,1514,55
6.546524,0.00014700000000011926,103,64
6.5466560000000005,0.00013200000000068712,1514,55
6.546803,0.00014699999999923108,1514,55
6.54708,0.0002770000000005268,103,64
6.547081,1.000000000139778e-06,103,64
6.547356,0.0002749999999993591,60,128
6.547461,0.00010500000000046583,1514,55
6.547689,0.00022799999999989495,1514,55
6.54769,1.000000000139778e-06,60,51
6.547691,1.000000000139778e-06,60,51
6.547945,0.00025399999999997647,60,51
6.548097,0.00015199999999992997,81,128
6.5480979999999995,9.999999992515995e-07,60,128
6.548245,0.00014700000000011926,91,51
6.548435,0.00018999999999991246,91,51
6.548783,0.0003480000000006811,60,128
6.548784,1.000000000139778e-06,60,128
6.548875,9.099999999939712e-05,60,127
6.548876,1.000000000139778e-06,60,127
6.548949,7.300000000043383e-05,167,52
6.549686,0.0007369999999999877,167,52
6.5503,0.0006139999999996704,60,128
6.551048,0.0007479999999997489,60,128
6.551049,1.000000000139778e-06,60,128
6.551468,0.0004189999999999472,1484,52
6.551636,0.00016800000000039006,1484,52
6.551833,0.00019700000000000273,1484,52
6.55201,0.0001769999999998717,1484,52
6.552095,8.499999999944663e-05,60,128
6.552145,5.000000000077165e-05,1484,52
6.552266,0.00012100000000003774,1484,52
6.5523869999999995,0.00012099999999914957,1484,52
6.5525079999999996,0.00012100000000003774,1484,52
6.552567,5.9000000000253294e-05,60,128
6.552629,6.199999999978445e-05,1484,52
6.552684,5.500000000058236e-05,66,128
6.552685,1.000000000139778e-06,60,128
6.55275,6.49999999993156e-05,1484,52
6.55275,0.0,60,127
6.552751,1.000000000139778e-06,333,52
6.552799,4.8000000000492093e-05,66,127
6.552859,5.9999999999504894e-05,60,128
6.55286,1.000000000139778e-06,60,127
6.552914,5.400000000044258e-05,60,128
6.5529150000000005,1.000000000139778e-06,60,127
6.553119,0.00020399999999920482,60,128
6.55312,1.000000000139778e-06,60,127
6.553528,0.000408000000000186,265,128
6.553529,1.000000000139778e-06,60,128
6.55353,1.000000000139778e-06,60,128
6.553578,4.7999999999603915e-05,265,127
6.553777,0.00019900000000028228,67,64
6.553909,0.00013199999999979894,60,128
6.55391,1.000000000139778e-06,66,41
6.554114,0.000204000000000093,167,48
6.555449,0.0013350000000000861,89,114
6.55566,0.00021099999999929508,60,242
6.555834,0.00017400000000034055,60,243
6.555983,0.0001490000000003988,103,128
6.555985,1.9999999993913775e-06,447,242
6.556371,0.0003860000000006636,167,128
6.556475,0.00010399999999943788,60,128
6.556476,1.000000000139778e-06,60,127
6.556611,0.00013500000000021828,60,128
6.556667,5.599999999983396e-05,60,128
6.556668,1.000000000139778e-06,60,127
6.556669,1.000000000139778e-06,66,51
6.556851,0.00018199999999968242,60,128
6.557397,0.0005459999999999354,60,54
6.557867,0.00046999999999997044,167,51
6.557937,7.00000000000145e-05,60,128
6.558897,0.0009600000000000719,60,128
6.559077,0.00018000000000029104,60,128
6.559079,1.9999999993913775e-06,60,128
6.560058,0.0009790000000000632,1514,51
6.560275,0.00021700000000013375,167,52
6.560777,0.0005020000000000024,60,128
6.560779,2.000000000279556e-06,60,128
6.56078,1.000000000139778e-06,60,127
6.560841,6.099999999964467e-05,60,127
6.560843,2.000000000279556e-06,60,128
6.560907,6.4000000000064e-05,60,127
6.561316,0.0004089999999994376,1514,51
6.561317,1.000000000139778e-06,67,51
6.561538,0.00022099999999980469,1514,51
6.561683,0.00014500000000072788,1514,51
6.561684,9.999999992515995e-07,60,128
6.561685,1.000000000139778e-06,60,51
6.562045,0.0003600000000005821,1514,51
6.562548,0.000502999999999254,1514,51
6.562683,0.00013500000000021828,1514,51
6.562684,1.000000000139778e-06,60,51
6.562685,1.000000000139778e-06,60,51
6.562806,0.00012100000000003774,60,51
6.562913,0.00010699999999985721,60,51
6.562979,6.600000000034356e-05,60,128
6.563298,0.00031899999999929207,1514,52
6.563405,0.00010700000000074539,66,64
6.56346,5.499999999969418e-05,66,128
6.563524,6.4000000000064e-05,1514,52
6.563524,0.0,66,127
6.563623,9.899999999962716e-05,66,64
6.5636790000000005,5.600000000072214e-05,1514,52
6.563774,9.499999999995623e-05,66,64
6.564341,0.000566999999999318,1514,128
6.564403,6.200000000067263e-05,60,128
6.564512,0.00010899999999924859,60,127
6.564701,0.00018900000000066086,1514,52
6.5647020000000005,1.000000000139778e-06,60,51
6.564766,6.399999999917583e-05,60,51
6.564768,2.000000000279556e-06,66,64
6.56491,0.00014200000000030855,66,52
6.565009,9.899999999962716e-05,66,51
6.565066,5.699999999997374e-05,60,128
6.565838,0.000772000000000439,60,128
6.56664,0.0008019999999993033,294,55
6.567035,0.00039500000000014523,60,54
6.567562,0.0005269999999999442,1514,54
6.567971,0.00040900000000032577,347,54
6.568074,0.00010300000000018628,60,54
6.56829,0.00021599999999999397,60,45
6.568696,0.00040599999999990644,1514,55
6.5690100000000005,0.00031400000000036954,60,128
6.56926,0.00024999999999941735,1514,55
6.569475,0.0002149999999998542,1514,55
6.569476,1.000000000139778e-06,60,128
6.570305,0.0008290000000004127,1514,55
6.570527,0.00022199999999994446,1514,55
6.5706109999999995,8.399999999930685e-05,60,128
6.570852,0.0002410000000008239,1514,54
6.570998,0.00014599999999997948,1514,54
6.571333,0.00033499999999975216,60,128
6.571493,0.00016000000000016001,60,128
6.571554,6.099999999964467e-05,1514,128
6.571554,0.0,1514,128
6.571883,0.0003289999999998017,1514,54
6.572007,0.00012400000000045708,1514,54
6.572007,0.0,1514,128
6.57213,0.00012299999999942912,1514,54
6.572131,1.000000000139778e-06,120,54
6.572545,0.0004140000000001365,1514,128
6.572545,0.0,1514,128
6.5725940000000005,4.900000000063187e-05,1514,128
6.572595,9.999999992515995e-07,415,128
6.572655,6.000000000039307e-05,60,128
6.574539,0.0018839999999995527,60,241
6.574884,0.00034500000000026176,167,46
6.574886,2.000000000279556e-06,265,128
6.57497,8.400000000019503e-05,265,127
6.575744,0.0007739999999998304,1168,64
6.576025,0.0002809999999993096,1514,55
6.576026,1.000000000139778e-06,60,241
6.576121,9.499999999995623e-05,971,64
6.576253,0.00013200000000068712,167,128
6.57643,0.0001769999999998717,1514,55
6.576566,0.00013599999999946988,1514,55
6.576698,0.00013200000000068712,1514,55
6.57702,0.0003219999999997114,60,128
6.57774,0.000720000000000276,1514,55
6.577878,0.00013799999999974943,1514,55
6.578011,0.00013299999999993872,1514,55
6.579122,0.001110999999999862,60,128
6.579123,1.000000000139778e-06,60,127
6.579549,0.00042600000000003746,60,128
6.579981,0.00043199999999998795,60,128
6.580034,5.3000000000302805e-05,60,128
6.580108,7.399999999968543e-05,1514,55
6.580108,0.0,60,127
6.580109,1.000000000139778e-06,60,127
6.580338,0.00022900000000003473,1514,55
6.580474,0.00013599999999946988,1514,55
6.5806000000000004,0.00012600000000073663,1514,55
6.580729,0.0001289999999993796,1514,55
6.580729,0.0,283,51
6.58073,1.000000000139778e-06,60,241
6.580846,0.00011600000000022703,239,51
6.58124,0.00039400000000000546,60,128
6.5813690000000005,0.0001290000000002678,66,52
6.581477,0.00010799999999910881,66,52
6.581774,0.00029700000000065785,60,128
6.581857,8.300000000005525e-05,1514,55
6.581858,1.000000000139778e-06,60,128
6.581859,9.999999992515995e-07,60,128
6.581921,6.200000000067263e-05,777,48
6.582049,0.00012799999999923983,60,64
6.58205,1.000000000139778e-06,1514,55
6.582187,0.00013700000000049783,78,64
6.583175,0.0009879999999995448,1514,55
6.583384,0.0002089999999999037,1514,55
6.583704,0.00032000000000032003,1514,55
6.583839,0.00013500000000021828,66,52
6.58384,1.000000000139778e-06,66,52
6.584522,0.0006819999999994053,60,128
6.585348,0.0008259999999999934,103,50
6.58585,0.0005020000000000024,103,52
6.585977,0.00012699999999998823,103,50
6.586291,0.00031400000000036954,66,64
6.586753,0.0004619999999997404,66,64
6.5869,0.00014700000000011926,62,61
6.587003,0.00010300000000018628,60,128
6.587138,0.00013500000000021828,66,64
6.5872340000000005,9.600000000009601e-05,156,128
6.587439,0.0002049999999993446,60,128
6.58744,1.000000000139778e-06,60,128
6.587442,2.000000000279556e-06,60,128
6.589662,0.0022199999999994446,1514,128
6.589766,0.00010400000000032605,60,128
6.589898,0.00013199999999979894,60,128
6.590159,0.00026100000000006673,60,241
6.590585,0.00042600000000003746,1031,128
6.590959,0.00037399999999987443,167,128
6.591009,4.999999999988347e-05,78,49
6.591011,2.000000000279556e-06,78,49
6.5913129999999995,0.0003019999999995804,167,128
6.592062,0.0007490000000007768,167,64
6.594118,0.0020559999999996137,167,46
6.595882,0.0017639999999996547,167,128
6.596711,0.0008290000000004127,67,64
6.5978,0.0010890000000003397,167,51
6.598372,0.0005720000000000169,167,52
6.598531,0.00015900000000002024,74,64
6.600386,0.00185499999999994,1514,51
6.60068,0.00029399999999935034,60,128
6.601049,0.0003690000000000637,60,128
6.601186,0.00013700000000049783,205,51
6.601239,5.2999999999414626e-05,167,128
6.601756,0.0005170000000003228,1514,51
6.601982,0.0002259999999996154,1514,51
6.602232,0.00025000000000030553,60,128
6.602332,9.999999999976694e-05,1514,51
6.602453,0.00012100000000003774,1514,51
6.602729,0.00027600000000038705,60,128
6.602947,0.00021800000000027353,167,51
6.604966,0.002018999999999771,1514,51
6.605123,0.00015699999999974068,1514,51
6.605327,0.000204000000000093,60,128
6.605378,5.100000000002325e-05,1514,55
6.60551,0.00013199999999979894,1514,55
6.60551,0.0,88,55
6.605512,2.000000000279556e-06,60,51
6.60566,0.00014800000000025904,66,126
6.60573,7.00000000000145e-05,66,126
6.6057310000000005,1.000000000139778e-06,60,128
6.6059280000000005,0.00019700000000000273,60,128
6.605929,9.999999992515995e-07,66,126
6.606044,0.00011500000000008725,66,126
6.606098,5.400000000044258e-05,972,128
6.606099,1.000000000139778e-06,60,51
6.6061,9.999999992515995e-07,60,128
6.606197,9.700000000023579e-05,87,128
6.606198,1.000000000139778e-06,167,128
6.606199,1.000000000139778e-06,66,55
6.606298,9.899999999962716e-05,60,128
6.606505,0.00020700000000051233,968,128
6.606679,0.00017399999999945237,83,128
6.606979,0.000300000000000189,60,128
6.606982,3.000000000419334e-06,968,128
6.607108,0.00012599999999984846,60,51
6.607168,5.9999999999504894e-05,74,64
6.607265,9.700000000023579e-05,60,51
6.610685,0.0034200000000002007,1514,54
6.610934,0.00024900000000016576,1514,54
6.611136,0.00020199999999981344,1514,54
6.611136,0.0,105,45
6.611561,0.0004249999999998977,74,128
6.61161,4.899999999974369e-05,1514,54
6.61167,6.000000000039307e-05,927,54
6.611671,1.000000000139778e-06,407,45
6.611816,0.0001449999999998397,60,128
6.6118749999999995,5.8999999999365116e-05,60,48
6.6120339999999995,0.00015900000000002024,60,128
6.612085,5.100000000091143e-05,60,128
6.612166,8.09999999997757e-05,74,41
6.612293,0.00012699999999998823,60,240
6.612652,0.0003589999999995541,1345,52
6.612924,0.00027199999999982793,66,64
6.6130510000000005,0.0001270000000008764,66,126
6.613142,9.099999999939712e-05,66,64
6.613275,0.00013299999999993872,60,128
6.613781,0.0005060000000005616,60,128
6.613884,0.0001029999999992981,662,64
6.6140360000000005,0.00015200000000081815,1000,128
6.614203,0.0001669999999993621,86,128
6.614293,9.000000000014552e-05,60,126
6.614465,0.000172000000000061,66,126
6.614565,9.999999999976694e-05,106,255
6.614567,2.000000000279556e-06,66,126
6.614692,0.00012499999999970868,66,126
6.614743,5.100000000002325e-05,167,128
6.614745,2.000000000279556e-06,66,126
6.614746,1.000000000139778e-06,60,128
6.614825,7.899999999949614e-05,60,128
6.614954,0.0001290000000002678,60,128
6.615107,0.00015300000000006975,60,128
6.6154209999999996,0.00031399999999948136,1000,128
6.615509,8.800000000075414e-05,1000,128
6.615664,0.00015499999999946112,968,128
6.615792,0.000128000000000128,1004,128
6.61653,0.0007380000000001274,1000,128
6.617689,0.0011590000000003542,167,48
6.617886,0.00019700000000000273,67,64
6.618515,0.0006289999999999907,80,128
6.618739,0.00022399999999933584,167,52
6.619743,0.0010040000000000049,60,241
6.619839,9.600000000009601e-05,219,128
6.619971,0.00013199999999979894,66,126
6.620029,5.8000000000113516e-05,60,241
6.620175,0.00014599999999997948,60,128
6.62054,0.0003650000000003928,167,52
6.620612,7.200000000029405e-05,60,51
6.620614,1.9999999993913775e-06,67,51
6.620978,0.000364000000000253,972,128
6.622677,0.0016990000000003391,78,50
6.622809,0.00013199999999979894,66,64
6.623391,0.0005819999999996384,445,64
6.6239930000000005,0.0006020000000006576,1514,51
6.6244,0.00040699999999915804,66,128
6.624569,0.00016900000000052984,167,52
6.6245709999999995,1.9999999993913775e-06,66,128
6.625045,0.00047400000000052955,1514,51
6.625046,1.000000000139778e-06,66,128
6.625298,0.0002519999999996969,60,128
6.625299,1.000000000139778e-06,1514,51
6.6253,1.000000000139778e-06,182,51
6.6254480000000004,0.00014800000000025904,167,128
6.626953,0.0015049999999998676,60,239
6.6271889999999996,0.00023599999999923682,60,128
6.627266,7.700000000010476e-05,378,55
6.627955,0.0006890000000003837,66,126
6.628199,0.00024400000000035504,167,128
6.6282689999999995,6.999999999912632e-05,60,128
6.628921,0.000652000000000541,66,128
6.6289940000000005,7.300000000043383e-05,1000,128
6.629452,0.0004579999999991813,1514,51
6.629683,0.0002310000000003143,60,128
6.63172,0.0020369999999996224,1514,51
6.631922,0.00020200000000070162,1514,51
6.632184,0.00026199999999931833,60,128
6.632376,0.00019200000000019202,167,128
6.632439,6.299999999992423e-05,167,128
6.632999,0.000560000000000116,1514,51
6.633139,0.000140000000000029,1514,51
6.633268,0.0001290000000002678,1514,51
6.633383,0.00011500000000008725,1414,241
6.6333839999999995,9.999999992515995e-07,60,128
6.633586,0.00020200000000070162,83,127
6.633589,2.9999999995311555e-06,1414,241
6.63382,0.0002310000000003143,1414,241
6.633967,0.00014700000000011926,1414,241
6.634111,0.00014399999999969992,1414,241
6.634112,1.000000000139778e-06,138,241
6.634113,1.000000000139778e-06,60,128
6.634217,0.00010399999999943788,60,128
6.634349,0.00013200000000068712,1414,241
6.634349,0.0,342,241
6.634424,7.49999999998252e-05,167,52
6.634737,0.00031300000000022976,167,128
6.634739,1.9999999993913775e-06,60,128
6.635708,0.0009690000000004417,60,128
6.63594,0.0002319999999995659,1514,51
6.636524,0.0005839999999999179,1514,51
6.636657,0.00013299999999993872,1514,51
6.636658,1.000000000139778e-06,60,128
6.6371269999999996,0.00046899999999983066,60,128
6.637245,0.00011800000000050659,184,51
6.637347,0.0001020000000000465,192,51
6.638298,0.0009509999999997021,66,128
6.638466,0.00016800000000039006,66,128
6.638575,0.00010900000000013677,66,128
6.638638,6.299999999992423e-05,66,127
6.638729,9.099999999939712e-05,66,128
6.638831,0.0001020000000000465,167,52
6.638979,0.00014800000000025904,66,128
6.639143,0.00016399999999983095,1168,64
6.6392240000000005,8.100000000066387e-05,66,128
6.639515,0.0002909999999998192,60,128
6.639517,1.9999999993913775e-06,60,127
6.639635,0.00011800000000050659,1168,64
6.639636,1.000000000139778e-06,66,128
6.6396370000000005,1.000000000139778e-06,433,64
6.639844,0.00020699999999962415,66,41
6.639998,0.00015400000000020952,167,128
6.641262,0.0012639999999999318,72,51
6.641364,0.0001020000000000465,102,51
6.641884,0.0005199999999998539,238,51
6.642002,0.00011799999999961841,261,41
6.642063,6.100000000053285e-05,66,41
6.6422419999999995,0.00017899999999926308,66,128
6.6424199999999995,0.00017800000000001148,66,128
6.64276,0.00034000000000045105,66,128
6.642762,2.000000000279556e-06,66,64
6.642972,0.00021000000000004349,66,128
6.643147,0.00017499999999959215,66,128
6.643198,5.100000000002325e-05,66,247
6.643199,1.000000000139778e-06,66,64
6.643296,9.700000000023579e-05,66,247
6.6432970000000005,1.000000000139778e-06,66,128
6.643394,9.699999999934761e-05,66,247
6.644065,0.0006710000000005323,60,128
6.6440660000000005,1.000000000139778e-06,60,128
6.644068,1.9999999993913775e-06,60,128
6.644563,0.0004949999999999122,529,128
6.644564,1.000000000139778e-06,91,128
6.644699,0.00013500000000021828,1484,128
6.6447,1.000000000139778e-06,695,128
6.64627,0.0015700000000000713,167,128
6.647075,0.0008049999999997226,60,51
6.647325,0.00025000000000030553,96,51
6.648227,0.0009019999999999584,1514,51
6.648345,0.00011799999999961841,66,128
6.648498,0.00015300000000006975,66,128
6.648632,0.0001340000000000785,66,128
6.648966,0.0003339999999996124,91,128
6.648968,2.000000000279556e-06,265,128
6.649027,5.9000000000253294e-05,91,128
6.649081,5.3999999999554404e-05,167,52
6.649083,2.000000000279556e-06,91,128
6.649084,1.000000000139778e-06,265,127
6.649138,5.3999999999554404e-05,91,128
6.649514,0.000376000000000154,1514,51
6.649736,0.00022199999999994446,1514,51
6.649737,1.000000000139778e-06,167,52
6.649739,2.000000000279556e-06,60,128
6.6506170000000004,0.0008780000000001564,66,247
6.650723,0.00010599999999971743,66,52
6.650775,5.200000000016303e-05,60,128
6.652303,0.0015279999999995297,1514,128
6.652426,0.0001230000000003173,1514,128
6.653401,0.000974999999999504,60,128
6.6534569999999995,5.599999999983396e-05,60,127
6.653459,2.000000000279556e-06,60,128
6.653525,6.600000000034356e-05,60,127
6.653527,2.000000000279556e-06,60,128
6.653584,5.699999999997374e-05,60,127
6.653726,0.00014199999999942037,400,64
6.655321,0.001595000000000013,1514,51
6.655552,0.0002310000000003143,60,128
6.655554,2.000000000279556e-06,167,48
6.656325,0.000770999999999411,1514,51
6.656385,6.000000000039307e-05,167,128
6.656576,0.00019100000000005224,1514,51
6.656785,0.0002089999999999037,60,128
6.657568,0.0007830000000002002,1514,47
6.658713,0.0011449999999992855,1514,47
6.658862,0.0001490000000003988,1514,47
6.659,0.00013799999999974943,1514,47
6.659061,6.100000000053285e-05,745,47
6.659268,0.00020699999999962415,60,128
6.659318,4.999999999988347e-05,1514,47
6.659545,0.00022699999999975518,1514,47
6.6597,0.0001550000000003493,1514,47
6.6597,0.0,167,51
6.659762,6.199999999978445e-05,67,64
6.660413,0.0006510000000004013,1514,47
6.66057,0.00015699999999974068,1514,47
6.660749,0.00017900000000015126,1514,47
6.660902,0.00015300000000006975,1514,47
6.661038,0.00013599999999946988,1514,47
6.661319,0.00028100000000019776,167,52
6.661798,0.00047900000000034026,1514,47
6.661939,0.00014100000000016877,1514,47
6.6619399999999995,9.999999992515995e-07,67,51
6.662058,0.00011800000000050659,60,128
6.66206,2.000000000279556e-06,1514,47
6.662061,9.999999992515995e-07,60,242
6.66231,0.00024900000000016576,1514,51
6.6625689999999995,0.0002589999999997872,1514,51
6.66271,0.00014100000000016877,1514,51
6.662777,6.700000000048334e-05,60,128
6.663267,0.0004900000000001015,1514,51
6.66349,0.00022300000000008424,1514,51
6.663591,0.00010099999999990672,60,128
6.663661,7.00000000000145e-05,1514,51
6.664279,0.0006179999999993413,1514,51
6.664507,0.00022800000000078313,60,128
6.664508,9.999999992515995e-07,1514,51
6.664613,0.00010500000000046583,60,128
6.664685,7.200000000029405e-05,1514,51
6.664686,9.999999992515995e-07,60,128
6.664766,8.00000000005241e-05,1001,50
6.664767,1.000000000139778e-06,66,50
6.664917,0.0001499999999996504,66,64
6.665324,0.0004070000000000462,60,128
6.665623,0.0002990000000000492,1514,51
6.666098,0.00047499999999978115,66,64
6.666443,0.00034500000000026176,1329,51
6.666755,0.00031200000000009,60,245
6.666921,0.0001660000000001105,60,128
6.666971,4.999999999988347e-05,60,128
6.6679580000000005,0.0009870000000002932,60,245
6.668486,0.0005279999999991958,60,128
6.668735,0.00024900000000016576,66,128
6.668911,0.00017599999999973193,60,245
6.668912,1.000000000139778e-06,66,52
6.668913,1.000000000139778e-06,66,52
6.668966,5.3000000000302805e-05,66,52
6.668967,1.000000000139778e-06,74,51
6.6690190000000005,5.200000000016303e-05,66,127
6.6691009999999995,8.19999999990273e-05,66,64
6.669244,0.00014300000000044832,60,128
6.669332,8.799999999986596e-05,60,128
6.669333,1.000000000139778e-06,60,128
6.669334,1.000000000139778e-06,60,128
6.669335,1.000000000139778e-06,60,128
6.669678,0.0003429999999999822,461,64
6.669678,0.0,60,54
6.669728,4.999999999988347e-05,60,128
6.669729,1.000000000139778e-06,60,127
6.671638,0.0019089999999994944,60,54
6.671856,0.00021800000000027353,91,54
6.674531,0.002674999999999983,60,241
6.674678,0.00014700000000011926,167,46
6.675542,0.0008639999999999759,74,64
6.676283,0.0007409999999996586,167,128
6.67935,0.003067000000000597,265,128
6.679421,7.09999999992661e-05,265,127
6.679833,0.0004120000000007451,60,247
6.680189,0.00035600000000002296,1435,128
6.680489,0.0002999999999993008,1168,64
6.680893,0.00040400000000051506,1168,64
6.680893,0.0,819,64
6.681062,0.00016899999999964166,168,51
6.681323,0.00026100000000006673,60,128
6.681458,0.00013500000000021828,60,61
6.681534,7.599999999996498e-05,66,128
6.682615,0.0010810000000001097,925,61
6.683198,0.0005829999999997781,66,128
6.683272,7.399999999968543e-05,66,127
6.683393,0.00012100000000003774,1329,51
6.683953,0.000560000000000116,266,128
6.68412,0.00016700000000025028,60,128
6.684122,2.000000000279556e-06,60,127
6.684548,0.00042600000000003746,265,128
6.684619,7.09999999992661e-05,265,127
6.686259,0.0016400000000000858,1514,51
6.686494,0.00023499999999998522,60,128
6.687483,0.0009890000000005728,1514,51
6.687709,0.0002259999999996154,1514,51
6.687715,5.999999999950489e-06,175,51
6.687999,0.0002839999999997289,60,128
6.688142,0.00014300000000044832,91,53
6.688412,0.0002699999999995484,219,51
6.688796,0.00038400000000038403,1514,51
6.689306,0.0005100000000002325,60,128
6.689309,2.9999999995311555e-06,60,128
6.689424,0.00011500000000008725,1514,51
6.689424,0.0,60,127
6.689426,2.000000000279556e-06,60,127
6.689651,0.00022499999999947562,1514,51
6.689652,1.000000000139778e-06,175,51
6.689653,1.000000000139778e-06,91,52
6.689855,0.00020199999999981344,219,51
6.68996,0.00010500000000046583,60,128
6.689961,1.000000000139778e-06,91,51
6.690081,0.00011999999999989797,91,52
6.690083,1.9999999993913775e-06,66,128
6.690182,9.900000000051534e-05,66,127
6.690382,0.00019999999999953388,167,64
6.69063,0.000248000000000026,66,50
6.690809,0.00017900000000015126,60,128
6.690921,0.0001120000000005561,267,128
6.690921,0.0,60,128
6.690971,4.999999999988347e-05,167,128
6.690972,1.000000000139778e-06,60,127
6.691148,0.00017599999999973193,60,128
6.691204,5.599999999983396e-05,265,128
6.691265,6.099999999964467e-05,167,128
6.691267,2.000000000279556e-06,265,127
6.693123,0.0018560000000000798,60,128
6.693125,2.000000000279556e-06,60,127
6.693173,4.7999999999603915e-05,60,128
6.693232,5.9000000000253294e-05,60,127
6.693293,6.099999999964467e-05,60,128
6.693294,1.000000000139778e-06,60,127
6.693569,0.00027500000000024727,167,46
6.695688,0.002118999999999538,555,128
6.695858,0.00017000000000066962,167,128
6.696185,0.0003269999999995221,60,128
6.696557,0.00037200000000048306,66,49
6.696694,0.00013699999999960966,60,128
6.697522,0.000828000000000273,60,128
6.697626,0.00010399999999943788,66,49
6.697872,0.0002460000000006346,167,51
6.698131,0.0002589999999997872,60,128
6.698132,1.000000000139778e-06,60,127
6.698134,1.9999999993913775e-06,60,128
6.698181,4.7000000000352316e-05,60,127
6.698235,5.400000000044258e-05,60,128
6.69854,0.0003049999999999997,66,49
6.698542,1.9999999993913775e-06,167,52
6.699035,0.0004930000000005208,60,128
6.699522,0.00048699999999968213,66,128
6.699971,0.00044899999999969964,85,51
6.700057,8.600000000047459e-05,85,128
6.700462,0.00040499999999976666,60,128
6.700873,0.00041099999999971715,160,51
6.701033,0.00016000000000016001,896,128
6.701155,0.00012200000000017752,60,240
6.701213,5.8000000000113516e-05,60,128
6.701299,8.599999999958641e-05,167,128
6.701602,0.00030300000000060834,67,64
6.702072,0.00046999999999997044,74,64
6.702629,0.0005569999999996966,60,128
6.703062,0.00043300000000012773,167,51
6.703279,0.00021700000000013375,60,128
6.705095,0.0018159999999998178,1438,126
6.70583,0.0007349999999997081,1076,126
6.705987,0.00015700000000062886,60,128
6.705989,1.9999999993913775e-06,1438,126
6.706107,0.00011800000000050659,167,128
6.706886,0.0007789999999996411,1076,126
6.706887,1.000000000139778e-06,66,128
6.706958,7.100000000015427e-05,66,127
6.707026,6.799999999973494e-05,60,128
6.707774,0.0007479999999997489,60,128
6.7078299999999995,5.599999999983396e-05,60,127
6.708022,0.00019200000000019202,1438,126
6.708191,0.00016900000000052984,1076,126
6.708636,0.0004450000000000287,60,247
6.709561,0.0009249999999996206,60,128
6.709693,0.00013199999999979894,60,126
6.709866,0.00017300000000020077,60,243
6.709965,9.900000000051534e-05,106,255
6.710063,9.799999999948739e-05,60,128
6.710064,1.000000000139778e-06,60,128
6.710066,2.000000000279556e-06,60,128
6.710142,7.599999999996498e-05,60,128
6.710494,0.00035199999999946385,60,128
6.710666,0.000172000000000061,60,128
6.710994,0.0003280000000005501,1438,126
6.711113,0.00011899999999975819,1076,126
6.711203,9.000000000014552e-05,60,128
6.711204,1.000000000139778e-06,60,128
6.711205,9.999999992515995e-07,60,128
6.712019,0.0008140000000000924,1438,126
6.712142,0.0001230000000003173,1076,126
6.712334,0.00019200000000019202,1438,126
6.712549,0.0002149999999998542,60,128
6.712669,0.00011999999999989797,67,64
6.71329,0.0006209999999997606,1076,126
6.713592,0.00030200000000046856,60,128
6.713593,1.000000000139778e-06,1438,126
6.713701,0.00010799999999999699,1076,126
6.713904,0.00020299999999995322,60,128
6.714109,0.0002049999999993446,1438,126
6.714231,0.00012200000000017752,1076,126
6.714466,0.00023499999999998522,1438,126
6.71473,0.00026400000000048607,167,128
6.714916,0.00018599999999935335,1076,126
6.715098,0.0001820000000005706,1438,126
6.715099,1.000000000139778e-06,60,128
6.715696,0.0005969999999999587,60,128
6.715916,0.0002199999999996649,1076,126
6.716019,0.00010300000000018628,60,128
6.716559,0.0005399999999999849,60,128
6.716862,0.00030299999999972016,167,48
6.716946,8.400000000019503e-05,1514,128
6.716947,1.000000000139778e-06,279,128
6.717453,0.0005059999999996734,265,128
6.717524,7.100000000015427e-05,265,127
6.718357,0.0008330000000000837,1514,55
6.718913,0.0005559999999995568,167,52
6.719208,0.0002950000000003783,1514,55
6.71931,0.0001020000000000465,1251,55
6.719311,1.000000000139778e-06,60,243
6.719927,0.0006159999999999499,60,128
6.720104,0.0001769999999998717,66,128
6.720167,6.299999999992423e-05,66,127
6.72025,8.300000000005525e-05,60,128
6.720639,0.00038900000000019475,167,52
6.720768,0.0001289999999993796,67,51
6.7209140000000005,0.00014600000000086766,60,242
6.721018,0.00010399999999943788,60,128
6.72102,2.000000000279556e-06,60,127
6.721259,0.00023899999999965615,60,128
6.721389,0.00013000000000040757,265,128
6.721464,7.49999999998252e-05,265,127
6.721526,6.199999999978445e-05,60,128
6.721528,2.000000000279556e-06,60,127
6.722114,0.0005860000000001975,573,128
6.722233,0.00011899999999975819,167,128
6.722334,0.00010099999999990672,60,128
6.722336,2.000000000279556e-06,60,127
6.722387,5.100000000002325e-05,60,128
6.7223880000000005,1.000000000139778e-06,60,127
6.7229600000000005,0.0005720000000000169,1366,64
6.7230170000000005,5.699999999997374e-05,74,51
6.723129,0.00011199999999966792,66,64
6.723341,0.00021199999999943486,167,52
6.723701,0.0003600000000005821,443,64
6.725588,0.001886999999999972,1438,126
6.725843,0.00025500000000011624,60,128
6.725845,1.9999999993913775e-06,60,128
6.725846,1.000000000139778e-06,60,127
6.725848,2.000000000279556e-06,60,128
6.725849,1.000000000139778e-06,60,127
6.725892,4.2999999999793204e-05,60,128
6.725943,5.100000000002325e-05,60,127
6.72669,0.0007469999999996091,1076,126
6.727235,0.0005450000000006838,60,128
6.727588,0.00035299999999960363,167,128
6.728215,0.0006269999999997111,167,128
6.730098,0.001883000000000301,235,243
6.730968,0.0008699999999999264,60,245
6.731172,0.000204000000000093,60,128
6.73123,5.8000000000113516e-05,60,128
6.732382,0.001152000000000264,167,128
6.732385,2.9999999995311555e-06,411,128
6.7329550000000005,0.0005700000000006256,124,54
6.733132,0.0001769999999998717,60,128
6.733423,0.0002909999999998192,1404,54
6.7336,0.0001769999999998717,1404,54
6.733812,0.00021200000000032304,60,128
6.734461,0.0006489999999992335,72,64
6.734509,4.8000000000492093e-05,1404,54
6.73451,1.000000000139778e-06,167,52
6.7345690000000005,5.9000000000253294e-05,66,128
6.734688,0.00011899999999975819,1404,54
6.734689,1.000000000139778e-06,167,128
6.734808,0.00011899999999975819,1404,54
6.734877,6.899999999987472e-05,60,128
6.735039,0.00016200000000043957,1404,54
6.735159,0.00011999999999989797,1404,54
6.7353380000000005,0.00017900000000015126,60,128
6.735803,0.00046499999999927155,1404,54
6.736032,0.00022900000000003473,1404,54
6.73615,0.00011800000000050659,60,128
6.736152,1.9999999993913775e-06,1404,54
6.736349,0.00019700000000000273,1179,54
6.736349,0.0,89,113
6.73651,0.0001610000000002998,78,48
6.736567,5.699999999997374e-05,78,48
6.736626,5.9000000000253294e-05,60,128
6.736857,0.0002309999999994261,60,128
6.736946,8.900000000000574e-05,66,128
6.737005,5.9000000000253294e-05,66,127
6.73802,0.001014999999999766,60,128
6.738022,2.000000000279556e-06,60,127
6.738436,0.0004140000000001365,60,187
6.73854,0.00010400000000032605,60,64
6.738703,0.00016299999999969117,167,52
6.738789,8.599999999958641e-05,60,116
6.739038,0.00024900000000016576,60,128
6.73904,2.000000000279556e-06,60,128
6.739163,0.00012299999999942912,782,64
6.739164,1.000000000139778e-06,60,245
6.739312,0.00014800000000025904,60,128
6.739981,0.0006690000000002527,167,128
6.740579,0.0005980000000000985,66,51
6.740784,0.0002049999999993446,67,51
6.740785,1.000000000139778e-06,60,48
6.740936,0.0001509999999997902,60,245
6.741064,0.000128000000000128,60,128
6.741138,7.400000000057361e-05,60,128
6.7415,0.00036199999999997345,66,128
6.74186,0.0003599999999996939,60,52
6.742174,0.00031400000000036954,60,128
6.74238,0.00020599999999948437,60,128
6.746268,0.0038879999999998915,167,128
6.747551,0.001282999999999923,265,128
6.747624,7.300000000043383e-05,265,127
6.748837,0.0012129999999999086,167,52
6.749091,0.00025399999999997647,60,128
6.749093,2.000000000279556e-06,60,128
6.749888,0.0007950000000001012,167,52
6.750095,0.00020699999999962415,582,128
6.752152,0.0020569999999997535,60,128
6.752455,0.00030300000000060834,60,128
6.7524560000000005,1.000000000139778e-06,60,128
6.752458,1.9999999993913775e-06,60,127
6.752459,1.000000000139778e-06,60,127
6.752819,0.0003599999999996939,1404,54
6.753768,0.0009490000000003107,1404,54
6.753895,0.00012699999999998823,60,128
6.754029,0.0001340000000000785,1404,54
6.75409,6.099999999964467e-05,736,54
6.754091,1.000000000139778e-06,60,128
6.754092,1.000000000139778e-06,60,128
6.754349,0.0002570000000003958,60,128
6.75435,9.999999992515995e-07,1514,55
6.754486,0.00013600000000035806,1514,55
6.754621,0.00013500000000021828,1514,55
6.754622,1.000000000139778e-06,167,48
6.754763,0.0001409999999992806,1514,55
6.754955,0.00019200000000019202,1514,55
6.755102,0.00014700000000011926,1514,55
6.755102,0.0,265,55
6.755103,1.000000000139778e-06,60,50
6.755247,0.00014399999999969992,60,50
6.755345,9.800000000037556e-05,60,50
6.755465,0.00011999999999989797,1168,64
6.755883,0.0004179999999998074,1168,64
6.755884,1.000000000139778e-06,834,64
6.756334,0.0004499999999998394,167,128
6.756394,6.000000000039307e-05,60,128
6.756395,1.000000000139778e-06,60,128
6.756396,9.999999992515995e-07,60,128
6.756398,2.000000000279556e-06,60,128
6.756609,0.00021100000000018326,676,51
6.756741,0.00013199999999979894,66,64
6.7570630000000005,0.0003220000000005996,66,51
6.757826,0.000762999999999181,66,64
6.7589500000000005,0.001124000000000791,1514,47
6.7589500000000005,0.0,167,51
6.759766,0.0008159999999994838,1514,47
6.759767,1.000000000139778e-06,167,52
6.760046,0.0002789999999999182,1514,47
6.760201,0.0001550000000003493,1514,47
6.7603349999999995,0.00013399999999919032,1514,47
6.760385,5.000000000077165e-05,507,51
6.760434,4.899999999974369e-05,66,51
6.760498,6.4000000000064e-05,66,64
6.760555,5.699999999997374e-05,60,51
6.760651,9.600000000009601e-05,60,243
6.760828,0.0001769999999998717,60,128
6.761196,0.00036799999999992394,60,128
6.7613520000000005,0.00015600000000048908,66,64
6.761685,0.0003329999999994726,60,128
6.761735,4.999999999988347e-05,1514,47
6.761735,0.0,159,51
6.761868,0.00013299999999993872,1514,47
6.762094,0.00022600000000050358,1514,47
6.763035,0.0009410000000000807,1514,47
6.763036,9.999999992515995e-07,74,47
6.7634360000000004,0.0004000000000008441,60,128
6.76382,0.00038399999999949586,60,128
6.764819,0.0009990000000001942,60,128
6.765888,0.0010690000000002087,66,64
6.769846,0.003957999999999906,859,243
6.7701139999999995,0.0002679999999992688,60,128
6.7709209999999995,0.0008070000000000022,60,47
6.771002,8.100000000066387e-05,66,128
6.771394,0.0003919999999997259,267,128
6.772433,0.0010390000000004562,95,128
6.774679,0.002245999999999526,438,50
6.774804,0.00012499999999970868,60,64
6.775281,0.0004770000000000607,167,46
6.775283,2.000000000279556e-06,78,48
6.775384,0.00010099999999990672,78,48
6.775601,0.00021700000000013375,60,50
6.775908,0.00030700000000027927,60,64
6.77602,0.00011199999999966792,73,64
6.776289,0.0002690000000002968,167,128
6.776626,0.0003370000000000317,91,49
6.780743,0.004116999999999926,176,52
6.781087,0.000344000000000122,79,51
6.78214,0.0010529999999997486,60,241
6.782478,0.0003380000000001715,60,128
6.783603,0.0011250000000000426,129,61
6.785355,0.0017519999999997538,752,128
6.785355,0.0,1452,55
6.785928,0.0005730000000001567,529,128
6.786011,8.300000000005525e-05,1362,128
6.786187,0.00017599999999973193,60,242
6.78627,8.300000000005525e-05,66,128
6.786484,0.00021399999999971442,60,128
6.787712,0.001228000000000229,60,45
6.788202,0.0004900000000001015,167,64
6.789084,0.0008819999999998274,60,128
6.790946,0.0018620000000000303,167,128
6.791212,0.00026599999999987745,167,128
6.792215,0.0010029999999998651,60,128
6.79286,0.0006450000000004508,60,242
6.793751,0.0008910000000001972,167,46
6.793753,1.9999999993913775e-06,89,112
6.794731,0.0009779999999999234,60,241
6.795846,0.0011150000000004212,167,128
6.796197,0.00035100000000021225,60,128
6.796781,0.0005839999999999179,66,51
6.797535,0.0007539999999996994,60,241
6.797991,0.0004559999999997899,67,64
6.798096,0.00010500000000046583,167,51
6.799071,0.000974999999999504,167,52
6.800769,0.0016980000000001993,157,51
6.801251,0.0004819999999998714,167,128
6.803375,0.002124000000000237,167,51
6.804985,0.0016100000000003334,167,128
6.808091,0.003105999999999831,60,242
6.808362,0.00027099999999968816,60,128
6.810874,0.0025120000000002918,60,126
6.811168,0.0002940000000002385,106,255
6.813812,0.0026440000000000907,66,41
6.814744,0.0009319999999997108,167,128
6.814809,6.500000000020378e-05,66,51
6.8161819999999995,0.0013729999999991804,1433,128
6.81696,0.0007780000000003895,167,48
6.818112,0.001152000000000264,61,51
6.818429,0.0003169999999999007,61,128
6.818835,0.00040599999999990644,167,52
6.819535,0.000700000000000145,1168,64
6.819915,0.0003799999999998249,1168,64
6.819915,0.0,903,64
6.820565,0.0006500000000002615,167,52
6.821142,0.0005769999999998277,67,51
6.823564,0.0024220000000001463,167,52
6.824914,0.0013499999999995183,167,128
6.825427,0.0005130000000006518,167,128
6.827202,0.001774999999999416,60,128
6.8282,0.0009980000000000544,167,128
6.82941,0.0012100000000003774,60,48
6.829707,0.00029699999999976967,60,48
6.829822,0.00011500000000008725,60,44
6.832339,0.0025170000000001025,167,128
6.8338,0.0014609999999999346,60,54
6.834411,0.0006110000000001392,167,52
6.834752,0.00034099999999970265,167,128
6.835234,0.0004819999999998714,450,64
6.835574,0.00034000000000045105,91,48
6.835576,1.9999999993913775e-06,60,128
6.836894,0.0013180000000003744,1514,48
6.836894,0.0,183,48
6.836958,6.4000000000064e-05,1435,128
6.836958,0.0,91,48
6.83709,0.00013199999999979894,60,128
6.837301,0.00021100000000018326,1431,128
6.837498,0.00019700000000000273,1199,128
6.83768,0.00018199999999968242,66,243
6.8378879999999995,0.00020799999999976393,60,128
6.837959,7.100000000015427e-05,60,243
6.838528,0.0005690000000004858,386,128
6.839203,0.0006750000000002032,167,52
6.839205,1.9999999993913775e-06,106,45
6.839319,0.00011399999999994748,273,45
6.839597,0.0002780000000006666,60,128
6.839757,0.00015999999999927184,1340,64
6.840036,0.0002789999999999182,167,128
6.840611,0.0005750000000004363,60,51
6.840682,7.100000000015427e-05,67,51
6.841212,0.0005299999999994753,73,64
6.841615,0.0004030000000003753,60,126
6.842804,0.0011890000000001066,60,126
6.842986,0.00018199999999968242,60,126
6.843092,0.00010600000000060561,60,126
6.843186,9.399999999981645e-05,60,126
6.843275,8.900000000000574e-05,60,126
6.843368,9.299999999967667e-05,60,126
6.843497,0.0001290000000002678,60,126
6.8436,0.00010300000000018628,60,126
6.843691,9.099999999939712e-05,60,126
6.843783,9.200000000042508e-05,60,126
6.843966,0.0001829999999998222,60,242
6.844154,0.0001879999999996329,61,49
6.84422,6.600000000034356e-05,60,128
6.844862,0.0006420000000000314,61,128
6.845027,0.00016499999999997073,583,128
6.846166,0.0011390000000002232,60,55
6.846285,0.00011899999999975819,167,128
6.846356,7.100000000015427e-05,267,243
6.847031,0.0006750000000002032,60,50
6.8479849999999995,0.0009539999999992332,60,45
6.848159,0.00017400000000034055,378,55
6.8483540000000005,0.00019500000000061135,66,128
6.848356,1.9999999993913775e-06,251,128
6.848659,0.00030299999999972016,167,52
6.84971,0.0010510000000003572,167,52
6.853401,0.003690999999999889,1141,55
6.85384,0.0004390000000000782,60,128
6.854988,0.0011479999999997048,1514,55
6.856095,0.0011070000000001912,1490,55
6.856096,1.000000000139778e-06,167,48
6.856332,0.000236000000000125,1514,55
6.856333,1.000000000139778e-06,167,128
6.85647,0.00013699999999960966,1514,55
6.85661,0.000140000000000029,1514,55
6.856734,0.00012400000000045708,1514,55
6.857121,0.0003869999999999152,74,64
6.857397,0.00027599999999949887,1514,55
6.85753,0.00013299999999993872,1514,55
6.8577,0.00017000000000066962,1514,55
6.857864,0.00016399999999983095,1514,55
6.857986,0.00012200000000017752,1406,55
6.857986,0.0,167,51
6.8583870000000005,0.0004010000000000957,1514,55
6.858537,0.0001499999999996504,1514,55
6.85866,0.0001230000000003173,1478,55
6.858792,0.00013199999999979894,1502,55
6.858917,0.00012499999999970868,1514,55
6.859037,0.00011999999999989797,1490,55
6.859157,0.00011999999999989797,1006,55
6.859158,1.000000000139778e-06,60,242
6.859227,6.899999999987472e-05,60,50
6.859291,6.4000000000064e-05,167,52
6.859292,1.000000000139778e-06,60,50
6.859947,0.0006550000000000722,60,50
6.860123,0.00017599999999973193,60,50
6.860124,1.000000000139778e-06,590,128
6.8602039999999995,7.999999999963592e-05,60,128
6.860205,1.000000000139778e-06,262,128
6.860994,0.0007890000000001507,60,55
6.861096,0.0001020000000000465,67,51
6.861393,0.00029699999999976967,60,128
6.861597,0.000204000000000093,67,64
6.862165,0.000568000000000346,60,55
6.862276,0.00011099999999952814,60,55
6.863264,0.000988000000000433,95,128
6.863266,2.000000000279556e-06,1413,243
6.863266,0.0,60,243
6.863894,0.0006279999999998509,60,128
6.86441,0.000516000000000183,1514,55
6.864535,0.00012499999999970868,1490,55
6.86464,0.00010499999999957765,60,128
6.864641,1.000000000139778e-06,1514,55
6.864822,0.00018100000000043082,1514,55
6.864947,0.00012499999999970868,1514,55
6.86509,0.00014300000000044832,1514,55
6.865146,5.599999999983396e-05,66,128
6.865681,0.0005350000000001742,66,128
6.865911,0.00022999999999928633,1514,55
6.866028,0.00011700000000036681,1442,55
6.866237,0.0002089999999999037,1502,55
6.866362,0.00012499999999970868,1514,55
6.866485,0.0001230000000003173,1514,55
6.866486,1.000000000139778e-06,482,128
6.866605,0.00011899999999975819,1478,55
6.866731,0.00012599999999984846,1514,55
6.866854,0.0001230000000003173,1514,55
6.866974,0.00011999999999989797,1478,55
6.867098,0.00012400000000045708,1514,55
6.867166,6.799999999973494e-05,91,128
6.867224,5.8000000000113516e-05,1514,55
6.867545,0.00032099999999957163,901,128
6.869108,0.001562999999999981,1514,55
6.869177,6.899999999987472e-05,721,55
6.86925,7.300000000043383e-05,89,115
6.869942,0.0006919999999999149,60,51
6.870184,0.0002420000000000755,60,128
6.870368,0.00018399999999996197,1514,55
6.8705300000000005,0.00016200000000043957,1514,55
6.8706890000000005,0.00015900000000002024,1514,55
6.870813,0.0001239999999995689,1514,55
6.870937,0.0001239999999995689,1514,55
6.871059,0.00012200000000017752,1514,55
6.87122,0.0001610000000002998,155,128
6.871222,2.000000000279556e-06,1430,55
6.871282,5.9999999999504894e-05,155,128
6.871373,9.10000000002853e-05,1514,55
6.871964,0.0005910000000000082,1514,55
6.872086,0.00012200000000017752,1514,55
6.872396,0.00030999999999981043,648,55
6.872482,8.599999999958641e-05,66,41
6.872603,0.00012100000000003774,89,51
6.873069,0.0004660000000002995,67,64
6.8733260000000005,0.0002570000000003958,60,243
6.873628,0.0003019999999995804,60,128
6.873838,0.00021000000000004349,219,243
6.87439,0.0005519999999998859,60,128
6.874702,0.00031200000000009,167,46
6.875366,0.0006639999999995538,315,128
6.8762,0.0008340000000002235,167,128
6.877836,0.001636000000000415,66,128
6.8778369999999995,9.999999992515995e-07,60,128
6.877887,5.000000000077165e-05,60,128
6.880553,0.002665999999999613,61,121
6.880914,0.0003609999999998337,218,51
6.880915,1.000000000139778e-06,61,128
6.882359,0.0014440000000002229,60,45
6.882833,0.0004739999999996414,60,128
6.882834,1.000000000139778e-06,60,128
6.885553,0.002718999999999916,61,114
6.885823,0.00027000000000043656,61,128
6.8858239999999995,9.999999992515995e-07,60,128
6.887825,0.0020010000000008077,60,128
6.887827,1.9999999993913775e-06,60,128
6.888106,0.0002789999999999182,62,53
6.888108,2.000000000279556e-06,60,128
6.888323,0.0002149999999998542,60,128
6.8891,0.0007770000000002497,74,50
6.889102,2.000000000279556e-06,599,128
6.889222,0.00011999999999989797,66,64
6.889794,0.0005720000000000169,472,64
6.889795,1.000000000139778e-06,60,128
6.890517,0.0007219999999996674,66,128
6.89058,6.299999999992423e-05,66,127
6.891004,0.0004239999999997579,167,128
6.891245,0.0002409999999999357,60,55
6.891246,1.000000000139778e-06,167,128
6.891427,0.00018100000000043082,60,128
6.891428,1.000000000139778e-06,60,127
6.891824,0.00039599999999939683,265,128
6.891895,7.100000000015427e-05,265,127
6.892558,0.0006630000000003022,61,52
6.89282,0.0002620000000002065,61,128
6.893766,0.0009459999999998914,60,55
6.893885,0.00011899999999975819,60,128
6.894442,0.0005569999999996966,167,46
6.894574,0.00013200000000068712,1168,64
6.8948540000000005,0.000280000000000058,1514,55
6.894923,6.899999999987472e-05,1168,64
6.894923,0.0,518,64
6.894983,5.9999999999504894e-05,1162,55
6.895242,0.0002589999999997872,60,128
6.895533,0.00029100000000070736,1151,128
6.895728,0.00019499999999972317,60,128
6.895961,0.00023299999999970566,60,243
6.89601,4.900000000063187e-05,167,128
6.896086,7.599999999996498e-05,60,50
6.896142,5.599999999983396e-05,60,128
6.896143,1.000000000139778e-06,60,127
6.896212,6.899999999987472e-05,60,51
6.89673,0.0005179999999995744,66,128
6.8969629999999995,0.00023299999999970566,60,128
6.896964,1.000000000139778e-06,60,127
6.897047,8.300000000005525e-05,60,128
6.897048,1.000000000139778e-06,60,127
6.897105,5.699999999997374e-05,60,114
6.897947,0.0008420000000004535,60,128
6.898185,0.00023799999999951638,60,243
6.898421,0.000236000000000125,167,51
6.898645,0.00022400000000022402,167,52
6.898647,2.000000000279556e-06,167,64
6.899099,0.0004519999999992308,60,243
6.899285,0.00018600000000024153,60,128
6.900402,0.0011169999999998126,1502,55
6.900524,0.00012200000000017752,1514,55
6.901096,0.0005720000000000169,160,1
6.901328,0.00023200000000045407,167,128
6.901513,0.00018499999999921357,1514,55
6.901514,1.000000000139778e-06,60,45
6.901515,1.000000000139778e-06,67,51
6.90165,0.00013500000000021828,1514,55
6.901771,0.00012100000000003774,60,128
6.901773,2.000000000279556e-06,1514,55
6.901898,0.00012499999999970868,1514,55
6.902039,0.00014100000000016877,1514,55
6.9021930000000005,0.00015400000000020952,1514,55
6.902718,0.0005249999999996646,1514,55
6.902842,0.0001239999999995689,1514,55
6.9030439999999995,0.00020199999999981344,1514,55
6.9030439999999995,0.0,167,51
6.903132,8.800000000075414e-05,879,55
6.903132,0.0,109,54
6.903302,0.00016999999999978144,324,54
6.90347,0.00016800000000039006,60,128
6.904669,0.001198999999999728,60,128
6.9046710000000004,2.000000000279556e-06,66,41
6.905068,0.0003969999999995366,167,128
6.905894,0.0008259999999999934,60,128
6.906078,0.00018399999999996197,60,128
6.906619,0.0005410000000001247,60,128
6.906763,0.00014399999999969992,66,126
6.906995,0.00023200000000045407,60,128
6.907716,0.0007209999999995276,961,128
6.908722,0.0010060000000002844,60,128
6.909023,0.0003010000000003288,60,128
6.909025,1.9999999993913775e-06,60,128
6.909394,0.0003690000000000637,60,128
6.911081,0.0016870000000004381,350,53
6.911454,0.00037299999999973465,60,128
6.912054,0.000600000000000378,60,128
6.912056,1.9999999993913775e-06,630,48
6.912193,0.00013700000000049783,60,64
6.9123280000000005,0.00013500000000021828,60,126
6.912599,0.00027099999999968816,106,255
6.91474,0.0021409999999999485,167,128
6.915773,0.0010329999999996176,1168,64
6.916136,0.00036300000000011323,1168,64
6.916136,0.0,113,64
6.916948,0.0008119999999998129,1492,51
6.917869,0.0009209999999999496,78,48
6.917935,6.600000000034356e-05,167,48
6.917985,4.999999999988347e-05,78,48
6.9182690000000004,0.0002840000000006171,1502,51
6.918565,0.0002959999999996299,1514,51
6.918756,0.00019100000000005224,1514,51
6.918838,8.199999999991547e-05,60,128
6.91889,5.200000000016303e-05,1514,51
6.9190380000000005,0.00014800000000025904,1514,51
6.919163,0.00012499999999970868,1514,51
6.919163,0.0,167,52
6.91969,0.0005269999999999442,60,128
6.920174,0.000484000000000151,91,128
6.920175,1.000000000139778e-06,91,128
6.920177,1.9999999993913775e-06,91,128
6.920178,1.000000000139778e-06,91,128
6.920406,0.00022799999999989495,1514,51
6.920692,0.00028600000000000847,1514,51
6.920831,0.0001389999999998892,1514,51
6.920964,0.00013299999999993872,1514,51
6.921077,0.00011300000000069588,1394,51
6.92121,0.00013299999999993872,1514,51
6.921282,7.199999999940587e-05,60,128
6.921339,5.699999999997374e-05,1514,51
6.921339,0.0,167,52
6.921341,2.000000000279556e-06,182,51
6.921566,0.0002250000000003638,1514,51
6.92171,0.00014399999999969992,1514,51
6.921833,0.0001230000000003173,1454,51
6.921969,0.00013599999999946988,1514,51
6.922188,0.0002190000000004133,60,128
6.922302,0.00011399999999994748,167,128
6.922652,0.0003500000000000725,1514,51
6.922796,0.00014399999999969992,1514,51
6.9229199999999995,0.0001239999999995689,1466,51
6.9229199999999995,0.0,66,53
6.922996,7.600000000085316e-05,60,128
6.923173,0.0001769999999998717,1514,51
6.923852,0.0006789999999998741,60,128
6.924032,0.00018000000000029104,1514,51
6.92417,0.00013799999999974943,1514,51
6.924303,0.00013299999999993872,1514,51
6.924438,0.00013500000000021828,1514,51
6.924438,0.0,167,52
6.924665,0.00022699999999975518,1514,51
6.924666,1.000000000139778e-06,60,128
6.924803,0.00013699999999960966,1514,51
6.92493,0.00012699999999998823,1514,51
6.925055,0.00012500000000059686,1514,51
6.925184,0.0001289999999993796,1514,51
6.9252970000000005,0.00011300000000069588,1382,51
6.925545,0.0002479999999991378,60,128
6.92587,0.00032500000000013074,66,128
6.926025,0.0001550000000003493,315,243
6.926367,0.00034199999999984243,1514,51
6.926423,5.599999999983396e-05,60,128
6.9264790000000005,5.600000000072214e-05,167,128
6.9266,0.00012099999999914957,1514,51
6.926727,0.00012699999999998823,1514,51
6.927227,0.0005000000000006111,60,128
6.927936,0.0007089999999996266,1514,51
6.9281500000000005,0.0002140000000006026,1514,50
6.928208,5.799999999922534e-05,167,128
6.928278,7.00000000000145e-05,1514,50
6.928279,1.000000000139778e-06,66,64
6.928355,7.599999999996498e-05,66,64
6.928409,5.400000000044258e-05,1514,50
6.928497,8.799999999986596e-05,66,64
6.9286069999999995,0.00010999999999938836,1514,50
6.928608,1.000000000139778e-06,60,127
6.928609,1.000000000139778e-06,60,242
6.92869,8.09999999997757e-05,66,64
6.9287980000000005,0.00010800000000088517,60,128
6.9288,1.9999999993913775e-06,283,128
6.930959,0.0021589999999998,167,64
6.931075,0.00011600000000022703,60,52
6.931317,0.0002420000000000755,167,64
6.932347,0.0010300000000000864,167,128
6.933249,0.0009019999999999584,91,41
6.933801,0.0005519999999998859,78,48
6.933803,2.000000000279556e-06,78,48
6.933877,7.399999999968543e-05,78,48
6.934264,0.0003869999999999152,60,41
6.934266,2.000000000279556e-06,167,52
6.934708,0.00044199999999960937,167,128
6.934943,0.00023499999999998522,60,128
6.935892,0.0009490000000003107,1514,55
6.93691,0.0010180000000001854,1514,55
6.936986,7.599999999996498e-05,66,128
6.937038,5.200000000016303e-05,1514,55
6.937167,0.0001289999999993796,1514,55
6.937291,0.00012400000000045708,1514,55
6.937718,0.00042700000000017724,67,64
6.937941,0.00022300000000008424,66,128
6.937943,1.9999999993913775e-06,66,128
6.937944,1.000000000139778e-06,66,128
6.937946,2.000000000279556e-06,66,128
6.938021,7.49999999998252e-05,446,64
6.938312,0.0002909999999998192,1514,55
6.938406,9.399999999981645e-05,60,128
6.938408,2.000000000279556e-06,1430,55
6.9386600000000005,0.0002520000000005851,1514,55
6.93882,0.00015999999999927184,1514,55
6.938938,0.00011800000000050659,66,128
6.93894,1.9999999993913775e-06,1514,55
6.93894,0.0,66,128
6.939003,6.299999999992423e-05,648,55
6.939172,0.00016900000000052984,1514,239
6.939172,0.0,167,52
6.939928,0.0007559999999999789,66,128
6.939929,1.000000000139778e-06,66,128
6.93993,1.000000000139778e-06,66,128
6.939931,9.999999992515995e-07,66,128
6.939996,6.500000000020378e-05,167,128
6.940551,0.0005550000000003052,60,53
6.940855,0.00030399999999985994,67,51
6.941159,0.00030399999999985994,60,52
6.94116,1.000000000139778e-06,60,128
6.94132,0.00016000000000016001,60,128
6.942575,0.001254999999999562,60,242
6.942866,0.00029100000000070736,60,128
6.94303,0.00016399999999983095,66,128
6.943581,0.0005509999999997461,61,49
6.943815,0.00023399999999984544,61,128
6.944799,0.0009839999999998739,66,128
6.944862,6.299999999992423e-05,66,127
6.945063,0.00020100000000056184,62,53
6.945064,1.000000000139778e-06,584,128
6.94517,0.00010599999999971743,95,128
6.945284,0.00011399999999994748,60,128
6.945688,0.0004039999999996269,60,128
6.945689,1.000000000139778e-06,60,127
6.946256,0.0005670000000002062,167,128
6.946257,1.000000000139778e-06,362,242
6.946258,1.000000000139778e-06,1215,128
6.94722,0.0009619999999994633,60,41
6.948648,0.001428000000000651,60,54
6.948649,9.999999992515995e-07,167,52
6.9497029999999995,0.0010539999999998884,60,61
6.950163,0.000460000000000349,1514,51
6.950658,0.0004949999999999122,60,128
6.951134,0.00047599999999992093,1514,51
6.9512920000000005,0.00015800000000076864,1514,51
6.951424,0.00013199999999979894,1514,51
6.951569,0.0001449999999998397,1514,51
6.95157,1.000000000139778e-06,167,52
6.951689,0.00011899999999975819,66,128
6.95169,1.000000000139778e-06,1514,51
6.95195,0.00025999999999992696,91,51
6.95239,0.000440000000000218,60,128
6.952441,5.100000000002325e-05,1514,51
6.952574,0.00013299999999993872,1514,51
6.952702,0.000128000000000128,1514,51
6.952878,0.00017599999999973193,1514,51
6.952878,0.0,302,54
6.953123,0.00024499999999960664,66,128
6.953125,2.000000000279556e-06,1014,41
6.953126,1.000000000139778e-06,91,53
6.95328,0.00015400000000020952,60,128
6.954168,0.0008879999999997779,160,1
6.954271,0.00010300000000018628,91,52
6.954272,9.999999992515995e-07,91,52
6.954527,0.00025500000000011624,60,243
6.954804,0.0002770000000005268,66,128
6.95531,0.0005059999999996734,265,128
6.9554030000000004,9.300000000056485e-05,1514,51
6.955456,5.2999999999414626e-05,265,127
6.955603,0.00014700000000011926,1514,51
6.955904,0.0003010000000003288,1514,51
6.956102,0.00019799999999925433,1514,51
6.956338,0.000236000000000125,167,128
6.956487,0.0001490000000003988,1514,51
6.956611,0.0001239999999995689,60,128
6.957351,0.000740000000000407,1514,51
6.957596,0.00024499999999960664,1514,51
6.957967,0.0003710000000003433,1514,51
6.958213,0.0002459999999997464,1514,51
6.958294,8.100000000066387e-05,60,128
6.95846,0.00016599999999922233,1514,51
6.958706,0.0002460000000006346,1514,51
6.958707,1.000000000139778e-06,167,48
6.958709,1.9999999993913775e-06,67,64
6.958969,0.00025999999999992696,1514,51
6.959175,0.00020600000000037255,60,128
6.959225,4.999999999988347e-05,1514,51
6.959226,1.000000000139778e-06,167,51
6.959724,0.0004979999999994433,1514,51
6.959971,0.0002470000000007744,1514,51
6.960094,0.00012299999999942912,60,128
6.960095,1.000000000139778e-06,60,128
6.960096,1.000000000139778e-06,60,128
6.960463,0.00036699999999978417,1514,51
6.96071,0.0002469999999998862,1514,51
6.960958,0.000248000000000026,60,128
6.96108,0.00012200000000017752,1514,51
6.961326,0.0002459999999997464,1514,51
6.961573,0.0002469999999998862,1514,51
6.961573,0.0,167,52
6.961835,0.0002620000000002065,60,128
6.962205,0.0003700000000002035,1514,51
6.962575,0.0003700000000002035,1514,51
6.962682,0.00010699999999985721,60,128
6.962821,0.0001389999999998892,1514,51
6.962913,9.200000000042508e-05,175,1
6.963068,0.00015499999999946112,1514,51
6.963438,0.0003700000000002035,1514,51
6.9635359999999995,9.799999999948739e-05,60,128
6.963684,0.00014800000000025904,1514,51
6.963931,0.0002469999999998862,1514,51
6.963932,1.000000000139778e-06,60,41
6.964062,0.00013000000000040757,66,50
6.964063,1.000000000139778e-06,67,51
6.9642,0.00013699999999960966,66,51
6.964331,0.00013099999999965917,60,128
6.96438,4.900000000063187e-05,459,243
6.964493,0.0001129999999998077,60,121
6.964566,7.299999999954565e-05,60,128
6.964924,0.0003580000000003025,1342,64
6.964983,5.9000000000253294e-05,1345,50
6.964984,1.000000000139778e-06,60,51
6.964985,1.000000000139778e-06,60,127
6.964986,9.999999992515995e-07,60,127
6.965123,0.00013700000000049783,66,50
6.9651250000000005,2.000000000279556e-06,60,47
6.965126,9.999999992515995e-07,60,128
6.965257,0.00013100000000054735,60,128
6.96532,6.299999999992423e-05,60,128
6.965424,0.00010399999999943788,66,64
6.965765,0.00034100000000059083,66,128
6.966852,0.0010870000000000601,66,128
6.966918,6.599999999945538e-05,66,127
6.966967,4.900000000063187e-05,66,128
6.967025,5.799999999922534e-05,66,127
6.967126,0.0001010000000007949,1117,128
6.967176,4.999999999988347e-05,60,128
6.967234,5.8000000000113516e-05,91,128
6.967236,1.9999999993913775e-06,60,127
6.967402,0.0001660000000001105,265,128
6.967475,7.300000000043383e-05,265,127
6.967642,0.0001669999999993621,60,242
6.967918,0.00027600000000038705,60,128
6.970039,0.0021209999999998175,60,128
6.970381,0.00034199999999984243,60,128
6.970382,1.000000000139778e-06,60,127
6.970973,0.0005910000000000082,265,128
6.970973,0.0,85,51
6.971022,4.899999999974369e-05,265,127
6.971224,0.00020200000000070162,60,128
6.971226,1.9999999993913775e-06,85,64
6.971227,1.000000000139778e-06,60,127
6.971496,0.0002690000000002968,60,128
6.971498,2.000000000279556e-06,60,128
6.971499,9.999999992515995e-07,60,127
6.971563,6.4000000000064e-05,60,127
6.973053,0.0014900000000004354,341,53
6.973458,0.00040499999999976666,60,128
6.974013,0.0005550000000003052,60,128
6.974678,0.0006649999999996936,167,46
6.976258,0.0015799999999996928,167,128
6.976563,0.0003049999999999997,60,128
6.976565,2.000000000279556e-06,60,127
6.97701,0.0004450000000000287,60,128
6.977011,1.000000000139778e-06,60,128
6.97712,0.00010900000000013677,60,45
6.977181,6.099999999964467e-05,60,127
6.977183,2.000000000279556e-06,60,127
6.980592,0.0034089999999995513,1168,64
6.98074,0.00014800000000025904,176,51
6.981051,0.0003109999999999502,1168,64
6.981051,0.0,146,64
6.981202,0.0001509999999997902,60,128
6.983008,0.0018060000000001963,1514,51
6.983452,0.00044399999999988893,1514,51
6.98351,5.8000000000113516e-05,60,128
6.984476,0.0009660000000000224,1514,51
6.984565,8.900000000000574e-05,74,64
6.98466,9.499999999995623e-05,1514,51
6.9848099999999995,0.0001499999999996504,1514,51
6.985162,0.00035200000000035203,60,128
6.985462,0.000300000000000189,1514,51
6.98571,0.000248000000000026,1514,51
6.985759,4.899999999974369e-05,66,128
6.986008,0.00024900000000016576,60,128
6.989559,0.00355099999999986,60,128
6.991018,0.0014590000000005432,167,128
6.991214,0.00019599999999986295,60,128
6.991283,6.899999999987472e-05,167,128
6.991789,0.0005059999999996734,60,128
6.993233,0.0014440000000002229,64,128
6.993599,0.0003659999999996444,167,46
6.995878,0.002279000000000586,1292,64
6.995878,0.0,167,128
6.997214,0.0013359999999993377,167,64
6.998528,0.0013140000000007035,167,51
6.99853,1.9999999993913775e-06,167,52
6.998904,0.00037399999999987443,448,128
7.000825,0.0019210000000002836,67,51
7.0013,0.00047499999999978115,167,128
7.002535,0.0012350000000003192,67,64
7.003221,0.0006859999999999644,167,51
7.004649,0.0014279999999997628,155,128
7.004651,2.000000000279556e-06,155,128
7.004962,0.0003109999999999502,167,128
7.01017,0.005207999999999657,777,48
7.010338,0.00016800000000039006,60,64
7.010388,4.999999999988347e-05,1514,51
7.010873,0.00048500000000029075,60,128
7.012739,0.0018659999999997012,1514,51
7.012875,0.00013600000000035806,67,64
7.012967,9.19999999995369e-05,1514,51
7.013105,0.0001380000000006376,1514,51
7.013316,0.00021099999999929508,1514,51
7.01346,0.0001440000000005881,1514,51
7.013586,0.00012599999999984846,1514,51
7.013716,0.0001299999999995194,1514,51
7.013717,1.000000000139778e-06,60,53
7.013834,0.00011700000000036681,78,52
7.013836,2.000000000279556e-06,78,52
7.013837,9.999999992515995e-07,78,51
7.013911,7.400000000057361e-05,156,61
7.013991,7.999999999963592e-05,66,64
7.014121,0.00013000000000040757,60,128
7.014187,6.599999999945538e-05,1514,51
7.014335,0.00014800000000025904,1514,51
7.014459,0.00012400000000045708,1514,51
7.014544,8.499999999944663e-05,156,64
7.014594,4.999999999988347e-05,1514,51
7.014841,0.0002469999999998862,167,128
7.014976,0.00013500000000021828,60,128
7.015585,0.0006089999999998597,1514,51
7.015833,0.000248000000000026,1514,51
7.015982,0.0001490000000003988,1514,51
7.016086,0.00010399999999943788,98,12
7.016135,4.900000000063187e-05,1514,51
7.016252,0.00011699999999947863,1514,51
7.016376,0.00012400000000045708,1514,51
7.016499,0.00012299999999942912,1514,51
7.016622,0.0001230000000003173,1514,51
7.016672,4.999999999988347e-05,60,128
7.016745,7.300000000043383e-05,1514,51
7.016746,1.000000000139778e-06,167,48
7.016998,0.0002519999999996969,1514,51
7.017134,0.00013600000000035806,1514,51
7.017134,0.0,66,50
7.017135,9.999999992515995e-07,78,49
7.01731,0.00017500000000048033,66,64
7.017522,0.00021199999999943486,1438,126
7.017572,5.000000000077165e-05,60,128
7.017622,4.999999999988347e-05,1076,126
7.01791,0.00028799999999939985,445,64
7.018883,0.0009730000000001127,167,52
7.019085,0.00020199999999981344,60,128
7.020621,0.001536000000000648,1514,51
7.020621,0.0,167,52
7.020838,0.00021700000000013375,1514,51
7.020979,0.0001409999999992806,1514,51
7.02098,1.000000000139778e-06,67,51
7.021106,0.00012599999999984846,60,128
7.021107,1.000000000139778e-06,1514,51
7.021234,0.00012699999999998823,1514,51
7.021357,0.0001230000000003173,1514,51
7.021481,0.0001239999999995689,1514,51
7.021604,0.0001230000000003173,1514,51
7.021848,0.00024400000000035504,1514,51
7.021848,0.0,60,126
7.022002,0.00015399999999932135,60,128
7.022051,4.900000000063187e-05,1514,54
7.022051,0.0,60,241
7.022052,1.000000000139778e-06,60,48
7.022202,0.0001499999999996504,60,128
7.022318,0.00011600000000022703,1514,54
7.022318,0.0,105,45
7.022318,0.0,177,45
7.02232,1.9999999993913775e-06,60,240
7.022391,7.100000000015427e-05,167,128
7.022392,1.000000000139778e-06,66,128
7.022466,7.399999999968543e-05,66,127
7.022467,1.000000000139778e-06,60,128
7.022468,1.000000000139778e-06,78,53
7.022523,5.499999999969418e-05,60,128
7.022591,6.800000000062312e-05,78,53
7.022858,0.0002670000000000172,60,128
7.023068,0.00021000000000004349,78,52
7.023277,0.0002089999999999037,60,128
7.023327,4.999999999988347e-05,167,52
7.023328,1.000000000139778e-06,60,127
7.023588,0.00025999999999992696,1514,64
7.023806,0.00021800000000027353,60,128
7.023925,0.00011899999999975819,66,128
7.023997,7.199999999940587e-05,66,127
7.024693,0.000696000000000474,167,128
7.024694,1.000000000139778e-06,60,128
7.024743,4.899999999974369e-05,60,127
7.024985,0.0002420000000000755,265,128
7.025058,7.299999999954565e-05,265,127
7.025122,6.4000000000064e-05,534,241
7.025354,0.00023200000000045407,66,128
7.028251,0.0028969999999999274,167,128
7.028883,0.00063200000000041,60,128
7.028884,9.999999992515995e-07,60,128
7.028885,1.000000000139778e-06,60,127
7.028947,6.199999999978445e-05,60,127
7.030014,0.0010670000000008173,60,128
7.031409,0.001394999999999591,60,128
7.032406,0.0009969999999999146,167,128
7.033166,0.0007599999999996498,265,128
7.034148,0.0009820000000004825,167,52
7.034563,0.00041500000000027626,1168,64
7.034783,0.0002199999999996649,167,128
7.034998,0.0002149999999998542,1168,64
7.034998,0.0,133,64
7.038331,0.0033330000000004745,265,127
7.038974,0.000642999999999283,167,52
7.039995,0.0010210000000006048,167,128
7.0408,0.0008049999999997226,74,64
7.041086,0.00028600000000000847,219,51
7.041561,0.00047499999999978115,66,128
7.041627,6.600000000034356e-05,66,127
7.041738,0.00011099999999952814,66,55
7.042201,0.00046300000000076835,60,128
7.042202,9.999999992515995e-07,60,127
7.042204,2.000000000279556e-06,60,128
7.042251,4.7000000000352316e-05,60,127
7.042473,0.00022199999999994446,60,128
7.042475,1.9999999993913775e-06,60,127
7.043439,0.000964000000000631,60,52
7.04446,0.0010209999999997166,60,52
7.044948,0.0004879999999998219,1514,55
7.045932,0.0009839999999998739,1514,55
7.046068,0.00013600000000035806,1514,55
7.0462,0.00013199999999979894,1514,55
7.046288,8.799999999986596e-05,167,128
7.046337,4.900000000063187e-05,1514,55
7.046469,0.00013199999999979894,1514,55
7.046527,5.8000000000113516e-05,630,55
7.046735,0.00020799999999976393,1514,51
7.047012,0.00027699999999963865,1514,51
7.047275,0.0002630000000003463,60,128
7.047559,0.0002839999999997289,66,128
7.047631,7.200000000029405e-05,1514,51
7.047853,0.00022199999999994446,1514,51
7.048028,0.00017500000000048033,1514,51
7.048029,9.999999992515995e-07,66,41
7.04803,1.000000000139778e-06,60,128
7.048205,0.00017500000000048033,66,126
7.048207,1.9999999993913775e-06,286,64
7.048947,0.000740000000000407,60,128
7.049156,0.0002089999999999037,167,52
7.049215,5.9000000000253294e-05,60,128
7.04996,0.0007449999999993295,362,241
7.049961,1.000000000139778e-06,167,52
7.050192,0.0002310000000003143,66,128
7.050193,1.000000000139778e-06,91,48
7.050422,0.00022900000000003473,60,242
7.050611,0.00018899999999977268,60,49
7.050613,2.000000000279556e-06,60,128
7.052239,0.0016259999999999053,265,128
7.052309,7.00000000000145e-05,265,127
7.053468,0.001158999999999466,175,1
7.054716,0.00124800000000036,167,48
7.055621,0.0009050000000003777,60,128
7.056246,0.0006249999999994316,60,128
7.056247,1.000000000139778e-06,60,128
7.056341,9.399999999981645e-05,167,128
7.0565,0.00015900000000002024,483,128
7.056501,1.000000000139778e-06,67,64
7.056502,1.000000000139778e-06,968,128
7.058966,0.0024639999999997997,74,64
7.05972,0.0007540000000005875,167,51
7.060224,0.0005039999999993938,60,127
7.060226,2.000000000279556e-06,60,127
7.060401,0.00017499999999959215,167,52
7.060484,8.300000000005525e-05,60,128
7.061662,0.0011780000000003454,251,51
7.062416,0.0007539999999996994,1514,54
7.06254,0.00012400000000045708,1514,54
7.062663,0.00012299999999942912,1514,54
7.063231,0.000568000000000346,60,128
7.065376,0.0021449999999996194,66,43
7.065508,0.00013200000000068712,66,41
7.065626,0.00011799999999961841,60,50
7.066562,0.00093600000000027,472,50
7.066563,1.000000000139778e-06,66,51
7.067453,0.0008900000000000574,1514,51
7.067689,0.00023599999999923682,1514,51
7.068649,0.0009600000000000719,1514,51
7.068793,0.0001440000000005881,60,128
7.068795,1.9999999993913775e-06,1514,51
7.068927,0.00013200000000068712,1514,51
7.069059,0.00013199999999979894,1514,51
7.06906,1.000000000139778e-06,303,51
7.069346,0.00028600000000000847,66,51
7.069705,0.0003589999999995541,60,128
7.070145,0.000440000000000218,89,115
7.071194,0.0010490000000000776,60,128
7.071441,0.0002469999999998862,60,48
7.072185,0.0007440000000000779,60,128
7.07414,0.001954999999999707,60,128
7.075578,0.0014380000000002724,167,46
7.076322,0.0007440000000000779,167,128
7.077212,0.0008900000000000574,60,128
7.077528,0.0003159999999997609,73,64
7.078139,0.0006110000000001392,60,128
7.08044,0.0023010000000001085,986,128
7.080718,0.0002779999999997784,74,51
7.082515,0.0017969999999998265,60,50
7.082665,0.0001500000000005386,60,128
7.083354,0.0006889999999994956,834,128
7.085861,0.002507000000000481,66,128
7.086341,0.00047999999999959186,1002,49
7.086469,0.000128000000000128,66,64
7.087146,0.0006769999999995946,66,49
7.087868,0.0007220000000005555,66,64
7.087948,7.999999999963592e-05,1514,128
7.087949,1.000000000139778e-06,198,128
7.08828,0.00033100000000008123,182,50
7.088523,0.00024300000000021527,182,50
7.091007,0.0024839999999999307,167,128
7.091168,0.00016099999999941161,78,49
7.091288,0.00011999999999989797,167,128
7.09129,2.000000000279556e-06,78,49
7.094255,0.0029650000000005505,167,46
7.094755,0.0004999999999997229,66,128
7.094806,5.100000000002325e-05,167,64
7.094807,1.000000000139778e-06,60,128
7.095791,0.0009839999999998739,167,128
7.09645,0.0006589999999997431,66,128
7.096511,6.099999999964467e-05,66,127
7.096725,0.0002140000000006026,74,64
7.09736,0.0006349999999999412,60,128
7.097363,2.9999999995311555e-06,60,127
7.097775,0.0004120000000007451,265,128
7.097849,7.399999999968543e-05,265,127
7.098063,0.00021399999999971442,1168,64
7.098391,0.0003280000000005501,167,51
7.098535,0.00014399999999969992,958,64
7.098783,0.000248000000000026,167,52
7.100566,0.001782999999999646,66,128
7.101075,0.0005090000000000927,67,51
7.101284,0.0002089999999999037,167,128
7.101865,0.0005810000000003868,60,128
7.102151,0.00028600000000000847,394,128
7.102676,0.0005249999999996646,60,128
7.102678,2.000000000279556e-06,60,128
7.102893,0.0002149999999998542,167,51
7.104838,0.0019450000000000855,60,127
7.104987,0.0001490000000003988,60,127
7.104988,9.999999992515995e-07,60,127
7.105083,9.499999999995623e-05,167,128
7.105168,8.500000000033481e-05,60,128
7.108029,0.0028610000000002245,61,114
7.108375,0.00034599999999951336,61,128
7.108949,0.0005740000000002965,60,49
7.113069,0.004120000000000346,66,128
7.113132,6.299999999992423e-05,66,127
7.113996,0.0008639999999999759,60,128
7.113998,1.9999999993913775e-06,60,127
7.114422,0.0004240000000006461,265,128
7.114494,7.199999999940587e-05,265,127
7.114741,0.0002470000000007744,167,128
7.1166,0.001858999999999611,167,48
7.118408,0.0018079999999995877,60,128
7.118409,1.000000000139778e-06,60,127
7.118411,2.000000000279556e-06,60,128
7.11848,6.899999999987472e-05,60,127
7.119147,0.0006669999999999732,167,52
7.119406,0.0002589999999997872,67,64
7.120709,0.0013030000000000541,167,52
7.121129,0.00042000000000008697,67,51
7.122293,0.001164000000000165,167,128
7.123574,0.0012809999999996435,167,52
7.124762,0.0011879999999999669,167,128
7.124961,0.00019900000000028228,138,126
7.125529,0.000568000000000346,106,255
7.12568,0.0001509999999997902,106,255
7.125821,0.00014100000000016877,106,255
7.125961,0.000140000000000029,106,255
7.126102,0.00014100000000016877,106,255
7.126242,0.000140000000000029,106,255
7.1263819999999996,0.0001399999999991408,106,255
7.126526,0.0001440000000005881,106,255
7.126671,0.0001449999999998397,106,255
7.126815,0.00014399999999969992,106,255
7.126968,0.00015300000000006975,106,255
7.127215,0.0002469999999998862,106,255
7.127363,0.00014800000000025904,106,255
7.127511,0.00014800000000025904,106,255
7.1276720000000005,0.0001610000000002998,106,255
7.127823,0.0001509999999997902,106,255
7.127976,0.00015300000000006975,106,255
7.128126,0.0001499999999996504,106,255
7.128225,9.899999999962716e-05,167,128
7.128283,5.8000000000113516e-05,106,255
7.128433,0.0001500000000005386,106,255
7.128502,6.899999999987472e-05,60,128
7.129359,0.0008569999999998856,1414,242
7.12993,0.0005709999999998772,1414,242
7.130055,0.00012499999999970868,1414,242
7.130056,1.000000000139778e-06,117,242
7.130105,4.900000000063187e-05,291,242
7.130276,0.00017099999999992122,60,114
7.130969,0.0006930000000000547,60,128
7.132339,0.0013699999999996493,167,128
7.135217,0.002877999999999936,167,52
7.135645,0.000428000000000317,167,128
7.138419,0.00277399999999961,60,128
7.139148,0.0007289999999997576,167,52
7.140014,0.0008660000000002555,167,128
7.140967,0.0009529999999999816,269,51
7.141541,0.0005740000000002965,67,64
7.14418,0.00263900000000028,60,126
7.144466,0.00028600000000000847,78,128
7.145727,0.0012609999999995125,60,128
7.146287,0.000560000000000116,167,128
7.147145,0.0008580000000000254,60,128
7.147148,2.9999999995311555e-06,60,128
7.149021,0.0018730000000006797,89,115
7.1495049999999996,0.0004839999999992628,167,52
7.151152,0.001647000000000176,60,128
7.151408,0.000256000000000256,167,52
7.152727,0.001318999999999626,103,64
7.153129,0.0004020000000002355,103,64
7.153131,2.000000000279556e-06,103,64
7.153132,1.000000000139778e-06,103,64
7.153941,0.0008089999999993935,89,47
7.154158,0.00021700000000013375,60,128
7.154683,0.0005250000000005528,167,48
7.156098,0.001414999999999722,60,243
7.156365,0.0002670000000000172,60,128
7.156366,1.000000000139778e-06,167,128
7.157243,0.0008770000000000167,60,128
7.157423,0.00017999999999940286,60,128
7.15905,0.001627000000000045,1514,247
7.159103,5.3000000000302805e-05,554,247
7.159104,1.000000000139778e-06,167,51
7.159835,0.0007310000000000372,60,128
7.159836,1.000000000139778e-06,1514,247
7.159837,9.999999992515995e-07,167,52
7.160061,0.00022400000000022402,74,49
7.160229,0.00016800000000039006,66,64
7.160798,0.0005689999999995976,66,128
7.160799,1.000000000139778e-06,443,64
7.160898,9.900000000051534e-05,66,41
7.161135,0.0002369999999993766,310,51
7.162363,0.001228000000000229,79,64
7.165344,0.0029810000000001224,66,127
7.165619,0.00027500000000024727,60,128
7.16595,0.00033099999999919305,265,128
7.166149,0.00019900000000028228,60,128
7.166557,0.000408000000000186,60,127
7.166559,2.000000000279556e-06,265,127
7.170447,0.0038879999999998915,60,128
7.170449,1.9999999993913775e-06,60,127
7.170731,0.00028200000000033754,60,128
7.170733,2.000000000279556e-06,60,127
7.170782,4.899999999974369e-05,60,128
7.170946,0.00016399999999983095,60,127
7.17199,0.001044000000000267,66,61
7.172781,0.0007909999999995421,894,128
7.173288,0.0005070000000007013,78,64
7.17465,0.0013619999999994192,167,46
7.176314,0.0016639999999998878,167,128
7.179282,0.0029680000000000817,91,128
7.179824,0.0005420000000002645,60,237
7.180019,0.00019499999999972317,60,128
7.180149,0.00013000000000040757,60,128
7.180764,0.0006149999999998101,100,51
7.180929,0.00016499999999997073,89,112
7.188696,0.0077670000000003014,70,242
7.190242,0.0015459999999993812,64,128
7.191081,0.0008390000000000342,167,128
7.19135,0.0002690000000002968,167,128
7.191475,0.00012499999999970868,443,128
7.193413,0.0019379999999999953,167,64
7.193587,0.00017400000000034055,167,46
7.194047,0.000460000000000349,66,128
7.194115,6.799999999973494e-05,66,127
7.194595,0.00047999999999959186,1168,64
7.194945,0.0003500000000000725,60,128
7.194946,1.000000000139778e-06,60,127
7.195064,0.00011800000000050659,1168,64
7.195065,9.999999992515995e-07,738,64
7.195374,0.00030900000000055883,265,128
7.19546,8.599999999958641e-05,265,127
7.195896,0.00043600000000054706,167,128
7.197951,0.002054999999999474,167,51
7.198418,0.0004670000000004393,167,52
7.199835,0.0014170000000000016,60,128
7.199837,1.9999999993913775e-06,60,127
7.20067,0.0008330000000000837,60,128
7.200672,2.000000000279556e-06,60,127
7.200731,5.9000000000253294e-05,60,128
7.200733,1.9999999993913775e-06,60,127
7.20099,0.0002570000000003958,70,51
7.201306,0.0003159999999997609,167,128
7.203048,0.0017420000000001323,167,51
7.205007,0.001959000000000266,167,128
7.207647,0.0026399999999995316,302,54
7.207843,0.00019600000000075113,66,128
7.209135,0.0012919999999994047,60,128
7.209677,0.0005420000000002645,61,52
7.210046,0.0003690000000000637,61,128
7.214723,0.004677000000000042,167,128
7.215151,0.00042799999999942884,89,117
7.215613,0.0004620000000006286,67,64
7.216679,0.0010659999999997893,167,48
7.21714,0.0004609999999996006,61,111
7.217407,0.0002670000000000172,61,128
7.217736,0.00032900000000068985,66,128
7.217797,6.099999999964467e-05,66,127
7.218032,0.00023499999999998522,60,128
7.218034,2.000000000279556e-06,60,127
7.218882,0.0008479999999995158,167,52
7.220608,0.0017260000000005604,167,52
7.220792,0.00018399999999996197,155,128
7.220972,0.00017999999999940286,155,128
7.221047,7.500000000071338e-05,286,51
7.222427,0.0013799999999992707,167,128
7.223004,0.0005770000000007158,61,113
7.223245,0.0002409999999999357,61,128
7.223246,9.999999992515995e-07,167,52
7.225635,0.0023889999999999745,167,128
7.227911,0.0022760000000001668,265,128
7.227981,7.00000000000145e-05,265,127
7.228261,0.000280000000000058,167,128
7.230829,0.0025680000000001257,89,120
7.231911,0.0010820000000002494,60,128
7.231983,7.199999999940587e-05,60,127
7.232113,0.00013000000000040757,505,128
7.232169,5.599999999983396e-05,60,128
7.232224,5.500000000058236e-05,60,127
7.232226,1.9999999993913775e-06,60,128
7.232283,5.699999999997374e-05,60,127
7.23242,0.00013700000000049783,167,128
7.232474,5.3999999999554404e-05,523,128
7.233291,0.0008170000000005118,60,128
7.234323,0.0010319999999994778,167,52
7.235687,0.001364000000000587,167,128
7.237836,0.0021489999999992904,78,48
7.237838,2.000000000279556e-06,78,48
7.238156,0.00031800000000004047,1168,64
7.23882,0.0006639999999995538,167,52
7.239186,0.00036600000000053257,1290,64
7.239788,0.0006019999999997694,95,128
7.24001,0.00022199999999994446,167,128
7.240012,2.000000000279556e-06,66,128
7.240089,7.700000000010476e-05,66,127
7.240679,0.0005899999999998684,70,51
7.240993,0.00031399999999948136,60,128
7.240994,1.000000000139778e-06,60,127
7.241178,0.00018399999999996197,937,64
7.241365,0.0001870000000003813,265,128
7.241439,7.399999999968543e-05,265,127
7.24167,0.0002310000000003143,583,128
7.243031,0.0013610000000001676,155,128
7.243032,1.000000000139778e-06,155,128
7.244854,0.0018219999999997682,60,128
7.245352,0.0004979999999994433,60,128
7.245354,2.000000000279556e-06,60,128
7.245355,1.000000000139778e-06,60,127
7.245418,6.299999999992423e-05,60,127
7.246273,0.0008550000000004943,167,128
7.248732,0.002458999999999989,167,52
7.249729,0.0009969999999999146,167,52
7.25355,0.003820999999999408,66,128
7.254435,0.0008850000000002467,167,48
7.254857,0.0004220000000003665,60,128
7.256392,0.00153499999999962,167,128
7.25667,0.0002779999999997784,66,128
7.256733,6.299999999992423e-05,66,127
7.256998,0.00026500000000062585,60,128
7.256999,1.000000000139778e-06,60,127
7.257398,0.00039899999999981617,265,128
7.25747,7.199999999940587e-05,265,127
7.257911,0.00044100000000035777,167,51
7.258363,0.000452000000000119,81,64
7.259831,0.0014680000000000248,60,128
7.260457,0.0006259999999995713,1414,242
7.260586,0.0001290000000002678,167,52
7.261159,0.0005730000000001567,75,242
7.261416,0.0002569999999995076,60,128
7.261418,2.000000000279556e-06,60,128
7.261419,1.000000000139778e-06,60,127
7.261466,4.7000000000352316e-05,60,127
7.261634,0.00016799999999950188,1414,242
7.261701,6.700000000048334e-05,60,128
7.262119,0.0004179999999998074,331,51
7.262444,0.00032500000000013074,75,242
7.26279,0.00034599999999951336,66,128
7.262842,5.200000000016303e-05,1414,242
7.262842,0.0,66,127
7.262924,8.199999999991547e-05,60,128
7.263213,0.0002890000000004278,312,242
7.263765,0.0005519999999998859,60,128
7.263895,0.0001299999999995194,60,128
7.263897,2.000000000279556e-06,60,127
7.263956,5.9000000000253294e-05,66,128
7.264014,5.8000000000113516e-05,66,127
7.264274,0.00025999999999992696,265,128
7.264346,7.199999999940587e-05,265,127
7.266882,0.0025360000000000937,60,128
7.267136,0.00025399999999997647,1404,64
7.267258,0.00012200000000017752,60,128
7.26825,0.000992000000000104,60,128
7.268252,2.000000000279556e-06,60,128
7.268253,9.999999992515995e-07,60,127
7.268319,6.600000000034356e-05,60,127
7.26921,0.0008910000000001972,66,128
7.269267,5.699999999997374e-05,66,127
7.269933,0.0006659999999998334,60,128
7.269935,2.000000000279556e-06,60,127
7.270232,0.00029699999999976967,60,128
7.270295,6.299999999992423e-05,265,128
7.270367,7.200000000029405e-05,265,127
7.272998,0.00263100000000005,60,128
7.273,1.9999999993913775e-06,60,127
7.274329,0.0013290000000001356,265,128
7.2744,7.100000000015427e-05,265,127
7.274476,7.599999999996498e-05,60,128
7.274478,2.000000000279556e-06,60,127
7.274625,0.00014700000000011926,167,46
7.274929,0.00030399999999985994,60,128
7.274931,1.9999999993913775e-06,60,127
7.275804,0.0008730000000003457,78,48
7.27586,5.599999999983396e-05,78,48
7.276306,0.0004460000000001685,167,128
7.277376,0.0010700000000003485,576,64
7.279472,0.0020959999999998757,66,128
7.27953,5.8000000000113516e-05,66,127
7.279925,0.00039500000000014523,60,128
7.279925,0.0,60,127
7.280369,0.00044399999999988893,60,128
7.28037,9.999999992515995e-07,60,127
7.280492,0.00012200000000017752,60,128
7.280493,1.000000000139778e-06,60,128
7.280494,1.000000000139778e-06,60,127
7.280542,4.7999999999603915e-05,60,127
7.280771,0.00022900000000003473,265,128
7.280845,7.400000000057361e-05,265,127
7.281283,0.00043799999999993844,70,51
7.28151,0.00022699999999975518,1168,64
7.281934,0.0004239999999997579,1048,64
7.284671,0.0027370000000006556,60,128
7.284672,9.999999992515995e-07,60,127
7.284674,2.000000000279556e-06,60,128
7.284718,4.399999999993298e-05,60,127
7.288493,0.003775000000000084,92,128
7.290411,0.0019179999999998643,167,64
7.290982,0.0005709999999998772,167,128
7.291358,0.000376000000000154,167,128
7.293943,0.0025849999999998374,167,46
7.295893,0.0019500000000007844,167,128
7.296099,0.00020599999999948437,66,54
7.297529,0.0014300000000000423,66,128
7.297531,2.000000000279556e-06,66,54
7.297766,0.00023499999999998522,66,54
7.298365,0.0005990000000002382,167,51
7.298878,0.0005129999999997636,60,128
7.299014,0.00013599999999946988,167,52
7.301304,0.0022900000000003473,106,51
7.301305,1.000000000139778e-06,167,128
7.301755,0.0004499999999998394,67,64
7.303296,0.0015409999999995705,167,51
7.304774,0.0014780000000005344,66,54
7.305048,0.0002740000000001075,1514,54
7.305049,1.000000000139778e-06,60,52
7.305181,0.00013199999999979894,167,128
7.305245,6.4000000000064e-05,60,52
7.305382,0.00013699999999960966,66,128
7.308572,0.003190000000000026,60,55
7.308703,0.00013100000000054735,84,52
7.308845,0.00014199999999942037,60,55
7.309226,0.0003809999999999647,60,243
7.309566,0.00034000000000045105,60,51
7.309696,0.0001299999999995194,84,52
7.310155,0.00045900000000020924,66,41
7.310249,9.399999999981645e-05,66,64
7.310299,4.999999999988347e-05,60,52
7.311386,0.0010870000000000601,89,52
7.311454,6.800000000062312e-05,60,45
7.311646,0.00019199999999930384,73,128
7.312603,0.0009570000000005408,67,64
7.313298,0.0006949999999994461,1514,55
7.314227,0.0009290000000001797,1168,55
7.314633,0.00040599999999990644,72,46
7.314862,0.00022900000000003473,167,128
7.315541,0.0006789999999998741,60,128
7.317279,0.0017380000000004614,167,48
7.317891,0.000612000000000279,1040,242
7.318062,0.00017099999999992122,86,51
7.318763,0.0007009999999993966,86,52
7.318829,6.600000000034356e-05,167,52
7.319189,0.0003599999999996939,84,52
7.320325,0.001136000000000692,91,128
7.320326,9.999999992515995e-07,91,128
7.320391,6.500000000020378e-05,91,128
7.320499,0.00010799999999999699,167,52
7.320738,0.00023900000000054433,77,51
7.322387,0.0016489999999995675,167,128
7.323935,0.0015479999999996608,167,52
7.324115,0.00018000000000029104,171,52
7.325082,0.0009670000000001622,171,52
7.326144,0.0010620000000001184,171,51
7.326353,0.0002089999999999037,171,51
7.326482,0.0001290000000002678,171,51
7.326607,0.00012499999999970868,171,52
7.327076,0.00046899999999983066,171,52
7.32722,0.00014399999999969992,167,128
7.328222,0.0010020000000006135,167,128
7.332494,0.004271999999999387,167,128
7.332572,7.800000000024454e-05,171,51
7.333555,0.000982999999999734,183,51
7.334242,0.0006870000000001042,66,64
7.334317,7.500000000071338e-05,167,52
7.334491,0.00017399999999945237,67,64
7.335706,0.0012150000000001882,167,128
7.336551,0.0008449999999999847,84,48
7.339794,0.003243000000000329,66,49
7.339977,0.0001829999999998222,167,128
7.340453,0.00047599999999992093,75,52
7.340786,0.0003329999999994726,253,51
7.340787,1.000000000139778e-06,60,41
7.341003,0.00021599999999999397,60,51
7.3417580000000005,0.0007550000000007273,226,54
7.34176,1.9999999993913775e-06,89,116
7.341867,0.00010699999999985721,66,128
7.342374,0.0005070000000007013,1514,54
7.343225,0.0008509999999999351,60,128
7.345972,0.002746999999999389,642,55
7.346286,0.00031400000000036954,167,128
7.347659,0.0013730000000000686,155,128
7.347756,9.700000000023579e-05,155,128
7.349242,0.0014859999999998763,60,128
7.351171,0.0019289999999996255,60,128
7.353331,0.0021599999999999397,117,127
7.353421,9.000000000014552e-05,167,48
7.356444,0.003022999999999776,167,128
7.356648,0.000204000000000093,1168,64
7.356698,4.999999999988347e-05,123,64
7.35704,0.00034199999999984243,1168,64
7.357088,4.8000000000492093e-05,1168,64
7.357089,1.000000000139778e-06,1037,64
7.358104,0.001014999999999766,66,128
7.358167,6.299999999992423e-05,167,51
7.358169,2.000000000279556e-06,66,127
7.358583,0.0004140000000001365,167,52
7.358902,0.00031899999999929207,60,128
7.359038,0.00013600000000035806,60,128
7.35904,2.000000000279556e-06,60,127
7.35943,0.00038999999999944635,265,128
7.359501,7.100000000015427e-05,265,127
7.359558,5.699999999997374e-05,91,50
7.360407,0.0008490000000005438,91,51
7.360531,0.0001239999999995689,91,51
7.360664,0.00013299999999993872,67,51
7.361952,0.0012879999999997338,156,64
7.363672,0.00172000000000061,60,128
7.363673,1.000000000139778e-06,60,127
7.363771,9.799999999948739e-05,60,128
7.363772,1.000000000139778e-06,60,127
7.365093,0.0013209999999999056,483,128
7.365417,0.00032399999999999096,60,128
7.366827,0.0014099999999999113,60,126
7.3673210000000005,0.0004940000000006606,106,255
7.367507,0.00018599999999935335,106,255
7.367687,0.00018000000000029104,106,255
7.367845,0.00015799999999988046,106,255
7.368133,0.000288000000000288,60,126
7.368519,0.0003859999999997754,106,255
7.368692,0.00017300000000020077,106,255
7.368853,0.00016099999999941161,106,255
7.369019,0.0001660000000001105,106,255
7.369183,0.00016399999999983095,106,255
7.369361,0.00017800000000001148,60,126
7.3695450000000005,0.00018400000000085015,60,126
7.369668,0.00012299999999942912,167,52
7.36967,2.000000000279556e-06,60,241
7.369796,0.00012599999999984846,106,255
7.37008,0.0002839999999997289,106,255
7.370249,0.00016900000000052984,106,255
7.370421,0.000172000000000061,106,255
7.370594,0.0001729999999993126,106,255
7.370768,0.00017400000000034055,106,255
7.37096,0.00019200000000019202,106,255
7.371517,0.0005569999999996966,91,128
7.371655,0.00013799999999974943,95,243
7.372123,0.00046800000000057906,91,128
7.372124,1.000000000139778e-06,91,128
7.372408,0.0002839999999997289,113,45
7.372474,6.600000000034356e-05,204,45
7.372476,1.9999999993913775e-06,60,240
7.372582,0.00010600000000060561,91,128
7.372787,0.0002049999999993446,60,51
7.372788,1.000000000139778e-06,60,128
7.37342,0.00063200000000041,60,51
7.376291,0.002870999999999846,167,128
7.376384,9.299999999967667e-05,91,51
7.376818,0.0004340000000002675,91,53
7.377211,0.0003929999999998657,66,128
7.377213,2.000000000279556e-06,66,128
7.377214,1.000000000139778e-06,91,52
7.37743,0.00021599999999999397,576,64
7.377884,0.00045399999999951035,73,64
7.377986,0.0001020000000000465,66,128
7.379854,0.0018679999999999808,1028,247
7.37991,5.599999999983396e-05,91,52
7.380117,0.00020700000000051233,66,128
7.381088,0.0009709999999998331,242,51
7.381205,0.00011699999999947863,60,128
7.383519,0.0023140000000001493,590,255
7.383575,5.600000000072214e-05,590,255
7.383627,5.199999999927485e-05,590,255
7.387094,0.003467000000000553,60,55
7.388181,0.0010870000000000601,167,64
7.388285,0.00010399999999943788,1514,128
7.389407,0.0011220000000005115,167,52
7.39106,0.0016530000000001266,167,128
7.391374,0.00031399999999948136,167,128
7.391807,0.00043300000000012773,1304,128
7.392594,0.0007869999999998711,66,128
7.39266,6.600000000034356e-05,66,127
7.39351,0.0008499999999997954,60,128
7.393512,2.000000000279556e-06,167,46
7.3935130000000004,1.000000000139778e-06,60,127
7.393884,0.0003709999999994551,265,128
7.393956,7.200000000029405e-05,265,127
7.39587,0.0019140000000001933,167,128
7.396185,0.00031499999999962114,1174,128
7.39811,0.0019249999999999545,60,128
7.398113,3.000000000419334e-06,60,127
7.398114,9.999999992515995e-07,60,128
7.39816,4.600000000021254e-05,60,127
7.398338,0.00017800000000001148,167,52
7.399239,0.0009009999999998186,167,52
7.399296,5.699999999997374e-05,67,64
7.40062,0.001324000000000325,67,51
7.400942,0.0003219999999997114,1003,55
7.401332,0.0003900000000003345,167,128
7.401388,5.599999999983396e-05,1215,128
7.402413,0.0010250000000002757,66,128
7.402944,0.0005309999999996151,79,128
7.403345,0.0004010000000000957,167,51
7.403425,8.00000000005241e-05,1051,128
7.403929,0.0005039999999993938,639,128
7.404951,0.0010219999999998564,1514,128
7.405073,0.00012200000000017752,1514,128
7.405122,4.900000000063187e-05,167,128
7.405247,0.00012499999999970868,78,128
7.405788,0.0005410000000001247,1514,128
7.40591,0.00012200000000017752,1514,128
7.407689,0.001778999999999975,86,128
7.408698,0.0010089999999998156,79,128
7.409162,0.00046400000000001995,60,128
7.409434,0.00027199999999982793,77,128
7.409436,2.000000000279556e-06,91,53
7.409826,0.00038999999999944635,66,128
7.410624,0.0007980000000005205,91,52
7.410694,7.00000000000145e-05,84,128
7.411649,0.000954999999999373,91,51
7.411868,0.0002190000000004133,91,52
7.4137509999999995,0.001882999999999413,60,51
7.41397,0.0002190000000004133,60,128
7.414777,0.0008070000000000022,167,128
7.415004,0.00022699999999975518,167,46
7.418587,0.003582999999999892,78,48
7.418641,5.400000000044258e-05,78,48
7.419056,0.00041500000000027626,167,52
7.420252,0.0011959999999993087,60,128
7.420659,0.0004070000000000462,67,51
7.42126,0.0006010000000005178,1168,64
7.42132,5.9999999999504894e-05,66,128
7.421418,9.800000000037556e-05,66,127
7.421571,0.00015300000000006975,983,64
7.422216,0.0006449999999995626,60,128
7.422217,1.000000000139778e-06,60,127
7.422599,0.0003820000000001045,265,128
7.422671,7.200000000029405e-05,265,127
7.423335,0.0006639999999995538,167,52
7.423767,0.00043199999999998795,60,51
7.424185,0.0004179999999998074,1514,128
7.424269,8.400000000019503e-05,1086,128
7.425031,0.0007619999999999294,60,51
7.427002,0.001971000000000167,167,128
7.42819,0.0011879999999999669,61,50
7.428191,1.000000000139778e-06,167,128
7.428537,0.00034600000000040154,61,128
7.429213,0.0006759999999994548,95,51
7.429397,0.00018399999999996197,60,52
7.429878,0.0004810000000006198,66,128
7.430228,0.0003499999999991843,60,128
7.430321,9.300000000056485e-05,60,52
7.430444,0.00012299999999942912,60,52
7.430515,7.100000000015427e-05,77,128
7.430589,7.400000000057361e-05,60,50
7.43065,6.099999999964467e-05,60,52
7.430651,1.000000000139778e-06,60,128
7.430711,5.9999999999504894e-05,60,127
7.430712,1.000000000139778e-06,60,128
7.430761,4.900000000063187e-05,1514,128
7.430761,0.0,60,127
7.430763,1.9999999993913775e-06,60,128
7.430826,6.299999999992423e-05,958,128
7.430918,9.200000000042508e-05,60,127
7.431519,0.0006009999999996296,642,55
7.431785,0.00026599999999987745,66,128
7.432363,0.0005779999999999674,167,128
7.434126,0.0017630000000004031,128,51
7.434127,1.000000000139778e-06,167,52
7.4344,0.0002729999999999677,78,48
7.434623,0.00022300000000008424,78,48
7.434679,5.599999999983396e-05,78,48
7.434948,0.0002690000000002968,66,128
7.435218,0.0002699999999995484,149,51
7.435392,0.00017400000000034055,169,51
7.435495,0.00010300000000018628,183,51
7.435587,9.19999999995369e-05,180,51
7.435669,8.199999999991547e-05,167,128
7.435718,4.899999999974369e-05,1414,128
7.435789,7.100000000015427e-05,1149,128
7.436597,0.0008080000000001419,66,128
7.436748,0.0001509999999997902,66,128
7.436895,0.00014700000000011926,66,128
7.43706,0.00016499999999997073,66,128
7.437846,0.0007860000000006195,167,51
7.438883,0.0010369999999992885,66,128
7.438947,6.4000000000064e-05,66,127
7.43971,0.0007630000000000692,1514,51
7.439818,0.00010799999999999699,60,128
7.43982,2.000000000279556e-06,60,127
7.439984,0.00016399999999983095,167,128
7.440221,0.00023700000000026478,265,128
7.440221,0.0,66,128
7.440294,7.299999999954565e-05,265,127
7.440501,0.00020700000000051233,409,52
7.44055,4.899999999974369e-05,167,52
7.440754,0.000204000000000093,223,51
7.442947,0.0021930000000001115,1168,64
7.4433810000000005,0.0004340000000002675,921,64
7.444174,0.0007929999999998216,60,49
7.4441749999999995,9.999999992515995e-07,60,128
7.444177,2.000000000279556e-06,60,127
7.445054,0.0008770000000000167,60,128
7.445055,1.000000000139778e-06,60,127
7.445057,2.000000000279556e-06,60,128
7.445104,4.699999999946414e-05,60,127
7.445282,0.00017800000000001148,421,49
7.445397,0.00011500000000008725,60,49
7.445555,0.00015799999999988046,91,128
7.446299,0.0007440000000000779,167,128
7.446403,0.00010400000000032605,60,128
7.446405,2.000000000279556e-06,66,128
7.446503,9.799999999948739e-05,66,127
7.446712,0.0002089999999999037,60,128
7.44729,0.0005779999999999674,60,128
7.447293,3.000000000419334e-06,60,127
7.447679,0.0003859999999997754,265,128
7.447753,7.399999999968543e-05,265,127
7.448293,0.0005399999999999849,60,54
7.449803,0.0015100000000005664,60,51
7.450984,0.0011809999999998766,582,128
7.451663,0.0006789999999998741,60,128
7.451665,2.000000000279556e-06,60,127
7.451666,1.000000000139778e-06,60,128
7.451737,7.09999999992661e-05,60,127
7.453232,0.0014950000000002461,103,64
7.453653,0.00042100000000022675,67,64
7.453655,2.000000000279556e-06,103,64
7.453656,9.999999992515995e-07,103,64
7.453657,1.000000000139778e-06,103,64
7.454234,0.0005769999999998277,66,61
7.454455,0.00022100000000069286,167,48
7.455227,0.0007719999999995508,156,61
7.455655,0.000428000000000317,167,48
7.456431,0.0007760000000001099,167,128
7.456922,0.0004909999999993531,60,52
7.457782,0.000860000000000305,167,51
7.458106,0.00032399999999999096,60,51
7.458302,0.00019599999999986295,60,52
7.458508,0.00020600000000037255,60,239
7.458683,0.00017499999999959215,167,52
7.459066,0.00038300000000024426,543,54
7.459067,1.000000000139778e-06,107,54
7.459126,5.9000000000253294e-05,60,128
7.459329,0.00020299999999995322,175,1
7.460051,0.0007219999999996674,542,52
7.460103,5.200000000016303e-05,66,50
7.460331,0.00022799999999989495,1514,128
7.460454,0.0001230000000003173,1514,128
7.460454,0.0,60,128
7.460674,0.0002199999999996649,67,51
7.461257,0.0005829999999997781,60,128
7.461328,7.100000000015427e-05,66,243
7.461527,0.00019900000000028228,73,112
7.462213,0.0006859999999999644,60,128
7.462266,5.2999999999414626e-05,60,128
7.462691,0.00042500000000078586,60,126
7.462944,0.0002529999999998367,1359,128
7.463816,0.0008719999999993178,60,126
7.463928,0.0001120000000005561,60,126
7.464021,9.299999999967667e-05,60,126
7.464201,0.00018000000000029104,60,126
7.464203,2.000000000279556e-06,106,255
7.464324,0.00012100000000003774,60,126
7.464494,0.00016999999999978144,60,126
7.464603,0.00010900000000013677,60,126
7.464605,1.9999999993913775e-06,632,128
7.464702,9.700000000023579e-05,60,126
7.46479,8.799999999986596e-05,60,126
7.464879,8.900000000000574e-05,60,126
7.46495,7.100000000015427e-05,168,51
7.465064,0.00011399999999994748,60,126
7.465154,9.000000000014552e-05,60,126
7.4652519999999996,9.799999999948739e-05,66,243
7.465624,0.00037200000000048306,1202,128
7.465625,1.000000000139778e-06,60,128
7.466269,0.0006439999999994228,66,242
7.466459,0.00019000000000080064,66,128
7.46646,9.999999992515995e-07,124,115
7.466722,0.0002620000000002065,66,128
7.467127,0.00040499999999976666,1514,52
7.46725,0.0001230000000003173,1514,52
7.467374,0.00012400000000045708,1514,52
7.467497,0.00012299999999942912,1514,51
7.46762,0.0001230000000003173,1514,51
7.467883,0.0002629999999994581,1514,128
7.468006,0.0001230000000003173,1514,128
7.468006,0.0,60,128
7.468007,1.000000000139778e-06,60,128
7.469067,0.0010599999999998388,816,128
7.469067,0.0,60,128
7.469141,7.399999999968543e-05,1514,51
7.469278,0.00013700000000049783,60,244
7.469401,0.0001230000000003173,60,50
7.469715,0.00031399999999948136,167,52
7.469901,0.00018600000000024153,678,128
7.469901,0.0,60,128
7.470101,0.00019999999999953388,66,128
7.470167,6.600000000034356e-05,66,127
7.47041,0.00024300000000021527,60,128
7.470411,1.000000000139778e-06,60,127
7.470893,0.0004819999999998714,704,128
7.471329,0.0004359999999996589,986,128
7.471329,0.0,175,1
7.471388,5.9000000000253294e-05,60,126
7.471468,7.999999999963592e-05,159,128
7.471559,9.10000000002853e-05,60,126
7.471661,0.0001020000000000465,60,126
7.473779,0.0021180000000002863,60,240
7.474332,0.0005530000000000257,73,64
7.474519,0.00018699999999949313,62,114
7.474705,0.00018600000000024153,60,128
7.475578,0.0008729999999994575,60,126
7.475891,0.00031300000000022976,1003,55
7.476005,0.00011399999999994748,60,126
7.476007,2.000000000279556e-06,1434,128
7.476007,0.0,133,128
7.476131,0.0001239999999995689,91,128
7.476132,1.000000000139778e-06,60,126
7.476181,4.900000000063187e-05,66,128
7.476261,7.999999999963592e-05,167,128
7.476516,0.00025500000000011624,60,128
7.477454,0.0009379999999996613,1283,128
7.478715,0.0012610000000004007,66,128
7.479095,0.0003799999999998249,66,127
7.479329,0.00023399999999984544,60,128
7.479779,0.0004499999999998394,60,127
7.479915,0.00013600000000035806,576,64
7.4805019999999995,0.0005869999999994491,265,128
7.481027,0.0005250000000005528,265,127
7.481485,0.00045800000000006946,216,51
7.48213,0.0006449999999995626,60,45
7.482246,0.00011600000000022703,175,1
7.485193,0.002946999999999811,60,128
7.485195,2.000000000279556e-06,60,127
7.485265,7.00000000000145e-05,60,128
7.485268,2.9999999995311555e-06,60,127
7.486733,0.0014650000000004937,66,64
7.489108,0.002374999999999794,167,52
7.489316,0.00020799999999976393,265,128
7.489388,7.200000000029405e-05,265,127
7.490133,0.0007450000000002177,66,128
7.490244,0.00011099999999952814,443,64
7.490689,0.0004450000000000287,91,128
7.490825,0.00013600000000035806,103,53
7.491037,0.00021200000000032304,167,128
7.491237,0.00019999999999953388,103,52
7.491239,2.000000000279556e-06,103,51
7.49124,1.000000000139778e-06,60,128
7.491286,4.599999999932436e-05,167,128
7.491365,7.900000000038432e-05,60,128
7.491367,2.000000000279556e-06,66,128
7.491422,5.499999999969418e-05,66,64
7.491533,0.00011100000000041632,103,51
7.49209,0.0005569999999996966,66,64
7.492721,0.0006310000000002702,66,64
7.493052,0.00033099999999919305,66,64
7.493473,0.00042100000000022675,60,128
7.493475,2.000000000279556e-06,167,46
7.493476,1.000000000139778e-06,60,128
7.493478,1.9999999993913775e-06,60,127
7.493542,6.4000000000064e-05,60,127
7.494502,0.0009600000000000719,167,64
7.495084,0.0005820000000005265,66,128
7.495421,0.0003370000000000317,66,128
7.495894,0.0004729999999995016,167,128
7.496099,0.00020500000000023277,66,128
7.496473,0.00037399999999987443,1168,64
7.496881,0.000408000000000186,1168,64
7.496881,0.0,227,64
7.497035,0.00015400000000020952,66,128
7.497037,1.9999999993913775e-06,60,128
7.497111,7.400000000057361e-05,66,127
7.497334,0.00022300000000008424,60,128
7.497335,9.999999992515995e-07,60,127
7.497714,0.0003790000000005733,265,128
7.497786,7.199999999940587e-05,265,127
7.498039,0.00025300000000072487,143,242
7.498208,0.00016899999999964166,66,128
7.498468,0.00025999999999992696,66,128
7.498573,0.00010500000000046583,167,52
7.49899,0.00041699999999966764,255,128
7.49934,0.0003500000000000725,167,52
7.49947,0.0001299999999995194,66,128
7.501196,0.0017260000000005604,67,51
7.501254,5.8000000000113516e-05,167,128
7.502253,0.000998999999999306,60,128
7.502255,2.000000000279556e-06,60,127
7.502505,0.00025000000000030553,60,128
7.502506,1.000000000139778e-06,60,127
7.502585,7.899999999949614e-05,60,128
7.502586,1.000000000139778e-06,60,127
7.502945,0.0003590000000004423,167,51
7.503383,0.00043799999999993844,78,64
7.503765,0.0003819999999992163,66,128
7.505083,0.0013180000000003744,167,128
7.507853,0.002769999999999939,60,128
7.507921,6.799999999973494e-05,66,128
7.508406,0.00048500000000029075,66,128
7.5091909999999995,0.0007849999999995916,66,128
7.512385,0.0031940000000005853,78,52
7.512633,0.000248000000000026,78,52
7.512689,5.599999999983396e-05,78,51
7.513331,0.0006420000000000314,66,128
7.513405,7.399999999968543e-05,66,127
7.514236,0.0008310000000006923,60,128
7.514238,1.9999999993913775e-06,60,127
7.514677,0.0004390000000000782,167,46
7.51478,0.00010300000000018628,167,128
7.517041,0.0022609999999998465,66,128
7.517099,5.8000000000113516e-05,66,127
7.517676,0.0005769999999998277,67,64
7.518021,0.00034500000000026176,60,128
7.518022,1.000000000139778e-06,60,127
7.518708,0.0006859999999999644,167,52
7.520262,0.0015539999999996112,60,128
7.52091,0.0006479999999999819,67,51
7.522966,0.002056000000000502,78,53
7.523089,0.00012299999999942912,78,53
7.523281,0.00019200000000019202,167,52
7.52389,0.0006089999999998597,60,128
7.524095,0.00020500000000023277,265,128
7.524165,7.00000000000145e-05,265,127
7.524559,0.00039400000000000546,167,128
7.526912,0.0023530000000002715,60,128
7.527267,0.0003549999999998832,60,128
7.528242,0.000974999999999504,167,128
7.528244,2.000000000279556e-06,60,128
7.528291,4.7000000000352316e-05,265,128
7.528357,6.599999999945538e-05,265,127
7.529181,0.000824000000000602,60,128
7.530115,0.0009339999999999904,60,128
7.530116,9.999999992515995e-07,60,128
7.530118,2.000000000279556e-06,60,128
7.530171,5.3000000000302805e-05,60,127
7.530173,1.9999999993913775e-06,60,127
7.530174,1.000000000139778e-06,60,127
7.530754,0.000580000000000247,60,128
7.532346,0.001592000000000482,167,128
7.5338650000000005,0.001519000000000048,60,128
7.533866,9.999999992515995e-07,60,127
7.533868,2.000000000279556e-06,60,128
7.533915,4.7000000000352316e-05,60,127
7.534171,0.00025599999999936784,167,52
7.53468,0.0005090000000000927,167,128
7.5381920000000004,0.0035120000000006257,167,51
7.538735,0.0005429999999995161,67,64
7.53948,0.0007450000000002177,103,45
7.539561,8.09999999997757e-05,273,45
7.539879,0.00031800000000004047,60,128
7.539998,0.00011899999999975819,167,128
7.540228,0.0002300000000001745,60,128
7.540446,0.00021800000000027353,167,52
7.540794,0.0003479999999997929,175,51
7.541694,0.0008999999999996788,66,128
7.541758,6.4000000000064e-05,66,127
7.542552,0.0007939999999999614,60,241
7.5426020000000005,5.000000000077165e-05,60,128
7.542604,1.9999999993913775e-06,60,127
7.54392,0.0013160000000000949,66,128
7.543978,5.8000000000113516e-05,66,127
7.544802,0.0008239999999997139,60,128
7.544803,1.000000000139778e-06,60,127
7.545218,0.00041500000000027626,265,128
7.545291,7.299999999954565e-05,265,127
7.546291,0.001000000000000334,167,128
7.546529,0.00023799999999951638,66,128
7.546589,6.000000000039307e-05,66,127
7.547446,0.0008569999999998856,60,128
7.547447,1.000000000139778e-06,60,127
7.547865,0.0004179999999998074,265,128
7.547937,7.200000000029405e-05,265,127
7.548578,0.0006409999999998917,365,241
7.5487210000000005,0.00014300000000044832,60,245
7.548825,0.00010399999999943788,60,239
7.548928,0.00010300000000018628,60,49
7.548982,5.3999999999554404e-05,66,128
7.548984,2.000000000279556e-06,267,128
7.549052,6.799999999973494e-05,66,127
7.5491150000000005,6.30000000008124e-05,66,54
7.54929,0.00017499999999959215,60,52
7.549347,5.699999999997374e-05,60,128
7.549349,2.000000000279556e-06,60,127
7.549502,0.00015300000000006975,575,52
7.549573,7.09999999992661e-05,400,52
7.549799,0.00022600000000050358,477,51
7.549907,0.00010799999999999699,66,55
7.549908,1.000000000139778e-06,60,128
7.549968,5.9999999999504894e-05,60,127
7.549969,1.000000000139778e-06,60,243
7.550036,6.700000000048334e-05,60,128
7.550038,1.9999999993913775e-06,60,128
7.55017,0.00013199999999979894,60,128
7.550172,2.000000000279556e-06,192,126
7.550173,1.000000000139778e-06,60,127
7.550233,6.000000000039307e-05,60,128
7.550307,7.399999999968543e-05,533,52
7.550308,1.000000000139778e-06,60,127
7.550309,1.000000000139778e-06,282,242
7.550356,4.699999999946414e-05,60,242
7.55051,0.00015400000000020952,60,242
7.550871,0.0003609999999998337,509,242
7.550929,5.8000000000113516e-05,60,240
7.55093,1.000000000139778e-06,64,128
7.551021,9.10000000002853e-05,167,128
7.551088,6.699999999959516e-05,60,128
7.55109,2.000000000279556e-06,60,128
7.551092,1.9999999993913775e-06,167,128
7.551093,1.000000000139778e-06,60,128
7.551094,1.000000000139778e-06,560,54
7.551095,1.000000000139778e-06,60,128
7.551138,4.2999999999793204e-05,99,54
7.551211,7.300000000043383e-05,60,50
7.551322,0.00011099999999952814,78,52
7.551441,0.00011899999999975819,61,51
7.55154,9.900000000051534e-05,1514,128
7.55154,0.0,117,128
7.5515419999999995,1.9999999993913775e-06,60,128
7.551736,0.00019400000000047157,61,128
7.552263,0.0005269999999999442,992,52
7.552326,6.299999999992423e-05,705,50
7.552327,1.000000000139778e-06,60,50
7.552432,0.00010499999999957765,60,128
7.5527750000000005,0.0003430000000008704,265,128
7.552846,7.09999999992661e-05,265,127
7.553527,0.0006810000000001537,60,128
7.553529,2.000000000279556e-06,60,127
7.553592,6.299999999992423e-05,60,128
7.553594,2.000000000279556e-06,60,127
7.553681,8.699999999972619e-05,60,128
7.553682,1.000000000139778e-06,60,127
7.553826,0.00014399999999969992,60,128
7.553909,8.300000000005525e-05,60,113
7.5541730000000005,0.00026400000000048607,91,48
7.554804,0.0006309999999993821,167,48
7.5563590000000005,0.0015550000000006392,167,128
7.556679,0.00031999999999943185,167,48
7.556915,0.000236000000000125,1514,128
7.556973,5.8000000000113516e-05,782,128
7.557813,0.0008400000000001739,1514,128
7.5578140000000005,1.000000000139778e-06,146,128
7.557816,1.9999999993913775e-06,66,128
7.557964,0.00014800000000025904,167,51
7.558021,5.699999999997374e-05,66,127
7.558022,1.000000000139778e-06,60,128
7.558089,6.699999999959516e-05,60,127
7.55809,1.000000000139778e-06,60,128
7.558162,7.200000000029405e-05,60,127
7.558295,0.00013299999999993872,60,128
7.558297,1.9999999993913775e-06,60,127
7.558535,0.00023800000000040455,60,128
7.558632,9.700000000023579e-05,265,128
7.558632,0.0,167,52
7.558704,7.199999999940587e-05,265,127
7.55981,0.0011060000000000514,265,128
7.55988,7.00000000000145e-05,265,127
7.560191,0.0003109999999999502,60,128
7.560304,0.00011300000000069588,1168,64
7.560664,0.0003599999999996939,1039,64
7.560801,0.00013699999999960966,172,51
7.561125,0.00032399999999999096,60,128
7.562625,0.0015000000000000568,1514,128
7.562748,0.0001230000000003173,1514,128
7.562749,1.000000000139778e-06,60,128
7.562809,5.9999999999504894e-05,60,128
7.562871,6.200000000067263e-05,1514,128
7.56295,7.899999999949614e-05,1016,128
7.563,4.999999999988347e-05,60,127
7.563001,1.000000000139778e-06,60,127
7.563159,0.00015799999999988046,60,128
7.563161,2.000000000279556e-06,60,128
7.5655280000000005,0.002367000000000452,66,128
7.565641,0.0001129999999998077,66,127
7.565992,0.0003509999999993241,60,128
7.565994,2.000000000279556e-06,60,127
7.566385,0.0003910000000004743,265,128
7.566457,7.199999999940587e-05,265,127
7.567616,0.0011590000000003542,60,128
7.5676179999999995,1.9999999993913775e-06,60,128
7.567619,1.000000000139778e-06,60,127
7.567685,6.600000000034356e-05,60,127
7.569725,0.0020400000000000418,167,52
7.569829,0.00010400000000032605,968,128
7.570763,0.0009339999999999904,60,128
7.570765,1.9999999993913775e-06,60,128
7.570766,1.000000000139778e-06,60,127
7.570828,6.199999999978445e-05,60,127
7.57083,2.000000000279556e-06,60,128
7.570832,2.000000000279556e-06,60,127
7.571217,0.00038499999999963563,60,128
7.572645,0.0014279999999997628,1359,128
7.573448,0.0008030000000003312,1514,128
7.573571,0.0001230000000003173,1514,128
7.574982,0.001411000000000051,76,128
7.575695,0.0007129999999992975,460,64
7.575827,0.00013200000000068712,60,128
7.57629,0.0004629999999998802,167,128
7.577282,0.000992000000000104,66,128
7.577363,8.09999999997757e-05,66,128
7.577442,7.899999999949614e-05,66,127
7.578312,0.0008700000000008146,60,128
7.578313,9.999999992515995e-07,60,127
7.578793,0.00048000000000048004,265,128
7.578865,7.200000000029405e-05,265,127
7.580688,0.001822999999999908,75,51
7.581817,0.0011289999999997136,73,64
7.582096,0.0002789999999999182,576,64
7.582657,0.0005610000000002557,1239,64
7.582768,0.00011099999999952814,60,128
7.582818,4.999999999988347e-05,60,127
7.582819,1.000000000139778e-06,60,128
7.58282,1.000000000139778e-06,60,127
7.583432,0.000612000000000279,1239,64
7.584195,0.0007630000000000692,60,128
7.584785,0.0005899999999998684,447,242
7.585004,0.00021899999999952513,60,128
7.5888,0.0037960000000003546,167,52
7.5891079999999995,0.00030799999999953087,60,128
7.591012,0.001904000000000572,167,128
7.591373,0.0003609999999998337,167,128
7.591484,0.00011100000000041632,167,64
7.593349,0.0018649999999995615,78,49
7.593407,5.8000000000113516e-05,78,49
7.5938099999999995,0.0004029999999994871,167,46
7.595966,0.002156000000000269,167,128
7.598413,0.002447000000000088,167,52
7.5992619999999995,0.0008489999999996556,167,52
7.600893,0.0016310000000006042,67,51
7.60134,0.00044700000000030826,167,128
7.602549,0.0012089999999993495,67,64
7.603068,0.0005190000000006023,167,51
7.605103,0.002034999999999343,167,128
7.60591,0.0008070000000000022,64,128
7.607384,0.0014739999999999753,99,128
7.610856,0.0034720000000003637,60,128
7.6134,0.0025440000000003238,67,64
7.614497,0.0010969999999996816,60,128
7.614755,0.0002579999999996474,167,128
7.614983,0.00022799999999989495,167,46
7.61568,0.0006970000000006138,60,53
7.615951,0.00027099999999968816,60,126
7.616134,0.0001829999999998222,89,51
7.61634,0.00020600000000037255,66,128
7.616503,0.00016299999999969117,590,255
7.616564,6.100000000053285e-05,590,255
7.616615,5.100000000002325e-05,590,255
7.616674,5.8999999999365116e-05,590,255
7.616726,5.200000000016303e-05,590,255
7.616775,4.899999999974369e-05,60,53
7.616777,2.000000000279556e-06,60,52
7.616779,2.000000000279556e-06,590,255
7.616828,4.899999999974369e-05,590,255
7.61688,5.200000000016303e-05,590,255
7.616974,9.399999999981645e-05,66,45
7.616976,2.000000000279556e-06,60,48
7.616977,1.000000000139778e-06,60,128
7.617295,0.00031800000000004047,1043,48
7.617296,9.999999992515995e-07,60,50
7.617298,2.000000000279556e-06,60,50
7.6174,0.0001020000000000465,60,51
7.6174859999999995,8.599999999958641e-05,60,51
7.6176,0.00011400000000083566,60,242
7.618392,0.0007919999999996818,1514,51
7.618469,7.700000000010476e-05,955,51
7.618519,4.999999999988347e-05,507,49
7.618519,0.0,66,49
7.618621,0.0001020000000000465,60,236
7.618686,6.500000000020378e-05,60,114
7.6186869999999995,9.999999992515995e-07,66,64
7.618855,0.00016800000000039006,60,128
7.61894,8.500000000033481e-05,60,51
7.6189409999999995,9.999999992515995e-07,60,128
7.619073,0.00013200000000068712,60,51
7.61933,0.0002569999999995076,60,128
7.619332,2.000000000279556e-06,908,114
7.619333,1.000000000139778e-06,167,52
7.619381,4.7999999999603915e-05,219,111
7.619647,0.00026599999999987745,1434,111
7.619648,1.000000000139778e-06,60,48
7.619758,0.00011000000000027654,66,64
7.61976,2.000000000279556e-06,60,128
7.619886,0.00012599999999984846,1514,51
7.620103,0.00021700000000013375,1514,51
7.620233,0.0001299999999995194,1514,51
7.620375,0.00014200000000030855,60,128
7.620469,9.399999999981645e-05,60,128
7.620761,0.00029199999999995896,209,51
7.621141,0.0003799999999998249,60,128
7.622813,0.0016720000000001178,83,127
7.623055,0.0002420000000000755,167,128
7.623243,0.00018800000000052108,60,128
7.623245,1.9999999993913775e-06,60,128
7.623663,0.0004179999999998074,167,52
7.626742,0.003079000000000498,146,51
7.626916,0.00017399999999945237,60,51
7.627299,0.00038300000000024426,167,128
7.628139,0.0008400000000001739,60,128
7.628239,9.999999999976694e-05,167,128
7.632051,0.0038119999999999266,60,128
7.632363,0.00031200000000009,60,128
7.63242,5.699999999997374e-05,167,128
7.633009,0.0005890000000006168,60,128
7.634178,0.0011689999999999756,140,41
7.634274,9.599999999920783e-05,66,64
7.634428,0.00015400000000020952,1366,64
7.634429,1.000000000139778e-06,167,52
7.634791,0.00036199999999997345,167,128
7.635016,0.0002250000000003638,91,128
7.635204,0.0001879999999996329,1168,64
7.6356079999999995,0.0004039999999996269,1168,64
7.635609,1.000000000139778e-06,361,64
7.637971,0.0023620000000006414,91,48
7.638189,0.00021799999999938535,167,51
7.638826,0.0006370000000002207,60,128
7.640043,0.0012170000000004677,167,128
7.642023,0.0019799999999996487,167,52
7.642024,1.000000000139778e-06,89,116
7.642079,5.499999999969418e-05,70,51
7.642519,0.000440000000000218,60,240
7.643332,0.0008129999999999526,1239,64
7.643719,0.0003869999999999152,60,51
7.643844,0.00012499999999970868,60,51
7.644065,0.00022100000000069286,60,51
7.644314,0.0002489999999992776,741,51
7.6446190000000005,0.0003050000000008879,1414,242
7.645706,0.001086999999999172,1414,242
7.645979,0.0002729999999999677,1414,242
7.646105,0.00012600000000073663,60,247
7.646187,8.199999999991547e-05,60,128
7.646294,0.00010699999999985721,167,128
7.646454,0.00016000000000016001,1326,128
7.646511,5.699999999997374e-05,89,53
7.6478850000000005,0.0013740000000002084,61,128
7.648091,0.00020599999999948437,1514,128
7.64823,0.0001389999999998892,1514,128
7.6485710000000005,0.00034100000000059083,60,244
7.648754,0.0001829999999998222,60,128
7.649066,0.00031200000000009,60,55
7.649067,9.999999992515995e-07,60,55
7.649999,0.000932000000000599,66,126
7.65,1.000000000139778e-06,66,126
7.650001,9.999999992515995e-07,66,126
7.650087,8.600000000047459e-05,66,126
7.65015,6.299999999992423e-05,66,126
7.650218,6.799999999973494e-05,60,128
7.650218,0.0,66,126
7.650219,1.000000000139778e-06,60,128
7.650281,6.199999999978445e-05,60,128
7.650338,5.699999999997374e-05,60,128
7.6503879999999995,4.999999999988347e-05,60,128
7.650485,9.700000000023579e-05,192,126
7.650486,1.000000000139778e-06,60,128
7.650834,0.0003479999999997929,968,128
7.650921,8.700000000061436e-05,968,128
7.650971,4.999999999988347e-05,1004,128
7.650971,0.0,1000,128
7.651025,5.3999999999554404e-05,1004,128
7.651228,0.00020299999999995322,972,128
7.65263,0.0014020000000005695,66,128
7.652693,6.299999999992423e-05,66,127
7.653522,0.0008289999999995246,60,128
7.653524,2.000000000279556e-06,1414,128
7.653525,1.000000000139778e-06,60,127
7.653638,0.0001129999999998077,1181,128
7.653927,0.0002890000000004278,265,128
7.653998,7.09999999992661e-05,265,127
7.654459,0.0004610000000004888,167,48
7.655318,0.0008590000000001652,66,126
7.655523,0.0002049999999993446,66,126
7.655676,0.00015300000000006975,60,128
7.65573,5.400000000044258e-05,60,128
7.65634,0.0006099999999999994,968,128
7.65639,4.999999999988347e-05,167,128
7.656392,2.000000000279556e-06,972,128
7.65682,0.00042799999999942884,1168,64
7.657056,0.000236000000000125,167,48
7.65719,0.0001340000000000785,1168,64
7.657191,1.000000000139778e-06,779,64
7.65793,0.0007390000000002672,167,51
7.65837,0.0004399999999993298,60,128
7.658436,6.600000000034356e-05,60,127
7.6586300000000005,0.00019400000000047157,167,52
7.658632,1.9999999993913775e-06,66,41
7.658781,0.0001490000000003988,1276,64
7.658833,5.199999999927485e-05,60,128
7.659223,0.0003900000000003345,60,128
7.659225,2.000000000279556e-06,60,127
7.659304,7.899999999949614e-05,60,128
7.659306,2.000000000279556e-06,60,127
7.6599450000000004,0.0006390000000005003,126,51
7.660767,0.0008219999999994343,61,114
7.6609110000000005,0.0001440000000005881,66,128
7.660913,1.9999999993913775e-06,66,128
7.661071,0.00015799999999988046,67,51
7.669533,0.008462000000000636,60,54
7.669724,0.00019100000000005224,167,52
7.669726,1.9999999993913775e-06,60,54
7.670033,0.00030700000000027927,60,247
7.6719159999999995,0.001882999999999413,60,241
7.672025,0.00010900000000013677,60,247
7.672277,0.0002520000000005851,156,41
7.672328,5.100000000002325e-05,1276,128
7.67324,0.0009119999999995798,1514,55
7.673241,1.000000000139778e-06,286,55
7.6737649999999995,0.0005239999999995248,203,247
7.674071,0.0003060000000001395,60,128
7.675063,0.000992000000000104,86,128
7.676286,0.0012230000000004182,167,128
7.678268,0.0019819999999999283,938,128
7.67924,0.0009719999999999729,73,64
7.680775,0.00153499999999962,186,51
7.681388,0.0006130000000004188,91,128
7.681389,1.000000000139778e-06,91,128
7.68139,1.000000000139778e-06,91,128
7.681469,7.899999999949614e-05,91,128
7.683107,0.0016379999999998063,66,128
7.683169,6.200000000067263e-05,66,127
7.684007,0.0008379999999998944,60,128
7.684009,1.9999999993913775e-06,60,127
7.6844,0.0003910000000004743,265,128
7.6844719999999995,7.199999999940587e-05,265,127
7.688543,0.004071000000000602,60,128
7.688603,5.9999999999504894e-05,60,127
7.688673,7.00000000000145e-05,60,241
7.688754,8.100000000066387e-05,167,52
7.688962,0.00020799999999976393,66,243
7.689339,0.00037700000000029377,60,128
7.689341,1.9999999993913775e-06,60,128
7.689342,1.000000000139778e-06,60,128
7.689397,5.499999999969418e-05,60,127
7.689399,2.000000000279556e-06,198,128
7.6894,1.000000000139778e-06,60,127
7.689615,0.0002149999999998542,60,128
7.690075,0.000460000000000349,630,128
7.690238,0.00016299999999969117,167,64
7.690292,5.400000000044258e-05,1414,242
7.690775,0.0004830000000000112,60,128
7.691025,0.00024999999999941735,167,128
7.691409,0.00038400000000038403,167,128
7.691702,0.00029300000000009874,1414,242
7.691944,0.0002420000000000755,1414,242
7.692329,0.00038499999999963563,91,128
7.692391,6.199999999978445e-05,91,128
7.692392,1.000000000139778e-06,60,128
7.69244,4.8000000000492093e-05,91,128
7.692526,8.599999999958641e-05,1414,242
7.69351,0.0009839999999998739,91,128
7.694184,0.0006740000000000634,167,46
7.695554,0.0013699999999996493,637,50
7.69564,8.600000000047459e-05,60,50
7.695814,0.00017400000000034055,167,128
7.696039,0.00022499999999947562,60,128
7.696293,0.00025399999999997647,66,128
7.696481,0.00018800000000052108,66,127
7.697202,0.0007209999999995276,60,128
7.697204,2.000000000279556e-06,60,114
7.697335,0.00013099999999965917,60,127
7.697337,2.000000000279556e-06,60,247
7.69763,0.00029300000000009874,265,128
7.697707,7.700000000010476e-05,265,127
7.699365,0.0016579999999999373,67,64
7.699586,0.00022099999999980469,167,52
7.700463,0.0008770000000000167,167,52
7.701278,0.0008150000000002322,718,54
7.7012789999999995,9.999999992515995e-07,383,247
7.7012789999999995,0.0,67,51
7.701328,4.900000000063187e-05,167,128
7.701943,0.0006149999999998101,60,128
7.702006,6.299999999992423e-05,60,127
7.702008,2.000000000279556e-06,171,52
7.702234,0.0002259999999996154,66,128
7.70281,0.000576000000000576,60,128
7.702811,9.999999992515995e-07,60,127
7.7028739999999996,6.299999999992423e-05,60,128
7.702876,2.000000000279556e-06,60,127
7.702964,8.799999999986596e-05,167,51
7.703647,0.0006830000000004333,60,128
7.703741,9.399999999981645e-05,60,128
7.704259,0.0005180000000004625,60,242
7.704574,0.00031499999999962114,66,128
7.704635,6.099999999964467e-05,66,127
7.705083,0.00044800000000044804,167,128
7.705288,0.00020500000000023277,60,128
7.7052890000000005,1.000000000139778e-06,60,127
7.705532,0.0002429999999993271,66,64
7.705663,0.00013100000000054735,265,128
7.705737,7.399999999968543e-05,265,127
7.709594,0.0038569999999999993,60,128
7.709596,2.000000000279556e-06,60,127
7.710436,0.0008399999999992858,60,128
7.710438,2.000000000279556e-06,60,127
7.710487,4.899999999974369e-05,60,128
7.710489,2.000000000279556e-06,60,127
7.71476,0.004271000000000136,167,128
7.715767,0.001006999999999536,573,52
7.716149,0.0003820000000001045,1438,126
7.71615,1.000000000139778e-06,167,46
7.716151,1.000000000139778e-06,91,52
7.716261,0.00011000000000027654,1076,126
7.716627,0.0003659999999996444,91,52
7.71765,0.0010229999999999961,91,50
7.717982,0.000332000000000221,91,52
7.718128,0.00014599999999997948,60,240
7.718757,0.0006289999999999907,60,240
7.718828,7.100000000015427e-05,167,52
7.718993,0.00016499999999997073,1239,64
7.719949,0.0009559999999995128,60,240
7.719951,2.000000000279556e-06,114,128
7.720059,0.00010799999999999699,114,127
7.720787,0.0007279999999996178,66,126
7.720995,0.0002080000000006521,60,128
7.7209959999999995,9.999999992515995e-07,66,128
7.721105,0.00010900000000013677,181,51
7.721107,2.000000000279556e-06,66,127
7.721375,0.000268000000000157,67,64
7.721929,0.0005540000000001655,73,128
7.721931,1.9999999993913775e-06,60,128
7.722039,0.00010799999999999699,60,127
7.722176,0.00013700000000049783,60,128
7.722359,0.0001829999999998222,265,128
7.722431,7.200000000029405e-05,265,127
7.72271,0.0002789999999999182,60,128
7.723553,0.0008429999999997051,1000,128
7.723663,0.00011000000000027654,167,52
7.724507,0.0008439999999998449,167,128
7.725683,0.0011760000000000659,167,128
7.726345,0.0006620000000001625,60,128
7.726346,1.000000000139778e-06,60,127
7.726347,9.999999992515995e-07,60,128
7.726419,7.200000000029405e-05,60,127
7.728414,0.001994999999999969,60,50
7.729244,0.0008299999999996643,167,128
7.729956,0.0007120000000000459,66,41
7.730065,0.00010900000000013677,908,64
7.732256,0.002190999999999832,67,64
7.732416,0.00016000000000016001,167,128
7.733281,0.0008650000000001157,66,128
7.733347,6.600000000034356e-05,66,127
7.734114,0.0007669999999997401,167,52
7.734172,5.8000000000113516e-05,60,128
7.734174,2.000000000279556e-06,60,127
7.73457,0.00039599999999939683,265,128
7.734641,7.100000000015427e-05,265,127
7.73483,0.00018899999999977268,167,128
7.735088,0.0002580000000005356,60,240
7.736194,0.0011060000000000514,60,128
7.736196,1.9999999993913775e-06,60,128
7.736625,0.0004290000000004568,91,50
7.737814,0.0011890000000001066,167,51
7.738171,0.00035700000000016274,91,51
7.7383,0.0001289999999993796,91,51
7.738422,0.00012200000000017752,78,48
7.738477,5.499999999969418e-05,78,48
7.738996,0.0005190000000006023,60,128
7.7389980000000005,2.000000000279556e-06,60,128
7.738999,9.999999992515995e-07,60,127
7.739046,4.7000000000352316e-05,60,127
7.740028,0.0009819999999995943,167,128
7.740568,0.0005399999999999849,167,52
7.740625,5.699999999997374e-05,67,51
7.741263,0.0006380000000003605,60,111
7.742744,0.0014810000000000656,1414,242
7.743191,0.00044700000000030826,60,128
7.74365,0.00045899999999932106,62,128
7.743768,0.00011800000000050659,1414,242
7.744009,0.0002409999999999357,1414,242
7.744747,0.0007380000000001274,1414,242
7.744803,5.599999999983396e-05,60,128
7.745209,0.00040599999999990644,60,128
7.745838,0.0006289999999999907,60,128
7.745896,5.8000000000113516e-05,1414,242
7.746306,0.00040999999999957737,167,128
7.746411,0.00010500000000046583,60,128
7.7467939999999995,0.0003829999999993561,1414,242
7.746917,0.0001230000000003173,60,128
7.746999,8.199999999991547e-05,1414,242
7.747147,0.00014800000000025904,1414,242
7.74763,0.0004830000000000112,123,51
7.747992,0.00036199999999997345,60,128
7.748327,0.00033499999999975216,66,128
7.748443,0.00011600000000022703,66,128
7.74851,6.699999999959516e-05,66,127
7.748944,0.0004340000000002675,60,128
7.748946,2.000000000279556e-06,60,127
7.749331,0.00038499999999963563,265,128
7.749403,7.200000000029405e-05,265,127
7.74979,0.0003869999999999152,171,51
7.749933,0.00014300000000044832,66,128
7.750144,0.00021099999999929508,60,128
7.750402,0.0002580000000005356,78,64
7.751823,0.0014209999999996725,60,128
7.75225,0.00042700000000017724,60,128
7.752709,0.00045900000000020924,60,48
7.752759,4.999999999988347e-05,1168,64
7.753095,0.00033599999999989194,1168,64
7.753095,0.0,704,64
7.75353,0.0004349999999995191,60,128
7.753532,2.000000000279556e-06,60,128
7.753533,1.000000000139778e-06,60,127
7.753534,1.000000000139778e-06,60,127
7.754224,0.0006899999999996353,60,128
7.754452,0.00022799999999989495,167,48
7.755821,0.0013690000000003977,66,41
7.756378,0.0005569999999996966,167,128
7.757228,0.0008499999999997954,167,48
7.757474,0.0002460000000006346,60,52
7.757928,0.00045399999999951035,167,51
7.759081,0.0011530000000004037,167,52
7.759593,0.0005119999999996239,1438,126
7.760237,0.000644000000000311,66,55
7.760711,0.0004739999999996414,67,51
7.761366,0.0006550000000000722,542,52
7.761607,0.0002409999999999357,89,50
7.761725,0.00011800000000050659,1076,126
7.761977,0.0002519999999996969,60,128
7.762182,0.00020500000000023277,60,128
7.762702,0.0005199999999998539,1438,126
7.762703,1.000000000139778e-06,91,64
7.76279,8.699999999972619e-05,1076,126
7.763216,0.00042600000000003746,60,128
7.763622,0.00040599999999990644,1438,126
7.763741,0.00011899999999975819,1076,126
7.764112,0.0003710000000003433,1342,128
7.764867,0.0007549999999998391,1438,126
7.7649550000000005,8.800000000075414e-05,1076,126
7.765043,8.799999999986596e-05,60,128
7.765131,8.799999999986596e-05,1438,126
7.765219,8.799999999986596e-05,1076,126
7.765358,0.0001389999999998892,1438,126
7.765359,1.000000000139778e-06,60,241
7.765454,9.499999999995623e-05,1076,126
7.7664159999999995,0.0009619999999994633,60,128
7.7667,0.0002840000000006171,60,128
7.766836,0.00013599999999946988,60,128
7.767228,0.0003920000000006141,91,128
7.767906,0.0006779999999997344,91,128
7.767908,2.000000000279556e-06,91,128
7.768141,0.00023299999999970566,60,51
7.769893,0.0017519999999997538,167,52
7.770011,0.00011800000000050659,1438,126
7.770012,1.000000000139778e-06,171,51
7.770209,0.00019700000000000273,66,128
7.770465,0.00025599999999936784,1076,126
7.770644,0.00017900000000015126,1438,126
7.771239,0.0005949999999996791,1076,126
7.77124,1.000000000139778e-06,171,52
7.771407,0.00016700000000025028,66,128
7.771714,0.00030700000000027927,60,128
7.772144,0.0004299999999997084,60,128
7.772145,1.000000000139778e-06,74,54
7.7731390000000005,0.0009940000000003835,66,64
7.773777,0.0006379999999994723,247,64
7.773837,6.000000000039307e-05,66,243
7.774026,0.00018899999999977268,60,128
7.774529,0.0005030000000001422,627,128
7.774714,0.00018500000000010175,73,64
7.77512,0.00040599999999990644,155,128
7.775203,8.300000000005525e-05,155,128
7.775205,1.9999999993913775e-06,1514,240
7.775205,0.0,88,240
7.77529,8.500000000033481e-05,92,240
7.776016,0.0007260000000002265,101,240
7.77624,0.00022399999999933584,362,242
7.776346,0.00010600000000060561,167,128
7.7765,0.00015400000000020952,60,64
7.7766020000000005,0.0001020000000000465,78,48
7.776705,0.0001029999999992981,78,48
7.776802,9.700000000023579e-05,60,64
7.776804,2.000000000279556e-06,60,51
7.780141,0.0033370000000001454,437,241
7.780357,0.00021599999999999397,290,241
7.780424,6.699999999959516e-05,80,241
7.780572,0.00014800000000025904,66,53
7.780766,0.0001939999999995834,60,128
7.780954,0.00018800000000052108,81,51
7.781301,0.00034699999999965314,66,55
7.785865,0.0045640000000002345,60,50
7.786851,0.0009860000000001534,66,53
7.787956,0.0011049999999999116,60,47
7.788678,0.0007219999999996674,167,52
7.7891770000000005,0.0004990000000004713,1414,242
7.789394,0.00021699999999924557,1414,242
7.789534,0.000140000000000029,1414,242
7.790157,0.0006230000000000402,1514,51
7.790158,1.000000000139778e-06,66,54
7.790508,0.0003500000000000725,60,128
7.79051,2.000000000279556e-06,66,128
7.791044,0.0005340000000000344,167,128
7.79137,0.00032599999999938234,167,128
7.792456,0.0010859999999999204,1484,54
7.793633,0.0011770000000002057,1096,54
7.793634,1.000000000139778e-06,167,46
7.794699,0.0010649999999996496,66,64
7.795546,0.0008470000000002642,167,64
7.795918,0.00037200000000048306,167,128
7.796696,0.0007779999999995013,67,64
7.798912,0.0022159999999997737,167,52
7.799586,0.0006740000000000634,167,52
7.800658,0.001072000000000628,157,51
7.801146,0.0004879999999998219,86,51
7.801206,5.9999999999504894e-05,86,128
7.801388,0.0001820000000005706,167,128
7.802201,0.0008129999999999526,570,52
7.802787,0.0005860000000001975,167,51
7.803126,0.0003389999999994231,60,51
7.803337,0.00021100000000018326,60,51
7.804107,0.0007700000000001594,91,50
7.805102,0.000994999999999635,167,128
7.805159,5.699999999997374e-05,60,242
7.805365,0.00020600000000037255,91,51
7.80549,0.00012499999999970868,91,51
7.806106,0.0006159999999999499,89,114
7.8112390000000005,0.00513300000000072,60,240
7.814769,0.003529999999999589,167,128
7.815491,0.0007219999999996674,360,64
7.815945,0.00045400000000039853,119,64
7.816177,0.0002319999999995659,167,46
7.816179,2.000000000279556e-06,60,128
7.8163920000000005,0.00021300000000046282,127,64
7.817166,0.0007739999999998304,1438,126
7.817657,0.0004909999999993531,1168,64
7.818109,0.000452000000000119,1168,64
7.81811,1.000000000139778e-06,404,64
7.818346,0.000236000000000125,1076,126
7.818928,0.0005819999999996384,167,52
7.820002,0.0010740000000000194,1484,64
7.820003,1.000000000139778e-06,320,64
7.82017,0.00016700000000025028,172,64
7.82121,0.0010399999999997078,60,128
7.821212,2.000000000279556e-06,60,128
7.821307,9.499999999995623e-05,1216,128
7.821308,1.000000000139778e-06,67,51
7.822249,0.0009410000000000807,60,48
7.823147,0.0008979999999993993,1248,128
7.823555,0.000408000000000186,599,47
7.823652,9.700000000023579e-05,167,52
7.824235,0.0005829999999997781,167,128
7.825184,0.0009490000000003107,60,128
7.825705,0.0005209999999999937,167,128
7.827457,0.0017519999999997538,646,242
7.828538,0.0010810000000001097,60,128
7.82854,2.000000000279556e-06,999,47
7.829165,0.0006249999999994316,167,128
7.8293479999999995,0.0001829999999998222,60,128
7.830768,0.001420000000000421,91,128
7.830826,5.8000000000113516e-05,91,128
7.830882,5.599999999983396e-05,91,128
7.830932,4.999999999988347e-05,91,128
7.832228,0.0012959999999999638,60,128
7.832371,0.00014300000000044832,167,128
7.833889,0.0015179999999999083,66,55
7.834535,0.0006459999999997024,167,52
7.834753,0.00021800000000027353,167,128
7.835651,0.0008980000000002875,292,54
7.836609,0.0009579999999997924,119,54
7.83661,1.000000000139778e-06,66,64
7.837731,0.0011209999999994835,60,128
7.83784,0.00010900000000013677,167,51
7.838001,0.0001610000000002998,66,64
7.8390640000000005,0.0010630000000002582,67,64
7.839443,0.00037899999999968514,62,126
7.839574,0.00013099999999965917,60,128
7.840024,0.0004499999999998394,167,128
7.840433,0.00040900000000032577,972,128
7.840556,0.0001230000000003173,167,52
7.8408619999999996,0.0003059999999992513,156,51
7.842208,0.0013460000000007355,60,128
7.842828,0.0006199999999996209,60,52
7.84362,0.0007919999999996818,66,55
7.843726,0.00010600000000060561,66,55
7.844584,0.0008580000000000254,66,54
7.845862,0.0012780000000001124,60,128
7.846208,0.00034599999999951336,60,128
7.8463,9.200000000042508e-05,167,128
7.846794,0.0004939999999997724,60,49
7.847906,0.0011120000000000019,60,49
7.84809,0.00018399999999996197,60,128
7.848148,5.8000000000113516e-05,60,126
7.849822,0.0016739999999995092,66,55
7.85031,0.0004880000000007101,60,128
7.852375,0.0020649999999999835,66,55
7.852526,0.0001509999999997902,577,64
7.854251,0.0017249999999995325,167,48
7.855005,0.0007540000000005875,395,42
7.856161,0.0011559999999999349,91,53
7.85643,0.0002689999999994086,167,128
7.856653,0.00022300000000008424,167,48
7.856916,0.0002630000000003463,1414,128
7.856999,8.300000000005525e-05,1053,128
7.857101,0.0001020000000000465,91,52
7.857828,0.0007269999999994781,167,51
7.858194,0.00036600000000053257,91,51
7.859128,0.0009339999999999904,167,52
7.859453,0.00032500000000013074,292,52
7.86048,0.001026999999999667,95,240
7.861184,0.0007039999999998159,67,64
7.861389,0.00020500000000023277,67,51
7.861445,5.599999999983396e-05,171,52
7.861696,0.0002510000000004453,66,128
7.862482,0.0007859999999997314,395,43
7.862611,0.0001290000000002678,1280,128
7.864264,0.0016530000000001266,1338,128
7.865921,0.0016569999999997975,91,52
7.869764,0.003842999999999819,167,52
7.876307,0.0065429999999997435,167,128
7.878819,0.0025120000000002918,60,128
7.880054,0.0012350000000003192,171,52
7.880148,9.399999999981645e-05,379,128
7.880417,0.0002689999999994086,66,128
7.881176,0.0007590000000003982,74,51
7.882573,0.0013969999999998706,1168,64
7.882686,0.0001129999999998077,95,128
7.882928,0.0002420000000000755,1168,64
7.882977,4.900000000063187e-05,204,64
7.885928,0.002950999999999482,60,114
7.888781,0.0028529999999999944,167,52
7.890923,0.0021420000000000883,167,128
7.891394,0.0004710000000001102,167,128
7.893023,0.0016290000000003246,67,64
7.893506,0.0004830000000000112,167,46
7.894046,0.0005399999999999849,167,64
7.895547,0.0015009999999993084,60,128
7.895955,0.000408000000000186,167,128
7.89772,0.0017649999999997945,395,43
7.898785,0.0010650000000005377,167,52
7.899059,0.0002740000000001075,60,241
7.899234,0.00017499999999959215,167,52
7.901136,0.0019020000000002923,177,51
7.90134,0.000204000000000093,167,128
7.902011,0.0006709999999996441,60,52
7.902228,0.00021700000000013375,99,128
7.902414,0.00018600000000024153,830,128
7.903014,0.0005999999999994898,167,51
7.904835,0.0018210000000005166,66,128
7.904962,0.00012699999999998823,1418,55
7.904962,0.0,66,127
7.905163,0.00020099999999967366,167,128
7.905767,0.0006040000000000489,60,128
7.905768,1.000000000139778e-06,60,127
7.905822,5.3999999999554404e-05,60,128
7.908011,0.0021890000000004406,60,52
7.908843,0.0008319999999999439,60,128
7.910297,0.0014539999999998443,60,128
7.910985,0.000688000000000244,89,112
7.91207,0.0010849999999997806,60,128
7.914118,0.002048000000000272,67,64
7.914809,0.0006909999999997751,167,128
7.915254,0.0004450000000000287,60,128
7.915256,2.000000000279556e-06,60,128
7.915257,1.000000000139778e-06,60,128
7.915524,0.00026699999999912905,167,46
7.91562,9.600000000009601e-05,265,128
7.915692,7.200000000029405e-05,265,127
7.915849,0.00015699999999974068,60,128
7.916225,0.000376000000000154,60,128
7.9172460000000004,0.0010210000000006048,60,45
7.917485,0.00023899999999965615,60,128
7.918749,0.0012639999999999318,167,52
7.919231,0.0004819999999998714,78,48
7.919288,5.699999999997374e-05,78,48
7.919827,0.0005389999999998452,60,128
7.919828,1.000000000139778e-06,60,128
7.91983,2.000000000279556e-06,60,127
7.919879,4.899999999974369e-05,60,128
7.91994,6.100000000053285e-05,60,127
7.920629,0.0006889999999994956,67,51
7.9207149999999995,8.599999999958641e-05,60,128
7.920716,1.000000000139778e-06,60,127
7.9208,8.400000000019503e-05,60,128
7.920802,2.000000000279556e-06,60,127
7.922774,0.001972000000000307,167,128
7.923409,0.0006349999999999412,394,128
7.923518,0.00010899999999924859,167,52
7.924573,0.0010550000000000281,167,128
7.928128,0.003555000000000419,777,54
7.928958,0.0008299999999996643,109,54
7.929181,0.00022300000000008424,167,128
7.929535,0.0003539999999997434,66,64
7.929924,0.00038900000000019475,66,64
7.930665,0.0007410000000005468,233,54
7.931269,0.0006040000000000489,66,64
7.93188,0.000610999999999251,60,242
7.932364,0.000484000000000151,167,128
7.934196,0.0018320000000002779,60,128
7.934197,1.000000000139778e-06,60,128
7.9342500000000005,5.3000000000302805e-05,60,128
7.934536,0.0002859999999991203,167,52
7.934779,0.00024300000000021527,167,128
7.934902,0.0001230000000003173,60,127
7.935219,0.0003169999999999007,78,48
7.935518,0.0002990000000000492,78,48
7.935572,5.3999999999554404e-05,78,48
7.936373,0.0008010000000000517,1168,64
7.936833,0.000460000000000349,1168,64
7.936834,1.000000000139778e-06,303,64
7.937006,0.000172000000000061,86,51
7.937342,0.00033599999999989194,86,64
7.93767,0.0003279999999996619,175,1
7.937838,0.00016800000000039006,167,51
7.938178,0.0003399999999995629,60,128
7.939998,0.0018200000000003769,167,128
7.940068,7.00000000000145e-05,60,240
7.940241,0.00017300000000020077,66,64
7.940517,0.00027599999999949887,167,52
7.94077,0.0002529999999998367,207,51
7.940772,2.000000000279556e-06,1327,64
7.941633,0.0008610000000004447,1438,126
7.94255,0.0009169999999993905,1076,126
7.942787,0.00023700000000026478,60,128
7.943431,0.000644000000000311,60,239
7.943689,0.0002579999999996474,60,128
7.944456,0.0007669999999997401,89,113
7.946109,0.0016530000000001266,103,128
7.946286,0.0001769999999998717,167,128
7.946849,0.0005630000000005353,66,55
7.9468499999999995,9.999999992515995e-07,91,128
7.946931,8.100000000066387e-05,91,128
7.946988,5.699999999997374e-05,91,128
7.948125,0.0011369999999999436,60,126
7.949147,0.0010219999999998564,60,126
7.949329,0.00018199999999968242,60,126
7.949435,0.00010600000000060561,60,126
7.95442,0.004984999999999573,91,128
7.954422,2.000000000279556e-06,167,48
7.954481,5.9000000000253294e-05,91,128
7.954536,5.499999999969418e-05,91,128
7.955275,0.0007390000000002672,60,240
7.95623,0.000954999999999373,60,128
7.956415,0.00018500000000010175,167,128
7.956417,2.000000000279556e-06,1014,41
7.957328,0.0009110000000003282,167,48
7.957826,0.0004979999999994433,66,128
7.957892,6.600000000034356e-05,66,127
7.957987,9.499999999995623e-05,67,64
7.958202,0.0002149999999998542,167,51
7.958422,0.0002199999999996649,292,52
7.958653,0.0002310000000003143,167,52
7.958768,0.00011500000000008725,60,128
7.958769,1.000000000139778e-06,60,127
7.9590499999999995,0.0002809999999993096,265,128
7.959121,7.100000000015427e-05,265,127
7.961136,0.0020150000000001,67,51
7.963076,0.0019400000000002748,60,128
7.963265,0.00018899999999977268,60,128
7.963266,1.000000000139778e-06,60,128
7.963267,1.000000000139778e-06,60,127
7.963269,2.000000000279556e-06,60,127
7.964297,0.0010279999999998068,66,128
7.968836,0.004538999999999405,60,128
7.9697379999999995,0.0009019999999999584,167,52
7.970395,0.0006570000000003517,66,49
7.974632,0.004236999999999824,60,242
7.9763020000000004,0.0016700000000007265,167,128
7.976304,1.9999999993913775e-06,60,128
7.976613,0.00030900000000055883,91,50
7.977611,0.0009979999999991662,91,52
7.977913,0.00030200000000046856,581,128
7.979408,0.0014950000000002461,1168,64
7.9796890000000005,0.00028100000000019776,91,50
7.979778,8.899999999911756e-05,1011,64
7.98024,0.0004620000000006286,89,114
7.980429,0.00018899999999977268,66,128
7.980495,6.600000000034356e-05,66,127
7.980776,0.0002809999999993096,77,51
7.982246,0.0014700000000003044,66,128
7.982306,6.000000000039307e-05,66,127
7.982568,0.00026199999999931833,60,128
7.982569,1.000000000139778e-06,60,127
7.982776,0.00020700000000051233,60,128
7.9827770000000005,1.000000000139778e-06,60,127
7.9829419999999995,0.00016499999999908255,265,128
7.983015,7.300000000043383e-05,265,127
7.983473,0.00045800000000006946,60,52
7.986861,0.0033880000000001687,60,128
7.987161,0.000300000000000189,60,128
7.987221,5.9999999999504894e-05,60,127
7.987224,3.000000000419334e-06,60,128
7.9872250000000005,1.000000000139778e-06,60,127
7.98728,5.499999999969418e-05,60,127
7.988699,0.0014190000000002811,167,52
7.991014,0.002314999999999401,91,128
7.991016,2.000000000279556e-06,167,128
7.9911,8.400000000019503e-05,91,128
7.991158,5.8000000000113516e-05,91,128
7.991218,5.9999999999504894e-05,91,128
7.991404,0.00018600000000024153,167,128
7.991537,0.00013299999999993872,894,128
7.992444,0.0009069999999997691,167,64
7.992945,0.0005009999999998627,265,128
7.993017,7.200000000029405e-05,265,127
7.993733,0.0007159999999997169,167,46
7.995018,0.0012850000000002026,66,54
7.995205,0.0001870000000003813,60,128
7.995872,0.0006669999999999732,167,128
7.99597,9.799999999948739e-05,659,128
7.997496,0.0015260000000001384,143,243
7.998454,0.0009579999999997924,60,128
7.998455,1.000000000139778e-06,167,52
7.998457,2.000000000279556e-06,60,127
7.999024,0.0005670000000002062,271,128
7.999087,6.299999999992423e-05,60,128
7.999088,1.000000000139778e-06,60,128
7.99909,1.9999999993913775e-06,60,127
7.999091,1.000000000139778e-06,60,127
7.999258,0.00016700000000025028,167,52
8.000813,0.0015550000000006392,194,51
8.001288,0.00047499999999978115,67,64
8.001346,5.799999999922534e-05,167,128
8.002986,0.0016400000000000858,167,51
8.005097,0.002110999999999308,167,128
8.005876,0.0007790000000014174,60,128
8.006254,0.00037799999999954537,60,128
8.007839,0.0015850000000003917,60,128
8.010413,0.002573999999999188,60,128
8.010414,1.0000000010279564e-06,60,128
8.011217,0.000802999999999443,438,128
8.013128,0.001910999999999774,91,50
8.013325,0.00019700000000000273,78,52
8.013751,0.0004259999999991493,78,51
8.013806,5.500000000147054e-05,78,52
8.014123,0.0003169999999990125,60,45
8.014126,2.9999999995311555e-06,91,51
8.01435,0.0002240000000011122,91,51
8.014804,0.00045399999999951035,167,128
8.015094,0.0002899999999996794,60,54
8.015846,0.000752000000000308,167,46
8.018042,0.0021959999999996427,91,128
8.018121,7.90000000012725e-05,91,128
8.018179,5.799999999922534e-05,91,128
8.018799,0.0006199999999996209,167,52
8.020165,0.0013660000000008665,60,126
8.020782,0.0006170000000000897,217,51
8.021301,0.000518999999998826,91,52
8.022403,0.0011020000000012686,192,126
8.022571,0.0001679999999986137,1168,64
8.023004,0.0004330000000010159,1514,54
8.023005,9.999999992515995e-07,1089,64
8.023005,0.0,383,54
8.023254,0.00024900000000016576,60,128
8.023388,0.00013400000000096668,167,128
8.02348,9.199999999864872e-05,91,52
8.02353,4.999999999988347e-05,167,52
8.023646,0.00011600000000022703,91,50
8.023767,0.00012100000000003774,91,52
8.023832,6.500000000109196e-05,78,53
8.024006,0.00017399999999945237,78,53
8.024382,0.0003759999999992658,78,52
8.024727,0.00034500000000114994,167,128
8.02565,0.0009230000000002292,1382,64
8.027246,0.0015959999999992647,60,243
8.028171,0.0009250000000005087,60,128
8.028256,8.500000000033481e-05,60,240
8.029226,0.0009699999999988052,167,128
8.031342,0.002116000000000895,139,240
8.032406,0.0010639999999995098,167,128
8.032668,0.00026199999999931833,67,64
8.034123,0.001454999999999984,681,54
8.034182,5.9000000000253294e-05,167,52
8.034762,0.0005800000000011352,167,128
8.035794,0.0010319999999985896,66,128
8.03587,7.599999999996498e-05,66,127
8.036761,0.0008910000000010854,60,128
8.036763,2.000000000279556e-06,60,127
8.037255,0.0004919999999994928,265,128
8.037326,7.100000000015427e-05,265,127
8.037634,0.00030800000000041905,1185,128
8.037787,0.00015299999999918157,66,128
8.037848,6.100000000053285e-05,66,127
8.037941,9.299999999967667e-05,335,243
8.037992,5.099999999913507e-05,167,51
8.038193,0.00020100000000056184,60,128
8.038318,0.00012500000000059686,92,128
8.038319,9.999999992515995e-07,60,128
8.038384,6.500000000109196e-05,60,127
8.039948,0.0015640000000001208,167,128
8.040006,5.799999999922534e-05,89,115
8.040464,0.00045800000000006946,167,52
8.040767,0.00030300000000060834,67,51
8.041644,0.0008769999999991285,60,128
8.041647,2.9999999995311555e-06,60,127
8.04247,0.0008230000000004623,60,128
8.042471,1.0000000010279564e-06,60,127
8.042524,5.2999999999414626e-05,60,128
8.042526,2.000000000279556e-06,60,127
8.046302,0.0037760000000002236,167,128
8.048205,0.0019029999999986558,265,128
8.048276,7.100000000015427e-05,265,127
8.048853,0.0005769999999998277,60,126
8.049042,0.00018900000000066086,60,126
8.049772,0.0007300000000007856,1514,54
8.049994,0.00022199999999905629,1514,54
8.050125,0.00013099999999965917,1514,54
8.050126,1.0000000010279564e-06,60,126
8.050128,2.000000000279556e-06,60,126
8.050129,9.999999992515995e-07,60,126
8.050242,0.00011300000000069588,60,128
8.050244,1.999999998503199e-06,60,126
8.050924,0.0006800000000009021,91,50
8.051069,0.0001449999999998397,91,51
8.051184,0.00011499999999919908,91,51
8.052108,0.0009240000000012571,60,128
8.052109,9.999999992515995e-07,60,127
8.052916,0.0008070000000000022,60,128
8.052917,1.0000000010279564e-06,60,127
8.053022,0.00010499999999957765,60,128
8.053024,2.000000000279556e-06,60,127
8.054299,0.001274999999999693,167,48
8.054596,0.00029699999999976967,67,64
8.054657,6.100000000053285e-05,66,128
8.05472,6.299999999903605e-05,66,127
8.055505,0.0007850000000004798,60,128
8.055507,2.000000000279556e-06,60,127
8.055651,0.00014399999999881175,60,128
8.055652,1.0000000010279564e-06,60,128
8.055654,2.000000000279556e-06,60,128
8.055782,0.000128000000000128,265,128
8.055853,7.100000000015427e-05,265,127
8.056365,0.0005119999999987357,167,128
8.056582,0.00021700000000102193,167,48
8.057106,0.0005239999999986367,60,128
8.057824,0.0007180000000008846,167,51
8.058701,0.0008769999999991285,167,52
8.059688,0.0009870000000002932,60,128
8.059905,0.00021700000000102193,60,128
8.059907,2.000000000279556e-06,60,127
8.059994,8.699999999883801e-05,60,128
8.060712,0.0007180000000008846,60,128
8.060714,2.000000000279556e-06,60,127
8.060774,5.9999999999504894e-05,60,128
8.060776,2.000000000279556e-06,60,127
8.061109,0.0003329999999994726,67,51
8.064637,0.0035279999999993095,60,128
8.06964,0.005003000000000313,167,52
8.07163,0.0019900000000010465,95,128
8.072423,0.0007929999999998216,104,45
8.07249,6.699999999959516e-05,199,45
8.07276,0.00027000000000043656,60,128
8.074558,0.0017979999999990781,536,54
8.074706,0.00014800000000114721,66,128
8.075188,0.0004819999999998714,1514,54
8.075379,0.00019099999999916406,60,128
8.075437,5.8000000001001695e-05,73,64
8.07628,0.0008429999999997051,167,128
8.080879,0.0045989999999989095,76,51
8.084911,0.00403200000000048,89,46
8.088913,0.004001999999999839,167,52
8.089714,0.0008010000000009398,60,128
8.091117,0.001402999999999821,167,128
8.091266,0.00014899999999862246,60,128
8.091432,0.0001660000000001105,167,128
8.09217,0.0007380000000001274,583,128
8.092387,0.00021700000000102193,167,64
8.093484,0.0010969999999996816,167,46
8.09491,0.0014260000000003714,78,49
8.095011,0.00010099999999901854,78,49
8.095224,0.00021300000000046282,60,128
8.095605,0.0003810000000008529,167,46
8.095839,0.00023399999999895726,167,128
8.097378,0.0015390000000010673,1168,64
8.097804,0.0004259999999991493,1168,64
8.097804,0.0,75,64
8.098482,0.0006780000000006225,167,52
8.099506,0.0010239999999992477,167,52
8.10087,0.001364000000000587,242,51
8.10136,0.0004899999999992133,167,128
8.10281,0.0014500000000001734,167,51
8.103887,0.0010770000000004387,60,45
8.105084,0.0011969999999994485,167,128
8.106902,0.0018180000000000973,60,126
8.108864,0.0019620000000006854,60,128
8.109247,0.0003829999999993561,542,52
8.110203,0.000956000000000401,192,126
8.11045,0.0002469999999998862,66,128
8.110518,6.800000000062312e-05,66,127
8.11127,0.0007519999999985316,60,128
8.111389,0.00011900000000153454,60,128
8.11139,9.999999992515995e-07,60,127
8.114815,0.0034250000000000114,167,128
8.115828,0.0010130000000003747,140,64
8.115902,7.399999999968543e-05,60,128
8.11915,0.0032479999999992515,167,52
8.119378,0.00022799999999989495,67,64
8.120857,0.0014790000000015624,339,51
8.121054,0.00019700000000000273,265,128
8.121126,7.199999999940587e-05,265,127
8.123525,0.002399000000000484,167,52
8.124584,0.001058999999999699,167,128
8.124726,0.00014200000000030855,64,128
8.125169,0.00044299999999886097,60,128
8.12517,1.0000000010279564e-06,60,127
8.126021,0.000850999999999047,66,128
8.126022,1.0000000010279564e-06,60,128
8.126024,1.999999998503199e-06,60,128
8.126109,8.500000000033481e-05,66,127
8.126111,2.000000000279556e-06,60,127
8.126111,0.0,60,127
8.126113,2.000000000279556e-06,60,43
8.126269,0.00015600000000048908,60,128
8.126928,0.000658999999998855,60,128
8.126929,1.0000000010279564e-06,60,127
8.127132,0.00020299999999906504,66,42
8.127338,0.00020600000000037255,265,128
8.127432,9.400000000070463e-05,265,127
8.127682,0.00024999999999941735,358,64
8.12922,0.0015380000000000393,167,128
8.131175,0.001955000000000595,85,128
8.131347,0.00017199999999917281,60,128
8.131349,2.000000000279556e-06,60,127
8.13135,9.999999992515995e-07,60,128
8.131397,4.7000000000352316e-05,60,127
8.132376,0.0009790000000009513,167,128
8.132706,0.00032999999999994145,167,128
8.133888,0.0011820000000000164,1192,240
8.134656,0.0007679999999989917,167,52
8.134761,0.00010499999999957765,60,64
8.134844,8.300000000005525e-05,1062,128
8.134844,0.0,94,240
8.135037,0.00019300000000121997,100,240
8.135142,0.00010499999999957765,60,46
8.135364,0.00022199999999905629,60,128
8.135428,6.4000000000064e-05,60,64
8.135677,0.00024900000000016576,167,128
8.135735,5.8000000001001695e-05,91,128
8.136253,0.0005179999999995744,60,64
8.136463,0.0002099999999991553,60,45
8.137787,0.001324000000000325,167,51
8.140031,0.002244000000001023,167,128
8.140091,5.9999999999504894e-05,67,64
8.140434,0.0003430000000008704,109,54
8.140512,7.799999999846818e-05,167,52
8.140692,0.00018000000000029104,72,51
8.141334,0.0006420000000009196,60,128
8.141385,5.099999999913507e-05,60,128
8.146315,0.004929999999999879,167,128
8.149069,0.0027540000000012554,66,45
8.1498,0.0007310000000000372,89,116
8.150567,0.0007669999999997401,60,243
8.154526,0.003959000000000046,66,53
8.154931,0.0004049999999988785,167,48
8.156361,0.0014300000000009305,167,128
8.156816,0.00045499999999876195,167,48
8.157877,0.0010609999999999786,167,51
8.158151,0.00027400000000099567,121,51
8.15886,0.0007090000000005148,60,128
8.159289,0.00042899999999868044,167,52
8.160759,0.0014700000000011926,67,51
8.160888,0.0001289999999993796,60,128
8.161499,0.000610999999999251,67,64
8.169784,0.008285000000000764,60,128
8.169846,6.199999999978445e-05,460,64
8.170042,0.00019600000000075113,167,52
8.172521,0.002478999999999232,67,64
8.174469,0.0019480000000005049,66,128
8.174537,6.800000000062312e-05,66,127
8.174729,0.00019199999999841566,60,128
8.17473,1.0000000010279564e-06,60,127
8.17495,0.0002200000000005531,265,128
8.175021,7.099999999837792e-05,265,127
8.176284,0.0012630000000015684,60,128
8.176348,6.4000000000064e-05,167,128
8.177709,0.0013609999999992795,60,128
8.178861,0.0011519999999993757,60,128
8.179056,0.00019499999999972317,60,128
8.179058,2.000000000279556e-06,60,127
8.179312,0.00025399999999997647,60,128
8.179318,6.000000000838668e-06,60,127
8.179371,5.2999999999414626e-05,60,128
8.179372,1.0000000010279564e-06,60,127
8.180931,0.0015589999999985338,364,51
8.182233,0.0013020000000008025,109,54
8.186712,0.0044789999999999,60,128
8.188724,0.002012000000000569,167,52
8.189396,0.0006719999999997839,167,64
8.190997,0.0016009999999990754,167,128
8.191383,0.0003860000000006636,167,128
8.193552,0.0021690000000003096,167,46
8.194815,0.001262999999999792,1168,64
8.195228,0.0004129999999999967,1168,64
8.195228,0.0,66,64
8.195876,0.0006479999999999819,167,128
8.198632,0.0027559999999997586,167,52
8.199256,0.00062400000000018,167,52
8.200731,0.001474999999999227,66,41
8.200811,8.00000000005241e-05,67,51
8.200861,4.999999999988347e-05,1084,64
8.201329,0.0004679999999996909,167,128
8.20286,0.001530999999999949,167,51
8.205123,0.002263000000001014,167,128
8.20624,0.0011169999999989244,62,128
8.20761,0.0013700000000014256,66,128
8.207671,6.099999999875649e-05,66,127
8.208019,0.0003480000000006811,175,1
8.208473,0.00045399999999951035,60,128
8.208474,1.0000000010279564e-06,60,127
8.211718,0.0032439999999986924,95,128
8.21282,0.0011020000000012686,584,128
8.213118,0.00029799999999902127,1514,240
8.213336,0.00021800000000027353,60,128
8.214017,0.0006810000000001537,714,240
8.214105,8.799999999986596e-05,99,240
8.214293,0.0001879999999996329,60,128
8.214294,1.0000000010279564e-06,60,128
8.214511,0.00021699999999924557,1514,240
8.214767,0.000256000000000256,60,64
8.214847,8.00000000005241e-05,167,128
8.215261,0.0004139999999992483,738,240
8.215262,9.999999992515995e-07,100,240
8.215397,0.00013500000000021828,183,52
8.215543,0.00014600000000086766,167,46
8.215908,0.0003650000000003928,60,128
8.216613,0.0007049999999999557,60,64
8.21711,0.0004969999999993036,1168,64
8.217586,0.0004760000000008091,1052,64
8.217845,0.0002589999999997872,60,64
8.218324,0.00047900000000034026,265,128
8.218395,7.099999999837792e-05,265,127
8.218587,0.00019200000000019202,60,64
8.218775,0.00018800000000140926,167,52
8.220401,0.0016259999999999053,66,53
8.220725,0.0003239999999991028,67,51
8.220887,0.0001619999999995514,60,128
8.222207,0.0013199999999997658,60,128
8.222339,0.00013200000000068712,60,127
8.222941,0.0006020000000006576,60,128
8.222943,2.000000000279556e-06,60,128
8.223014,7.099999999837792e-05,60,128
8.223016,2.000000000279556e-06,60,127
8.223094,7.800000000024454e-05,60,128
8.223096,2.000000000279556e-06,60,127
8.223895,0.0007990000000006603,60,128
8.223896,9.999999992515995e-07,167,52
8.225036,0.0011399999999994748,167,128
8.225609,0.0005730000000010449,66,41
8.228466,0.002856999999998777,89,50
8.228821,0.00035500000000077137,103,128
8.229181,0.0003600000000005821,167,128
8.231368,0.002186999999999273,60,128
8.23193,0.0005620000000003955,66,128
8.231995,6.49999999993156e-05,66,127
8.232251,0.000256000000000256,60,128
8.232252,1.0000000010279564e-06,60,127
8.232414,0.0001619999999995514,167,128
8.23262,0.00020600000000037255,265,128
8.232696,7.599999999996498e-05,265,127
8.234238,0.001541999999998822,167,52
8.234676,0.0004380000000008266,577,64
8.235666,0.0009899999999998244,167,128
8.236241,0.0005749999999995481,60,128
8.23638,0.0001390000000007774,167,128
8.236632,0.0002519999999996969,60,128
8.236633,9.999999992515995e-07,60,127
8.236772,0.0001390000000007774,67,64
8.236902,0.00013000000000040757,60,128
8.236903,9.999999992515995e-07,60,127
8.236983,8.00000000005241e-05,60,128
8.236984,9.999999992515995e-07,60,127
8.237504,0.0005199999999998539,60,48
8.238133,0.0006289999999999907,167,51
8.238861,0.000728000000000506,60,128
8.239143,0.00028200000000033754,78,48
8.239318,0.00017500000000048033,78,48
8.239884,0.0005659999999991783,60,128
8.240015,0.00013099999999965917,167,128
8.240537,0.0005220000000001335,167,52
8.240934,0.0003969999999995366,407,51
8.243092,0.0021580000000014365,89,52
8.243252,0.00015999999999927184,66,128
8.246314,0.003061999999999898,167,128
8.247444,0.0011299999999998533,577,64
8.250919,0.003474999999999895,60,128
8.251001,8.200000000080365e-05,66,45
8.251051,4.999999999988347e-05,60,45
8.25396,0.00290899999999894,60,128
8.254122,0.00016200000000132775,66,52
8.254545,0.0004229999999996181,167,48
8.25506,0.0005150000000000432,66,128
8.25513,6.999999999912632e-05,66,127
8.255959,0.0008290000000013009,60,128
8.255961,1.999999998503199e-06,60,127
8.256454,0.0004930000000005208,167,128
8.256511,5.699999999997374e-05,167,48
8.257737,0.0012260000000008375,945,128
8.257738,9.999999992515995e-07,167,51
8.257985,0.0002469999999998862,60,128
8.258498,0.0005129999999997636,72,64
8.258849,0.00035100000000021225,167,52
8.259204,0.00035500000000077137,1254,64
8.259562,0.0003580000000003025,127,64
8.260708,0.001145999999998537,67,51
8.262894,0.0021860000000000213,60,50
8.265579,0.0026850000000013807,89,113
8.266286000000001,0.0007070000000002352,265,128
8.266359,7.299999999865747e-05,265,127
8.267363,0.0010040000000000049,103,128
8.269438,0.002074999999999605,60,128
8.269785,0.0003470000000014295,167,52
8.270349,0.0005639999999988987,60,128
8.270351,2.000000000279556e-06,60,127
8.270482,0.00013099999999965917,66,128
8.270546,6.4000000000064e-05,66,127
8.271156,0.0006099999999999994,60,128
8.271157,1.0000000010279564e-06,60,127
8.27121,5.2999999999414626e-05,60,128
8.271211,9.999999992515995e-07,60,128
8.271212,1.0000000010279564e-06,60,127
8.271213,9.999999992515995e-07,60,127
8.271644,0.00043100000000073635,265,128
8.271717,7.300000000043383e-05,265,127
8.275648,0.003930999999999685,60,128
8.27565,2.000000000279556e-06,60,127
8.276352,0.0007019999999986481,167,128
8.276451,9.900000000051534e-05,60,128
8.276502,5.100000000091143e-05,60,127
8.276504,1.999999998503199e-06,60,128
8.276557,5.300000000119098e-05,60,127
8.277446,0.0008889999999990295,78,48
8.277448,2.000000000279556e-06,66,128
8.277528,8.00000000005241e-05,66,127
8.27762,9.200000000042508e-05,78,48
8.27811,0.0004899999999992133,60,128
8.278112,2.000000000279556e-06,60,127
8.278467,0.000354999999998995,265,128
8.278539,7.200000000118223e-05,265,127
8.280249,0.0017099999999992122,1168,64
8.280702,0.00045300000000025875,1168,64
8.280703,1.0000000010279564e-06,194,64
8.280844,0.0001409999999992806,76,51
8.282154,0.0013100000000001444,91,128
8.282533,0.0003790000000005733,60,128
8.282533,0.0,60,128
8.282534,9.999999992515995e-07,60,127
8.282598,6.4000000000064e-05,60,127
8.282895,0.00029699999999976967,382,52
8.28342,0.0005249999999996646,66,128
8.283478,5.8000000001001695e-05,66,127
8.284908,0.0014299999999991542,60,128
8.284965,5.699999999997374e-05,60,128
8.284966,1.0000000010279564e-06,60,127
8.285253,0.00028700000000014825,66,52
8.288752,0.003498999999999697,167,52
8.290493,0.0017409999999991044,60,40
8.290602,0.00010900000000013677,91,40
8.290689,8.700000000061436e-05,60,128
8.291001,0.0003119999999992018,167,128
8.291386,0.00038499999999963563,167,128
8.291598,0.00021200000000121122,60,128
8.293417,0.001818999999999349,66,128
8.293476,5.9000000000253294e-05,66,127
8.293552,7.599999999996498e-05,167,46
8.294343,0.0007909999999995421,60,128
8.294344,1.0000000010279564e-06,60,127
8.294707,0.00036300000000011323,265,128
8.294779,7.199999999940587e-05,265,127
8.295854,0.0010750000000001592,167,128
8.29772,0.0018659999999997012,167,64
8.299156,0.0014359999999999928,167,52
8.299208,5.200000000016303e-05,167,52
8.299728,0.0005199999999998539,60,128
8.29973,2.000000000279556e-06,60,127
8.299731,9.999999992515995e-07,60,128
8.299803,7.200000000118223e-05,60,127
8.300781,0.0009779999999999234,420,51
8.301418,0.0006369999999993325,167,128
8.301481,6.30000000008124e-05,67,64
8.302909,0.0014279999999988746,167,51
8.304573,0.0016639999999998878,265,128
8.304645,7.200000000118223e-05,265,127
8.305099,0.00045399999999951035,167,128
8.308505,0.00340600000000002,60,128
8.308507,2.000000000279556e-06,60,127
8.309336,0.0008289999999995246,60,128
8.309338,2.000000000279556e-06,60,127
8.309339,9.999999992515995e-07,60,128
8.309386,4.7000000000352316e-05,60,127
8.309937,0.0005509999999997461,60,128
8.31007,0.00013299999999993872,60,128
8.310508,0.0004380000000008266,91,115
8.312539,0.0020309999999987838,67,64
8.314808,0.0022690000000000765,167,128
8.315892,0.001084000000000529,167,46
8.316062,0.00017000000000066962,77,53
8.316664,0.0006019999999988812,66,128
8.318983,0.00231899999999996,103,45
8.319048,6.500000000109196e-05,199,45
8.319145,9.700000000023579e-05,167,52
8.319334,0.0001889999999988845,60,128
8.321076,0.0017420000000001323,67,51
8.321899,0.0008230000000004623,1414,242
8.322386999999999,0.00048799999999893373,66,128
8.322692,0.0003050000000008879,171,52
8.323487,0.0007950000000001012,167,52
8.323751,0.0002639999999995979,171,52
8.323959,0.0002080000000006521,171,52
8.324069,0.00010999999999938836,60,240
8.324871,0.0008020000000001914,1327,64
8.325402,0.0005310000000005033,183,50
8.325525,0.0001230000000003173,1514,64
8.325887,0.0003619999999990853,724,64
8.326394,0.0005070000000007013,66,64
8.326395,9.999999992515995e-07,171,50
8.327775,0.001380000000001047,167,128
8.328049,0.0002739999999992193,171,51
8.329043,0.0009940000000003835,183,52
8.329147,0.00010400000000032605,167,128
8.329252,0.00010499999999957765,171,51
8.329253,9.999999992515995e-07,167,128
8.329383,0.00013000000000040757,171,51
8.329508,0.00012500000000059686,171,51
8.329618,0.00010999999999938836,66,64
8.331077,0.0014590000000005432,171,52
8.33209,0.0010130000000003747,171,52
8.332307,0.00021699999999924557,171,52
8.332406,9.900000000051534e-05,167,128
8.333386,0.000980000000000203,155,128
8.333462,7.599999999996498e-05,155,128
8.334496,0.0010339999999988692,171,51
8.334498,2.000000000279556e-06,167,52
8.3345,2.000000000279556e-06,1168,64
8.33494,0.0004399999999993298,839,64
8.335603,0.0006630000000011904,167,128
8.335853,0.00024999999999941735,171,51
8.337065,0.001212000000000657,85,126
8.337218,0.00015299999999918157,113,64
8.337857,0.0006389999999996121,167,51
8.338081,0.0002240000000011122,60,128
8.338212,0.00013099999999965917,85,126
8.338327,0.00011499999999919908,85,126
8.338328,1.0000000010279564e-06,113,64
8.338384,5.599999999894578e-05,113,64
8.339144,0.0007599999999996498,85,126
8.339256,0.00011200000000144428,113,64
8.339513,0.0002569999999995076,1514,240
8.340057,0.0005439999999996559,167,128
8.340498,0.00044100000000035777,746,240
8.340499,9.999999992515995e-07,101,240
8.3405,1.0000000010279564e-06,167,52
8.341147,0.000646999999998954,60,64
8.341377,0.0002300000000001745,380,51
8.341433,5.600000000072214e-05,60,240
8.34183,0.0003969999999995366,60,64
8.346325,0.00449500000000036,167,128
8.349216,0.002890999999999977,60,128
8.350862,0.0016459999999991481,60,240
8.352781,0.0019190000000008922,117,127
8.354373,0.001592000000000482,167,48
8.354926,0.0005530000000000257,66,43
8.355018,9.199999999864872e-05,66,51
8.355369,0.00035100000000021225,67,64
8.355427,5.8000000001001695e-05,66,43
8.355716,0.00028899999999865145,60,52
8.355941,0.0002250000000003638,60,52
8.356083,0.00014200000000030855,123,64
8.356447,0.00036399999999936483,167,128
8.356945,0.0004980000000003315,167,48
8.357823,0.0008780000000001564,167,51
8.35807,0.0002469999999998862,60,128
8.358619000000001,0.0005490000000012429,66,128
8.358677,5.799999999922534e-05,167,52
8.36068,0.002003000000000199,67,51
8.36164,0.0009599999999991837,104,128
8.366154,0.004514000000000351,1414,242
8.366948,0.0007940000000008496,421,242
8.367617,0.0006689999999984764,60,128
8.368389,0.0007720000000013272,60,243
8.369682,0.0012929999999986563,167,52
8.370749,0.0010670000000008173,744,128
8.370922,0.00017300000000020077,66,128
8.370984,6.199999999978445e-05,66,127
8.371783,0.0007990000000006603,60,128
8.371785,1.999999998503199e-06,60,127
8.37222,0.00043500000000129546,265,128
8.372294,7.399999999968543e-05,265,127
8.375689,0.0033949999999993707,73,64
8.375892,0.0002030000000008414,60,242
8.376283,0.0003910000000004743,60,128
8.376285,1.999999998503199e-06,60,127
8.376287,2.000000000279556e-06,167,128
8.377087,0.0007999999999999119,60,128
8.377088,1.0000000010279564e-06,60,127
8.377223,0.00013500000000021828,60,128
8.377224,9.999999992515995e-07,60,127
8.379947,0.002722999999999587,60,128
8.380847,0.0008999999999996788,76,51
8.381236,0.00038900000000019475,60,128
8.38487,0.003633999999999915,60,128
8.385623,0.0007530000000013359,120,51
8.38585,0.000226999999998867,982,128
8.38585,0.0,160,128
8.389074,0.003224000000001226,167,52
8.391087,0.0020129999999998205,167,128
8.391397,0.00030999999999892225,167,128
8.393324,0.001927000000000234,167,46
8.393375,5.100000000091143e-05,577,64
8.39373,0.000354999999998995,167,64
8.394237,0.0005070000000007013,744,128
8.395902,0.0016649999999991394,167,128
8.397188,0.0012860000000003424,1168,64
8.397625,0.00043699999999979866,1168,64
8.397625,0.0,198,64
8.398681,0.001056000000000168,167,52
8.399402,0.0007210000000004158,167,52
8.399914,0.000512000000000512,744,128
8.400767,0.0008529999999993265,373,51
8.401362,0.0005950000000005673,167,128
8.402855,0.0014929999999999666,167,51
8.404585,0.0017300000000002314,60,54
8.405024,0.00043899999999830186,167,128
8.406529,0.001505000000001644,66,128
8.406594,6.49999999993156e-05,66,127
8.407458,0.0008639999999999759,60,128
8.40746,2.000000000279556e-06,60,127
8.40762,0.00015999999999927184,744,128
8.40786,0.00023999999999979593,265,128
8.407932,7.200000000118223e-05,265,127
8.411869,0.003936999999998747,60,128
8.411871,2.000000000279556e-06,60,128
8.411872,1.0000000010279564e-06,60,127
8.411941,6.899999999987472e-05,60,127
8.414343,0.0024020000000000152,89,114
8.414708,0.00036499999999861643,167,128
8.414848,0.000140000000000029,1254,64
8.415243,0.0003950000000010334,127,64
8.415492,0.00024900000000016576,167,46
8.415619,0.00012699999999910005,60,128
8.418117,0.0024980000000009994,66,53
8.418744,0.0006269999999997111,167,52
8.419339,0.0005950000000005673,60,240
8.419777,0.00043799999999905026,67,64
8.420177,0.0004000000000008441,78,48
8.420501,0.0003239999999991028,78,48
8.420723,0.00022200000000083264,67,51
8.42078,5.699999999997374e-05,66,54
8.422433999999999,0.00165399999999849,167,128
8.42332,0.0008860000000012747,167,52
8.423737,0.00041699999999877946,91,128
8.424069,0.000332000000000221,91,128
8.424323,0.00025399999999997647,91,128
8.424559,0.00023600000000101318,91,128
8.427367,0.0028079999999999217,98,16
8.429205,0.0018379999999993402,167,128
8.430814,0.0016090000000001936,744,128
8.432421,0.001606999999999914,167,128
8.43468,0.002259000000000455,167,52
8.435485,0.0008049999999997226,66,128
8.43554,5.499999999969418e-05,91,45
8.435542,2.000000000279556e-06,66,127
8.435781,0.00023900000000054433,167,128
8.436347,0.0005659999999991783,60,128
8.436348,1.0000000010279564e-06,60,127
8.436719,0.0003709999999994551,265,128
8.43679,7.100000000015427e-05,265,127
8.437593,0.000802999999999443,78,48
8.437644,5.100000000091143e-05,78,48
8.437738,9.399999999892827e-05,78,48
8.438281,0.0005430000000004043,167,51
8.438376,9.499999999995623e-05,585,128
8.440055,0.00167899999999932,167,128
8.440503,0.00044800000000044804,67,64
8.440561,5.8000000001001695e-05,167,52
8.440941,0.0003799999999998249,60,128
8.440942,9.999999992515995e-07,60,127
8.441053,0.00011100000000041632,60,128
8.441054,9.999999992515995e-07,67,51
8.441056,2.000000000279556e-06,60,127
8.444432,0.003376000000001156,748,128
8.445795,0.001362999999999559,167,128
8.446318,0.0005229999999993851,167,128
8.446703,0.00038499999999963563,66,128
8.449434,0.002731000000000705,744,128
8.453189,0.003754999999999953,66,128
8.453251999999999,6.299999999903605e-05,66,127
8.454079,0.0008270000000010214,60,128
8.454081,2.000000000279556e-06,60,127
8.454244,0.000162999999998803,167,48
8.454599,0.00035500000000077137,265,128
8.454672,7.300000000043383e-05,265,127
8.455869,0.0011969999999994485,167,48
8.45639,0.0005210000000008819,167,128
8.457872,0.0014819999999993172,167,51
8.458647,0.000774999999999082,167,52
8.458748,0.0001010000000007949,60,128
8.458798,4.999999999988347e-05,60,128
8.4588,2.000000000279556e-06,60,127
8.458865,6.49999999993156e-05,60,127
8.460047,0.0011820000000000164,66,128
8.460107,6.000000000128125e-05,66,127
8.460986,0.000878999999999408,60,128
8.460988,2.000000000279556e-06,60,127
8.461126,0.00013799999999974943,305,51
8.461676,0.0005500000000004945,1168,64
8.462154,0.0004779999999993123,91,53
8.462155,9.999999992515995e-07,864,64
8.46316,0.0010050000000010328,471,43
8.463161,9.999999992515995e-07,91,52
8.463382,0.00022099999999980469,91,51
8.463884,0.0005020000000008906,66,64
8.46415,0.00026599999999987745,91,52
8.46966,0.005509999999999238,167,52
8.470607,0.0009470000000000312,265,128
8.470607,0.0,60,45
8.47068,7.300000000043383e-05,265,127
8.472123,0.001443000000000083,91,128
8.472125,2.000000000279556e-06,91,128
8.472202,7.699999999921658e-05,91,128
8.472556,0.00035400000000151977,67,64
8.474537,0.0019809999999989003,60,128
8.474539,2.000000000279556e-06,60,127
8.474541,2.000000000279556e-06,60,128
8.474587,4.599999999932436e-05,60,127
8.475898,0.0013110000000011723,60,128
8.476322,0.0004239999999988697,167,128
8.479442,0.0031200000000009,159,128
8.481341,0.001898999999999873,300,51
8.481891,0.0005499999999987182,60,240
8.483232,0.0013410000000000366,60,128
8.484158,0.0009260000000015367,1414,128
8.484242,8.399999999930685e-05,1080,128
8.485249,0.001006999999999536,66,128
8.485309,6.000000000128125e-05,66,127
8.485642,0.0003329999999994726,60,128
8.485643,9.999999992515995e-07,60,127
8.486443,0.0007999999999999119,1414,128
8.486492,4.900000000063187e-05,630,128
8.486492,0.0,241,128
8.488851,0.002359000000000222,167,52
8.490005,0.0011539999999996553,350,54
8.490006,9.999999992515995e-07,97,54
8.490298,0.00029199999999995896,167,64
8.4903,2.000000000279556e-06,60,128
8.491069,0.0007690000000000197,167,128
8.491408,0.0003390000000003113,167,128
8.493636,0.002228000000000563,221,54
8.493696,5.9999999999504894e-05,167,46
8.493783,8.700000000061436e-05,66,128
8.493853,6.999999999912632e-05,66,127
8.494076,0.00022300000000008424,60,128
8.494077,1.0000000010279564e-06,60,127
8.494323,0.00024599999999885824,265,128
8.494395,7.200000000118223e-05,265,127
8.49457,0.00017499999999870397,1168,64
8.494991,0.0004210000000011149,996,64
8.495604,0.0006129999999995306,265,128
8.495676,7.199999999940587e-05,265,127
8.495929,0.00025300000000072487,167,128
8.49637,0.00044100000000035777,70,48
8.498326,0.0019559999999998468,167,52
8.498524,0.00019799999999925433,60,128
8.498531,7.000000000090267e-06,60,127
8.498758,0.00022700000000064335,60,128
8.49876,2.000000000279556e-06,60,128
8.498761,9.999999992515995e-07,60,127
8.498824,6.30000000008124e-05,60,127
8.499576,0.0007519999999985316,167,52
8.500759,0.0011830000000010443,67,51
8.500957,0.00019799999999925433,60,42
8.501336,0.0003790000000005733,167,128
8.502784,0.0014479999999998938,60,128
8.502785,9.999999992515995e-07,60,127
8.502979,0.00019400000000047157,167,51
8.503061,8.200000000080365e-05,60,128
8.503062,9.999999992515995e-07,60,127
8.503116,5.400000000044258e-05,60,128
8.503118,2.000000000279556e-06,60,127
8.505004,0.001885999999998944,167,128
8.506976,0.001972000000000307,60,242
8.507726,0.0007500000000000284,60,128
8.507785,5.9000000000253294e-05,143,242
8.50802,0.00023499999999998522,91,50
8.508274,0.00025399999999997647,91,128
8.508276,2.000000000279556e-06,91,128
8.508407,0.00013099999999965917,91,128
8.508881,0.00047400000000052955,255,128
8.509006,0.0001249999999988205,91,51
8.509224,0.00021800000000027353,91,51
8.510216,0.000992000000000104,66,128
8.510278,6.199999999978445e-05,66,127
8.510359,8.09999999997757e-05,66,128
8.510422,6.30000000008124e-05,66,127
8.510563,0.0001409999999992806,60,128
8.510564,1.0000000010279564e-06,60,127
8.510938,0.00037399999999898625,265,128
8.51101,7.200000000118223e-05,265,127
8.513405,0.002394999999999925,60,240
8.514121,0.0007159999999988287,78,52
8.51447,0.0003489999999999327,78,51
8.514547,7.700000000099294e-05,78,52
8.514815,0.000268000000000157,167,128
8.514816,9.999999992515995e-07,60,128
8.514874,5.8000000001001695e-05,60,127
8.514986,0.00011199999999966792,60,128
8.514987,9.999999992515995e-07,60,127
8.51507,8.300000000005525e-05,60,128
8.515071,1.0000000010279564e-06,60,127
8.515125,5.3999999998666226e-05,60,128
8.515127,2.000000000279556e-06,60,127
8.515541,0.00041400000000102466,167,46
8.515961,0.00042000000000008697,67,64
8.516695,0.0007339999999995683,1040,242
8.517219,0.000524000000000413,66,128
8.518767,0.0015479999999996608,167,52
8.519192,0.0004249999999998977,60,128
8.520697,0.0015049999999998676,67,51
8.520779,8.19999999990273e-05,60,128
8.521418,0.0006390000000013885,744,128
8.522369,0.0009509999999988139,167,128
8.523182,0.0008130000000008408,60,128
8.523474,0.00029199999999995896,167,52
8.524654,0.0011799999999997368,78,53
8.524778,0.0001239999999995689,78,53
8.525054,0.0002760000000012752,78,52
8.526064,0.0010099999999990672,60,242
8.526627,0.0005629999999996471,66,128
8.526695,6.800000000062312e-05,66,127
8.527049,0.0003539999999997434,60,242
8.527293,0.00024400000000035504,60,242
8.527469,0.00017599999999973193,265,128
8.527531,6.199999999978445e-05,60,128
8.527532,1.0000000010279564e-06,265,127
8.527532,0.0,60,127
8.527931,0.00039899999999981617,265,128
8.527931,0.0,60,128
8.528003,7.199999999940587e-05,265,127
8.528996,0.0009929999999993555,60,128
8.529164,0.00016800000000039006,167,128
8.529736,0.0005720000000000169,823,128
8.529925,0.00018900000000066086,60,128
8.53044,0.0005150000000000432,60,128
8.530769,0.0003289999999989135,66,128
8.530842,7.300000000043383e-05,66,127
8.531162,0.00032000000000032003,60,128
8.531655,0.0004930000000005208,167,128
8.531656,9.999999992515995e-07,60,128
8.53171,5.400000000044258e-05,60,127
8.532417,0.0007070000000002352,167,128
8.532852,0.0004349999999995191,167,128
8.53408,0.0012279999999993407,167,52
8.534309,0.0002290000000009229,60,128
8.535283,0.0009739999999993643,60,128
8.53641,0.0011270000000003222,67,64
8.537739,0.0013290000000001356,60,128
8.53774,9.999999992515995e-07,60,128
8.537741,1.0000000010279564e-06,60,127
8.537742,9.999999992515995e-07,60,127
8.537838,9.600000000098419e-05,167,51
8.538955,0.0011169999999989244,60,128
8.539411,0.0004559999999997899,1318,64
8.53969,0.0002790000000008064,91,50
8.540006,0.0003159999999997609,167,128
8.540394,0.0003879999999991668,60,128
8.540575,0.000181000000001319,103,64
8.540576,9.999999992515995e-07,167,52
8.540641,6.500000000109196e-05,91,51
8.540799,0.00015799999999899228,261,51
8.540849,4.999999999988347e-05,91,51
8.541021,0.00017200000000094917,103,64
8.541026,4.999999999810711e-06,103,64
8.541306,0.000280000000000058,265,128
8.541377,7.100000000015427e-05,265,127
8.541908,0.0005309999999987269,60,242
8.545321,0.0034130000000001104,60,128
8.545323,2.000000000279556e-06,60,127
8.546119000000001,0.0007960000000011291,60,128
8.546121,1.999999998503199e-06,60,127
8.546188,6.700000000137152e-05,60,128
8.546189,9.999999992515995e-07,60,127
8.546299,0.00010999999999938836,167,128
8.546824,0.000525000000001441,374,241
8.547581,0.0007569999999983423,60,128
8.547583,2.000000000279556e-06,60,127
8.549032,0.0014490000000009218,394,128
8.550292,0.001260000000000261,431,242
8.550581,0.00028899999999865145,60,128
8.550742,0.0001610000000002998,135,128
8.552067,0.0013249999999995765,748,128
8.553712,0.001645000000001673,66,128
8.553775,6.299999999903605e-05,66,127
8.554517,0.0007420000000006866,167,48
8.554617,9.999999999976694e-05,66,128
8.554677,5.9999999999504894e-05,66,127
8.55527,0.0005930000000002877,60,128
8.555271,9.999999992515995e-07,60,128
8.555272,1.0000000010279564e-06,60,127
8.55532,4.7999999999603915e-05,60,127
8.555554,0.00023400000000073362,60,128
8.555555,9.999999992515995e-07,60,127
8.556241,0.0006859999999999644,167,48
8.556331,9.000000000014552e-05,60,128
8.556333,2.000000000279556e-06,60,127
8.556455,0.00012199999999928934,167,128
8.556969,0.0005140000000007916,167,51
8.557334,0.0003650000000003928,66,128
8.557392,5.799999999922534e-05,66,127
8.558247,0.0008549999999996061,60,128
8.558248,1.0000000010279564e-06,60,127
8.559143,0.0008949999999998681,167,52
8.559584,0.0004409999999985814,114,45
8.559645,6.100000000053285e-05,178,45
8.559888,0.00024300000000110344,66,128
8.559889,9.999999992515995e-07,60,128
8.559969,8.00000000005241e-05,66,127
8.560822,0.0008529999999993265,60,128
8.560823,9.999999992515995e-07,60,127
8.561377,0.0005540000000010536,67,51
8.561871,0.0004939999999997724,1168,64
8.562175,0.00030399999999985994,877,64
8.562999,0.0008239999999997139,66,128
8.563061,6.199999999978445e-05,66,127
8.563369,0.00030800000000041905,60,128
8.563371,2.000000000279556e-06,134,128
8.563427,5.600000000072214e-05,60,127
8.563428,9.999999992515995e-07,134,127
8.563884999999999,0.0004569999999990415,60,128
8.563886,1.0000000010279564e-06,60,127
8.56428,0.00039400000000000546,265,128
8.564354,7.399999999968543e-05,265,127
8.565213,0.0008590000000001652,60,128
8.565215,2.000000000279556e-06,60,127
8.565749,0.0005340000000000344,265,128
8.565823,7.399999999968543e-05,265,127
8.568544,0.0027209999999993073,60,128
8.568545,1.0000000010279564e-06,60,127
8.568547,2.000000000279556e-06,60,128
8.568618,7.100000000015427e-05,60,127
8.56862,1.999999998503199e-06,265,128
8.568692,7.200000000118223e-05,265,127
8.569732,0.0010399999999997078,167,52
8.569952,0.0002200000000005531,66,128
8.570019,6.699999999959516e-05,66,127
8.570409,0.00038999999999944635,265,128
8.570482,7.300000000043383e-05,265,127
8.571014,0.0005319999999997549,60,128
8.571015,9.999999992515995e-07,60,127
8.571731,0.000716000000000605,102,128
8.571781,4.999999999988347e-05,102,127
8.571879,9.799999999948739e-05,66,128
8.571937,5.8000000001001695e-05,66,127
8.5721,0.00016300000000057935,66,64
8.572205,0.00010499999999957765,60,128
8.572207,2.000000000279556e-06,60,127
8.57353,0.001322999999999297,60,128
8.573579,4.900000000063187e-05,60,128
8.573682,0.0001029999999992981,60,127
8.573683,1.0000000010279564e-06,60,127
8.574791,0.0011079999999985546,103,50
8.575608,0.0008170000000013999,66,64
8.575844,0.00023599999999923682,103,50
8.576048,0.000204000000000093,103,52
8.576334,0.0002859999999991203,167,128
8.576615,0.00028100000000108594,66,64
8.576982,0.000366999999998896,66,64
8.577593,0.0006110000000010274,60,128
8.577594,9.999999992515995e-07,60,127
8.577596,2.000000000279556e-06,60,128
8.577668,7.199999999940587e-05,60,127
8.57919,0.0015220000000013556,78,64
8.579565,0.0003750000000000142,72,64
8.580326,0.0007609999999989014,60,242
8.580618,0.00029199999999995896,66,128
8.580674,5.600000000072214e-05,66,127
8.580827,0.00015299999999918157,262,51
8.581003,0.00017600000000150828,60,128
8.581004,9.999999992515995e-07,60,127
8.581402,0.00039800000000056457,265,128
8.581458,5.599999999894578e-05,265,127
8.581888,0.0004299999999997084,60,128
8.581891,3.0000000013075123e-06,60,128
8.581892,9.999999992515995e-07,60,127
8.581961,6.899999999987472e-05,60,127
8.582191,0.0002300000000001745,265,128
8.582264,7.300000000043383e-05,265,127
8.585798,0.003534000000000148,60,128
8.585799,9.999999992515995e-07,60,128
8.585801,2.000000000279556e-06,60,127
8.585864,6.30000000008124e-05,60,127
8.585865,9.999999992515995e-07,60,128
8.585928,6.299999999903605e-05,60,127
8.589095,0.003167000000001252,167,52
8.589159,6.4000000000064e-05,167,64
8.589457,0.00029799999999902127,60,128
8.589458,1.0000000010279564e-06,60,127
8.58973,0.00027199999999893976,60,128
8.589732,2.000000000279556e-06,60,127
8.589808,7.599999999996498e-05,60,128
8.589809,1.0000000010279564e-06,60,127
8.591078,0.0012689999999988544,167,128
8.59132,0.0002420000000000755,66,128
8.591388,6.800000000062312e-05,66,127
8.591441,5.2999999999414626e-05,167,128
8.592258,0.0008169999999996236,60,128
8.592259,1.0000000010279564e-06,60,127
8.592664,0.0004049999999988785,265,128
8.592738,7.400000000146179e-05,265,127
8.593399,0.0006609999999991345,167,46
8.595933,0.0025340000000007024,167,128
8.596137,0.000204000000000093,78,49
8.596256,0.00011899999999975819,78,49
8.596559,0.000302999999998832,60,128
8.596561,2.000000000279556e-06,60,127
8.597407,0.0008460000000010126,60,128
8.597409,2.000000000279556e-06,60,127
8.597477,6.799999999884676e-05,60,128
8.597479,2.000000000279556e-06,60,127
8.598206,0.0007269999999994781,74,54
8.59835,0.0001440000000005881,167,52
8.599058,0.0007079999999994868,66,64
8.59925,0.00019200000000019202,167,52
8.601006,0.0017560000000003129,67,51
8.601228,0.00022200000000083264,99,240
8.601376,0.00014799999999937086,167,128
8.601462,8.599999999958641e-05,67,64
8.602806,0.0013439999999995678,167,51
8.605085,0.0022790000000014743,167,128
8.607181,0.0020959999999998757,99,240
8.612532,0.0053509999999992175,67,64
8.613909,0.0013769999999997395,60,128
8.614808,0.0008990000000004272,167,128
8.615766,0.0009580000000006805,167,46
8.618298,0.0025319999999986464,60,128
8.618869,0.0005710000000007653,167,52
8.619216,0.00034699999999965314,60,128
8.620899,0.001682999999999879,67,51
8.623204,0.0023049999999997794,167,128
8.623468,0.00026400000000137425,167,52
8.626681,0.0032129999999988,83,127
8.628428,0.001746999999999943,167,128
8.629182,0.0007540000000005875,167,128
8.63183,0.00264800000000065,167,128
8.632426,0.0005959999999998189,167,128
8.634083,0.0016569999999997975,167,52
8.634351,0.000268000000000157,67,64
8.635207,0.0008559999999988577,60,128
8.637933,0.0027260000000008944,167,51
8.640044,0.002110999999999308,167,128
8.640507,0.0004629999999998802,167,52
8.640948999999999,0.00044199999999960937,368,51
8.646302,0.005353000000001273,167,128
8.651015,0.004712999999998857,91,128
8.651094,7.90000000012725e-05,91,128
8.651152,5.799999999922534e-05,91,128
8.651204,5.200000000016303e-05,91,128
8.654247,0.003042999999999907,167,48
8.656405,0.00215799999999966,167,128
8.65657,0.0001650000000008589,167,48
8.657845,0.001274999999999693,167,51
8.658622,0.0007769999999993615,167,52
8.658813,0.00019100000000094042,175,1
8.659939,0.0011259999999992942,1168,64
8.660271,0.000332000000000221,1026,64
8.660678,0.0004070000000009344,67,51
8.661236,0.0005579999999998364,583,255
8.661392,0.00015599999999871272,603,255
8.664514,0.0031220000000011794,60,128
8.665481,0.000966999999999274,60,128
8.665649,0.00016800000000039006,60,128
8.665753,0.00010400000000032605,60,128
8.666,0.0002469999999998862,60,242
8.666273,0.0002729999999999677,60,128
8.666394,0.00012100000000003774,60,126
8.666571,0.00017699999999898353,66,128
8.666573,2.000000000279556e-06,192,126
8.666665,9.200000000042508e-05,66,127
8.666667,2.000000000279556e-06,60,126
8.666749,8.19999999990273e-05,60,126
8.666908,0.00015900000000002024,60,126
8.667014,0.00010600000000060561,60,126
8.667216,0.00020199999999981344,60,126
8.667325,0.00010900000000013677,60,126
8.667415,9.000000000014552e-05,60,126
8.667472,5.699999999997374e-05,60,128
8.667875,0.0004030000000003753,265,128
8.668039,0.00016399999999983095,60,127
8.668041,2.000000000279556e-06,265,127
8.669786,0.0017449999999996635,167,52
8.672233,0.002447000000000088,60,128
8.672235,2.000000000279556e-06,60,127
8.673041,0.0008059999999989742,60,128
8.673043,2.000000000279556e-06,60,127
8.673124,8.09999999997757e-05,60,128
8.673125,1.0000000010279564e-06,60,127
8.673951,0.0008259999999999934,99,243
8.676334,0.002383000000000024,167,128
8.676573,0.00023899999999876798,73,64
8.680768,0.004195000000001059,73,51
8.682999,0.002231000000000094,590,255
8.688884999999999,0.0058859999999985035,167,52
8.691085,0.002200000000000202,167,128
8.691358,0.0002729999999999677,167,128
8.693182,0.001824000000000936,60,128
8.693772,0.0005899999999989802,167,46
8.695881,0.0021090000000008047,167,128
8.697059,0.0011779999999994573,66,128
8.697156,9.700000000023579e-05,66,127
8.697719,0.0005629999999996471,167,64
8.697999,0.000280000000000058,60,128
8.698001,2.000000000279556e-06,60,127
8.698376,0.0003750000000000142,167,52
8.698378,2.000000000279556e-06,67,64
8.698379,9.999999992515995e-07,265,128
8.69848,0.0001010000000007949,265,127
8.699259,0.0007789999999996411,80,128
8.699526,0.0002670000000009054,167,52
8.700507,0.0009809999999994545,72,51
8.700811999999999,0.00030499999999911154,361,51
8.701366,0.0005540000000010536,167,128
8.702387,0.0010209999999997166,91,53
8.702749,0.00036200000000086163,60,128
8.702751,1.999999998503199e-06,60,128
8.702753,2.000000000279556e-06,60,127
8.702754,1.0000000010279564e-06,60,127
8.703404,0.0006500000000002615,91,52
8.703622,0.00021799999999849717,91,51
8.703955,0.00033300000000124896,167,51
8.704368,0.0004129999999999967,91,52
8.705124,0.0007559999999990907,167,128
8.709078,0.003954000000000235,60,128
8.711356,0.0022780000000004463,66,128
8.711419,6.299999999903605e-05,66,127
8.712251,0.0008320000000008321,60,128
8.712252,9.999999992515995e-07,60,127
8.712671,0.00041900000000083537,265,128
8.712743,7.199999999940587e-05,265,127
8.7148,0.0020570000000006416,167,128
8.715764,0.0009639999999997428,167,46
8.716588,0.0008239999999997139,60,128
8.71659,2.000000000279556e-06,60,127
8.716929,0.0003390000000003113,60,242
8.717395,0.00046599999999941133,60,128
8.717397,2.000000000279556e-06,60,127
8.717527,0.00013000000000040757,60,128
8.717529,2.000000000279556e-06,60,127
8.718065,0.0005359999999985376,60,242
8.718515,0.0004500000000007276,66,128
8.718574,5.9000000000253294e-05,66,127
8.718991,0.0004170000000005558,167,52
8.71904,4.8999999998855515e-05,60,128
8.719042,2.000000000279556e-06,60,128
8.719318,0.00027599999999949887,1168,64
8.719462,0.0001440000000005881,60,128
8.719463,9.999999992515995e-07,60,127
8.71978,0.0003170000000007889,927,64
8.720564,0.0007839999999994518,66,128
8.720723,0.00015900000000002024,67,51
8.723494,0.002771000000000967,167,52
8.725168,0.0016739999999995092,167,128
8.726785,0.0016169999999995355,167,128
8.727415,0.0006300000000010186,167,128
8.728957,0.001541999999998822,265,128
8.729027,7.000000000090267e-05,265,127
8.729976,0.0009490000000003107,60,45
8.731502,0.0015260000000001384,66,128
8.732425,0.0009229999999984528,167,128
8.732785,0.0003600000000005821,167,128
8.733008,0.00022300000000008424,60,128
8.73301,2.000000000279556e-06,60,127
8.733105,9.499999999995623e-05,60,128
8.733107,2.000000000279556e-06,60,127
8.734302,0.001194999999999169,167,52
8.73493,0.0006280000000007391,66,128
8.734994,6.4000000000064e-05,66,127
8.735877,0.0008829999999999671,60,128
8.735879,2.000000000279556e-06,60,127
8.736295,0.00041599999999952786,265,128
8.736367,7.199999999940587e-05,265,127
8.738203,0.001836000000000837,167,51
8.739204,0.0010010000000004737,60,128
8.739205,9.999999992515995e-07,60,128
8.739487,0.00028200000000033754,244,53
8.740047,0.000560000000000116,167,128
8.740174,0.00012699999999910005,60,128
8.740355,0.00018099999999954264,62,64
8.740543,0.00018800000000140926,78,48
8.740544,9.999999992515995e-07,60,128
8.740593,4.900000000063187e-05,78,48
8.740595,2.000000000279556e-06,60,127
8.740656,6.099999999875649e-05,167,52
8.740812,0.00015600000000048908,67,51
8.740861,4.900000000063187e-05,1168,64
8.740862,9.999999992515995e-07,727,64
8.741468,0.0006059999999994403,60,128
8.74147,2.000000000279556e-06,60,127
8.741541,7.100000000015427e-05,60,128
8.741543,2.000000000279556e-06,60,127
8.745046,0.003503000000000256,60,243
8.745352,0.0003060000000001395,60,128
8.746025,0.0006729999999990355,60,113
8.746319,0.0002940000000002385,167,128
8.747072,0.0007529999999995596,66,128
8.74713,5.8000000001001695e-05,66,127
8.747959,0.0008289999999995246,60,128
8.747959999999999,9.999999992515995e-07,60,127
8.754367,0.006407000000001162,167,48
8.755053,0.0006859999999999644,60,242
8.755258,0.0002049999999993446,60,128
8.75526,2.000000000279556e-06,60,128
8.756456,0.001196000000000197,167,128
8.756567,0.00011100000000041632,167,48
8.757493,0.0009259999999997603,265,128
8.757565,7.199999999940587e-05,265,127
8.757892,0.0003270000000004103,167,51
8.758282,0.00038999999999944635,330,255
8.758616,0.00033400000000050056,167,52
8.761004,0.0023879999999998347,355,51
8.761533,0.0005290000000002237,67,64
8.761584,5.099999999913507e-05,60,128
8.761585,1.0000000010279564e-06,60,127
8.762105,0.0005199999999998539,66,128
8.76217,6.49999999993156e-05,66,127
8.762387,0.00021700000000102193,60,128
8.762389,2.000000000279556e-06,60,128
8.76239,9.999999992515995e-07,60,127
8.762391000000001,1.0000000010279564e-06,60,127
8.763093,0.0007019999999986481,60,128
8.763095,2.000000000279556e-06,60,127
8.763465,0.0003700000000002035,265,128
8.763537,7.199999999940587e-05,265,127
8.765249,0.001712000000001268,60,128
8.765377,0.000128000000000128,89,49
8.767155,0.0017779999999998353,60,128
8.767213,5.799999999922534e-05,60,128
8.767215,2.000000000279556e-06,60,127
8.767577,0.0003619999999990853,60,128
8.767578,1.0000000010279564e-06,60,128
8.76758,2.000000000279556e-06,60,127
8.767626,4.599999999932436e-05,60,127
8.769703,0.0020769999999998845,167,52
8.769987,0.0002840000000006171,60,128
8.771978,0.001991000000000298,264,255
8.772525,0.000546999999999187,60,128
8.772526,9.999999992515995e-07,67,64
8.772527,1.0000000010279564e-06,60,127
8.773899,0.0013719999999999288,82,128
8.775013,0.0011139999999993933,60,128
8.775015,2.000000000279556e-06,60,128
8.77616,0.0011450000000010618,60,52
8.776344,0.0001839999999990738,167,128
8.776346,2.000000000279556e-06,60,128
8.777138,0.00079200000000057,406,255
8.777139,9.999999992515995e-07,426,255
8.777672,0.0005330000000007828,480,255
8.777893,0.00022099999999980469,500,255
8.778542,0.0006489999999992335,78,48
8.778596,5.400000000044258e-05,78,48
8.780143,0.0015470000000004092,60,235
8.780667,0.0005239999999986367,77,51
8.786702,0.006035000000000679,412,255
8.78688,0.00017800000000001148,432,255
8.788743,0.00186300000000017,167,52
8.791077,0.002333999999999392,167,128
8.791247,0.00017000000000066962,1393,64
8.791343,9.599999999920783e-05,167,128
8.792544,0.0012010000000000076,66,128
8.793129,0.0005850000000009459,60,128
8.793356,0.000226999999998867,167,46
8.794267,0.0009110000000003282,167,64
8.794586,0.00031900000000106843,1168,64
8.794958,0.0003719999999987067,999,64
8.795569,0.0006110000000010274,359,128
8.795632,6.299999999903605e-05,574,128
8.795922000000001,0.00029000000000145576,167,128
8.796482,0.0005599999999983396,66,128
8.796652,0.00017000000000066962,60,51
8.797381,0.0007289999999997576,60,128
8.798323,0.0009420000000002204,167,52
8.799247,0.0009239999999994808,167,52
8.800993,0.0017460000000006914,60,128
8.801107,0.00011399999999994748,342,51
8.801368,0.00026100000000006673,167,128
8.801658,0.0002899999999996794,60,53
8.802876,0.0012179999999997193,167,51
8.803945,0.0010690000000010969,89,114
8.805105,0.0011599999999987176,167,128
8.807248,0.002143000000000228,60,128
8.80767,0.0004220000000003665,60,128
8.80829,0.0006199999999996209,60,128
8.812786,0.004495999999999611,60,242
8.814801,0.0020150000000001,167,128
8.815317,0.0005160000000010712,72,64
8.815437,0.00011999999999900979,167,46
8.817436,0.0019990000000014163,60,242
8.818474,0.0010379999999994283,60,241
8.819288,0.0008140000000000924,167,52
8.820104,0.000816000000000372,744,128
8.82147,0.0013659999999990902,67,51
8.823466,0.001996000000000109,167,52
8.825212,0.0017460000000006914,167,128
8.8258,0.0005879999999987007,167,128
8.827139,0.0013390000000015334,89,58
8.828044,0.0009049999999994895,167,128
8.832441,0.004396999999999096,167,128
8.832702,0.00026100000000006673,167,128
8.834648,0.0019460000000002253,167,52
8.837458,0.0028100000000002012,67,64
8.837876,0.0004179999999998074,167,51
8.839074,0.0011980000000004765,167,128
8.840554000000001,0.001480000000000814,167,52
8.84066,0.00010599999999882925,67,51
8.846327,0.005667000000000755,167,128
8.847665,0.001337999999998729,60,241
8.848714,0.0010490000000000776,60,242
8.849062,0.0003480000000006811,60,128
8.851523,0.0024610000000002685,748,128
8.853106,0.001583000000000112,60,126
8.854094,0.0009879999999995448,60,126
8.854335,0.0002410000000008239,1414,128
8.85459,0.00025499999999922807,167,48
8.855741,0.0011510000000001241,1514,240
8.856346,0.0006050000000001887,1168,64
8.856508999999999,0.000162999999998803,167,128
8.856511,2.000000000279556e-06,384,240
8.856591,8.00000000005241e-05,167,48
8.856695,0.00010400000000032605,101,240
8.856770000000001,7.500000000071338e-05,1168,64
8.856771,9.999999992515995e-07,177,64
8.857471,0.000700000000000145,60,242
8.857605,0.00013399999999919032,60,64
8.857772,0.00016700000000113846,60,128
8.857867,9.499999999995623e-05,167,51
8.858157,0.0002899999999996794,60,64
8.85828,0.0001230000000003173,60,128
8.858713999999999,0.00043399999999849115,1290,53
8.858715,1.0000000010279564e-06,167,52
8.859192,0.0004770000000000607,1233,128
8.860813,0.0016210000000000946,269,51
8.86192,0.001106999999999303,60,240
8.863584,0.0016639999999998878,60,128
8.863646,6.199999999978445e-05,60,128
8.863647,1.0000000010279564e-06,60,127
8.863648,9.999999992515995e-07,60,127
8.86502,0.0013719999999999288,66,128
8.865083,6.30000000008124e-05,66,127
8.866087,0.0010040000000000049,60,128
8.866088,9.999999992515995e-07,60,127
8.866936,0.0008480000000012922,60,128
8.867299,0.0003629999999983369,60,128
8.868234,0.0009350000000001302,66,128
8.869779,0.0015450000000001296,167,52
8.874115,0.00433600000000034,60,128
8.876301,0.0021860000000000213,167,128
8.876398,9.700000000023579e-05,264,128
8.876469,7.100000000015427e-05,264,127
8.876955,0.00048600000000043053,72,64
8.880841,0.003885999999999612,74,51
8.884198,0.0033569999999993883,92,64
8.88879,0.004592000000000596,167,52
8.890798,0.0020080000000000098,167,64
8.891078,0.000280000000000058,167,128
8.891429,0.00035100000000021225,167,128
8.893571,0.0021419999999992,167,46
8.895626,0.002055000000000362,60,240
8.895944,0.00031800000000004047,167,128
8.897165,0.0012209999999992505,386,241
8.897445,0.000280000000000058,67,64
8.898447,0.0010020000000015017,167,52
8.898768,0.00032099999999957163,60,51
8.899033,0.0002649999999988495,60,128
8.899223,0.00018999999999991246,167,52
8.900969,0.0017460000000006914,283,51
8.901326,0.00035699999999927456,167,128
8.902246,0.000920000000000698,60,241
8.902826,0.0005799999999993588,167,51
8.902902,7.599999999996498e-05,60,128
8.904024,0.0011220000000005115,365,241
8.904948,0.0009239999999994808,60,242
8.905201,0.00025300000000072487,167,128
8.905654,0.00045300000000025875,60,128
8.906898,0.0012439999999998008,60,128
8.9069,2.000000000279556e-06,60,128
8.906901,9.999999992515995e-07,60,128
8.911749,0.004848000000000852,1414,128
8.911749,0.0,521,128
8.911906,0.00015699999999974068,1414,128
8.912021,0.00011499999999919908,1414,128
8.912136,0.00011500000000097543,1414,128
8.912251,0.00011499999999919908,1414,128
8.912317999999999,6.699999999959516e-05,874,128
8.914795,0.0024770000000007286,167,128
8.915266,0.0004710000000009984,91,128
8.915267,9.999999992515995e-07,91,128
8.915269,2.000000000279556e-06,91,128
8.915273,3.999999998782755e-06,91,128
8.915522,0.00024900000000016576,167,46
8.918378,0.002856000000001302,66,128
8.918379999999999,1.999999998503199e-06,1168,64
8.918444000000001,6.400000000184036e-05,66,127
8.918766,0.00032199999999882323,1168,64
8.918767,1.0000000010279564e-06,91,64
8.918837,6.999999999912632e-05,167,52
8.919287,0.0004500000000007276,60,128
8.919288,9.999999992515995e-07,60,127
8.920125,0.0008370000000006428,60,51
8.920418,0.00029299999999921056,60,128
8.921145,0.0007269999999994781,67,51
8.922873,0.0017279999999999518,78,48
8.922927,5.400000000044258e-05,78,48
8.922985,5.8000000001001695e-05,167,128
8.923456,0.00047099999999922204,167,52
8.925163,0.001706999999999681,167,128
8.926576,0.0014130000000012188,167,128
8.929638,0.003061999999999898,265,128
8.929709,7.100000000015427e-05,265,127
8.932406,0.0026969999999995053,167,128
8.932732,0.00032599999999938234,167,128
8.933755,0.0010229999999999961,60,126
8.933757,2.000000000279556e-06,60,128
8.933819,6.199999999978445e-05,60,128
8.93382,1.0000000010279564e-06,60,127
8.933822,1.999999998503199e-06,60,127
8.934147,0.00032500000000013074,167,52
8.936959,0.0028120000000004808,115,54
8.937823999999999,0.0008649999999992275,167,51
8.938045,0.00022100000000158104,95,54
8.93826,0.00021499999999896602,60,54
8.938677,0.0004170000000005558,60,128
8.93907,0.0003929999999989775,167,128
8.939129,5.9000000000253294e-05,60,128
8.939313,0.00018400000000085015,78,48
8.939618,0.00030499999999911154,1514,240
8.939619,1.0000000010279564e-06,78,48
8.939621,2.000000000279556e-06,67,64
8.93968,5.899999999847694e-05,78,48
8.940422,0.0007420000000006866,384,240
8.940494,7.199999999940587e-05,101,240
8.940604,0.00011000000000116472,167,52
8.940759,0.00015499999999946112,335,51
8.941075,0.0003159999999997609,60,64
8.9417,0.0006250000000012079,60,64
8.942769,0.0010689999999993205,60,126
8.946322,0.0035530000000001394,66,242
8.946323,9.999999992515995e-07,167,128
8.947293,0.0009700000000005815,91,53
8.947499,0.00020600000000037255,91,51
8.948314,0.000814999999999344,91,52
8.948519,0.0002049999999993446,91,52
8.95137,0.0028510000000014912,1514,239
8.953288,0.0019179999999998643,167,48
8.954263,0.0009749999999986159,1414,242
8.954317,5.400000000044258e-05,66,64
8.955422,0.0011050000000007998,1414,242
8.955476,5.400000000044258e-05,66,64
8.955647,0.00017099999999992122,1414,242
8.955699,5.199999999838667e-05,66,64
8.955791,9.200000000042508e-05,1414,242
8.955791,0.0,60,241
8.955845,5.400000000044258e-05,66,64
8.956108,0.0002630000000003463,1414,242
8.956159,5.099999999913507e-05,66,64
8.956246,8.700000000061436e-05,1414,242
8.956299,5.2999999999414626e-05,66,64
8.956485,0.0001860000000011297,167,128
8.956691,0.0002059999999985962,167,48
8.956996,0.0003050000000008879,1414,242
8.95705,5.400000000044258e-05,66,64
8.957136,8.599999999958641e-05,1414,242
8.957189,5.2999999999414626e-05,66,64
8.957268,7.899999999949614e-05,1414,242
8.957323,5.500000000147054e-05,66,64
8.957394,7.100000000015427e-05,1414,242
8.957448,5.3999999998666226e-05,66,64
8.957628,0.00018000000000029104,1414,242
8.95768,5.200000000016303e-05,66,64
8.95776,8.00000000005241e-05,1414,242
8.95776,0.0,60,241
8.957813,5.2999999999414626e-05,66,64
8.957904,9.099999999939712e-05,60,241
8.958017,0.00011300000000069588,167,51
8.958018,9.999999992515995e-07,60,242
8.95879,0.0007720000000013272,167,52
8.959244,0.00045399999999951035,60,128
8.960797,0.0015529999999994715,67,51
8.961906,0.001109000000001359,1168,64
8.962572,0.0006659999999989452,1127,64
8.964383,0.001811000000000007,1514,128
8.964383,0.0,191,128
8.964871,0.0004880000000007101,60,128
8.968345,0.003473999999998867,115,54
8.969354,0.0010089999999998156,95,54
8.969539,0.00018500000000010175,60,54
8.969683,0.0001440000000005881,167,52
8.969685,2.000000000279556e-06,60,54
8.969961,0.00027599999999949887,60,128
8.970918,0.0009569999999996526,115,54
8.971891,0.0009730000000001127,66,128
8.971975,8.400000000108321e-05,66,127
8.971976,9.999999992515995e-07,95,54
8.972055,7.899999999949614e-05,60,54
8.972202,0.00014700000000011926,60,127
8.972332,0.00013000000000040757,67,64
8.972606,0.00027400000000099567,60,128
8.97277,0.00016399999999983095,60,128
8.972771999999999,1.999999998503199e-06,60,127
8.974555,0.0017830000000014223,60,243
8.976316,0.0017610000000001236,167,128
8.977521,0.0012049999999987904,586,128
8.980808,0.003287000000000262,300,51
8.981427,0.0006190000000003693,60,128
8.981429,2.000000000279556e-06,60,127
8.982435,0.0010060000000002844,265,128
8.982509,7.399999999968543e-05,265,127
8.984369000000001,0.001860000000000639,115,54
8.985388,0.001018999999999437,95,54
8.985578,0.00018999999999991246,60,54
8.985962,0.00038400000000038403,60,128
8.986692,0.0007299999999990092,60,128
8.986694,2.000000000279556e-06,60,128
8.986695,9.999999992515995e-07,60,127
8.986696,1.0000000010279564e-06,60,127
8.989159,0.002463000000000548,167,64
8.989282,0.00012299999999854094,167,52
8.989571,0.0002890000000004278,60,126
8.991167,0.001596000000001041,167,128
8.991389999999999,0.00022299999999830789,167,128
8.993198,0.001808000000000476,77,64
8.993542,0.000344000000000122,167,46
8.99409,0.000548000000000215,159,128
8.994369,0.0002790000000008064,1414,242
8.994420999999999,5.199999999838667e-05,66,64
8.995219,0.0007980000000014087,66,128
8.995284999999999,6.59999999985672e-05,66,127
8.995501,0.00021600000000177033,1414,242
8.995555,5.3999999998666226e-05,66,64
8.995556,1.0000000010279564e-06,60,128
8.995635,7.899999999949614e-05,60,127
8.995926,0.00029100000000070736,167,128
8.99598,5.3999999998666226e-05,265,128
8.996174,0.00019400000000047157,265,127
8.99628,0.00010600000000060561,60,128
8.998094,0.0018139999999995382,1451,128
8.998547,0.00045300000000025875,167,52
8.999246,0.000698999999999117,167,52
9.000242,0.000996000000000663,60,128
9.000248,5.999999999062311e-06,74,64
9.000249,1.0000000010279564e-06,60,127
9.000409,0.00015999999999927184,160,1
9.000512,0.00010300000000107445,60,128
9.000513,9.999999992515995e-07,60,127
9.000592,7.899999999949614e-05,60,128
9.000593,1.0000000010279564e-06,60,127
9.001258,0.0006649999999996936,1414,242
9.001311,5.2999999999414626e-05,66,64
9.001312,1.0000000010279564e-06,167,128
9.00193,0.0006179999999993413,67,51
9.00224,0.0003100000000006986,1414,242
9.002294,5.3999999998666226e-05,66,64
9.002458,0.0001640000000016073,1414,242
9.002674,0.00021599999999999397,1414,242
9.002727,5.2999999999414626e-05,66,64
9.002798,7.100000000015427e-05,167,51
9.003162,0.00036399999999936483,1414,242
9.005167,0.0020050000000004786,167,128
9.008753,0.003586000000000311,66,128
9.008815,6.199999999978445e-05,66,127
9.009052,0.00023700000000026478,1414,241
9.00999,0.0009379999999996613,1414,241
9.010106,0.00011600000000022703,1414,241
9.010222,0.00011600000000022703,1414,241
9.010337,0.00011499999999919908,1414,241
9.010447,0.00010999999999938836,60,128
9.010448,1.0000000010279564e-06,1414,241
9.010448,0.0,87,241
9.010504,5.599999999894578e-05,472,241
9.011338,0.0008340000000011116,60,128
9.012386,0.0010479999999990497,60,128
9.012387,1.0000000010279564e-06,60,127
9.014449,0.0020620000000004524,1168,64
9.0148,0.0003509999999984359,167,128
9.014802,2.000000000279556e-06,1168,64
9.015016,0.00021399999999971442,78,52
9.015103,8.700000000061436e-05,89,112
9.015229,0.00012599999999984846,320,64
9.015432,0.0002030000000008414,167,46
9.015433,9.999999992515995e-07,78,52
9.015514,8.09999999997757e-05,78,51
9.016093,0.0005790000000001072,60,243
9.01701,0.0009170000000011669,60,45
9.017116,0.00010599999999882925,143,243
9.018323,0.0012070000000008463,271,128
9.01876,0.00043699999999979866,167,52
9.020839,0.002079000000000164,67,51
9.022573,0.001733999999999014,265,128
9.022646,7.300000000043383e-05,265,127
9.022871,0.0002250000000003638,167,128
9.023451,0.0005799999999993588,167,52
9.024754,0.0013030000000000541,167,128
9.025144,0.00038999999999944635,167,128
9.025623,0.00047900000000034026,78,53
9.025676,5.300000000119098e-05,78,53
9.025953,0.00027699999999875047,78,52
9.026857,0.000904000000000238,60,128
9.032247,0.005390000000000228,74,50
9.032361,0.00011399999999994748,66,64
9.032421,5.9999999999504894e-05,167,128
9.033168,0.0007470000000004973,472,64
9.033756,0.000588000000000477,167,128
9.034066,0.00030999999999892225,60,128
9.034067,1.0000000010279564e-06,60,127
9.034422,0.000354999999998995,167,52
9.035045,0.0006230000000009284,60,128
9.035047,2.000000000279556e-06,60,128
9.035047,0.0,60,127
9.035094,4.7000000000352316e-05,60,127
9.036103,0.0010089999999998156,67,64
9.037825,0.0017219999999991131,167,51
9.039029,0.0012039999999995388,167,128
9.040578,0.0015490000000006887,167,52
9.040889,0.0003109999999999502,242,51
9.041896,0.001006999999999536,60,243
9.042944,0.001048000000000826,66,64
9.043065,0.00012100000000003774,431,243
9.043335,0.00027000000000043656,60,128
9.046339,0.0030039999999988964,167,128
9.05074,0.004400999999999655,66,128
9.050804,6.4000000000064e-05,66,127
9.051577,0.0007730000000005788,66,128
9.051641,6.4000000000064e-05,66,127
9.051646,4.999999999810711e-06,60,128
9.051648,2.000000000279556e-06,60,127
9.052028,0.0003799999999998249,265,128
9.052099,7.100000000015427e-05,265,127
9.052512,0.0004129999999999967,60,128
9.052513,9.999999992515995e-07,60,127
9.053558,0.001045000000001295,91,128
9.054815,0.0012569999999989534,167,48
9.05608,0.0012650000000000716,60,128
9.056081,1.0000000010279564e-06,60,127
9.05613,4.8999999998855515e-05,60,128
9.056131,1.0000000010279564e-06,60,127
9.056407,0.00027599999999949887,167,128
9.056661,0.00025399999999997647,167,48
9.057602,0.0009409999999991925,67,64
9.057787,0.00018500000000010175,167,51
9.058117,0.00032999999999994145,60,242
9.058713,0.0005959999999998189,167,52
9.05881,9.700000000023579e-05,60,128
9.059232,0.0004220000000003665,60,128
9.06085,0.0016180000000005634,67,51
9.061212,0.0003619999999990853,60,47
9.062201,0.0009890000000005728,265,128
9.062271,7.000000000090267e-05,265,127
9.065702,0.0034309999999990737,1514,50
9.065821,0.00011899999999975819,66,64
9.06629,0.00046900000000071884,66,128
9.066627,0.0003370000000000317,60,128
9.066628,9.999999992515995e-07,60,128
9.066745,0.00011699999999947863,1514,50
9.066745,0.0,60,127
9.066746,1.0000000010279564e-06,60,127
9.066844,9.799999999948739e-05,66,64
9.06694,9.600000000098419e-05,1514,50
9.067021,8.09999999997757e-05,66,64
9.067895,0.0008739999999995973,1514,50
9.067998,0.0001029999999992981,66,64
9.069923,0.0019249999999999545,167,52
9.072592,0.0026690000000009206,748,128
9.075097,0.0025049999999993133,66,128
9.075161,6.4000000000064e-05,66,127
9.075949,0.0007880000000000109,60,128
9.07595,1.0000000010279564e-06,60,127
9.076141,0.00019099999999916406,60,128
9.076143,2.000000000279556e-06,60,127
9.076347,0.000204000000000093,265,128
9.076348,9.999999992515995e-07,167,128
9.076422,7.400000000146179e-05,265,127
9.078571,0.0021489999999992904,60,128
9.078573,2.000000000279556e-06,60,128
9.078574,9.999999992515995e-07,98,128
9.078575,1.0000000010279564e-06,60,127
9.078576,9.999999992515995e-07,60,127
9.078619,4.2999999999793204e-05,98,127
9.079278,0.0006590000000006313,72,64
9.080535,0.0012569999999989534,60,40
9.080888,0.0003530000000004918,60,128
9.08089,2.000000000279556e-06,217,51
9.080891,9.999999992515995e-07,60,127
9.08094,4.900000000063187e-05,60,128
9.080942,2.000000000279556e-06,60,127
9.087098,0.00615599999999894,60,128
9.08717,7.200000000118223e-05,60,128
9.087622,0.0004519999999992308,60,128
9.087623,1.0000000010279564e-06,60,128
9.087973,0.0003499999999991843,60,128
9.087973999999999,9.999999992515995e-07,60,128
9.088873,0.0008990000000004272,167,52
9.089977,0.0011039999999997718,66,55
9.090211,0.00023400000000073362,60,128
9.09111,0.0008990000000004272,167,128
9.091158,4.7999999999603915e-05,1043,242
9.091286,0.000128000000000128,66,64
9.091429,0.00014299999999956015,167,128
9.093393,0.001964000000000965,167,46
9.094915,0.0015219999999995792,99,128
9.095348,0.00043299999999923955,60,128
9.095861,0.0005129999999997636,167,128
9.096508,0.0006470000000007303,167,64
9.097002,0.0004939999999997724,78,49
9.097077,7.500000000071338e-05,78,49
9.097589,0.0005119999999987357,1345,50
9.098059,0.00046999999999997044,66,64
9.098596,0.000537000000001342,167,52
9.099244,0.0006479999999999819,167,52
9.100188,0.0009439999999987236,1168,64
9.100579,0.0003910000000004743,1168,64
9.100579,0.0,394,64
9.100752,0.00017300000000020077,67,51
9.101265,0.0005129999999997636,74,64
9.101372,0.00010699999999985721,167,128
9.102848,0.0014760000000002549,167,51
9.10398,0.001132000000000133,124,112
9.104658,0.0006780000000006225,104,45
9.104722,6.4000000000064e-05,179,45
9.104894,0.00017199999999917281,60,128
9.105111,0.00021700000000102193,167,128
9.106291,0.0011799999999997368,74,64
9.106569,0.0002779999999997784,60,54
9.107584,0.001014999999998878,60,54
9.107867,0.0002830000000013655,60,54
9.108879,0.0010119999999993468,1514,54
9.109202,0.0003229999999998512,1514,54
9.109526,0.00032400000000087914,1514,54
9.109693,0.0001669999999993621,60,128
9.110747,0.0010539999999998884,155,128
9.112033,0.0012860000000003424,60,55
9.114816,0.0027829999999990918,167,128
9.115386,0.0005700000000015137,167,46
9.118785,0.00339899999999993,167,52
9.121287,0.002501999999999782,67,64
9.121347,5.9999999999504894e-05,67,51
9.121636,0.0002890000000004278,60,48
9.123536,0.0018999999999991246,66,128
9.123602,6.600000000034356e-05,66,127
9.123711,0.00010900000000013677,167,52
9.124438,0.0007269999999994781,60,128
9.12444,2.000000000279556e-06,60,127
9.124752,0.00031200000000097816,167,128
9.124862,0.00010999999999938836,265,128
9.124933,7.100000000015427e-05,265,127
9.125159,0.0002259999999996154,167,128
9.128919,0.0037599999999997635,60,128
9.128921,2.000000000279556e-06,60,128
9.128975,5.400000000044258e-05,78,50
9.12911,0.00013500000000021828,66,64
9.12911,0.0,60,127
9.129159,4.8999999998855515e-05,60,127
9.129713,0.0005540000000010536,445,64
9.132084,0.002371000000000123,64,128
9.132422,0.0003379999999992833,167,128
9.133366,0.0009440000000005,91,48
9.133678,0.0003119999999992018,60,128
9.134162,0.000484000000000151,103,64
9.134598,0.00043600000000054706,103,64
9.134601,2.9999999995311555e-06,103,64
9.134602,9.999999992515995e-07,103,64
9.134663,6.100000000053285e-05,1514,48
9.134768,0.00010499999999957765,167,128
9.134825,5.699999999997374e-05,1514,54
9.134826,1.0000000010279564e-06,74,54
9.134829,2.9999999995311555e-06,183,48
9.135047,0.00021800000000027353,66,128
9.135054,7.000000000090267e-06,60,128
9.135173,0.00011899999999975819,1514,54
9.135302,0.0001289999999993796,66,128
9.135359,5.699999999997374e-05,1514,54
9.13536,1.0000000010279564e-06,167,52
9.135362,2.000000000279556e-06,66,50
9.135574,0.00021199999999943486,60,128
9.13563,5.600000000072214e-05,74,49
9.135723,9.299999999967667e-05,66,64
9.135878,0.00015499999999946112,167,128
9.136293,0.00041500000000027626,443,64
9.137908,0.001614999999999256,167,51
9.139057,0.0011489999999998446,167,128
9.140583,0.0015260000000001384,167,52
9.140909,0.0003260000000011587,67,51
9.141003,9.399999999892827e-05,60,235
9.141209,0.00020600000000037255,66,128
9.14128,7.100000000015427e-05,66,127
9.142087,0.0008070000000000022,60,128
9.142091,4.000000000559112e-06,60,127
9.142494,0.0004029999999985989,265,128
9.142544000000001,5.000000000165983e-05,67,64
9.142547,2.9999999995311555e-06,60,128
9.142548,9.999999992515995e-07,265,127
9.14624,0.0036920000000009168,60,128
9.146293,5.2999999999414626e-05,167,128
9.14636,6.699999999959516e-05,60,128
9.146361,1.0000000010279564e-06,60,127
9.147151,0.0007899999999985141,60,128
9.147154,3.0000000013075123e-06,60,127
9.147212,5.799999999922534e-05,60,128
9.147214,2.000000000279556e-06,60,127
9.147885,0.0006710000000005323,78,128
9.148186,0.0003010000000003288,91,128
9.149217,0.001030999999999338,60,128
9.151193,0.0019759999999990896,60,128
9.151196,3.0000000013075123e-06,60,128
9.153883,0.002686999999999884,67,64
9.154714,0.0008309999999998041,167,48
9.156475,0.0017610000000001236,167,128
9.156913,0.00043799999999905026,167,48
9.157839,0.0009259999999997603,167,51
9.158611,0.0007720000000013272,167,52
9.16085,0.002238999999999436,206,51
9.161006,0.00015600000000048908,744,128
9.164005,0.0029989999999990857,103,53
9.164379,0.0003740000000007626,103,52
9.164505,0.00012599999999984846,103,51
9.164507,2.000000000279556e-06,66,64
9.165059,0.0005519999999989977,1514,240
9.16506,1.0000000010279564e-06,66,64
9.165061,9.999999992515995e-07,384,240
9.165061,0.0,103,51
9.165545,0.000484000000000151,101,240
9.165763,0.00021800000000027353,66,64
9.166474000000001,0.0007110000000007943,66,128
9.167013,0.0005389999999998452,66,64
9.167802,0.0007889999999992625,60,64
9.167925,0.0001230000000003173,1003,50
9.168077,0.00015199999999992997,66,64
9.168205,0.000128000000000128,60,64
9.168495,0.0002899999999996794,66,50
9.169266,0.0007710000000002992,66,64
9.169874,0.0006079999999997199,507,49
9.169875,9.999999992515995e-07,167,52
9.169968,9.300000000145303e-05,66,64
9.170021,5.2999999999414626e-05,66,49
9.171263,0.0012419999999995213,66,64
9.175455,0.0041919999999997515,1168,64
9.175965,0.0005100000000002325,1168,64
9.175966,1.0000000010279564e-06,444,64
9.176334,0.00036799999999992394,167,128
9.179681,0.003346999999999767,62,52
9.181093,0.0014120000000001909,76,51
9.187123,0.006029999999999092,60,240
9.188063,0.0009399999999999409,91,128
9.188735,0.0006719999999997839,167,52
9.190073,0.0013380000000005055,66,128
9.19017,9.700000000023579e-05,66,127
9.190475,0.00030499999999911154,60,128
9.190477,2.000000000279556e-06,60,127
9.190676,0.00019900000000028228,60,243
9.190895,0.00021899999999952513,60,128
9.191092,0.00019700000000000273,167,128
9.19137,0.0002779999999997784,167,128
9.193271,0.0019010000000001526,167,46
9.193739,0.00046800000000146724,66,50
9.193951,0.00021199999999943486,167,64
9.195211,0.001260000000000261,60,240
9.195931,0.0007199999999993878,167,128
9.19727,0.001338999999999757,67,64
9.198448,0.0011780000000012336,167,52
9.199191,0.0007429999999999382,167,52
9.200186,0.000994999999999635,60,128
9.200295,0.00010900000000013677,587,128
9.20068,0.00038499999999963563,265,128
9.200751,7.100000000015427e-05,265,127
9.20082,6.899999999987472e-05,66,49
9.200924,0.00010400000000032605,67,51
9.20138,0.0004559999999997899,167,128
9.20295,0.0015699999999991832,167,51
9.204667,0.0017170000000010788,60,128
9.204671,3.999999998782755e-06,60,127
9.204727,5.600000000072214e-05,60,128
9.204728,9.999999992515995e-07,60,127
9.20482,9.200000000042508e-05,60,128
9.204822,2.000000000279556e-06,60,127
9.205138,0.0003159999999997609,167,128
9.214436,0.009297999999999362,74,64
9.214822999999999,0.0003869999999999152,167,128
9.215294,0.0004710000000009984,60,128
9.215385,9.099999999939712e-05,167,46
9.218716,0.003331000000001083,67,64
9.219184,0.0004679999999996909,167,52
9.220925,0.0017409999999991044,232,51
9.222136,0.0012110000000014054,66,128
9.222206,6.999999999912632e-05,66,127
9.223023,0.0008169999999996236,60,128
9.223026,3.0000000013075123e-06,60,127
9.22326,0.00023399999999895726,167,52
9.2234,0.000140000000000029,265,128
9.223476,7.599999999996498e-05,265,127
9.224223,0.0007470000000004973,701,241
9.225196,0.0009730000000001127,384,241
9.225244,4.7999999999603915e-05,167,128
9.225327,8.300000000005525e-05,60,52
9.225433,0.00010600000000060561,60,52
9.22574,0.0003069999999993911,60,128
9.225741,9.999999992515995e-07,167,128
9.226364,0.0006230000000009284,60,128
9.226983,0.0006190000000003693,167,128
9.227763,0.0007799999999988927,60,128
9.227765,2.000000000279556e-06,60,127
9.22859,0.0008250000000007418,60,128
9.228593,2.9999999995311555e-06,60,127
9.228647,5.400000000044258e-05,60,128
9.228648,9.999999992515995e-07,60,127
9.231337,0.0026890000000001635,60,49
9.232118,0.0007809999999999206,1346,64
9.232448,0.00032999999999994145,167,128
9.234099,0.0016510000000007352,167,52
9.234745,0.0006459999999997024,167,128
9.236696,0.001951000000000036,92,64
9.237797,0.0011010000000002407,167,51
9.238875,0.0010779999999996903,60,45
9.239081,0.00020600000000037255,167,128
9.24046,0.001379000000000019,1168,64
9.240575,0.00011499999999919908,167,52
9.240742000000001,0.00016700000000113846,67,51
9.240815,7.299999999865747e-05,1168,64
9.240816,1.0000000010279564e-06,836,64
9.242062,0.0012460000000000804,78,48
9.242359,0.00029699999999976967,78,48
9.245021,0.002661999999999054,60,128
9.245635,0.0006140000000005585,66,128
9.245697,6.199999999978445e-05,66,127
9.245929,0.00023200000000045407,60,128
9.245931,2.000000000279556e-06,60,127
9.246264,0.0003329999999994726,167,128
9.248292,0.0020279999999992526,60,128
9.251165,0.0028730000000010136,60,187
9.251290000000001,0.00012500000000059686,60,64
9.252072,0.0007819999999991722,782,64
9.254391,0.00231899999999996,167,48
9.255535,0.0011440000000000339,167,48
9.256012,0.0004770000000000607,265,128
9.256084,7.199999999940587e-05,265,127
9.256437,0.0003530000000004918,167,128
9.257862,0.0014249999999993435,167,51
9.258711,0.0008490000000005438,167,52
9.260354,0.001642999999999617,60,128
9.26062,0.00026599999999987745,60,128
9.26072,9.999999999976694e-05,60,128
9.260832,0.00011200000000144428,60,127
9.261165,0.0003329999999994726,300,51
9.261375,0.0002099999999991553,60,127
9.261529,0.00015400000000020952,60,127
9.261908,0.0003790000000005733,86,128
9.262121,0.00021300000000046282,1168,64
9.262313,0.00019200000000019202,1168,64
9.262314,9.999999992515995e-07,1082,64
9.262794,0.00047999999999959186,1250,64
9.267899,0.005105000000000359,66,128
9.267962,6.30000000008124e-05,66,127
9.268784,0.0008219999999994343,60,128
9.268785,9.999999992515995e-07,60,127
9.269162,0.00037700000000029377,265,128
9.269235,7.300000000043383e-05,265,127
9.269691,0.0004559999999997899,167,52
9.271247,0.001556000000000779,476,64
9.27246,0.0012129999999999086,67,64
9.273092,0.0006319999999995218,60,128
9.273094,2.000000000279556e-06,60,127
9.273935,0.0008409999999994255,60,128
9.273936,1.0000000010279564e-06,60,127
9.27399,5.3999999998666226e-05,60,128
9.273991,1.0000000010279564e-06,60,127
9.274228,0.00023700000000026478,139,128
9.274302,7.399999999968543e-05,139,127
9.276371,0.0020689999999987663,167,128
9.277597,0.0012260000000008375,1414,64
9.278036,0.0004390000000000782,1088,64
9.279412,0.001376000000000488,78,48
9.279616,0.000204000000000093,78,48
9.28076,0.0011440000000000339,76,51
9.281828,0.001068000000000069,66,128
9.28183,1.999999998503199e-06,99,128
9.281901,7.100000000015427e-05,66,127
9.284052,0.0021510000000013463,478,128
9.285391,0.001338999999999757,66,128
9.285456,6.49999999993156e-05,66,127
9.285729,0.0002729999999999677,60,128
9.285731,2.000000000279556e-06,60,127
9.286136,0.00040500000000065484,265,128
9.286207,7.099999999837792e-05,265,127
9.286552,0.00034500000000114994,60,128
9.286553,9.999999992515995e-07,60,127
9.287547,0.0009940000000003835,60,128
9.287549,2.000000000279556e-06,60,127
9.288392,0.0008429999999997051,60,128
9.288442,4.999999999988347e-05,265,128
9.288505,6.30000000008124e-05,265,127
9.290234,0.0017289999999992034,167,52
9.290698,0.00046400000000090813,167,64
9.291104,0.00040599999999990644,167,128
9.291382,0.0002779999999997784,167,128
9.292691,0.0013089999999991164,60,128
9.292753,6.199999999978445e-05,60,128
9.292803,4.999999999988347e-05,60,127
9.292804,1.0000000010279564e-06,60,127
9.293071,0.00026699999999912905,60,241
9.293169,9.800000000126374e-05,60,242
9.293365,0.00019599999999897477,167,46
9.293839,0.00047400000000052955,438,50
9.29384,9.999999992515995e-07,66,128
9.293919,7.90000000012725e-05,66,127
9.293984,6.49999999993156e-05,60,64
9.294407,0.0004229999999996181,77,64
9.294758999999999,0.00035199999999946385,60,50
9.294854,9.500000000173259e-05,60,128
9.294856,1.999999998503199e-06,60,127
9.295124,0.000268000000000157,60,64
9.295225,0.0001010000000007949,265,128
9.295295,6.999999999912632e-05,265,127
9.295965,0.0006700000000012807,167,128
9.296361,0.00039599999999850866,267,128
9.298669,0.002308000000001087,167,52
9.299167,0.0004980000000003315,167,52
9.299651,0.000484000000000151,60,128
9.299652,9.999999992515995e-07,60,127
9.300141,0.0004889999999999617,60,128
9.300141,0.0,60,128
9.300142,9.999999992515995e-07,60,127
9.30019,4.800000000138027e-05,60,127
9.30069,0.0004999999999988347,60,128
9.300691,1.0000000010279564e-06,60,127
9.30138,0.0006889999999994956,167,128
9.3015,0.00012000000000078614,60,128
9.301502,1.999999998503199e-06,67,51
9.301503,1.0000000010279564e-06,60,127
9.30155,4.7000000000352316e-05,60,128
9.301551,9.999999992515995e-07,60,127
9.302314,0.0007630000000009574,66,128
9.302373,5.899999999847694e-05,66,127
9.30312,0.0007470000000004973,167,51
9.303341,0.00022099999999980469,60,128
9.303343,2.000000000279556e-06,60,127
9.303733,0.00038999999999944635,265,128
9.303805,7.200000000118223e-05,265,127
9.30428,0.00047499999999978115,60,128
9.305119,0.000838999999999146,167,128
9.306167,0.001048000000000826,66,128
9.306318,0.000150999999998902,66,127
9.307113,0.0007950000000001012,60,128
9.307233,0.00012000000000078614,60,127
9.307235,2.000000000279556e-06,66,41
9.307305,6.999999999912632e-05,60,55
9.307368,6.30000000008124e-05,662,64
9.307844,0.00047599999999903275,60,128
9.307846,2.000000000279556e-06,60,127
9.308226,0.0003799999999998249,60,243
9.308649,0.0004230000000013945,60,128
9.308651,1.999999998503199e-06,60,127
9.308699,4.800000000138027e-05,60,128
9.3087,9.999999992515995e-07,60,127
9.312125,0.0034250000000000114,60,48
9.312245,0.00012000000000078614,91,128
9.312692,0.0004469999999994201,830,128
9.312693,9.999999992515995e-07,91,128
9.313029,0.0003360000000007801,1484,128
9.313149,0.00011999999999900979,1484,128
9.31315,1.0000000010279564e-06,79,128
9.313278,0.000128000000000128,1484,128
9.313398,0.00011999999999900979,1484,128
9.313399,1.0000000010279564e-06,79,128
9.313527,0.000128000000000128,1484,128
9.313584,5.699999999997374e-05,722,128
9.314155,0.000570999999998989,60,53
9.314456,0.0003010000000003288,60,128
9.314826,0.0003700000000002035,167,128
9.315457,0.0006310000000002702,167,46
9.316442,0.0009850000000000136,1168,64
9.316647,0.0002049999999993446,265,128
9.316716,6.899999999987472e-05,265,127
9.316898,0.0001820000000005706,1168,64
9.316899,9.999999992515995e-07,1168,64
9.316899,0.0,125,64
9.317069,0.00017000000000066962,64,128
9.319211,0.0021419999999992,167,52
9.32042,0.0012090000000011258,91,128
9.320484,6.4000000000064e-05,91,128
9.320536,5.200000000016303e-05,91,128
9.320997,0.0004609999999996006,360,51
9.320998,9.999999992515995e-07,60,128
9.321,2.000000000279556e-06,60,127
9.321103,0.00010300000000107445,60,128
9.321105,1.999999998503199e-06,60,127
9.322142,0.0010370000000001767,66,241
9.323098,0.000956000000000401,112,45
9.32316,6.199999999978445e-05,180,45
9.323431,0.00027099999999968816,167,52
9.323504,7.300000000043383e-05,60,128
9.323603,9.900000000051534e-05,115,54
9.32462,0.0010169999999991575,95,54
9.324805,0.00018500000000010175,60,128
9.324806,1.0000000010279564e-06,60,54
9.325115,0.00030899999999967065,60,128
9.325197,8.19999999990273e-05,167,128
9.325635,0.0004380000000008266,60,128
9.326142,0.0005070000000007013,167,128
9.326225,8.300000000005525e-05,1248,128
9.327688,0.001462999999999326,167,128
9.328981,0.0012930000000004327,60,54
9.329985,0.0010040000000000049,60,54
9.330203000000001,0.00021800000000027353,91,54
9.330944,0.0007409999999996586,60,242
9.332409,0.0014649999999996055,167,128
9.334095,0.0016859999999994102,167,52
9.334337,0.0002420000000000755,1216,128
9.334337,0.0,66,41
9.334485,0.00014800000000114721,1340,64
9.334734,0.0002489999999983894,167,128
9.335414,0.0006800000000009021,60,54
9.335631,0.00021699999999924557,60,54
9.33579,0.00015900000000002024,60,54
9.337124,0.0013339999999999463,91,128
9.337632,0.0005079999999999529,67,64
9.33787,0.00023800000000129273,167,51
9.338172,0.0003019999999995804,84,128
9.339081,0.0009090000000000487,167,128
9.339824,0.0007429999999999382,60,50
9.340528,0.0007040000000007041,1280,128
9.340578,4.999999999988347e-05,167,52
9.340692,0.00011399999999994748,67,51
9.344787,0.004094999999999516,60,54
9.34632,0.0015330000000002286,167,128
9.351092,0.00477199999999911,117,127
9.351492,0.0004000000000008441,588,128
9.354007,0.0025149999999989348,91,50
9.354104,9.700000000023579e-05,123,64
9.354359,0.0002550000000010044,167,48
9.355029,0.0006699999999995043,91,51
9.355236,0.00020699999999962415,91,51
9.356025,0.0007890000000010389,60,126
9.356434,0.0004089999999994376,167,48
9.356436,2.000000000279556e-06,167,128
9.357044,0.0006079999999997199,95,239
9.357961,0.0009169999999993905,167,51
9.358388,0.00042700000000017724,91,128
9.35861,0.00022200000000083264,167,52
9.358799,0.0001889999999988845,67,64
9.360873,0.0020740000000003533,348,51
9.361494,0.0006210000000006488,395,43
9.363226,0.0017319999999987346,66,41
9.364692,0.0014660000000006335,91,128
9.365966,0.0012740000000004414,91,128
9.365968,2.000000000279556e-06,91,128
9.366766,0.0007979999999996323,1095,242
9.366821,5.499999999969418e-05,66,64
9.369848,0.003026999999999447,167,52
9.373671,0.003823000000000576,133,51
9.375052,0.0013810000000002987,395,43
9.376314,0.0012620000000005405,167,128
9.380765,0.004450999999999539,78,51
9.380985,0.0002200000000005531,1168,64
9.381423999999999,0.00043899999999830186,1168,64
9.381423999999999,0.0,1041,64
9.385276,0.0038520000000001886,66,128
9.385353,7.700000000099294e-05,66,127
9.386233,0.000880000000000436,60,128
9.386288,5.499999999969418e-05,60,127
9.388261,0.0019729999999995584,60,45
9.388913,0.000652000000000541,167,52
9.391037,0.002124000000000237,167,128
9.391479,0.00044199999999960937,167,128
9.391953,0.00047400000000052955,67,64
9.3932,0.001246999999999332,167,46
9.39572,0.002520000000000522,395,42
9.395926,0.0002059999999985962,167,128
9.396327,0.0004010000000000957,265,128
9.396404,7.700000000099294e-05,265,127
9.398368,0.0019639999999991886,167,52
9.398798,0.0004299999999997084,167,64
9.399169,0.00037100000000123146,60,49
9.399221,5.200000000016303e-05,167,52
9.399921,0.000700000000000145,60,240
9.400062,0.0001409999999992806,91,52
9.400182,0.00011999999999900979,91,53
9.400386,0.000204000000000093,91,52
9.400505,0.00011900000000153454,91,51
9.400668,0.000162999999998803,60,128
9.40067,2.000000000279556e-06,60,127
9.400768,9.799999999948739e-05,60,128
9.400769,1.0000000010279564e-06,60,127
9.401321,0.0005519999999989977,67,51
9.401379,5.8000000001001695e-05,167,128
9.40307,0.001690999999999221,167,51
9.403118,4.7999999999603915e-05,1414,128
9.403206,8.800000000164232e-05,1364,128
9.405125,0.0019189999999991159,167,128
9.405648,0.0005229999999993851,60,47
9.408818,0.0031700000000007833,91,48
9.413398,0.004580000000000695,67,64
9.414821,0.001422999999999064,167,128
9.415281,0.000460000000000349,167,46
9.41746,0.002178999999999931,89,114
9.419335,0.001875000000000071,167,52
9.42064,0.0013050000000003337,66,128
9.420711,7.100000000015427e-05,66,127
9.421483,0.0007719999999995508,298,51
9.421483,0.0,60,128
9.421547,6.4000000000064e-05,60,127
9.421886,0.0003390000000003113,265,128
9.421957,7.100000000015427e-05,265,127
9.422918,0.0009609999999984353,167,128
9.423432,0.0005140000000007916,167,52
9.424568,0.001136000000000692,78,48
9.424643,7.499999999893703e-05,78,48
9.424996,0.0003530000000004918,235,240
9.425212,0.00021599999999999397,167,128
9.425942,0.0007299999999990092,60,128
9.425944,2.000000000279556e-06,60,127
9.426751,0.0008070000000000022,60,128
9.426752,1.0000000010279564e-06,60,127
9.426875,0.0001230000000003173,60,128
9.426877,1.999999998503199e-06,60,127
9.427268,0.0003910000000004743,395,128
9.42909,0.0018220000000006564,1401,55
9.432405,0.0033149999999988466,167,128
9.432407,2.000000000279556e-06,167,128
9.434219,0.001812000000001035,167,52
9.434752,0.0005329999999990065,167,128
9.435457,0.0007049999999999557,67,64
9.435914,0.00045700000000081786,60,128
9.43617,0.000256000000000256,60,128
9.436253,8.300000000005525e-05,60,128
9.437425,0.0011719999999986186,748,128
9.43787,0.0004450000000009169,167,51
9.43909,0.0012199999999999989,167,128
9.440405,0.001314999999999955,748,128
9.440455,4.999999999988347e-05,167,52
9.440842,0.0003869999999999152,271,51
9.441156,0.00031399999999948136,78,48
9.44153,0.0003740000000007626,78,48
9.441654,0.0001239999999995689,78,48
9.443636,0.0019819999999999283,104,45
9.4437,6.4000000000064e-05,181,45
9.44387,0.00017000000000066962,60,128
9.446346,0.0024759999999997007,167,128
9.446788,0.00044199999999960937,334,128
9.447945,0.0011570000000009628,60,241
9.449316,0.0013709999999989009,66,128
9.449376,6.000000000128125e-05,66,127
9.449738,0.0003619999999990853,365,241
9.450242,0.0005039999999993938,60,128
9.450244,2.000000000279556e-06,60,127
9.45065,0.00040599999999990644,265,128
9.450721,7.100000000015427e-05,265,127
9.454459,0.003738000000000241,167,48
9.455696,0.0012369999999997106,60,128
9.455697,1.0000000010279564e-06,60,127
9.455699,1.999999998503199e-06,60,128
9.455771,7.200000000118223e-05,60,127
9.456437,0.0006659999999989452,167,48
9.456512,7.500000000071338e-05,167,128
9.456638,0.00012599999999984846,60,126
9.45664,2.000000000279556e-06,1168,64
9.457052000000001,0.0004120000000007451,1168,64
9.457052000000001,0.0,1053,64
9.457786,0.0007339999999995683,167,51
9.458384,0.0005980000000000985,748,128
9.45866,0.00027599999999949887,167,52
9.460767,0.002107000000000525,67,51
9.464474,0.0037069999999985725,744,128
9.468391,0.003917000000001281,66,128
9.468456,6.49999999993156e-05,66,127
9.469257,0.0008010000000009398,60,128
9.469258,9.999999992515995e-07,60,127
9.469678,0.00042000000000008697,265,128
9.469727,4.900000000063187e-05,167,52
9.469729,1.999999998503199e-06,265,127
9.473661,0.003932000000000713,60,128
9.473663,2.000000000279556e-06,60,127
9.474309,0.0006459999999997024,66,128
9.474371,6.199999999978445e-05,66,127
9.47493,0.0005590000000008644,60,128
9.474931,9.999999992515995e-07,60,127
9.474985,5.400000000044258e-05,60,128
9.474986,9.999999992515995e-07,60,127
9.475179,0.00019300000000121997,60,128
9.47518,9.999999992515995e-07,60,127
9.47559,0.00041000000000046555,265,128
9.475661,7.100000000015427e-05,265,127
9.476327,0.0006659999999989452,589,128
9.476328,1.0000000010279564e-06,167,128
9.476971,0.0006430000000001712,60,128
9.477781,0.0008099999999995333,1168,64
9.478294,0.0005129999999997636,62,128
9.479069,0.0007750000000008583,1168,64
9.479069,0.0,1168,64
9.47907,9.999999992515995e-07,106,64
9.479784,0.0007140000000003255,60,128
9.479786,2.000000000279556e-06,60,127
9.47988,9.399999999892827e-05,60,128
9.479882,2.000000000279556e-06,60,127
9.48064,0.0007579999999993703,60,242
9.480708,6.800000000062312e-05,75,51
9.480874,0.0001660000000001105,77,242
9.480984,0.00010999999999938836,60,242
9.481116,0.00013200000000068712,89,50
9.481445,0.00032900000000068985,60,241
9.48156,0.00011499999999919908,77,241
9.481757,0.00019700000000000273,60,241
9.481819,6.199999999978445e-05,60,128
9.481902,8.300000000005525e-05,60,242
9.482064,0.0001619999999995514,77,242
9.482184,0.00012000000000078614,60,242
9.482577,0.0003929999999989775,60,128
9.482578,1.0000000010279564e-06,60,128
9.482784,0.00020600000000037255,107,54
9.482922,0.00013799999999974943,97,54
9.483254,0.000332000000000221,60,128
9.483609,0.000354999999998995,113,54
9.487479,0.0038700000000009283,159,128
9.489358,0.0018789999999988538,167,52
9.490872,0.0015140000000002374,60,127
9.490946,7.399999999968543e-05,60,127
9.491005,5.9000000000253294e-05,60,127
9.49112,0.00011500000000097543,167,128
9.491399,0.00027899999999903,167,128
9.491878,0.00047900000000034026,60,127
9.493661,0.001782999999999646,167,46
9.49541,0.0017490000000002226,167,64
9.49594,0.0005299999999994753,167,128
9.497594,0.0016540000000002664,100,242
9.497882,0.0002880000000011762,608,128
9.498341,0.00045899999999932106,167,52
9.498799,0.00045800000000006946,67,64
9.499275,0.0004760000000008091,167,52
9.499452,0.00017699999999898353,66,128
9.49961,0.00015800000000076864,66,127
9.500072,0.0004619999999988522,60,128
9.500073,1.0000000010279564e-06,60,127
9.500399,0.00032599999999938234,66,128
9.501063,0.000664000000000442,277,51
9.501382,0.00031899999999929207,167,128
9.502893,0.0015110000000007062,167,51
9.504813,0.0019200000000001438,66,52
9.505154,0.0003409999999988145,167,128
9.506207,0.0010530000000006368,91,128
9.507162,0.000954999999999373,64,128
9.507761,0.0005990000000011264,66,128
9.507825,6.4000000000064e-05,66,127
9.508017,0.00019200000000019202,60,128
9.508019,2.000000000279556e-06,60,127
9.508201,0.00018199999999879424,99,128
9.508203,2.000000000279556e-06,265,128
9.508308,0.00010499999999957765,265,127
9.509279,0.0009709999999998331,60,45
9.50966,0.0003810000000008529,265,128
9.509755,9.499999999995623e-05,265,127
9.512321,0.002565999999999846,60,128
9.512323,2.000000000279556e-06,60,127
9.512526,0.00020299999999906504,60,128
9.512527,1.0000000010279564e-06,60,127
9.512528,9.999999992515995e-07,60,128
9.512664000000001,0.00013600000000124624,60,127
9.51297,0.00030599999999836314,744,128
9.514803,0.0018330000000013058,167,128
9.515029,0.0002259999999996154,89,112
9.515251,0.00022199999999905629,167,46
9.516054,0.0008030000000012194,78,52
9.516251,0.00019700000000000273,60,240
9.516404,0.00015299999999918157,60,128
9.516405,1.0000000010279564e-06,78,52
9.516407,1.999999998503199e-06,60,242
9.516408,1.0000000010279564e-06,60,127
9.516454,4.599999999932436e-05,78,51
9.516701,0.0002469999999998862,60,128
9.516703,2.000000000279556e-06,60,127
9.517303,0.000600000000000378,99,243
9.518808,0.0015049999999998676,167,52
9.519605,0.0007970000000003807,67,64
9.520661,0.001056000000000168,67,51
9.523425,0.0027639999999991005,167,52
9.5241,0.0006750000000010914,66,128
9.524163,6.299999999903605e-05,66,127
9.524461,0.0002980000000007976,60,128
9.524463,2.000000000279556e-06,60,127
9.524634,0.00017099999999992122,167,128
9.524806,0.00017199999999917281,265,128
9.524876,7.000000000090267e-05,265,127
9.525141,0.0002649999999988495,167,128
9.525670999999999,0.0005299999999994753,167,128
9.526681,0.0010100000000008436,78,53
9.526767,8.599999999958641e-05,78,53
9.527174,0.0004070000000009344,78,52
9.528552,0.0013779999999989911,66,243
9.528789,0.00023700000000026478,60,128
9.529934,0.0011450000000010618,1434,128
9.529997999999999,6.399999999828765e-05,838,128
9.53243,0.002432000000000656,167,128
9.534119,0.0016890000000007177,167,52
9.534712,0.0005930000000002877,167,128
9.53556,0.0008479999999995158,60,128
9.535561,9.999999992515995e-07,60,127
9.535737,0.00017599999999973193,60,128
9.535738,1.0000000010279564e-06,60,127
9.535739,9.999999992515995e-07,60,128
9.535786,4.7000000000352316e-05,60,127
9.537902,0.002116000000000895,167,51
9.539078,0.0011759999999991777,167,128
9.53974,0.0006620000000001625,348,84
9.540357,0.0006170000000000897,67,64
9.54044,8.300000000005525e-05,66,128
9.540505,6.49999999993156e-05,66,127
9.54066,0.00015500000000123748,300,84
9.540746,8.599999999958641e-05,167,52
9.540845000000001,9.900000000051534e-05,297,51
9.541285,0.0004399999999993298,60,128
9.541287,2.000000000279556e-06,60,127
9.544878,0.003591000000000122,66,128
9.544964,8.599999999958641e-05,66,127
9.545786,0.0008219999999994343,60,128
9.545899,0.00011300000000069588,60,127
9.546189,0.0002899999999996794,265,128
9.546261,7.199999999940587e-05,265,127
9.546316000000001,5.500000000147054e-05,167,128
9.548019,0.0017029999999991219,60,49
9.550926,0.002907000000000437,167,64
9.550987,6.099999999875649e-05,265,128
9.551057,7.000000000090267e-05,265,127
9.551438,0.0003809999999990765,167,64
9.552166,0.000728000000000506,60,128
9.552167,1.0000000010279564e-06,60,127
9.552273,0.00010599999999882925,60,128
9.552275,2.000000000279556e-06,60,127
9.553089,0.0008140000000000924,60,243
9.554109,0.001020000000000465,509,242
9.55427,0.0001610000000002998,60,128
9.555245,0.0009749999999986159,60,128
9.555305,6.000000000128125e-05,167,48
9.556069,0.000764000000000209,60,128
9.55607,9.999999992515995e-07,60,128
9.556118,4.7999999999603915e-05,60,127
9.55612,2.000000000279556e-06,60,127
9.556434,0.00031399999999948136,167,128
9.557158,0.0007239999999999469,167,48
9.558157,0.0009990000000001942,167,51
9.558887,0.0007300000000007856,167,52
9.559022,0.00013500000000021828,60,128
9.560748,0.0017259999999996722,67,64
9.560817,6.899999999987472e-05,67,51
9.561618,0.0008009999999991635,66,128
9.5617,8.200000000080365e-05,60,128
9.562987,0.001286999999999594,1514,128
9.562988,1.0000000010279564e-06,194,128
9.564249,0.0012609999999995125,60,128
9.565937,0.0016879999999996897,60,128
9.568245,0.0023079999999993106,66,52
9.569218,0.0009730000000001127,66,52
9.569571,0.0003530000000004918,66,128
9.569634,6.30000000008124e-05,66,127
9.56984,0.0002059999999985962,60,128
9.569896,5.600000000072214e-05,167,52
9.57051,0.0006140000000005585,60,128
9.570511,9.999999992515995e-07,60,127
9.572066,0.001554999999999751,66,128
9.572125,5.9000000000253294e-05,66,127
9.573005,0.000880000000000436,60,128
9.573382,0.00037700000000029377,60,127
9.573384,2.000000000279556e-06,78,255
9.573385,9.999999992515995e-07,265,128
9.573476,9.099999999939712e-05,744,128
9.573534,5.8000000001001695e-05,265,127
9.574008,0.0004739999999987532,66,128
9.574069,6.100000000053285e-05,66,127
9.574921,0.0008520000000000749,60,128
9.574922,1.0000000010279564e-06,60,127
9.575327,0.0004049999999988785,265,128
9.575401,7.399999999968543e-05,265,127
9.575718,0.0003170000000007889,267,240
9.575956,0.00023799999999951638,60,128
9.57628,0.00032400000000087914,167,128
9.577419,0.0011390000000002232,299,128
9.577658,0.00023899999999876798,60,128
9.57766,2.000000000279556e-06,60,127
9.577759,9.900000000051534e-05,60,128
9.577761,2.000000000279556e-06,60,127
9.578031,0.0002699999999986602,66,128
9.578092,6.100000000053285e-05,66,127
9.579448,0.0013559999999994687,60,128
9.57945,2.000000000279556e-06,60,127
9.580198,0.0007479999999997489,265,128
9.58027,7.200000000118223e-05,265,127
9.580531,0.00026100000000006673,1514,255
9.580802,0.00027099999999968816,265,128
9.580876,7.399999999968543e-05,265,127
9.58101,0.00013399999999919032,78,51
9.58155,0.0005400000000008731,1168,64
9.581733,0.0001829999999998222,60,128
9.581734,1.0000000010279564e-06,60,127
9.581736,1.999999998503199e-06,60,128
9.581783,4.7000000000352316e-05,60,127
9.581986,0.0002030000000008414,1168,64
9.581987,9.999999992515995e-07,1018,64
9.585241,0.00325400000000009,104,45
9.585302,6.100000000053285e-05,182,45
9.585644,0.00034199999999984243,60,128
9.585706,6.199999999978445e-05,66,128
9.585773,6.699999999959516e-05,66,127
9.586101,0.0003279999999996619,60,128
9.586103,2.000000000279556e-06,60,127
9.58627,0.00016700000000113846,60,128
9.586271,9.999999992515995e-07,60,127
9.586431,0.00015999999999927184,60,128
9.586432,1.0000000010279564e-06,60,127
9.586491,5.9000000000253294e-05,265,128
9.586562,7.100000000015427e-05,265,127
9.587651,0.0010889999999985633,78,255
9.588004,0.0003530000000004918,348,243
9.588005,1.0000000010279564e-06,1374,64
9.588733,0.0007279999999987297,167,52
9.588893,0.0001600000000010482,60,243
9.589103,0.0002099999999991553,60,243
9.589257,0.00015400000000020952,60,128
9.58932,6.30000000008124e-05,60,128
9.589567,0.0002469999999998862,60,128
9.589569000000001,2.000000000279556e-06,60,127
9.58957,9.999999992515995e-07,60,128
9.589639,6.899999999987472e-05,60,127
9.589876,0.00023700000000026478,60,127
9.591162,0.0012860000000003424,167,128
9.5914,0.00023799999999951638,167,128
9.592027999999999,0.0006279999999989627,89,118
9.593251,0.0012230000000013064,67,64
9.59336,0.00010900000000013677,60,128
9.593361,9.999999992515995e-07,60,127
9.593476,0.00011500000000097543,60,128
9.593478,1.999999998503199e-06,167,46
9.593479,1.0000000010279564e-06,60,127
9.593556,7.699999999921658e-05,60,128
9.593558,2.000000000279556e-06,60,127
9.593957,0.00039899999999981617,92,64
9.594625,0.0006680000000010011,167,64
9.594772,0.00014700000000011926,66,128
9.594826,5.3999999998666226e-05,1514,255
9.594827,1.0000000010279564e-06,66,127
9.595109,0.00028200000000033754,60,128
9.595163,5.3999999998666226e-05,60,128
9.595164,1.0000000010279564e-06,60,127
9.595398,0.00023399999999895726,66,52
9.596029,0.0006310000000002702,167,128
9.596255,0.0002259999999996154,66,64
9.596679,0.0004240000000006461,66,64
9.597872,0.0011930000000006658,78,49
9.597946,7.399999999968543e-05,78,49
9.598338,0.0003919999999997259,167,52
9.599264,0.0009259999999997603,167,52
9.600643,0.001379000000000019,67,51
9.601169,0.0005260000000006926,60,240
9.601399,0.0002300000000001745,167,128
9.601942,0.0005429999999986279,78,255
9.602869,0.0009270000000007883,167,51
9.604602,0.0017329999999997625,66,128
9.604663,6.100000000053285e-05,66,127
9.604866,0.00020299999999906504,265,128
9.604938,7.200000000118223e-05,265,127
9.605156000000001,0.00021800000000027353,167,128
9.605509,0.00035299999999871545,60,128
9.60551,1.0000000010279564e-06,60,127
9.60824,0.002729999999999677,60,128
9.609067,0.000826999999999245,60,128
9.609068,1.0000000010279564e-06,60,128
9.609069,9.999999992515995e-07,60,127
9.609132,6.30000000008124e-05,1514,255
9.609132,0.0,60,127
9.609134,1.999999998503199e-06,60,128
9.609292,0.00015800000000076864,60,127
9.611436,0.0021439999999994797,60,128
9.612307,0.0008710000000000662,60,243
9.6125,0.00019300000000121997,60,128
9.612501,9.999999992515995e-07,60,128
9.613805,0.0013039999999993057,60,128
9.614296,0.0004910000000002412,67,64
9.614832,0.000536000000000314,167,128
9.615293,0.0004609999999996006,60,128
9.615654,0.0003609999999998337,167,46
9.615916,0.0002620000000010947,265,128
9.615982,6.600000000034356e-05,265,127
9.616304,0.00032199999999882323,78,255
9.619108,0.002804000000001139,167,52
9.61922,0.00011199999999966792,155,128
9.619389,0.00016899999999964166,748,128
9.619648,0.0002589999999997872,155,128
9.620707,0.001058999999999699,60,128
9.620839,0.00013200000000068712,340,51
9.621657,0.0008180000000006515,60,128
9.621659,1.999999998503199e-06,60,127
9.62166,1.0000000010279564e-06,60,128
9.621706,4.599999999932436e-05,60,127
9.622861,0.0011550000000006833,744,128
9.623434,0.0005729999999992685,167,52
9.623435,1.0000000010279564e-06,1514,128
9.623436,9.999999992515995e-07,198,128
9.623437,9.999999992515995e-07,1514,255
9.623974,0.000537000000001342,60,128
9.624499,0.0005249999999996646,167,128
9.625158,0.0006590000000006313,167,128
9.628562,0.0034039999999997406,66,128
9.629568,0.0010060000000002844,83,127
9.630511,0.000942999999999472,78,255
9.631962,0.001450999999999425,66,128
9.632464,0.0005020000000008906,167,128
9.632937,0.0004729999999995016,85,128
9.634092,0.0011550000000006833,167,52
9.635703,0.0016109999999986968,167,128
9.63651,0.0008070000000000022,1168,64
9.636951,0.00044100000000035777,1168,64
9.636952,1.0000000010279564e-06,923,64
9.637139,0.00018699999999860495,1324,64
9.637657,0.0005180000000013507,1514,255
9.638091,0.00043399999999849115,167,51
9.639093,0.0010020000000015017,167,128
9.639153,5.9999999999504894e-05,60,52
9.640094,0.0009409999999991925,60,52
9.640484,0.0003900000000012227,167,52
9.641024999999999,0.0005409999999983484,67,51
9.643606,0.0025810000000010547,167,128
9.644762,0.0011559999999999349,78,255
9.646331,0.0015689999999999316,167,128
9.649668,0.0033370000000001454,60,128
9.651297,0.0016289999999994365,155,128
9.651299,2.000000000279556e-06,155,128
9.651902,0.0006029999999999092,1514,255
9.653781,0.0018790000000006302,744,128
9.655561,0.0017800000000001148,167,48
9.655612,5.099999999913507e-05,167,48
9.656405,0.0007929999999998216,167,128
9.656883,0.00047800000000108867,67,64
9.656971,8.799999999986596e-05,60,128
9.657679,0.0007079999999994868,60,126
9.657858000000001,0.00017900000000103944,167,51
9.658856,0.0009979999999991662,167,52
9.659016,0.00015999999999927184,78,255
9.660815,0.001799000000000106,316,51
9.660816,1.0000000010279564e-06,60,128
9.662694,0.0018779999999996022,60,128
9.66615,0.0034559999999999036,1514,255
9.669723,0.0035729999999993822,167,52
9.673249,0.0035260000000008063,78,255
9.675319,0.0020699999999997942,60,128
9.676356,0.0010370000000001767,167,128
9.678296,0.0019399999999993867,73,64
9.678465,0.00016899999999964166,91,128
9.678466,1.0000000010279564e-06,91,128
9.678468,2.000000000279556e-06,91,128
9.678553,8.500000000033481e-05,91,128
9.679352,0.0007989999999988839,91,128
9.679433,8.09999999997757e-05,91,128
9.679491,5.8000000001001695e-05,91,128
9.680329,0.0008379999999998944,60,128
9.680393,6.4000000000064e-05,1514,255
9.680703,0.00030999999999892225,77,51
9.680754,5.100000000091143e-05,66,128
9.680814,5.9999999999504894e-05,66,127
9.681684,0.0008700000000008146,60,128
9.681686,1.999999998503199e-06,60,127
9.687501,0.005815000000000126,78,255
9.689085,0.00158400000000114,167,52
9.691072,0.001986999999999739,167,128
9.691367,0.0002949999999994901,167,128
9.691589,0.00022200000000083264,590,128
9.692041,0.0004519999999992308,265,128
9.692112999999999,7.199999999940587e-05,265,127
9.692448,0.0003350000000015285,167,64
9.693162,0.0007139999999985491,167,46
9.69465,0.0014880000000001559,1514,255
9.695961,0.0013110000000011723,167,128
9.696568,0.0006069999999986919,60,128
9.696569,1.0000000010279564e-06,60,127
9.696629,5.9999999999504894e-05,60,128
9.696631,2.000000000279556e-06,60,127
9.696888,0.0002569999999995076,60,128
9.69689,2.000000000279556e-06,60,127
9.698592,0.0017019999999998703,167,52
9.699186,0.0005939999999995393,167,52
9.699355,0.00016900000000141802,1168,64
9.699739,0.0003839999999986077,1110,64
9.700718,0.0009790000000009513,67,51
9.701392,0.0006740000000000634,167,128
9.7018,0.000408000000000186,78,255
9.703345,0.0015450000000001296,167,51
9.705133,0.0017879999999994567,167,128
9.708983,0.003849999999999909,1514,255
9.710906,0.001922999999999675,66,128
9.710965,5.9000000000253294e-05,66,127
9.711805,0.0008400000000001739,60,128
9.711807,2.000000000279556e-06,60,127
9.712215,0.000408000000000186,265,128
9.712289,7.399999999968543e-05,265,127
9.714837,0.0025479999999991065,167,128
9.715254999999999,0.0004179999999998074,167,46
9.715256,1.0000000010279564e-06,60,128
9.71564,0.00038400000000038403,60,126
9.716144,0.0005039999999993938,78,255
9.717277,0.0011329999999993845,60,128
9.71832,0.0010430000000010153,60,128
9.718321,9.999999992515995e-07,60,127
9.719207,0.0008860000000012747,167,52
9.720868,0.0016609999999985803,67,64
9.72087,2.000000000279556e-06,400,51
9.722168,0.0012980000000002434,60,128
9.72217,2.000000000279556e-06,60,128
9.722172,2.000000000279556e-06,60,127
9.722173,9.999999992515995e-07,60,127
9.722334,0.0001610000000002998,167,128
9.72285,0.0005159999999992948,66,41
9.723069,0.0002190000000013015,89,114
9.723194,0.0001249999999988205,60,47
9.723301,0.00010699999999985721,1514,255
9.723422,0.00012100000000003774,167,52
9.723425,3.0000000013075123e-06,60,47
9.723426,9.999999992515995e-07,117,51
9.723588,0.0001619999999995514,60,240
9.723766,0.00017800000000001148,91,61
9.723899,0.00013299999999993872,60,126
9.724163,0.00026400000000137425,60,52
9.724306,0.00014299999999956015,66,242
9.724392,8.599999999958641e-05,60,52
9.724393,9.999999992515995e-07,66,128
9.724484,9.100000000117348e-05,66,127
9.724485,9.999999992515995e-07,66,52
9.724549,6.4000000000064e-05,167,128
9.724779999999999,0.0002309999999994261,891,240
9.724781,1.0000000010279564e-06,425,47
9.724879,9.799999999948739e-05,146,47
9.724947,6.800000000062312e-05,60,128
9.72513,0.0001829999999998222,74,47
9.725257,0.00012699999999910005,60,128
9.725258,1.0000000010279564e-06,91,52
9.725309,5.099999999913507e-05,60,128
9.72531,1.0000000010279564e-06,60,127
9.725372,6.199999999978445e-05,91,50
9.725373,9.999999992515995e-07,262,128
9.725486,0.00011300000000069588,91,51
9.7256,0.00011399999999994748,91,51
9.72571,0.00010999999999938836,60,47
9.725766,5.600000000072214e-05,265,128
9.725842,7.599999999996498e-05,265,127
9.72619,0.0003480000000006811,167,128
9.730961,0.004770999999999859,60,47
9.732134,0.0011729999999996465,60,128
9.732455999999999,0.00032199999999882323,167,128
9.732677,0.00022100000000158104,66,128
9.732996,0.00031899999999929207,60,128
9.733067,7.100000000015427e-05,60,128
9.733554999999999,0.00048799999999893373,60,127
9.734164,0.0006090000000007478,167,52
9.734715,0.0005509999999997461,66,127
9.734922,0.00020699999999962415,60,127
9.734922,0.0,60,127
9.735019,9.700000000023579e-05,60,128
9.735021,2.000000000279556e-06,60,127
9.735426,0.00040500000000065484,265,128
9.735499,7.300000000043383e-05,265,127
9.735738,0.00023899999999876798,167,128
9.736969,0.0012310000000006482,60,128
9.737027,5.799999999922534e-05,89,113
9.737868,0.0008410000000012019,167,51
9.739094,0.0012259999999990612,167,128
9.739545,0.0004509999999999792,78,64
9.739835,0.0002899999999996794,60,128
9.739836,1.0000000010279564e-06,60,127
9.739886,4.999999999988347e-05,60,128
9.739887,9.999999992515995e-07,60,127
9.740421,0.0005340000000000344,167,52
9.740828,0.0004070000000009344,349,51
9.740918,9.000000000014552e-05,492,64
9.74177,0.0008520000000000749,67,64
9.7439,0.002129999999999299,78,48
9.743958,5.799999999922534e-05,78,48
9.745315,0.0013570000000004967,167,128
9.748336,0.0030210000000003845,287,128
9.748718,0.0003820000000001045,267,128
9.749153,0.0004349999999995191,66,128
9.749276,0.0001230000000003173,66,127
9.750089,0.0008129999999990645,60,128
9.750148,5.9000000000253294e-05,60,127
9.75049,0.00034199999999984243,265,128
9.750574,8.400000000108321e-05,265,127
9.750992,0.0004179999999998074,590,255
9.752449,0.0014570000000002636,1168,64
9.752901,0.0004519999999992308,1078,64
9.754405,0.001504000000000616,60,128
9.754465,5.9999999999504894e-05,60,127
9.754467,2.000000000279556e-06,60,128
9.754527,5.9999999999504894e-05,60,127
9.754529,2.000000000279556e-06,60,128
9.754576,4.7000000000352316e-05,60,127
9.755184,0.0006079999999997199,167,48
9.756495,0.001310999999999396,167,128
9.756497,2.000000000279556e-06,167,48
9.757072,0.0005750000000013245,66,128
9.757238,0.00016599999999833415,60,128
9.757932,0.0006940000000010826,167,51
9.758042,0.00010999999999938836,66,128
9.758291,0.00024900000000016576,60,126
9.758798,0.0005070000000007013,167,52
9.759394,0.0005959999999998189,60,126
9.759395,9.999999992515995e-07,66,128
9.760719,0.001324000000000325,77,51
9.760856,0.00013700000000049783,60,126
9.761231,0.0003750000000000142,66,128
9.762336,0.0011049999999990234,66,128
9.76242,8.400000000108321e-05,66,127
9.763273,0.0008529999999993265,60,128
9.763355,8.200000000080365e-05,60,127
9.76365,0.0002949999999994901,265,128
9.763804,0.00015400000000020952,265,127
9.765974,0.002169999999999561,89,111
9.768034,0.002060000000000173,60,128
9.768036,2.000000000279556e-06,60,128
9.768116,7.999999999874774e-05,60,127
9.768118,2.000000000279556e-06,60,127
9.768727,0.0006090000000007478,91,128
9.769713,0.0009859999999992652,167,52
9.770675,0.0009620000000012396,91,128
9.770677,1.999999998503199e-06,91,128
9.773226,0.0025490000000001345,76,64
9.7764,0.0031740000000013424,167,128
9.778081,0.0016809999999995995,66,128
9.778169,8.799999999986596e-05,66,127
9.779374,0.0012050000000005667,60,128
9.779375,9.999999992515995e-07,60,127
9.779777,0.0004019999999993473,265,128
9.779849,7.200000000118223e-05,265,127
9.78068,0.0008309999999998041,95,128
9.78079,0.00010999999999938836,78,48
9.780792,2.000000000279556e-06,78,48
9.780793,9.999999992515995e-07,73,51
9.780903,0.00011000000000116472,74,54
9.781556,0.0006529999999997926,66,54
9.781846999999999,0.000290999999998931,66,64
9.78221,0.00036300000000011323,260,64
9.782540000000001,0.0003300000000017178,91,52
9.7826,5.9999999999504894e-05,460,64
9.782757,0.00015699999999974068,91,52
9.782878,0.00012100000000003774,91,50
9.78374,0.0008619999999996963,60,243
9.784427,0.0006870000000009924,60,128
9.784429,1.999999998503199e-06,60,127
9.78449,6.100000000053285e-05,60,128
9.784492,2.000000000279556e-06,60,127
9.784599,0.00010699999999985721,66,41
9.785306,0.0007070000000002352,60,128
9.785485,0.00017899999999926308,60,45
9.787983,0.0024980000000009994,239,243
9.788523,0.0005399999999990968,167,64
9.788581,5.8000000001001695e-05,60,244
9.788976,0.00039499999999925706,60,128
9.789034000000001,5.8000000001001695e-05,167,52
9.791085,0.002050999999999803,167,128
9.791388,0.000302999999998832,167,128
9.791445,5.699999999997374e-05,60,241
9.792302,0.0008569999999998856,183,242
9.793359,0.0010570000000011959,167,46
9.793934,0.0005749999999995481,97,128
9.794604,0.0006699999999995043,1414,128
9.794605,1.0000000010279564e-06,1414,128
9.794895,0.0002899999999996794,60,240
9.794897,2.000000000279556e-06,78,128
9.795156,0.0002589999999997872,60,128
9.795301,0.0001449999999998397,60,128
9.795406,0.00010499999999957765,1168,64
9.795847,0.00044100000000035777,1168,64
9.795898,5.099999999913507e-05,182,64
9.7959,2.000000000279556e-06,167,128
9.798518,0.002618000000000009,590,128
9.798595,7.700000000099294e-05,60,128
9.798722,0.00012699999999910005,167,52
9.799436,0.0007140000000003255,167,52
9.801015,0.001578999999999553,89,118
9.801327,0.00031200000000097816,378,51
9.801328,9.999999992515995e-07,167,128
9.802211,0.0008829999999999671,91,50
9.802964,0.0007529999999995596,167,51
9.80513,0.0021660000000007784,167,128
9.805301,0.00017099999999992122,66,54
9.8059,0.00059899999999935,202,54
9.806470000000001,0.0005700000000015137,66,64
9.806794,0.0003239999999991028,72,64
9.806795,9.999999992515995e-07,107,64
9.807395,0.000600000000000378,1484,64
9.809204,0.0018089999999997275,91,51
9.810068,0.0008639999999999759,91,51
9.81021,0.00014200000000030855,89,53
9.811202,0.000992000000000104,66,43
9.812275,0.0010729999999998796,460,64
9.814828,0.0025530000000006936,167,128
9.815326,0.0004980000000003315,60,45
9.815399,7.299999999865747e-05,167,46
9.816752,0.0013529999999999376,67,64
9.81838,0.0016280000000001849,62,115
9.818827,0.00044700000000119644,167,52
9.819334,0.000506999999998925,60,53
9.819633,0.0002990000000000492,60,128
9.820033,0.0004000000000008441,1294,64
9.820322,0.0002890000000004278,250,64
9.821110000000001,0.0007880000000000109,67,51
9.822817,0.001706999999999681,167,128
9.823409999999999,0.0005929999999985114,167,52
9.824873,0.0014630000000011023,66,54
9.825787,0.0009139999999998594,91,128
9.825867,8.00000000005241e-05,91,128
9.825923,5.599999999894578e-05,91,128
9.825975,5.200000000016303e-05,91,128
9.826072,9.700000000023579e-05,167,128
9.832453,0.006380999999999304,167,128
9.833537,0.001084000000000529,60,242
9.834088,0.0005509999999997461,167,52
9.834585,0.0004970000000010799,66,43
9.834859,0.0002739999999992193,99,241
9.835042,0.0001829999999998222,60,45
9.83573,0.000688000000000244,167,128
9.838004,0.0022739999999998872,1168,64
9.83844,0.00043600000000054706,167,51
9.838442,2.000000000279556e-06,1168,64
9.838443,9.999999992515995e-07,444,64
9.83851,6.699999999959516e-05,60,128
9.839082,0.0005720000000000169,167,128
9.84047,0.001388000000000389,167,52
9.840625,0.00015499999999946112,60,242
9.841101,0.0004760000000008091,346,51
9.843059,0.0019580000000001263,78,255
9.843516,0.0004569999999990415,167,128
9.845312,0.001796000000000575,167,128
9.847322,0.0020100000000002893,60,240
9.848735,0.0014129999999994425,441,242
9.849782,0.001046999999999798,267,240
9.850002,0.0002200000000005531,60,128
9.850738,0.0007359999999998479,66,43
9.856155,0.005416999999999561,167,48
9.856329,0.00017400000000122873,167,48
9.856508999999999,0.00017999999999851468,167,128
9.857549,0.0010400000000014842,60,128
9.857881,0.000332000000000221,167,51
9.858136,0.00025499999999922807,66,128
9.858936,0.0007999999999999119,167,52
9.860022,0.0010860000000008085,67,64
9.860662,0.0006399999999988637,67,51
9.862314,0.0016519999999999868,89,116
9.862971,0.0006570000000003517,78,255
9.863678,0.0007070000000002352,800,241
9.863758,8.00000000005241e-05,66,43
9.864322,0.0005639999999988987,870,64
9.864981,0.0006590000000006313,1514,241
9.865066,8.500000000033481e-05,1062,241
9.865067,9.999999992515995e-07,60,126
9.865121,5.400000000044258e-05,60,126
9.865752,0.0006310000000002702,60,128
9.866817,0.0010649999999987614,91,52
9.86856,0.0017430000000011603,834,128
9.868806,0.00024599999999885824,60,243
9.868957,0.00015100000000067837,91,53
9.869162,0.0002049999999993446,60,128
9.869261,9.900000000051534e-05,60,238
9.869597,0.0003360000000007801,60,128
9.869748,0.000150999999998902,167,52
9.870174,0.00042600000000092564,91,52
9.870738,0.0005639999999988987,91,51
9.873163,0.0024250000000005656,66,54
9.873798,0.0006350000000008293,948,64
9.876368,0.002569999999998629,167,128
9.876585,0.00021700000000102193,1514,241
9.876754,0.00016899999999964166,1514,241
9.877387,0.0006330000000005498,1514,241
9.877505,0.00011799999999873023,1343,241
9.877507,2.000000000279556e-06,60,128
9.879492,0.0019850000000012358,60,128
9.879494,1.999999998503199e-06,60,128
9.879972,0.00047800000000108867,476,64
9.880088,0.00011600000000022703,60,128
9.881456,0.0013679999999993697,79,51
9.881896,0.0004399999999993298,73,64
9.882935,0.0010390000000004562,78,255
9.883641,0.0007060000000009836,251,128
9.88471,0.0010689999999993205,95,128
9.885341,0.0006310000000002702,394,128
9.888819,0.003477999999999426,167,52
9.891168,0.0023490000000006006,167,128
9.891486,0.00031800000000004047,167,128
9.892435,0.0009490000000003107,66,47
9.892665000000001,0.0002300000000001745,67,64
9.892666,9.999999992515995e-07,60,128
9.893252,0.0005860000000001975,512,128
9.893304,5.200000000016303e-05,247,128
9.893306,2.000000000279556e-06,167,46
9.893482,0.00017599999999973193,66,43
9.895147,0.0016649999999991394,66,54
9.896008,0.0008610000000004447,167,128
9.897814,0.0018060000000001963,167,64
9.898311,0.0004969999999993036,167,52
9.899098,0.0007870000000007593,592,128
9.899235000000001,0.00013700000000049783,167,52
9.900096,0.0008609999999986684,60,236
9.900197,0.0001010000000007949,104,45
9.900263,6.600000000034356e-05,184,45
9.900354,9.099999999939712e-05,60,128
9.900498,0.0001440000000005881,60,128
9.90098,0.0004819999999998714,537,51
9.901398,0.0004179999999998074,167,128
9.902955,0.0015570000000000306,78,255
9.903006,5.099999999913507e-05,167,51
9.904085,0.0010790000000007183,159,128
9.905156999999999,0.0010719999999988516,167,128
9.90689,0.0017330000000015389,66,41
9.907107,0.00021699999999924557,60,241
9.910225,0.0031180000000006203,60,128
9.91434,0.0041149999999987585,1168,64
9.914767,0.00042700000000017724,1168,64
9.914767,0.0,280,64
9.914859,9.200000000042508e-05,167,128
9.91525,0.0003910000000004743,167,46
9.915988,0.0007380000000001274,1340,64
9.918802,0.002813999999998984,167,52
9.919339,0.000537000000001342,60,128
9.920604,0.0012650000000000716,60,45
9.920809,0.0002049999999993446,67,51
9.92109,0.0002809999999993096,60,47
9.921196,0.00010600000000060561,60,47
9.922959,0.0017630000000004031,78,255
9.922961,2.000000000279556e-06,60,128
9.92353,0.0005689999999987094,167,52
9.924782,0.001252000000000919,160,1
9.925036,0.00025399999999997647,78,48
9.925108999999999,7.299999999865747e-05,78,48
9.92511,1.0000000010279564e-06,60,127
9.925275,0.00016499999999908255,60,128
9.925276,1.0000000010279564e-06,60,128
9.925277,9.999999992515995e-07,60,128
9.926102,0.0008250000000007418,89,110
9.92618,7.800000000024454e-05,167,128
9.92709,0.0009099999999993003,60,243
9.930268,0.003178000000000125,139,61
9.930538,0.00027000000000043656,167,128
9.931688,0.0011499999999990962,60,45
9.932395,0.0007070000000002352,66,128
9.932396,1.0000000010279564e-06,167,128
9.932474,7.799999999846818e-05,66,127
9.932945,0.0004710000000009984,60,128
9.933275,0.00032999999999994145,60,128
9.933277,2.000000000279556e-06,60,127
9.934239,0.0009619999999994633,167,52
9.935713,0.0014739999999999753,167,128
9.936102,0.00038900000000019475,67,64
9.936625,0.0005229999999993851,167,128
9.937992,0.0013670000000001181,167,51
9.938568,0.000576000000000576,93,242
9.938656,8.799999999986596e-05,66,64
9.939093,0.00043699999999979866,167,128
9.939809,0.000716000000000605,1414,242
9.939864,5.499999999969418e-05,66,64
9.939865,9.999999992515995e-07,91,128
9.939976,0.00011100000000041632,91,128
9.940033,5.699999999997374e-05,91,128
9.940937,0.000904000000000238,1414,242
9.940938,9.999999992515995e-07,167,52
9.940939,1.0000000010279564e-06,132,242
9.940941,2.000000000279556e-06,66,64
9.940983,4.199999999876525e-05,66,64
9.941255,0.0002720000000007161,1414,242
9.941255,0.0,67,51
9.941305,4.999999999988347e-05,66,64
9.941387,8.200000000080365e-05,1414,242
9.941388,9.999999992515995e-07,183,242
9.94139,2.000000000279556e-06,66,64
9.941431,4.099999999951365e-05,66,64
9.942958,0.0015270000000011663,78,255
9.943228,0.0002699999999986602,78,48
9.943449,0.00022099999999980469,78,48
9.943503,5.400000000044258e-05,78,48
9.943645,0.00014200000000030855,265,128
9.943719,7.399999999968543e-05,265,127
9.945356,0.0016370000000005547,167,128
9.94584,0.000484000000000151,66,41
9.94595,0.00010999999999938836,1404,64
9.94953,0.0035799999999994725,60,128
9.949535000000001,5.000000001587068e-06,60,127
9.950331,0.0007959999999993528,60,128
9.950334,2.9999999995311555e-06,60,127
9.95041,7.599999999996498e-05,60,128
9.950411,1.0000000010279564e-06,60,127
9.954156,0.003744999999998555,167,48
9.954478,0.0003220000000005996,91,128
9.954557,7.899999999949614e-05,91,128
9.95461,5.300000000119098e-05,91,128
9.956306,0.0016959999999990316,167,48
9.956413,0.00010699999999985721,167,128
9.957737999999999,0.0013249999999995765,74,64
9.957868,0.00013000000000040757,167,51
9.958247,0.0003790000000005733,67,64
9.958705,0.00045800000000006946,167,52
9.959584,0.000878999999999408,60,126
9.960492,0.0009080000000007971,60,126
9.960871000000001,0.0003790000000005733,518,51
9.962933,0.002061999999998676,78,255
9.963325,0.0003919999999997259,175,1
9.965299,0.0019740000000005864,60,128
9.969692,0.004393000000000313,167,52
9.971714,0.0020220000000001903,66,41
9.973553,0.0018390000000003681,60,240
9.975886,0.002332999999998364,60,52
9.976255,0.0003690000000009519,60,128
9.976364,0.00010900000000013677,167,128
9.977289,0.0009250000000005087,91,50
9.979267,0.001977999999999369,73,64
9.979325,5.799999999922534e-05,60,128
9.979326,1.0000000010279564e-06,60,128
9.980477,0.0011510000000001241,60,47
9.980698,0.00022099999999980469,75,51
9.9807,2.000000000279556e-06,60,126
9.980799,9.899999999873899e-05,60,128
9.980801,2.000000000279556e-06,91,52
9.981022,0.00022099999999980469,91,50
9.981206,0.00018400000000085015,192,126
9.981331,0.00012500000000059686,60,128
9.981505,0.00017399999999945237,60,128
9.981507,2.000000000279556e-06,60,127
9.982958,0.001450999999999425,78,255
9.984022,0.0010639999999995098,1178,128
9.98438,0.0003580000000003025,66,128
9.985968,0.0015879999999999228,66,128
9.986032,6.4000000000064e-05,66,127
9.986106,7.399999999968543e-05,60,128
9.9863,0.00019400000000047157,60,128
9.986556,0.000256000000000256,60,128
9.986557,9.999999992515995e-07,91,50
9.986638,8.09999999997757e-05,60,128
9.986823,0.00018500000000010175,60,128
9.986825,2.000000000279556e-06,60,127
9.987572,0.0007470000000004973,91,51
9.988495,0.0009230000000002292,95,128
9.989029,0.0005340000000000344,167,52
9.989952,0.0009230000000002292,60,128
9.991089,0.0011369999999999436,167,128
9.991404,0.00031499999999873296,476,64
9.991404,0.0,167,128
9.991799,0.0003950000000010334,1294,64
9.9918,9.999999992515995e-07,68,64
9.992445,0.0006450000000004508,104,45
9.992506,6.100000000053285e-05,185,45
9.992806999999999,0.0003009999999985524,60,128
9.993205,0.00039800000000056457,167,46
9.994934,0.0017290000000009798,60,128
9.994937,2.9999999995311555e-06,167,64
9.995956,0.001018999999999437,167,128
9.996533,0.0005769999999998277,265,128
9.996604,7.100000000015427e-05,265,127
9.997169,0.0005649999999999267,60,128
9.998361,0.0011919999999996378,167,52
