log10_frequency,log10_power,aggregation_level,hurst_estimate
-3.5212688755983854,9.816244734591953,1,0.5668873604966087
-3.220238879934404,10.0261341524804,1,0.5668873604966087
-3.044147620878723,10.272755850846677,1,0.5668873604966087
-2.919208884270423,8.902711979700813,1,0.5668873604966087
-2.8222988712623662,9.841650834306517,1,0.5668873604966087
-2.7431176252147416,9.714088586397969,1,0.5668873604966087
-2.6761708355841285,8.715223619160694,1,0.5668873604966087
-2.6181788886064417,9.17817866080994,1,0.5668873604966087
-2.56702636615906,9.041718812738774,1,0.5668873604966087
-2.5212688755983854,9.292358695893686,1,0.5668873604966087
-2.47987619044016,5.607655132528864,1,0.5668873604966087
-2.4420876295507603,9.122706086401209,1,0.5668873604966087
-2.4073255232915485,9.01609406151985,1,0.5668873604966087
-2.3751408399201472,8.183962388093368,1,0.5668873604966087
-2.345177616542704,8.419150696873878,1,0.5668873604966087
-2.3171488929424604,7.775433533476155,1,0.5668873604966087
-2.2908199542201118,6.768357813283753,1,0.5668873604966087
-2.265996370495079,8.2245689092718,1,0.5668873604966087
-2.242515274645556,7.551565488959103,1,0.5668873604966087
-2.220238879934404,8.305345138556346,1,0.5668873604966087
-2.199049580864466,8.790423443064146,1,0.5668873604966087
-2.1788461947761792,5.835493064246816,1,0.5668873604966087
-2.1595410395807924,8.420424778492132,1,0.5668873604966087
-2.141057633886779,8.423031816080112,1,0.5668873604966087
-2.1233288669263475,8.28661614478565,1,0.5668873604966087
-2.106295527627567,7.58418676351051,1,0.5668873604966087
-2.089905111439398,8.175258483012021,1,0.5668873604966087
-2.074110844256166,8.604762519847192,1,0.5668873604966087
-2.0588708776994293,7.222276270775509,1,0.5668873604966087
-2.044147620878723,8.196779350617641,1,0.5668873604966087
-2.0299071817641123,8.192233986971223,1,0.5668873604966087
-2.016118897278479,7.471751827052747,1,0.5668873604966087
-2.002754935720498,6.064242928197595,1,0.5668873604966087
-1.98978995855613,6.746560570516862,1,0.5668873604966087
-1.9772008312481093,7.115927961348215,1,0.5668873604966087
-1.964966374831098,8.213239121627478,1,0.5668873604966087
-1.9530671515313904,6.83623745649498,1,0.5668873604966087
-1.941485278981575,7.847517632543106,1,0.5668873604966087
-1.930204268571886,8.335009724045591,1,0.5668873604966087
-1.919208884270423,7.223616061532601,1,0.5668873604966087
-1.9084850188786495,7.799535584354996,1,0.5668873604966087
-1.8980195852004849,7.792756841061226,1,0.5668873604966087
-1.8878004200187988,8.229267389568472,1,0.5668873604966087
-1.8778161991121975,5.8581500511627285,1,0.5668873604966087
-1.8680563618230412,7.89387287926442,1,0.5668873604966087
-1.858511043916811,8.24862911301386,1,0.5668873604966087
-1.849171017662668,7.328103553825001,1,0.5668873604966087
-1.840027638222798,7.454943955781805,1,0.5668873604966087
-1.831072795569872,7.584059182259726,1,0.5668873604966087
-1.8222988712623664,7.012246497011417,1,0.5668873604966087
-1.813698699500449,7.528727796989392,1,0.5668873604966087
-1.805265531963586,5.955838046864748,1,0.5668873604966087
-1.7969930059975965,7.134054561183205,1,0.5668873604966087
-1.7888751157754168,8.197723459610515,1,0.5668873604966087
-1.7809061861041413,6.526514940129336,1,0.5668873604966087
-1.7730808485921847,7.418028874625154,1,0.5668873604966087
-1.7653940199258935,7.989284203311161,1,0.5668873604966087
-1.757840882035448,7.837569962182901,1,0.5668873604966087
-1.750416863956241,6.98480924462288,1,0.5668873604966087
-1.7431176252147416,7.398968970316636,1,0.5668873604966087
-1.7359390405876185,8.203074760338984,1,0.5668873604966087
-1.7288771861001313,6.823751324649316,1,0.5668873604966087
-1.7219283261448035,7.40550858133163,1,0.5668873604966087
-1.715088901614498,8.029375960177598,1,0.5668873604966087
-1.7083555189555295,7.053783479312849,1,0.5668873604966087
-1.7017249400565166,6.575949909754782,1,0.5668873604966087
-1.6951940728975587,7.1942826755834215,1,0.5668873604966087
-1.6887599628921488,6.903057763909263,1,0.5668873604966087
-1.68241978486113,7.876747050473575,1,0.5668873604966087
-1.6761708355841285,5.873651772924994,1,0.5668873604966087
-1.67001052687931,7.201269375940244,1,0.5668873604966087
-1.663936379167117,8.054088896895655,1,0.5668873604966087
-1.6579460154779293,6.807237868432459,1,0.5668873604966087
-1.652037155867409,7.115112599495607,1,0.5668873604966087
-1.646207612206685,7.686983751351414,1,0.5668873604966087
-1.6404552833175938,8.003406417615954,1,0.5668873604966087
-1.6347781504259034,5.383468117474012,1,0.5668873604966087
-1.6291742729079048,7.298372131268042,1,0.5668873604966087
-1.6236417843079438,8.179769826878,1,0.5668873604966087
-1.6181788886064417,7.078663530598221,1,0.5668873604966087
-1.6127838567197357,7.201854914182887,1,0.5668873604966087
-1.6074550232146685,7.73203060501471,1,0.5668873604966087
-1.6021907832223112,7.184159541796705,1,0.5668873604966087
-1.5969895895365036,7.316735071395691,1,0.5668873604966087
-1.5918499498840926,6.610112735031303,1,0.5668873604966087
-1.5867704243548175,7.429082983395009,1,0.5668873604966087
-1.5817496229797667,8.18859783708827,1,0.5668873604966087
-1.5767862034482167,6.291521323835029,1,0.5668873604966087
-1.5718788689534724,7.243356902663754,1,0.5668873604966087
-1.5670263661590604,7.942059245112725,1,0.5668873604966087
-1.5622274832772916,7.515737416494689,1,0.5668873604966087
-1.55748104825283,6.4142298740755725,1,0.5668873604966087
-1.5527859270444502,7.262525278727862,1,0.5668873604966087
-1.5481410219986866,8.135904346876147,1,0.5668873604966087
-1.5435452703095374,7.021371639865943,1,0.5668873604966087
-1.5389976425588168,6.87512130137462,1,0.5668873604966087
-1.5344971413321404,8.442388273137494,1,0.5668873604966087
-1.5300427999058903,7.28959520309902,1,0.5668873604966087
-1.5256336810008353,6.365386555363484,1,0.5668873604966087
-1.5212688755983852,8.430636444313532,1,0.5668873604966087
-1.5169475018157426,6.69564385639119,1,0.5668873604966087
-1.5126687038364677,7.458592876400156,1,0.5668873604966087
-1.508431650893213,5.854592299549981,1,0.5668873604966087
-1.504235536299605,5.889147538540127,1,0.5668873604966087
-1.5000795765284471,7.769427618382452,1,0.5668873604966087
-1.495963010333615,7.314557985613263,1,0.5668873604966087
-1.4918850979131757,6.636538865701174,1,0.5668873604966087
-1.4878451201114355,7.333966125588115,1,0.5668873604966087
-1.4838423776577616,7.710196144492669,1,0.5668873604966087
-1.4798761904401605,6.129181906502259,1,0.5668873604966087
-1.4759458968117278,6.988060212822927,1,0.5668873604966087
-1.4720508529282037,7.852579473121736,1,0.5668873604966087
-1.4681904321149657,6.902105949507694,1,0.5668873604966087
-1.4643640242619127,6.805892810504282,1,0.5668873604966087
-1.4605710352447736,7.6666792817001905,1,0.5668873604966087
-1.4568108863714668,6.919195551299002,1,0.5668873604966087
-1.4530830138522235,7.506213037210462,1,0.5668873604966087
-1.44938686829226,6.481890145953587,1,0.5668873604966087
-1.4457219142058544,7.097308028772032,1,0.5668873604966087
-1.4420876295507603,7.748409030502652,1,0.5668873604966087
-1.4384835052819351,5.769394313439199,1,0.5668873604966087
-1.434909044923637,6.663209365817131,1,0.5668873604966087
-1.4313637641589874,7.821635701599573,1,0.5668873604966087
-1.4278471904361505,7.424032191849776,1,0.5668873604966087
-1.4243588625903287,5.953943347017027,1,0.5668873604966087
-1.4208983304808225,7.097383440434069,1,0.5668873604966087
-1.4174651546424284,8.075945652686926,1,0.5668873604966087
-1.4140589059505169,6.90315728300679,1,0.5668873604966087
-1.4106791652991364,6.135198606439137,1,0.5668873604966087
-1.4073255232915485,7.927057305195147,1,0.5668873604966087
-1.403997579942621,6.677595019680076,1,0.5668873604966087
-1.4006949443925354,6.813910097147373,1,0.5668873604966087
-1.3974172346312994,7.148863295795506,1,0.5668873604966087
-1.3941640772335775,7.274044347683244,1,0.5668873604966087
-1.390935107103379,7.742338782203159,1,0.5668873604966087
-1.3877299672281678,6.176618637894811,1,0.5668873604966087
-1.3845483084419783,6.879503290445762,1,0.5668873604966087
-1.3813897891971487,8.008436185530366,1,0.5668873604966087
-1.3782540753442902,7.264762559587878,1,0.5668873604966087
-1.3751408399201472,4.339879349375403,1,0.5668873604966087
-1.3720497629430053,7.070043256202006,1,0.5668873604966087
-1.3689805312153287,7.435205842127637,1,0.5668873604966087
-1.3659328381333231,5.843057657954099,1,0.5668873604966087
-1.3629063835031356,6.709674436845212,1,0.5668873604966087
-1.3599008733634104,7.931725605397903,1,0.5668873604966087
-1.356916019813948,6.445757015818041,1,0.5668873604966087
-1.3539515408502092,6.243752399827501,1,0.5668873604966087
-1.351007160203428,7.317998419152476,1,0.5668873604966087
-1.3480826071861112,6.995653155085067,1,0.5668873604966087
-1.345177616542704,7.163666759662188,1,0.5668873604966087
-1.3422919283052157,6.903877070273095,1,0.5668873604966087
-1.3394252876536128,7.010021638370724,1,0.5668873604966087
-1.3365774447807863,7.793247441383526,1,0.5668873604966087
-1.333748154761922,6.76624421248246,1,0.5668873604966087
-1.3309371774280938,6.763289003604265,1,0.5668873604966087
-1.3281442772439236,7.972134053768243,1,0.5668873604966087
-1.3253692231891514,7.3079683967434494,1,0.5668873604966087
-1.3226117886439626,6.856280758691533,1,0.5668873604966087
-1.3198717512779337,7.172621475455308,1,0.5668873604966087
-1.3171488929424604,7.997580484699675,1,0.5668873604966087
-1.3144429995665354,6.20799865329283,1,0.5668873604966087
-1.3117538610557542,6.35384623133718,1,0.5668873604966087
-1.3090812711944275,7.804217757877921,1,0.5668873604966087
-1.3064250275506872,6.890627495593403,1,0.5668873604966087
-1.303784931384479,6.737343619889618,1,0.5668873604966087
-1.3011607875583302,7.22909983300126,1,0.5668873604966087
-1.298552404450802,7.443311669932498,1,0.5668873604966087
-1.2959595938725224,7.618477413737162,1,0.5668873604966087
-1.2933821709847118,6.467303231009394,1,0.5668873604966087
-1.2908199542201113,6.853761729822436,1,0.5668873604966087
-1.2882727652062314,7.8516587742699935,1,0.5668873604966087
-1.2857404286908365,7.928033834391204,1,0.5668873604966087
-1.28322277246959,6.749418274489358,1,0.5668873604966087
-1.2807196273157857,7.532984118888148,1,0.5668873604966087
-1.2782308269120908,7.636833428875275,1,0.5668873604966087
-1.2757562077842357,7.003367668550467,1,0.5668873604966087
-1.2732956092365786,5.8867396864250505,1,0.5668873604966087
-1.2708488732894914,7.903125478529103,1,0.5668873604966087
-1.268415844618492,7.265414303934192,1,0.5668873604966087
-1.2659963704950792,7.901529695440049,1,0.5668873604966087
-1.2635903007292006,7.320173591471102,1,0.5668873604966087
-1.2611974876133103,7.164487723169717,1,0.5668873604966087
-1.2588177858679557,8.46387701540222,1,0.5668873604966087
-1.2564510525888488,6.593576475754952,1,0.5668873604966087
-1.2540971471953717,7.823646527522183,1,0.5668873604966087
-1.251755931380469,9.107918661185012,1,0.5668873604966087
-1.2494272690618862,8.133345392901541,1,0.5668873604966087
-1.2471110263347054,7.740945002445734,1,0.5668873604966087
-1.2448070714251411,7.878293787290381,1,0.5668873604966087
-1.2425152746455563,6.443644862187772,1,0.5668873604966087
-1.2402355083506578,7.436673158835404,1,0.5668873604966087
-1.2379676468948355,7.002976972832326,1,0.5668873604966087
-1.2357115665906115,7.753653251518559,1,0.5668873604966087
-1.2334671456681592,6.770185115837323,1,0.5668873604966087
-1.2312342642358671,6.909581978070876,1,0.5668873604966087
-1.229012804241909,7.748767544274711,1,0.5668873604966087
-1.2268026494367923,8.014954630313136,1,0.5668873604966087
-1.224603685336854,7.048731289165093,1,0.5668873604966087
-1.2224157991886786,7.277837935686469,1,0.5668873604966087
-1.220238879934404,8.23686435962861,1,0.5668873604966087
-1.2180728181778964,7.593011818388639,1,0.5668873604966087
-1.2159175061517615,6.716885159218805,1,0.5668873604966087
-1.2137728376851724,6.499002183291245,1,0.5668873604966087
-1.2116387081724864,7.892211900816421,1,0.5668873604966087
-1.209515014542631,7.161401239329886,1,0.5668873604966087
-1.207401655229232,6.878128968483734,1,0.5668873604966087
-1.2052985301414676,7.470077032096579,1,0.5668873604966087
-1.2032055406356237,6.97264462715528,1,0.5668873604966087
-1.2011225894873312,7.400027961544883,1,0.5668873604966087
-1.199049580864466,6.008867322850923,1,0.5668873604966087
-1.1969864203006926,7.038863335293407,1,0.5668873604966087
-1.1949330146696338,7.460768396195585,1,0.5668873604966087
-1.1928892721596474,7.100720052436445,1,0.5668873604966087
-1.1908551022491944,7.5688011793744066,1,0.5668873604966087
-1.1888304156827798,5.866698895753877,1,0.5668873604966087
-1.1868151244474543,6.881176783344797,1,0.5668873604966087
-1.184809141749856,7.317176032899554,1,0.5668873604966087
-1.1828123819937804,6.190141089648843,1,0.5668873604966087
-1.180824760758267,7.589858942102706,1,0.5668873604966087
-1.178846194776179,7.552730898828286,1,0.5668873604966087
-1.1768766019132746,7.489531443573225,1,0.5668873604966087
-1.1749159011477466,7.669457585213482,1,0.5668873604966087
-1.1729640125502243,6.525066898167168,1,0.5668873604966087
-1.1710208572642224,7.479129916652885,1,0.5668873604966087
-1.1690863574870227,7.721825553280211,1,0.5668873604966087
-1.1671604364509842,7.623913741118619,1,0.5668873604966087
-1.1652430184052625,7.389225029325557,1,0.5668873604966087
-1.1633340285979314,5.917115092394032,1,0.5668873604966087
-1.1614333932584973,7.580601994625508,1,0.5668873604966087
-1.1595410395807924,5.849978607555211,1,0.5668873604966087
-1.157656895706241,7.39220316582151,1,0.5668873604966087
-1.1557808907074856,7.5913203931119,1,0.5668873604966087
-1.1539129545723663,6.123314240730454,1,0.5668873604966087
-1.1520530181882425,7.544089433417633,1,0.5668873604966087
-1.150201013326649,7.531745870959186,1,0.5668873604966087
-1.148356872628279,7.043443520202199,1,0.5668873604966087
-1.1465205295882814,7.199908431291145,1,0.5668873604966087
-1.1446919185418734,6.839039000455462,1,0.5668873604966087
-1.1428709746502477,7.180181081410496,1,0.5668873604966087
-1.1410576338867793,7.6867619766485875,1,0.5668873604966087
-1.1392518330235168,7.472723163694765,1,0.5668873604966087
-1.137453509617954,7.905276003735037,1,0.5668873604966087
-1.135662602000073,7.536734911738921,1,0.5668873604966087
-1.1338790492596558,6.987281292154275,1,0.5668873604966087
-1.1321027912338528,7.996009255709071,1,0.5668873604966087
-1.130333768495006,7.631912487838536,1,0.5668873604966087
-1.1285719223387196,8.203367850269517,1,0.5668873604966087
-1.126817194772169,7.117164141159585,1,0.5668873604966087
-1.1250695285026489,6.869813865178107,1,0.5668873604966087
-1.1233288669263477,8.493678722876684,1,0.5668873604966087
-1.121595154117347,7.348352203165917,1,0.5668873604966087
-1.1198683348168412,6.783788931254546,1,0.5668873604966087
-1.1181483544225674,8.41061836994745,1,0.5668873604966087
-1.1164351589784471,8.037646807365778,1,0.5668873604966087
-1.1147286951644302,7.844915916252409,1,0.5668873604966087
-1.1130289102865356,6.855260584058248,1,0.5668873604966087
-1.1113357522670906,8.422601391718736,1,0.5668873604966087
-1.1096491696351551,8.293577436954305,1,0.5668873604966087
-1.1079691115171335,7.6165892888777265,1,0.5668873604966087
-1.1062955276275672,8.045076011376624,1,0.5668873604966087
-1.1046283682601044,8.277177929927069,1,0.5668873604966087
-1.1029675842786395,8.346724380364096,1,0.5668873604966087
-1.1013131271086274,6.898982683003384,1,0.5668873604966087
-1.099664948728554,7.5000422447029855,1,0.5668873604966087
-1.0980230016615775,9.07062970113402,1,0.5668873604966087
-1.0963872389673182,7.50865802765533,1,0.5668873604966087
-1.09475761423381,7.686428920358497,1,0.5668873604966087
-1.0931340815695965,9.169472915818506,1,0.5668873604966087
-1.0915165955959771,8.583337806441843,1,0.5668873604966087
-1.089905111439398,7.716304065894421,1,0.5668873604966087
-1.0882995847239796,8.689948748722287,1,0.5668873604966087
-1.0866999715641863,8.799672314448404,1,0.5668873604966087
-1.0851062285576292,8.986042310703702,1,0.5668873604966087
-1.0835183127779973,7.40092957122128,1,0.5668873604966087
-1.0819361817681226,9.252380990524085,1,0.5668873604966087
-1.0803597935331677,9.405041747820077,1,0.5668873604966087
-1.0787891065339368,8.931424934433702,1,0.5668873604966087
-1.077224079680309,8.582648476773238,1,0.5668873604966087
-1.0756646723247878,9.377361689141583,1,0.5668873604966087
-1.074110844256166,10.208876463977733,1,0.5668873604966087
-1.0725625556933054,8.223443978768715,1,0.5668873604966087
-1.071019767279024,8.230690104526694,1,0.5668873604966087
-1.069482440074095,11.225420365381384,1,0.5668873604966087
-1.0679505355513477,9.962637131976132,1,0.5668873604966087
-1.066424015589875,10.493523972946496,1,0.5668873604966087
-1.0649028424693423,11.509508549918891,1,0.5668873604966087
-1.063386978864393,10.70111796773426,1,0.5668873604966087
-1.0618763878391544,9.870899040442035,1,0.5668873604966087
-1.0603710328418374,8.924874455144433,1,0.5668873604966087
-1.0588708776994291,10.112789970299795,1,0.5668873604966087
-1.057375886612478,9.896010176845849,1,0.5668873604966087
-1.055886024149967,8.577033657078335,1,0.5668873604966087
-1.054401255244276,9.15966475521249,1,0.5668873604966087
-1.052921545186228,9.493443911028592,1,0.5668873604966087
-1.0514468596202222,9.47677200926634,1,0.5668873604966087
-1.049977164539447,7.866681336574509,1,0.5668873604966087
-1.048512426281173,8.902510432614765,1,0.5668873604966087
-1.04705261152213,9.734246399681917,1,0.5668873604966087
-1.0455976872739556,6.882835296771016,1,0.5668873604966087
-1.0441476208787228,7.891256973348989,1,0.5668873604966087
-1.042702380004542,9.356004000171788,1,0.5668873604966087
-1.041261932641235,8.549827695268933,1,0.5668873604966087
-1.0398262470960802,7.239045634380966,1,0.5668873604966087
-1.0383952919896315,8.364642040149533,1,0.5668873604966087
-1.0369690362515995,8.90686677765938,1,0.5668873604966087
-1.0355474491168053,8.762985074359399,1,0.5668873604966087
-1.034130500121199,7.382845172672174,1,0.5668873604966087
-1.032718159097941,8.715457377568061,1,0.5668873604966087
-1.0313103961735506,8.808911121513196,1,0.5668873604966087
-1.0299071817641126,8.33633029991461,1,0.5668873604966087
-1.0285084865715477,8.00738639945291,1,0.5668873604966087
-1.0271142815799426,8.149051305000556,1,0.5668873604966087
-1.0257245380519366,8.92300660055926,1,0.5668873604966087
-1.0243392275251704,8.22285796524831,1,0.5668873604966087
-1.0229583218087848,7.00804373219948,1,0.5668873604966087
-1.0215817929799813,8.969729054148942,1,0.5668873604966087
-1.0202096133806338,7.046573330257876,1,0.5668873604966087
-1.0188417556139526,6.564995474967401,1,0.5668873604966087
-1.017478192541204,8.483197097131677,1,0.5668873604966087
-1.0161188972784794,8.29335707465746,1,0.5668873604966087
-1.014763843193513,8.01623151714628,1,0.5668873604966087
-1.0134130039025542,7.181281277590461,1,0.5668873604966087
-1.0120663532672824,8.316390970719045,1,0.5668873604966087
-1.0107238653917732,8.203215380868924,1,0.5668873604966087
-1.0093855146195108,7.603030509425345,1,0.5668873604966087
-1.0080512755304465,8.022830545735095,1,0.5668873604966087
-1.0067211229380992,8.394857838357181,1,0.5668873604966087
-1.0053950318867062,8.389085978934588,1,0.5668873604966087
-1.004072977648411,7.911626505762335,1,0.5668873604966087
-1.0027549357204977,7.653569439441464,1,0.5668873604966087
-1.0014408818226666,8.92811258759372,1,0.5668873604966087
-1.000130791894349,7.771915559238428,1,0.5668873604966087
-0.9988246420920652,6.774786828133467,1,0.5668873604966087
-0.9975224087868207,8.671757863931497,1,0.5668873604966087
-0.99622406856154,7.958589171674466,1,0.5668873604966087
-0.9949295982085412,7.456636974527312,1,0.5668873604966087
-0.9936389747270468,7.994596870127181,1,0.5668873604966087
-0.9923521753207304,7.990285429037317,1,0.5668873604966087
-0.9910691773953032,8.2571331365622,1,0.5668873604966087
-0.9897899585561302,7.605954725246655,1,0.5668873604966087
-0.9885144966058876,8.246665553474271,1,0.5668873604966087
-0.9872427695422502,8.002925479592509,1,0.5668873604966087
-0.9859747555556148,7.685776160771992,1,0.5668873604966087
-0.9847104330268552,8.004070762034695,1,0.5668873604966087
-0.9834497805251112,7.297731387276772,1,0.5668873604966087
-0.9821927768056088,8.236191171636914,1,0.5668873604966087
-0.9809394008075116,8.179200300450121,1,0.5668873604966087
-0.9796896316518044,7.2722519187689265,1,0.5668873604966087
-0.9784434486392054,8.337047443741328,1,0.5668873604966087
-0.9772008312481096,7.870381702011403,1,0.5668873604966087
-0.9759617591325612,7.424750636229929,1,0.5668873604966087
-0.9747262121202542,8.303366728706294,1,0.5668873604966087
-0.9734941702105626,7.874446825815005,1,0.5668873604966087
-0.9722656135725972,7.802962307949693,1,0.5668873604966087
-0.9710405225432912,7.806304588739383,1,0.5668873604966087
-0.96981887762551,7.807462216491572,1,0.5668873604966087
-0.968600659486192,7.77770834623557,1,0.5668873604966087
-0.9673858489545109,7.919202958105229,1,0.5668873604966087
-0.966174427020066,6.582770951294916,1,0.5668873604966087
-0.964966374831098,7.772958078141348,1,0.5668873604966087
-0.9637616736927274,7.28772113303563,1,0.5668873604966087
-0.9625603050652196,8.148683395386525,1,0.5668873604966087
-0.9613622505622726,6.700453728019824,1,0.5668873604966087
-0.9601674919493292,8.249312979779845,1,0.5668873604966087
-0.9589760111419106,8.379211437785262,1,0.5668873604966087
-0.9577877902039744,8.219718780733741,1,0.5668873604966087
-0.956602811346296,8.412676452546929,1,0.5668873604966087
-0.9554210569248676,7.917111867732483,1,0.5668873604966087
-0.9542425094393248,8.752671029782814,1,0.5668873604966087
-0.9530671515313902,7.585132713318675,1,0.5668873604966087
-0.9518949659833392,8.384274424397011,1,0.5668873604966087
-0.9507259357164876,8.795671621066706,1,0.5668873604966087
-0.9495600437896976,8.7506871639856,1,0.5668873604966087
-0.948397273397905,7.70465741697854,1,0.5668873604966087
-0.9472376078706664,7.520419444083374,1,0.5668873604966087
-0.9460810306707242,8.008679766403777,1,0.5668873604966087
-0.9449275253925924,7.704679907656254,1,0.5668873604966087
-0.94377707576116,7.569328691429569,1,0.5668873604966087
-0.9426296656303128,7.762745690716349,1,0.5668873604966087
-0.9414852789815752,8.525445210575404,1,0.5668873604966087
-0.940343899922766,7.206793568237794,1,0.5668873604966087
-0.9392055126866764,8.2992577894505,1,0.5668873604966087
-0.9380701016297625,9.554471609820078,1,0.5668873604966087
-0.9369376512308544,8.475746187633206,1,0.5668873604966087
-0.9358081460898846,8.792570568918007,1,0.5668873604966087
-0.9346815709266304,9.207430402785487,1,0.5668873604966087
-0.933557910579474,8.539061100678703,1,0.5668873604966087
-0.932437150004178,7.887519715058262,1,0.5668873604966087
-0.9313192742726776,7.673743981309857,1,0.5668873604966087
-0.930204268571886,8.254408720674329,1,0.5668873604966087
-0.9290921182025184,7.8200120218739055,1,0.5668873604966087
-0.927982808577928,7.8386422261532145,1,0.5668873604966087
-0.9268763252229586,7.793875432729286,1,0.5668873604966087
-0.9257726537728111,7.7440856825229405,1,0.5668873604966087
-0.924671779971925,7.685814441968773,1,0.5668873604966087
-0.9235736896728728,6.060084698956813,1,0.5668873604966087
-0.92247836883527,8.41723405913912,1,0.5668873604966087
-0.9213858035246972,6.233808331348589,1,0.5668873604966087
-0.920295979911637,6.5455510796565095,1,0.5668873604966087
-0.9192088842704228,7.950974592957503,1,0.5668873604966087
-0.9181245029782028,7.184894586249783,1,0.5668873604966087
-0.9170428225139152,7.325310305366658,1,0.5668873604966087
-0.9159638294572758,8.235972198634126,1,0.5668873604966087
-0.9148875104877804,6.32022422920247,1,0.5668873604966087
-0.9138138523837168,7.427304321878643,1,0.5668873604966087
-0.9127428420211912,7.777023337110204,1,0.5668873604966087
-0.9116744663731652,7.251281425549491,1,0.5668873604966087
-0.9106087125085052,7.447331369728516,1,0.5668873604966087
-0.9095455675910434,7.690828340701231,1,0.5668873604966087
-0.9084850188786496,7.527559025603767,1,0.5668873604966087
-0.907427053722316,8.088720929609783,1,0.5668873604966087
-0.9063716595652508,7.176784425546957,1,0.5668873604966087
-0.9053188239419842,8.165930142879628,1,0.5668873604966087
-0.9042685344774865,7.841945864025554,1,0.5668873604966087
-0.9032207788862924,7.827893033127769,1,0.5668873604966087
-0.9021755449716424,7.98206038264661,1,0.5668873604966087
-0.9011328206246276,7.863556233226431,1,0.5668873604966087
-0.90009259382335,7.653676651448742,1,0.5668873604966087
-0.8990548526320898,7.015841891785104,1,0.5668873604966087
-0.8980195852004847,7.196900244056781,1,0.5668873604966087
-0.8969867797627169,8.318684671201389,1,0.5668873604966087
-0.8959564246367114,7.096869749618376,1,0.5668873604966087
-0.8949285082233429,7.690429301790578,1,0.5668873604966087
-0.8939030190056526,8.330255088190299,1,0.5668873604966087
-0.8928799455480736,8.418673265736006,1,0.5668873604966087
-0.8918592764956663,7.13994710205654,1,0.5668873604966087
-0.8908410005733614,6.534351217274176,1,0.5668873604966087
-0.8898251065852132,8.335229487510905,1,0.5668873604966087
-0.888811583413661,6.422945234992968,1,0.5668873604966087
-0.8878004200187987,7.092513165332429,1,0.5668873604966087
-0.8867916054376537,7.865757730824171,1,0.5668873604966087
-0.885785128783473,7.097277384200777,1,0.5668873604966087
-0.8847809792450199,7.638390394868468,1,0.5668873604966087
-0.8837791460858746,6.847479373144938,1,0.5668873604966087
-0.882779618643748,6.609390644222437,1,0.5668873604966087
-0.8817823863297992,7.749500388459983,1,0.5668873604966087
-0.8807874386279633,7.217174205570443,1,0.5668873604966087
-0.8797947650942857,7.922848570880346,1,0.5668873604966087
-0.8788043553562639,7.593628453854345,1,0.5668873604966087
-0.8778161991121978,7.411406883530018,1,0.5668873604966087
-0.8768302861305467,7.370385438207658,1,0.5668873604966087
-0.8758466062492933,8.208054923649208,1,0.5668873604966087
-0.8748651493753157,7.905186854541789,1,0.5668873604966087
-0.8738859054837653,7.741514317628902,1,0.5668873604966087
-0.8729088646174537,7.343636362833059,1,0.5668873604966087
-0.8719340168862434,8.443850997480197,1,0.5668873604966087
-0.8709613524664488,7.001406422101012,1,0.5668873604966087
-0.8699908616002412,7.430598370132741,1,0.5668873604966087
-0.8690225345950621,8.219639800710727,1,0.5668873604966087
-0.8680563618230415,7.539235862688447,1,0.5668873604966087
-0.8670923337204247,7.634628055934,1,0.5668873604966087
-0.8661304407870032,7.107079303117848,1,0.5668873604966087
-0.8651706735855533,7.917122764670108,1,0.5668873604966087
-0.8642130227412813,8.254244822762498,1,0.5668873604966087
-0.8632574789412728,7.228587447894747,1,0.5668873604966087
-0.8623040329339502,6.550834015890925,1,0.5668873604966087
-0.861352675528535,8.21405544584594,1,0.5668873604966087
-0.860403397594516,8.719616365131072,1,0.5668873604966087
-0.859456190061124,8.044264552082764,1,0.5668873604966087
-0.8585110439168111,7.646161909317564,1,0.5668873604966087
-0.857567950208737,8.72318068039439,1,0.5668873604966087
-0.8566269000422597,7.390725168468527,1,0.5668873604966087
-0.8556878845804321,6.5966472378206165,1,0.5668873604966087
-0.8547508950435043,8.601544605881346,1,0.5668873604966087
-0.8538159227084313,8.024211192194397,1,0.5668873604966087
-0.8528829589083851,8.768481715149996,1,0.5668873604966087
-0.851951995032273,7.170581499559956,1,0.5668873604966087
-0.8510230225242612,7.928998297010697,1,0.5668873604966087
-0.850096032883302,9.811046119823692,1,0.5668873604966087
-0.8491710176626678,9.466163707591717,1,0.5668873604966087
-0.848247968469489,9.335377235120268,1,0.5668873604966087
-0.8473268769642974,9.286930532053509,1,0.5668873604966087
-0.8464077348605736,9.077199218311572,1,0.5668873604966087
-0.8454905339243002,7.860847096529417,1,0.5668873604966087
-0.8445752659735187,7.921708629131474,1,0.5668873604966087
-0.8436619228778921,8.079592277931082,1,0.5668873604966087
-0.8427504965582713,7.882188935466892,1,0.5668873604966087
-0.8418409789862663,7.149351348659885,1,0.5668873604966087
-0.840933362183822,8.054886887499864,1,0.5668873604966087
-0.840027638222798,7.112653354920921,1,0.5668873604966087
-0.8391237992245535,7.2172829256823645,1,0.5668873604966087
-0.8382218373595357,7.431666029278778,1,0.5668873604966087
-0.837321744846873,9.150299623980896,1,0.5668873604966087
-0.8364235139539727,7.886112661983513,1,0.5668873604966087
-0.8355271369961215,8.591363316800196,1,0.5668873604966087
-0.8346326063360918,8.12760734776806,1,0.5668873604966087
-0.833739914383751,7.897674867331721,1,0.5668873604966087
-0.8328490535956746,7.712917465506766,1,0.5668873604966087
-0.8319600164747649,8.238821196538156,1,0.5668873604966087
-0.8310727955698716,8.025251938151783,1,0.5668873604966087
-0.8301873834754168,7.164049447936713,1,0.5668873604966087
-0.829303772831025,6.369650112406066,1,0.5668873604966087
-0.8284219563211552,7.785206398455915,1,0.5668873604966087
-0.8275419266747384,8.092481962411794,1,0.5668873604966087
-0.8266636766648165,7.198445498698618,1,0.5668873604966087
-0.8257871991081878,7.253221475125078,1,0.5668873604966087
-0.824912486865053,8.465017825295103,1,0.5668873604966087
-0.8240395328386677,7.453918971049489,1,0.5668873604966087
-0.8231683299749953,7.027129228540736,1,0.5668873604966087
-0.8222988712623664,7.500566046971941,1,0.5668873604966087
-0.8214311497311395,7.500667059319731,1,0.5668873604966087
-0.8205651584533659,7.191388421055184,1,0.5668873604966087
-0.8197008905424578,7.448258622261547,1,0.5668873604966087
-0.81883833915286,8.002296112760664,1,0.5668873604966087
-0.8179774974797238,7.918509183486103,1,0.5668873604966087
-0.8171183587585862,6.753240309692675,1,0.5668873604966087
-0.8162609162650493,7.701620965893784,1,0.5668873604966087
-0.8154051633144659,7.9268512276184,1,0.5668873604966087
-0.8145510932616264,7.327744402602052,1,0.5668873604966087
-0.8136986995004489,7.93040612756392,1,0.5668873604966087
-0.8128479754636725,8.094141042423807,1,0.5668873604966087
-0.8119989146225545,8.426636578504851,1,0.5668873604966087
-0.811151510486569,7.607082139011941,1,0.5668873604966087
-0.8103057566031094,7.983365141898375,1,0.5668873604966087
-0.8094616465571942,8.114855757778132,1,0.5668873604966087
-0.8086191739711739,7.192933486677232,1,0.5668873604966087
-0.8077783325044428,7.549115602875786,1,0.5668873604966087
-0.8069391158531523,5.986471039304904,1,0.5668873604966087
-0.8061015177499273,7.877620717513398,1,0.5668873604966087
-0.8052655319635861,8.27715894547347,1,0.5668873604966087
-0.8044311522988608,7.934663186558541,1,0.5668873604966087
-0.8035983725961231,7.293397322641737,1,0.5668873604966087
-0.802767186731111,8.357336481325355,1,0.5668873604966087
-0.8019375886146586,7.682476374633712,1,0.5668873604966087
-0.8011095721924284,7.6321127747681565,1,0.5668873604966087
-0.8002831314446461,7.769739072522765,1,0.5668873604966087
-0.7994582603858387,8.539897261885633,1,0.5668873604966087
-0.798634953064573,7.900759034596415,1,0.5668873604966087
-0.7978132035631995,6.9859166984587215,1,0.5668873604966087
-0.7969930059975963,8.708613050558064,1,0.5668873604966087
-0.7961743545169162,7.836981111440644,1,0.5668873604966087
-0.795357243303337,6.041657128019683,1,0.5668873604966087
-0.794541666571813,7.513799405844445,1,0.5668873604966087
-0.7937276185698289,7.777113543837698,1,0.5668873604966087
-0.7929150935771567,7.993462344020342,1,0.5668873604966087
-0.7921040859056152,7.737751470047818,1,0.5668873604966087
-0.7912945898988296,7.048316831131756,1,0.5668873604966087
-0.790486599931996,8.436464694652036,1,0.5668873604966087
-0.7896801104116465,8.409829539964058,1,0.5668873604966087
-0.7888751157754168,7.490530186979809,1,0.5668873604966087
-0.7880716104918158,7.922480102840335,1,0.5668873604966087
-0.7872695890599983,7.83394759507474,1,0.5668873604966087
-0.7864690460095383,8.48359915960794,1,0.5668873604966087
-0.7856699759002053,7.904090093463756,1,0.5668873604966087
-0.7848723733217429,8.772335187279996,1,0.5668873604966087
-0.784076232893648,8.081644535881964,1,0.5668873604966087
-0.7832815492649545,7.731095908349993,1,0.5668873604966087
-0.782488317114016,8.22036699874889,1,0.5668873604966087
-0.7816965311482933,7.279112873362674,1,0.5668873604966087
-0.7809061861041413,7.2613207186037,1,0.5668873604966087
-0.7801172767466003,8.267077767693472,1,0.5668873604966087
-0.7793297978691863,7.769160549317797,1,0.5668873604966087
-0.778543744293687,8.878593328117928,1,0.5668873604966087
-0.7777591108699555,8.82287986428215,1,0.5668873604966087
-0.776975892475709,8.681296157253099,1,0.5668873604966087
-0.7761940840163277,9.044905249624628,1,0.5668873604966087
-0.7754136804246563,8.827693367757911,1,0.5668873604966087
-0.7746346766608065,8.803531346693243,1,0.5668873604966087
-0.7738570677119619,8.282370274916243,1,0.5668873604966087
-0.7730808485921848,9.171675061546155,1,0.5668873604966087
-0.7723060143422238,9.365433342033183,1,0.5668873604966087
-0.7715325600293241,8.52027693598646,1,0.5668873604966087
-0.770760480747039,9.024222908456618,1,0.5668873604966087
-0.769989771615043,8.965015502100263,1,0.5668873604966087
-0.7692204277789467,8.44533176788047,1,0.5668873604966087
-0.7684524444101137,9.42418422013156,1,0.5668873604966087
-0.7676858167054786,8.859162772968944,1,0.5668873604966087
-0.7669205398873664,10.024974177934194,1,0.5668873604966087
-0.7661566092033141,11.412716341195567,1,0.5668873604966087
-0.7653940199258938,11.148048392178138,1,0.5668873604966087
-0.7646327673525372,10.943118836645898,1,0.5668873604966087
-0.763872846805361,10.677581062108628,1,0.5668873604966087
-0.7631142536309953,10.275067735241851,1,0.5668873604966087
-0.7623569832004118,8.626381776921361,1,0.5668873604966087
-0.7616010309087548,9.494036761222068,1,0.5668873604966087
-0.7608463921751731,10.039110237180902,1,0.5668873604966087
-0.7600930624426538,8.91763232875376,1,0.5668873604966087
-0.7593410371778562,8.77741882940715,1,0.5668873604966087
-0.7585903118709489,9.356122098137522,1,0.5668873604966087
-0.757840882035448,8.645358221177668,1,0.5668873604966087
-0.7570927432080545,8.669986230710961,1,0.5668873604966087
-0.7563458909484968,6.93371721960311,1,0.5668873604966087
-0.7556003208393711,8.61542473037832,1,0.5668873604966087
-0.7548560284859858,9.572101195109918,1,0.5668873604966087
-0.7541130095162047,7.999515460019865,1,0.5668873604966087
-0.7533712595802946,8.261655945271002,1,0.5668873604966087
-0.7526307743507707,9.131704986316382,1,0.5668873604966087
-0.7518915495222468,8.76882125883625,1,0.5668873604966087
-0.7511535808112836,7.967050756879252,1,0.5668873604966087
-0.750416863956241,8.284595309317298,1,0.5668873604966087
-0.7496813947171299,8.996196501070568,1,0.5668873604966087
-0.7489471688754654,8.19555062585876,1,0.5668873604966087
-0.7482141822341226,7.85722848319788,1,0.5668873604966087
-0.7474824306171917,8.872685692744772,1,0.5668873604966087
-0.7467519098698356,8.518683641769256,1,0.5668873604966087
-0.7460226158581488,8.112188076160072,1,0.5668873604966087
-0.7452945444690161,8.666889627311617,1,0.5668873604966087
-0.7445676916099744,7.727761867461392,1,0.5668873604966087
-0.7438420532090739,8.877146716818398,1,0.5668873604966087
-0.7431176252147416,7.648644575915576,1,0.5668873604966087
-0.7423944035956457,7.627671026082188,1,0.5668873604966087
-0.7416723843405606,8.94238601068928,1,0.5668873604966087
-0.7409515634582339,6.876128252982342,1,0.5668873604966087
-0.7402319369772534,7.129031863974725,1,0.5668873604966087
-0.7395135009459164,8.473317475260792,1,0.5668873604966087
-0.738796251432099,8.680784545139755,1,0.5668873604966087
-0.7380801845231276,7.415161617753789,1,0.5668873604966087
-0.7373652963256503,7.530704372888443,1,0.5668873604966087
-0.7366515829655098,8.491580589404329,1,0.5668873604966087
-0.7359390405876183,7.846216100134498,1,0.5668873604966087
-0.735227665355831,8.231563296545284,1,0.5668873604966087
-0.734517453452824,8.285342317433367,1,0.5668873604966087
-0.7338084010799701,7.65871020239135,1,0.5668873604966087
-0.7331005044572175,8.226581149429856,1,0.5668873604966087
-0.7323937598229685,6.822054564773266,1,0.5668873604966087
-0.7316881634339598,7.066903734328746,1,0.5668873604966087
-0.7309837115651435,8.947241335464781,1,0.5668873604966087
-0.7302804005095693,7.277844776464557,1,0.5668873604966087
-0.7295782265782673,6.923371941831262,1,0.5668873604966087
-0.7288771861001313,8.621383912184415,1,0.5668873604966087
-0.7281772754218051,8.632994590590727,1,0.5668873604966087
-0.7274784909075666,6.845657123960416,1,0.5668873604966087
-0.7267808289392156,8.216281850028583,1,0.5668873604966087
-0.7260842859159613,8.406562717728212,1,0.5668873604966087
-0.72538885825431,8.604563401513143,1,0.5668873604966087
-0.7246945423879555,7.0611652490250005,1,0.5668873604966087
-0.7240013347676688,8.417575077879736,1,0.5668873604966087
-0.7233092318611891,8.658380409326485,1,0.5668873604966087
-0.7226182301531163,8.197447663221787,1,0.5668873604966087
-0.7219283261448035,8.394211761301735,1,0.5668873604966087
-0.7212395163542509,7.18531264216651,1,0.5668873604966087
-0.7205517973160002,8.622167006025832,1,0.5668873604966087
-0.7198651655810302,6.6264351145320814,1,0.5668873604966087
-0.7191796177166525,7.86333423705708,1,0.5668873604966087
-0.7184951503064095,8.36240689004167,1,0.5668873604966087
-0.7178117599499714,7.499844070664779,1,0.5668873604966087
-0.7171294432630347,6.7473113222530525,1,0.5668873604966087
-0.7164481968772229,8.572765489027208,1,0.5668873604966087
-0.7157680174399851,8.589537732101354,1,0.5668873604966087
-0.7150889016144981,7.582163332928103,1,0.5668873604966087
-0.7144108460795678,7.930786691617062,1,0.5668873604966087
-0.713733847529532,8.6248622196599,1,0.5668873604966087
-0.7130579026741631,7.486581923854318,1,0.5668873604966087
-0.7123830082385731,7.553830159744759,1,0.5668873604966087
-0.7117091609631175,7.624779822761189,1,0.5668873604966087
-0.7110363576033012,8.041347304503983,1,0.5668873604966087
-0.7103645949296848,7.531142243633421,1,0.5668873604966087
-0.7096938697277919,6.924293554238448,1,0.5668873604966087
-0.709024178798016,7.970715231892946,1,0.5668873604966087
-0.7083555189555296,8.509657074025656,1,0.5668873604966087
-0.7076878870301934,6.941955732730612,1,0.5668873604966087
-0.707021279866465,8.263395466516842,1,0.5668873604966087
-0.7063556943233114,8.695147677888295,1,0.5668873604966087
-0.705691127274118,8.058349437033865,1,0.5668873604966087
-0.7050275756066021,9.188056797433187,1,0.5668873604966087
-0.704365036222725,9.307296277264497,1,0.5668873604966087
-0.7037035060386045,8.928977115929877,1,0.5668873604966087
-0.7030429819844297,8.710305980831059,1,0.5668873604966087
-0.7023834610043753,8.654124008240323,1,0.5668873604966087
-0.7017249400565165,8.381453708801128,1,0.5668873604966087
-0.701067416112745,5.123859092105579,1,0.5668873604966087
-0.7004108861586853,8.349622629519786,1,0.5668873604966087
-0.6997553471936121,7.771329238439293,1,0.5668873604966087
-0.6991007962303678,7.175835437177566,1,0.5668873604966087
-0.6984472302952807,8.48085741007805,1,0.5668873604966087
-0.6977946464280842,7.5340216383176575,1,0.5668873604966087
-0.6971430416818363,8.063313915324828,1,0.5668873604966087
-0.6964924131228396,9.248195984244273,1,0.5668873604966087
-0.6958427578305622,9.831035400825744,1,0.5668873604966087
-0.6951940728975589,9.623833132195127,1,0.5668873604966087
-0.6945463554293931,9.243401428598082,1,0.5668873604966087
-0.69389960254456,8.320854961324072,1,0.5668873604966087
-0.6932538113744083,8.459022491902704,1,0.5668873604966087
-0.6926089790630654,8.383247423549346,1,0.5668873604966087
-0.6919651027673603,7.600114392154603,1,0.5668873604966087
-0.6913221796567494,8.555655733742432,1,0.5668873604966087
-0.690680206913241,7.966661383771404,1,0.5668873604966087
-0.6900391817313218,8.274670937022115,1,0.5668873604966087
-0.6893991013178835,8.074965344916189,1,0.5668873604966087
-0.6887599628921489,8.321711031707215,1,0.5668873604966087
-0.6881217636856001,7.999076149246394,1,0.5668873604966087
-0.6874845009419064,7.915438140103979,1,0.5668873604966087
-0.6868481719168527,8.52231997900277,1,0.5668873604966087
-0.686212773878269,7.839656106074676,1,0.5668873604966087
-0.6855783041059597,7.130724246965794,1,0.5668873604966087
-0.6849447598916336,8.052133024676053,1,0.5668873604966087
-0.6843121385388349,8.020545468192989,1,0.5668873604966087
-0.683680437362874,8.166267039016324,1,0.5668873604966087
-0.6830496536907594,8.282820371762371,1,0.5668873604966087
-0.68241978486113,7.880425068162484,1,0.5668873604966087
-0.6817908282241868,8.117232270796542,1,0.5668873604966087
-0.6811627811416274,7.293505541095606,1,0.5668873604966087
-0.6805356409865785,7.543335774573792,1,0.5668873604966087
-0.6799094051435304,7.729443125979412,1,0.5668873604966087
-0.6792840710082714,8.287455499189207,1,0.5668873604966087
-0.6786596359878231,7.163879063885531,1,0.5668873604966087
-0.6780360975003759,8.64493268143709,1,0.5668873604966087
-0.6774134529752242,8.43076711210396,1,0.5668873604966087
-0.6767916998527038,6.462908744305354,1,0.5668873604966087
-0.6761708355841284,8.086550892910237,1,0.5668873604966087
-0.6755508576317266,8.478566139588482,1,0.5668873604966087
-0.67493176346858,8.122843297167435,1,0.5668873604966087
-0.6743135505785612,7.870583768895583,1,0.5668873604966087
-0.6736962164562731,8.334023463966119,1,0.5668873604966087
-0.6730797586069865,8.19657878471066,1,0.5668873604966087
-0.6724641745465815,7.732075725865831,1,0.5668873604966087
-0.6718494618014859,7.978792102507187,1,0.5668873604966087
-0.6712356179086162,8.058017816245828,1,0.5668873604966087
-0.6706226404153186,7.569036242248228,1,0.5668873604966087
-0.67001052687931,8.039171992658654,1,0.5668873604966087
-0.6693992748686189,8.754634636216966,1,0.5668873604966087
-0.6687888819615289,7.561666685564981,1,0.5668873604966087
-0.6681793457465197,8.164094597026553,1,0.5668873604966087
-0.6675706638222109,8.686750607967138,1,0.5668873604966087
-0.6669628337973046,7.084098086473908,1,0.5668873604966087
-0.6663558532905297,7.278041698793168,1,0.5668873604966087
-0.6657497199305851,7.326516805986443,1,0.5668873604966087
-0.6651444313560849,8.004113903442041,1,0.5668873604966087
-0.6645399852155026,7.89141986726325,1,0.5668873604966087
-0.6639363791671168,6.372159265612607,1,0.5668873604966087
-0.6633336108789563,7.853650784379954,1,0.5668873604966087
-0.6627316780287461,7.934115644618072,1,0.5668873604966087
-0.6621305783038545,8.146613739662794,1,0.5668873604966087
-0.6615303094012384,8.002279891722829,1,0.5668873604966087
-0.6609308690273915,7.488537430070842,1,0.5668873604966087
-0.6603322548982915,7.498831382052779,1,0.5668873604966087
-0.6597344647393474,7.924598489101309,1,0.5668873604966087
-0.659137496285348,8.606689130544956,1,0.5668873604966087
-0.6585413472804106,7.47913051869892,1,0.5668873604966087
-0.6579460154779293,8.367077288345518,1,0.5668873604966087
-0.6573514986405248,8.381612210470228,1,0.5668873604966087
-0.6567577945399934,7.971299309099432,1,0.5668873604966087
-0.6561649009572573,7.150302205465726,1,0.5668873604966087
-0.6555728156823147,8.480659880508346,1,0.5668873604966087
-0.6549815365141903,7.962417207006871,1,0.5668873604966087
-0.6543910612608864,7.985803493817033,1,0.5668873604966087
-0.6538013877393337,7.941944241007359,1,0.5668873604966087
-0.6532125137753436,8.279064138997402,1,0.5668873604966087
-0.6526244372035596,7.270545212743661,1,0.5668873604966087
-0.6520371558674091,7.945439136239209,1,0.5668873604966087
-0.6514506676190571,8.520592187185674,1,0.5668873604966087
-0.6508649703193582,8.551388228464525,1,0.5668873604966087
-0.65028006183781,8.02166236482856,1,0.5668873604966087
-0.6496959400525065,8.454883951727231,1,0.5668873604966087
-0.6491126028500924,8.094391279938765,1,0.5668873604966087
-0.6485300481257165,8.757675652708082,1,0.5668873604966087
-0.6479482737829865,8.702828316086894,1,0.5668873604966087
-0.6473672777339239,7.338455576016848,1,0.5668873604966087
-0.6467870578989188,9.05372997910482,1,0.5668873604966087
-0.6462076122066852,8.480749220781561,1,0.5668873604966087
-0.6456289385942169,7.999717311235477,1,0.5668873604966087
-0.645051035006743,8.381462940260821,1,0.5668873604966087
-0.6444738993976846,9.09507573045227,1,0.5668873604966087
-0.6438975297286111,9.33837049328186,1,0.5668873604966087
-0.643321923969197,10.109024717680771,1,0.5668873604966087
-0.6427470800971786,10.330428180752532,1,0.5668873604966087
-0.6421729960983125,9.684247308901297,1,0.5668873604966087
-0.6415996699663317,8.825831994348228,1,0.5668873604966087
-0.6410270997029048,8.658561499893441,1,0.5668873604966087
-0.6404552833175938,7.554689495948393,1,0.5668873604966087
-0.6398842188278124,8.632394989791695,1,0.5668873604966087
-0.6393139042587848,8.09392695781335,1,0.5668873604966087
-0.6387443376435048,7.370116883168596,1,0.5668873604966087
-0.6381755170226953,8.102900630458077,1,0.5668873604966087
-0.6376074404447676,7.758552191464641,1,0.5668873604966087
-0.6370401059657813,8.19703477496418,1,0.5668873604966087
-0.6364735116494042,8.092761944546876,1,0.5668873604966087
-0.6359076555668732,8.70815567020539,1,0.5668873604966087
-0.6353425357969542,9.265776455890956,1,0.5668873604966087
-0.6347781504259034,8.986017038987088,1,0.5668873604966087
-0.6342144975474282,8.753364073786509,1,0.5668873604966087
-0.633651575262649,7.987372644962471,1,0.5668873604966087
-0.6330893816800603,7.513055974651951,1,0.5668873604966087
-0.6325279149154927,8.413665328875611,1,0.5668873604966087
-0.631967173092075,8.59586617144646,1,0.5668873604966087
-0.6314071543401968,5.966725201458459,1,0.5668873604966087
-0.630847856797471,8.02273735770187,1,0.5668873604966087
-0.6302892786086963,7.828765403188614,1,0.5668873604966087
-0.6297314179258208,7.305545556391202,1,0.5668873604966087
-0.6291742729079048,8.240554940879406,1,0.5668873604966087
-0.6286178417210849,7.825417631511092,1,0.5668873604966087
-0.6280621225385372,7.843887963278822,1,0.5668873604966087
-0.6275071135404419,8.778661837217168,1,0.5668873604966087
-0.6269528129139468,7.401364824639351,1,0.5668873604966087
-0.6263992188531327,7.587258620180025,1,0.5668873604966087
-0.6258463295589773,8.241066795405404,1,0.5668873604966087
-0.6252941432393206,7.977379688269947,1,0.5668873604966087
-0.6247426581088299,6.980018544192524,1,0.5668873604966087
-0.6241918723889649,7.80192616108548,1,0.5668873604966087
-0.6236417843079438,8.485737375653532,1,0.5668873604966087
-0.6230923921007087,8.058492815028906,1,0.5668873604966087
-0.6225436940088918,7.776915677208147,1,0.5668873604966087
-0.6219956882807814,7.463073270879489,1,0.5668873604966087
-0.621448373171289,8.239631179282672,1,0.5668873604966087
-0.6209017469419149,7.711771754045362,1,0.5668873604966087
-0.6203558078607162,7.185764988290554,1,0.5668873604966087
-0.6198105542022728,8.50425921882412,1,0.5668873604966087
-0.6192659842476558,8.33938252791146,1,0.5668873604966087
-0.6187220962843939,7.515263423601964,1,0.5668873604966087
-0.6181788886064417,8.43567066645836,1,0.5668873604966087
-0.6176363595141475,8.287337083414943,1,0.5668873604966087
-0.6170945073142218,5.836113953682097,1,0.5668873604966087
-0.6165533303197043,7.525195110794584,1,0.5668873604966087
-0.616012826849934,7.494080612730366,1,0.5668873604966087
-0.6154729952305167,7.931713907701646,1,0.5668873604966087
-0.6149338337932946,7.947564883109539,1,0.5668873604966087
-0.6143953408763149,8.040669621285353,1,0.5668873604966087
-0.613857514823799,7.984872116966316,1,0.5668873604966087
-0.613320353986113,8.263037179218204,1,0.5668873604966087
-0.6127838567197355,7.952542149585823,1,0.5668873604966087
-0.6122480213872292,8.335687056661936,1,0.5668873604966087
-0.6117128463572099,7.856512594348996,1,0.5668873604966087
-0.6111783300043171,8.576277655272568,1,0.5668873604966087
-0.610644470709184,8.46722055956466,1,0.5668873604966087
-0.6101112668584086,7.294292634310396,1,0.5668873604966087
-0.6095787168445241,9.109831468068489,1,0.5668873604966087
-0.6090468190659698,7.630016824957269,1,0.5668873604966087
-0.6085155719270623,7.817884877476547,1,0.5668873604966087
-0.6079849738379668,8.550668363019236,1,0.5668873604966087
-0.6074550232146685,8.752663821278128,1,0.5668873604966087
-0.6069257184789445,7.860063881302446,1,0.5668873604966087
-0.6063970580583349,8.063599569749506,1,0.5668873604966087
-0.6058690403861154,8.520882806828364,1,0.5668873604966087
-0.6053416639012694,8.652586154064535,1,0.5668873604966087
-0.6048149270484602,8.263742692212444,1,0.5668873604966087
-0.604288828278003,7.782776684763772,1,0.5668873604966087
-0.6037633660458386,8.593248660836457,1,0.5668873604966087
-0.6032385388135051,8.570416023230996,1,0.5668873604966087
-0.6027143450481117,7.644632242791901,1,0.5668873604966087
-0.6021907832223113,7.453865816204185,1,0.5668873604966087
-0.6016678518142742,9.10599313129132,1,0.5668873604966087
-0.6011455493076613,7.389781203464088,1,0.5668873604966087
-0.6006238741915977,7.781986694698802,1,0.5668873604966087
-0.6001028249606466,8.971747221128847,1,0.5668873604966087
-0.5995824001147831,8.894751166627437,1,0.5668873604966087
-0.5990625981593689,7.382013691048816,1,0.5668873604966087
-0.5985434176051252,8.087239479418878,1,0.5668873604966087
-0.5980248569681087,9.102103783126449,1,0.5668873604966087
-0.597506914769685,8.918583301213669,1,0.5668873604966087
-0.5969895895365036,8.088648209381509,1,0.5668873604966087
-0.596472879800473,8.55970205438327,1,0.5668873604966087
-0.5959567840987358,9.369979699215552,1,0.5668873604966087
-0.5954413009736429,8.802103758063248,1,0.5668873604966087
-0.5949264289727303,7.806507429027141,1,0.5668873604966087
-0.5944121666486929,8.695960839002424,1,0.5668873604966087
-0.5938985125593617,9.754443130667935,1,0.5668873604966087
-0.5933854652676782,8.456278235917253,1,0.5668873604966087
-0.5928730233416715,7.847720203799067,1,0.5668873604966087
-0.5923611853544326,10.066640555136454,1,0.5668873604966087
-0.5918499498840925,8.891639738446646,1,0.5668873604966087
-0.5913393155137974,8.464075026216625,1,0.5668873604966087
-0.5908292808316851,10.018532504587547,1,0.5668873604966087
-0.5903198444308622,10.6341935825074,1,0.5668873604966087
-0.5898110049093802,10.821469019259728,1,0.5668873604966087
-0.5893027608702126,10.997315568315395,1,0.5668873604966087
-0.5887951109212319,11.345626395480366,1,0.5668873604966087
-0.5882880536751871,10.650662820096365,1,0.5668873604966087
-0.5877815877496798,9.44202082238368,1,0.5668873604966087
-0.5872757117671429,8.808186656330744,1,0.5668873604966087
-0.5867704243548175,9.580917553974418,1,0.5668873604966087
-0.5862657241447304,9.918143308847773,1,0.5668873604966087
-0.5857616097736724,8.861227256172178,1,0.5668873604966087
-0.5852580798831757,8.0483378984302,1,0.5668873604966087
-0.5847551331194919,9.78457534487751,1,0.5668873604966087
-0.584252768133571,8.243811241990418,1,0.5668873604966087
-0.5837509835810386,8.413964700660616,1,0.5668873604966087
-0.5832497781221749,9.281223439983425,1,0.5668873604966087
-0.5827491504218933,8.892122719786725,1,0.5668873604966087
-0.5822490991497187,7.915895346058585,1,0.5668873604966087
-0.5817496229797667,8.636315499196622,1,0.5668873604966087
-0.581250720590722,8.691863323535742,1,0.5668873604966087
-0.5807523906658181,8.38277444569465,1,0.5668873604966087
-0.5802546318928155,8.171681863695367,1,0.5668873604966087
-0.5797574429639821,7.723471126382345,1,0.5668873604966087
-0.579260822576072,8.356095978473217,1,0.5668873604966087
-0.5787647694303044,8.370372560480517,1,0.5668873604966087
-0.5782692822323448,6.892715573485655,1,0.5668873604966087
-0.5777743596922826,6.204595857587784,1,0.5668873604966087
-0.5772800005246133,8.673933761122434,1,0.5668873604966087
-0.5767862034482166,7.344360952487934,1,0.5668873604966087
-0.5762929671863373,7.827620020947005,1,0.5668873604966087
-0.5758002904665656,8.263825263315177,1,0.5668873604966087
-0.5753081720208166,8.507211683955676,1,0.5668873604966087
-0.5748166105853121,7.443489899217801,1,0.5668873604966087
-0.5743256049005598,7.308854358390089,1,0.5668873604966087
-0.5738351537113344,7.023168790725191,1,0.5668873604966087
-0.5733452557666588,8.003353085141041,1,0.5668873604966087
-0.5728559098197842,8.360952888498863,1,0.5668873604966087
-0.5723671146281715,7.965076895970278,1,0.5668873604966087
-0.5718788689534725,7.784122855357335,1,0.5668873604966087
-0.5713911715615104,8.012555704516638,1,0.5668873604966087
-0.5709040212222622,8.088823665610755,1,0.5668873604966087
-0.5704174167098388,7.500015359334876,1,0.5668873604966087
-0.5699313568024675,7.812535656216275,1,0.5668873604966087
-0.5694458402824734,7.923760407012837,1,0.5668873604966087
-0.56896086593626,7.638986082619624,1,0.5668873604966087
-0.5684764325542931,8.854327845621706,1,0.5668873604966087
-0.5679925389310809,7.697409215494931,1,0.5668873604966087
-0.5675091838651565,8.100026294408863,1,0.5668873604966087
-0.5670263661590603,8.31428531387822,1,0.5668873604966087
-0.5665440846193223,8.04782094758402,1,0.5668873604966087
-0.5660623380564436,8.021763250615361,1,0.5668873604966087
-0.5655811252848795,8.091531926626185,1,0.5668873604966087
-0.5651004451230219,8.478352011287022,1,0.5668873604966087
-0.5646202963931819,7.728771261853834,1,0.5668873604966087
-0.5641406779215721,7.184526416354462,1,0.5668873604966087
-0.5636615885382901,7.878873268986613,1,0.5668873604966087
-0.5631830270773002,8.227226768184266,1,0.5668873604966087
-0.5627049923764178,6.83163776498718,1,0.5668873604966087
-0.5622274832772916,7.679947619686094,1,0.5668873604966087
-0.561750498625387,8.238720390434478,1,0.5668873604966087
-0.5612740372699689,7.5520117370686,1,0.5668873604966087
-0.5607980980640863,6.83621529371053,1,0.5668873604966087
-0.5603226798645539,8.55205988704002,1,0.5668873604966087
-0.5598477815319369,7.637115835535456,1,0.5668873604966087
-0.5593734019305349,8.422490734797764,1,0.5668873604966087
-0.558899539928364,7.50496536558736,1,0.5668873604966087
-0.5584261943971428,8.318183123491142,1,0.5668873604966087
-0.557953364212274,7.633821736592259,1,0.5668873604966087
-0.55748104825283,8.18687083819585,1,0.5668873604966087
-0.5570092454015363,7.486820804864004,1,0.5668873604966087
-0.5565379545447559,7.617757261864106,1,0.5668873604966087
-0.5560671745724732,7.741747811957177,1,0.5668873604966087
-0.5555969043782786,8.238879857524928,1,0.5668873604966087
-0.5551271428593526,8.344827625089703,1,0.5668873604966087
-0.554657888916451,6.631237960122517,1,0.5668873604966087
-0.5541891414538882,8.287993671054025,1,0.5668873604966087
-0.5537208993795232,8.831880934550991,1,0.5668873604966087
-0.5532531616047434,7.765086959001913,1,0.5668873604966087
-0.5527859270444502,7.7947266713658845,1,0.5668873604966087
-0.5523191946170427,7.889733729215227,1,0.5668873604966087
-0.5518529632444038,8.297787224572525,1,0.5668873604966087
-0.5513872318518853,7.419467381458823,1,0.5668873604966087
-0.5509219993682919,7.922449593834831,1,0.5668873604966087
-0.5504572647258674,8.754619898428418,1,0.5668873604966087
-0.5499930268602801,8.748509813872287,1,0.5668873604966087
-0.5495292847106069,7.677442559748764,1,0.5668873604966087
-0.5490660372193208,8.536226886267078,1,0.5668873604966087
-0.5486032833322743,9.258054064557108,1,0.5668873604966087
-0.5481410219986866,8.857327144632364,1,0.5668873604966087
-0.5476792521711282,8.941953010244035,1,0.5668873604966087
-0.5472179728055079,9.798515458739285,1,0.5668873604966087
-0.5467571828610569,8.520174741614367,1,0.5668873604966087
-0.5462968813003162,8.277154567675954,1,0.5668873604966087
-0.5458370670891223,7.222428607926821,1,0.5668873604966087
-0.5453777391965924,8.122266119606836,1,0.5668873604966087
-0.5449188965951118,8.021842533886238,1,0.5668873604966087
-0.544460538260319,8.187126680939754,1,0.5668873604966087
-0.5440026631710926,8.54766190897714,1,0.5668873604966087
-0.5435452703095375,6.976738937505618,1,0.5668873604966087
-0.5430883586609713,8.150328851584254,1,0.5668873604966087
-0.5426319272139108,9.134804102299473,1,0.5668873604966087
-0.5421759749600588,9.483347847128195,1,0.5668873604966087
-0.5417205008942901,9.7317318304407,1,0.5668873604966087
-0.5412655040146389,9.529954948148507,1,0.5668873604966087
-0.5408109833222852,9.839475511432047,1,0.5668873604966087
-0.5403569378215417,8.994343172280225,1,0.5668873604966087
-0.5399033665198407,8.461823125505001,1,0.5668873604966087
-0.5394502684277216,8.45931595264356,1,0.5668873604966087
-0.5389976425588169,8.468563195315197,1,0.5668873604966087
-0.5385454879298399,8.445430062538579,1,0.5668873604966087
-0.5380938035605722,7.627303557378882,1,0.5668873604966087
-0.5376425884738507,7.273505550017568,1,0.5668873604966087
-0.5371918416955545,8.59402862016415,1,0.5668873604966087
-0.5367415622545926,5.864281565880997,1,0.5668873604966087
-0.5362917491828919,8.524218841699211,1,0.5668873604966087
-0.5358424015153835,8.653206133263488,1,0.5668873604966087
-0.5353935182899916,8.557001575284637,1,0.5668873604966087
-0.5349450985476198,6.595547785857162,1,0.5668873604966087
-0.5344971413321403,7.167759400266435,1,0.5668873604966087
-0.5340496456903804,7.941581416333532,1,0.5668873604966087
-0.5336026106721107,7.852788499519283,1,0.5668873604966087
-0.5331560353300333,8.138050838434332,1,0.5668873604966087
-0.5327099187197697,7.6818921673882175,1,0.5668873604966087
-0.5322642598998484,7.238907559465294,1,0.5668873604966087
-0.5318190579316934,8.310934858509972,1,0.5668873604966087
-0.5313743118796121,7.842777309280613,1,0.5668873604966087
-0.5309300208107838,7.155855202844989,1,0.5668873604966087
-0.5304861837952475,7.366160711846602,1,0.5668873604966087
-0.5300427999058903,8.077315581445184,1,0.5668873604966087
-0.5295998682184367,7.763578583135441,1,0.5668873604966087
-0.5291573878114355,7.92558870739225,1,0.5668873604966087
-0.5287153577662496,8.285062847066028,1,0.5668873604966087
-0.5282737771670437,8.382728271950592,1,0.5668873604966087
-0.5278326451007735,7.790615354535437,1,0.5668873604966087
-0.527391960657174,7.873592024092395,1,0.5668873604966087
-0.5269517229287485,8.21790939723399,1,0.5668873604966087
-0.5265119310107571,8.271863009170199,1,0.5668873604966087
-0.5260725840012058,7.545401990703008,1,0.5668873604966087
-0.5256336810008353,8.346981828904152,1,0.5668873604966087
-0.5251952211131099,8.61027863927305,1,0.5668873604966087
-0.5247572034442065,8.142748366062138,1,0.5668873604966087
-0.5243196271030041,7.47516383801868,1,0.5668873604966087
-0.5238824912010719,8.591248627510248,1,0.5668873604966087
-0.5234457948526597,7.578909177790499,1,0.5668873604966087
-0.5230095371746866,7.925624690477736,1,0.5668873604966087
-0.5225737172867295,8.587156512547264,1,0.5668873604966087
-0.5221383343110142,8.106778915676914,1,0.5668873604966087
-0.5217033873724028,8.771329044126414,1,0.5668873604966087
-0.5212688755983852,8.56349548543519,1,0.5668873604966087
-0.5208347981190666,7.54574182447745,1,0.5668873604966087
-0.5204011540671583,6.938310782149958,1,0.5668873604966087
-0.5199679425779672,7.473647613442906,1,0.5668873604966087
-0.5195351627893847,8.438402265769364,1,0.5668873604966087
-0.5191028138418776,6.46783294570201,1,0.5668873604966087
-0.5186708948784766,7.685991063846242,1,0.5668873604966087
-0.5182394050447672,7.775610333654535,1,0.5668873604966087
-0.5178083434888787,8.312419901395732,1,0.5668873604966087
-0.5173777093614746,8.123715272597337,1,0.5668873604966087
-0.5169475018157427,5.750788016876115,1,0.5668873604966087
-0.5165177200073842,8.05336659844242,1,0.5668873604966087
-0.5160883630946049,6.626489411541219,1,0.5668873604966087
-0.5156594302381048,7.920482722636164,1,0.5668873604966087
-0.5152309206010681,8.56721638931637,1,0.5668873604966087
-0.5148028333491536,6.190676580846342,1,0.5668873604966087
-0.5143751676504847,7.921990084825819,1,0.5668873604966087
-0.5139479226756406,8.590521289317191,1,0.5668873604966087
-0.5135210975976452,6.904294817083105,1,0.5668873604966087
-0.5130946915919589,7.052994583297648,1,0.5668873604966087
-0.5126687038364677,8.626917316583349,1,0.5668873604966087
-0.512243133511475,8.3620291324528,1,0.5668873604966087
-0.5118179797996913,8.431895115148333,1,0.5668873604966087
-0.511393241886225,8.009581589313678,1,0.5668873604966087
-0.5109689189585733,8.45189129835405,1,0.5668873604966087
-0.5105450102066121,8.178015181006325,1,0.5668873604966087
-0.5101215148225877,7.634514958971463,1,0.5668873604966087
-0.5096984320011071,8.77635485619798,1,0.5668873604966087
-0.5092757609391283,9.127848276767391,1,0.5668873604966087
-0.5088535008359523,8.255039990981098,1,0.5668873604966087
-0.5084316508932131,8.089369917497212,1,0.5668873604966087
-0.5080102103148687,8.037266583284904,1,0.5668873604966087
-0.5075891783071927,9.216514355814136,1,0.5668873604966087
-0.5071685540787646,7.578727612051998,1,0.5668873604966087
-0.5067483368404615,6.877243992297396,1,0.5668873604966087
-0.5063285258054486,9.636887850967591,1,0.5668873604966087
-0.505909120189171,9.101380772190934,1,0.5668873604966087
-0.5054901192093443,8.01871215253944,1,0.5668873604966087
-0.5050715220859462,9.504774544876296,1,0.5668873604966087
-0.5046533280412078,10.427769342480229,1,0.5668873604966087
-0.5042355362996048,10.092632633916704,1,0.5668873604966087
-0.503818146087849,9.832097622459075,1,0.5668873604966087
-0.5034011566348796,10.551952397122207,1,0.5668873604966087
-0.5029845671718544,9.278418728053794,1,0.5668873604966087
-0.5025683769321418,8.744535552204871,1,0.5668873604966087
-0.5021525851513124,8.655124991895889,1,0.5668873604966087
-0.5017371910671298,8.181284410481885,1,0.5668873604966087
-0.5013221939195429,8.87385111642749,1,0.5668873604966087
-0.5009075929506774,8.001497603248186,1,0.5668873604966087
-0.5004933874048274,6.848687272258409,1,0.5668873604966087
-0.5000795765284471,8.656034700754747,1,0.5668873604966087
-0.499666159570143,8.03345203434943,1,0.5668873604966087
-0.4992531357806649,8.918467630875174,1,0.5668873604966087
-0.4988405044128987,8.94814986575277,1,0.5668873604966087
-0.4984282647218575,9.201727534094468,1,0.5668873604966087
-0.4980164159646737,8.580561468273222,1,0.5668873604966087
-0.4976049574005918,9.099036242161162,1,0.5668873604966087
-0.4971938882909589,8.687411190851336,1,0.5668873604966087
-0.4967832078992182,8.114068812424025,1,0.5668873604966087
-0.4963729154909002,8.311675683676901,1,0.5668873604966087
-0.495963010333615,8.348895700798938,1,0.5668873604966087
-0.4955534916970445,8.330991159010718,1,0.5668873604966087
-0.4951443588529349,7.653306176007515,1,0.5668873604966087
-0.4947356110750885,6.867464681039735,1,0.5668873604966087
-0.4943272476393558,8.050051374467541,1,0.5668873604966087
-0.4939192678236287,7.318338583106182,1,0.5668873604966087
-0.4935116709078318,7.668381966177089,1,0.5668873604966087
-0.4931044561739153,8.290031887244089,1,0.5668873604966087
-0.4926976229058476,8.123556195078061,1,0.5668873604966087
-0.4922911703896072,8.538124986455706,1,0.5668873604966087
-0.4918850979131756,7.589513812790631,1,0.5668873604966087
-0.4914794047665295,8.264319215105928,1,0.5668873604966087
-0.491074090241634,8.566267301462727,1,0.5668873604966087
-0.4906691536324341,7.716221326479368,1,0.5668873604966087
-0.4902645942348484,7.544699598475463,1,0.5668873604966087
-0.4898604113467611,7.385998106346121,1,0.5668873604966087
-0.4894566042680148,8.30977902418882,1,0.5668873604966087
-0.4890531723004037,8.325285637520208,1,0.5668873604966087
-0.4886501147476654,8.08020980128219,1,0.5668873604966087
-0.4882474309154745,7.405281815857946,1,0.5668873604966087
-0.4878451201114355,8.764853644124422,1,0.5668873604966087
-0.4874431816450748,8.129117905281854,1,0.5668873604966087
-0.4870416148278346,8.137561901680124,1,0.5668873604966087
-0.4866404189730648,8.202596954281546,1,0.5668873604966087
-0.4862395933960171,8.119020834690682,1,0.5668873604966087
-0.4858391374138369,8.364670165383592,1,0.5668873604966087
-0.485439050345557,8.106776338046137,1,0.5668873604966087
-0.4850393315120906,8.25285675232264,1,0.5668873604966087
-0.4846399802362241,7.337231785208066,1,0.5668873604966087
-0.4842409958426102,7.612807667800371,1,0.5668873604966087
-0.4838423776577616,8.025994462940828,1,0.5668873604966087
-0.4834441250100433,6.545221908796806,1,0.5668873604966087
-0.4830462372296668,7.606752200881437,1,0.5668873604966087
-0.4826487136486824,7.722829998940605,1,0.5668873604966087
-0.4822515536009732,8.463900109776533,1,0.5668873604966087
-0.4818547564222481,6.335122054785022,1,0.5668873604966087
-0.4814583214500348,7.296394653584002,1,0.5668873604966087
-0.4810622480236741,8.347936398994081,1,0.5668873604966087
-0.4806665354843121,7.969753407074111,1,0.5668873604966087
-0.4802711831748947,7.694559206486978,1,0.5668873604966087
-0.4798761904401601,8.33739111824553,1,0.5668873604966087
-0.4794815566266334,7.281321091251328,1,0.5668873604966087
-0.479087281082619,8.643177287718734,1,0.5668873604966087
-0.4786933631581946,7.221177791892119,1,0.5668873604966087
-0.4782998022052052,8.07544778719165,1,0.5668873604966087
-0.4779065975772557,8.29974908864761,1,0.5668873604966087
-0.4775137486297057,8.664638791489415,1,0.5668873604966087
-0.4771212547196625,7.016253482555115,1,0.5668873604966087
-0.4767291152059743,8.556304229889966,1,0.5668873604966087
-0.4763373294492252,8.571928517079359,1,0.5668873604966087
-0.4759458968117278,8.062333462618646,1,0.5668873604966087
-0.4755548166575176,7.967890944309206,1,0.5668873604966087
-0.4751640883523466,8.013732479236797,1,0.5668873604966087
-0.4747737112636769,8.698664083476693,1,0.5668873604966087
-0.4743836847606751,8.610510727127506,1,0.5668873604966087
-0.4739940082142057,6.524810810605411,1,0.5668873604966087
-0.4736046809968253,7.577996474866605,1,0.5668873604966087
-0.4732157024827761,8.741728944046733,1,0.5668873604966087
-0.4728270720479807,7.588320668830618,1,0.5668873604966087
-0.4724387890700352,7.90041987760446,1,0.5668873604966087
-0.4720508529282036,8.613297765803622,1,0.5668873604966087
-0.4716632630034121,8.919792243529528,1,0.5668873604966087
-0.4712760186782426,8.464842946802248,1,0.5668873604966087
-0.4708891193369274,8.482664009663795,1,0.5668873604966087
-0.4705025643653429,9.242007729543417,1,0.5668873604966087
-0.470116353151004,9.16066880577819,1,0.5668873604966087
-0.4697304850830578,7.970311726553865,1,0.5668873604966087
-0.4693449595522787,9.238903351459992,1,0.5668873604966087
-0.4689597759510617,9.12642788157074,1,0.5668873604966087
-0.4685749336734173,8.028104239821436,1,0.5668873604966087
-0.4681904321149654,8.065509423822409,1,0.5668873604966087
-0.4678062706729299,8.071796631187194,1,0.5668873604966087
-0.4674224487461326,9.42492008806643,1,0.5668873604966087
-0.467038965734988,6.899707273014203,1,0.5668873604966087
-0.4666558210414974,8.950510261205594,1,0.5668873604966087
-0.4662730140692437,9.958307675511476,1,0.5668873604966087
-0.4658905442233851,9.11866491620735,1,0.5668873604966087
-0.4655084109106504,9.222558248337396,1,0.5668873604966087
-0.4651266135393329,10.320538327680037,1,0.5668873604966087
-0.4647451515192848,11.238903506478414,1,0.5668873604966087
-0.4643640242619126,10.909543502808823,1,0.5668873604966087
-0.4639832311801706,10.560681933960511,1,0.5668873604966087
-0.463602771688556,10.97249525222994,1,0.5668873604966087
-0.4632226452031035,9.745210848047703,1,0.5668873604966087
-0.4628428511413798,8.957183876230081,1,0.5668873604966087
-0.4624633889224784,9.710954954342336,1,0.5668873604966087
-0.462084257967014,9.156903400658086,1,0.5668873604966087
-0.4617054576971175,9.3210990838706,1,0.5668873604966087
-0.4613269875364305,7.080230428043518,1,0.5668873604966087
-0.4609488469101001,8.72062906789518,1,0.5668873604966087
-0.4605710352447736,9.584580457817998,1,0.5668873604966087
-0.4601935519685934,8.247645878680087,1,0.5668873604966087
-0.459816396511192,7.632015726802241,1,0.5668873604966087
-0.4594395683036861,9.592481773784336,1,0.5668873604966087
-0.4590630667786726,9.248285154380572,1,0.5668873604966087
-0.4586868913702221,8.193610714870433,1,0.5668873604966087
-0.458311041513875,7.875628019966489,1,0.5668873604966087
-0.4579355166466357,9.099457139222592,1,0.5668873604966087
-0.4575603162069678,8.690879624806266,1,0.5668873604966087
-0.4571854396347892,8.446645137423625,1,0.5668873604966087
-0.4568108863714668,8.815971684308474,1,0.5668873604966087
-0.4564366558598114,8.026665239038318,1,0.5668873604966087
-0.4560627475440733,7.982894629486692,1,0.5668873604966087
-0.4556891608699368,8.395307609694585,1,0.5668873604966087
-0.4553158952845155,7.986903912326209,1,0.5668873604966087
-0.4549429502363474,8.722323076068587,1,0.5668873604966087
-0.45457032517539,8.488199104749423,1,0.5668873604966087
-0.4541980195530151,8.529154334667236,1,0.5668873604966087
-0.4538260328220045,8.897517648665517,1,0.5668873604966087
-0.4534543644365451,8.105152099146665,1,0.5668873604966087
-0.4530830138522235,7.971109732205403,1,0.5668873604966087
-0.4527119805260221,8.085698963276334,1,0.5668873604966087
-0.4523412639163134,7.922905595437426,1,0.5668873604966087
-0.451970863482856,7.914588790418576,1,0.5668873604966087
-0.4516007786867896,7.609583399471706,1,0.5668873604966087
-0.4512310089906302,8.824127246921256,1,0.5668873604966087
-0.4508615538582655,7.405497382599101,1,0.5668873604966087
-0.4504924127549505,8.253562519100983,1,0.5668873604966087
-0.4501235851473024,7.14689079315158,1,0.5668873604966087
-0.4497550705032961,7.870087499381219,1,0.5668873604966087
-0.4493868682922598,8.408758676547615,1,0.5668873604966087
-0.4490189779848704,7.80478325986452,1,0.5668873604966087
-0.4486513990531486,8.217283596260806,1,0.5668873604966087
-0.4482841309704548,8.793272318239273,1,0.5668873604966087
-0.4479171732114843,8.214432510321931,1,0.5668873604966087
-0.4475505252522626,8.38810421731717,1,0.5668873604966087
-0.4471841865701415,8.782316853495029,1,0.5668873604966087
-0.446818156643794,8.192299174712803,1,0.5668873604966087
-0.4464524349532105,6.92857043425735,1,0.5668873604966087
-0.4460870209796936,7.736939113469752,1,0.5668873604966087
-0.4457219142058545,8.982669222041658,1,0.5668873604966087
-0.4453571141156077,7.7227865914747635,1,0.5668873604966087
-0.4449926201941676,7.528965032407229,1,0.5668873604966087
-0.4446284319280433,8.088168649998508,1,0.5668873604966087
-0.4442645488050349,8.744869935707829,1,0.5668873604966087
-0.4439009703142287,7.945025373633832,1,0.5668873604966087
-0.4435376959459932,8.144744737022316,1,0.5668873604966087
-0.4431747251919745,8.55317124365189,1,0.5668873604966087
-0.4428120575450927,8.255874282304639,1,0.5668873604966087
-0.4424496924995365,8.633199223557954,1,0.5668873604966087
-0.4420876295507604,8.252889869384935,1,0.5668873604966087
-0.4417258681954792,8.40643556039065,1,0.5668873604966087
-0.4413644079316645,6.17572423753878,1,0.5668873604966087
-0.4410032482585405,7.708984921373214,1,0.5668873604966087
-0.4406423886765794,7.638602649645941,1,0.5668873604966087
-0.440281828687498,7.842352619527435,1,0.5668873604966087
-0.4399215677942527,7.798998314409918,1,0.5668873604966087
-0.439561605501036,8.124988185475742,1,0.5668873604966087
-0.4392019413132722,8.729462256048325,1,0.5668873604966087
-0.4388425747376133,7.656095721703807,1,0.5668873604966087
-0.4384835052819351,6.734501643444,1,0.5668873604966087
-0.4381247324553329,7.906295104724096,1,0.5668873604966087
-0.4377662557681178,7.640481177597972,1,0.5668873604966087
-0.4374080747318123,7.944985904353098,1,0.5668873604966087
-0.4370501888591465,8.646665166929937,1,0.5668873604966087
-0.4366925976640542,7.714970768248039,1,0.5668873604966087
-0.4363353006616691,8.181554582301063,1,0.5668873604966087
-0.4359782973683203,7.9202152407765505,1,0.5668873604966087
-0.4356215873015286,7.441369252838839,1,0.5668873604966087
-0.4352651699800033,8.290017671499252,1,0.5668873604966087
-0.434909044923637,7.543809913054083,1,0.5668873604966087
-0.4345532116535027,8.833251199356527,1,0.5668873604966087
-0.4341976696918498,8.75364101602778,1,0.5668873604966087
-0.4338424185620997,8.82668810386777,1,0.5668873604966087
-0.4334874577888428,8.567864312402499,1,0.5668873604966087
-0.4331327868978339,9.92662236698205,1,0.5668873604966087
-0.432778405415989,8.732322391393659,1,0.5668873604966087
-0.432424312871381,9.429302360364336,1,0.5668873604966087
-0.4320705087932364,9.640108940278411,1,0.5668873604966087
-0.4317169927119311,7.810784942611962,1,0.5668873604966087
-0.4313637641589873,8.02771139445666,1,0.5668873604966087
-0.4310108226670689,8.259266279809655,1,0.5668873604966087
-0.4306581677699785,7.877092790865254,1,0.5668873604966087
-0.4303057990026535,7.918018432448273,1,0.5668873604966087
-0.4299537159011624,8.836344820948495,1,0.5668873604966087
-0.4296019180027006,7.8637945983806095,1,0.5668873604966087
-0.4292504048455882,8.090975527917696,1,0.5668873604966087
-0.4288991759692646,9.093123746905956,1,0.5668873604966087
-0.428548230914286,9.266864011838203,1,0.5668873604966087
-0.4281975692223217,10.062977633267876,1,0.5668873604966087
-0.4278471904361501,9.723776852391827,1,0.5668873604966087
-0.4274970940996554,9.281024530987793,1,0.5668873604966087
-0.4271472797578238,9.348767367739374,1,0.5668873604966087
-0.4267977469567404,8.577206004483605,1,0.5668873604966087
-0.4264484952435853,8.838350302879652,1,0.5668873604966087
-0.42609952416663,8.609094986872067,1,0.5668873604966087
-0.4257508332752344,8.469715384167985,1,0.5668873604966087
-0.4254024221198426,7.795157270440043,1,0.5668873604966087
-0.42505429025198,7.161116224450429,1,0.5668873604966087
-0.4247064372242497,7.542379269455979,1,0.5668873604966087
-0.4243588625903288,8.107970787073041,1,0.5668873604966087
-0.4240115659049653,7.878523135972965,1,0.5668873604966087
-0.4236645467239743,8.461171116616306,1,0.5668873604966087
-0.4233178046042352,8.852891413833165,1,0.5668873604966087
-0.4229713391036876,8.392306196534784,1,0.5668873604966087
-0.4226251497813282,7.960333231152253,1,0.5668873604966087
-0.4222792361972079,7.995158890487465,1,0.5668873604966087
-0.4219335979124274,8.1944657019764,1,0.5668873604966087
-0.4215882344891351,8.576008021743533,1,0.5668873604966087
-0.4212431454905226,6.576800737718169,1,0.5668873604966087
-0.4208983304808223,7.53806040707194,1,0.5668873604966087
-0.4205537890253036,7.768683116806577,1,0.5668873604966087
-0.4202095206902697,8.052820188851802,1,0.5668873604966087
-0.4198655250430545,8.078052419978416,1,0.5668873604966087
-0.419521801652019,8.365323285616057,1,0.5668873604966087
-0.4191783500865484,7.432231235008785,1,0.5668873604966087
-0.4188351699170489,8.825098251679464,1,0.5668873604966087
-0.4184922607149439,8.379174602118344,1,0.5668873604966087
-0.4181496220526713,8.509706452211452,1,0.5668873604966087
-0.4178072535036804,8.030373134251944,1,0.5668873604966087
-0.4174651546424284,7.430451913431213,1,0.5668873604966087
-0.417123325044377,8.710079629143634,1,0.5668873604966087
-0.4167817642859902,7.065537672732869,1,0.5668873604966087
-0.4164404719447299,8.064050785015263,1,0.5668873604966087
-0.4160994475990536,7.835851598427842,1,0.5668873604966087
-0.4157586908284112,8.261715760076392,1,0.5668873604966087
-0.4154182012132417,7.785249878385336,1,0.5668873604966087
-0.4150779783349699,8.109954892443556,1,0.5668873604966087
-0.4147380217760039,7.031085283329221,1,0.5668873604966087
-0.4143983311197313,8.363170885199521,1,0.5668873604966087
-0.4140589059505168,8.705192590322357,1,0.5668873604966087
-0.4137197458536989,7.853382986653278,1,0.5668873604966087
-0.4133808504155866,7.595678047172395,1,0.5668873604966087
-0.4130422192234567,7.731240073951305,1,0.5668873604966087
-0.4127038518655507,8.444051852069162,1,0.5668873604966087
-0.4123657479310719,8.672862515764734,1,0.5668873604966087
-0.4120279070101819,8.4292020679699,1,0.5668873604966087
-0.4116903286939986,7.179870892399084,1,0.5668873604966087
-0.4113530125745919,7.178059109011351,1,0.5668873604966087
-0.4110159582449822,7.139444101699493,1,0.5668873604966087
-0.4106791652991363,8.512367438832623,1,0.5668873604966087
-0.4103426333319649,7.809852837880628,1,0.5668873604966087
-0.4100063619393199,8.082995021500874,1,0.5668873604966087
-0.4096703507179912,7.327279305367952,1,0.5668873604966087
-0.4093345992657036,8.642203063596359,1,0.5668873604966087
-0.4089991071811146,7.969224609312091,1,0.5668873604966087
-0.4086638740638106,7.697098029408455,1,0.5668873604966087
-0.4083288995143052,8.738359978519492,1,0.5668873604966087
-0.4079941831340348,7.87186673937374,1,0.5668873604966087
-0.4076597245253573,8.727791911806035,1,0.5668873604966087
-0.4073255232915485,7.953038483919462,1,0.5668873604966087
-0.406991579036799,8.055706248601016,1,0.5668873604966087
-0.4066578913662121,7.589618872393224,1,0.5668873604966087
-0.4063244598858005,7.344881154078374,1,0.5668873604966087
-0.4059912842024838,7.85529071294554,1,0.5668873604966087
-0.4056583639240854,7.602213442448759,1,0.5668873604966087
-0.4053256986593301,7.402384787743433,1,0.5668873604966087
-0.4049932880178409,8.541005284559029,1,0.5668873604966087
-0.4046611316101368,8.621185595440146,1,0.5668873604966087
-0.4043292290476294,6.657235861076107,1,0.5668873604966087
-0.403997579942621,7.861751166270404,1,0.5668873604966087
-0.4036661839083009,8.881426933474131,1,0.5668873604966087
-0.4033350405587437,8.915355061932974,1,0.5668873604966087
-0.4030041495089059,8.303049784608941,1,0.5668873604966087
-0.4026735103746233,8.846094393613836,1,0.5668873604966087
-0.4023431227726085,8.73674016062063,1,0.5668873604966087
-0.4020129863204486,7.6535304924023855,1,0.5668873604966087
-0.4016831006366014,8.576801573468567,1,0.5668873604966087
-0.4013534653403942,8.196458398937006,1,0.5668873604966087
-0.4010240800520199,8.937543034245559,1,0.5668873604966087
-0.4006949443925353,8.658324675329412,1,0.5668873604966087
-0.400366057983858,9.261545599153653,1,0.5668873604966087
-0.4000374204487638,7.721496000752208,1,0.5668873604966087
-0.3997090314108842,9.346483182333204,1,0.5668873604966087
-0.399380890494704,9.570668280215784,1,0.5668873604966087
-0.3990529973255585,10.961928594106649,1,0.5668873604966087
-0.3987253515296309,10.19386659629316,1,0.5668873604966087
-0.3983979527339497,10.459182906245488,1,0.5668873604966087
-0.3980708005663865,10.18375184373327,1,0.5668873604966087
-0.3977438946556532,7.796377212351957,1,0.5668873604966087
-0.3974172346312994,8.989455133186524,1,0.5668873604966087
-0.3970908201237101,8.642887371825697,1,0.5668873604966087
-0.3967646507641029,8.518977630703548,1,0.5668873604966087
-0.396438726184526,8.0125071848581,1,0.5668873604966087
-0.396113046017855,8.476072504619763,1,0.5668873604966087
-0.3957876098977912,7.7716035264349586,1,0.5668873604966087
-0.3954624174588584,8.849570629301336,1,0.5668873604966087
-0.3951374683364008,8.92416231163766,1,0.5668873604966087
-0.3948127621665809,9.063236274094674,1,0.5668873604966087
-0.3944882985863762,9.369804039918977,1,0.5668873604966087
-0.3941640772335776,8.943990297834622,1,0.5668873604966087
-0.3938400977467863,8.958385424816672,1,0.5668873604966087
-0.393516359765412,8.254906560805898,1,0.5668873604966087
-0.3931928629296699,8.782547225418353,1,0.5668873604966087
-0.3928696068805788,8.847525170880141,1,0.5668873604966087
-0.3925465912599584,8.045177203546494,1,0.5668873604966087
-0.3922238157104272,8.446216985911901,1,0.5668873604966087
-0.3919012798753996,7.671678866418552,1,0.5668873604966087
-0.3915789833990842,7.168515203833898,1,0.5668873604966087
-0.391256925926481,7.309950984237841,1,0.5668873604966087
-0.3909351071033791,7.694862456122131,1,0.5668873604966087
-0.3906135265763546,6.669042022386699,1,0.5668873604966087
-0.3902921839927681,8.519621425442397,1,0.5668873604966087
-0.3899710790007622,7.851522971619333,1,0.5668873604966087
-0.3896502112492597,7.686280928672248,1,0.5668873604966087
-0.3893295803879607,7.791690784414307,1,0.5668873604966087
-0.3890091860673407,6.634631110871546,1,0.5668873604966087
-0.3886890279386482,8.308399716660091,1,0.5668873604966087
-0.3883691056539023,8.651232769743576,1,0.5668873604966087
-0.3880494188658909,8.219397745599686,1,0.5668873604966087
-0.3877299672281677,8.043645331136323,1,0.5668873604966087
-0.3874107503950506,7.226768438956872,1,0.5668873604966087
-0.3870917680216189,7.684957750912305,1,0.5668873604966087
-0.3867730197637116,6.758458101075487,1,0.5668873604966087
-0.3864545052779251,7.614569217467977,1,0.5668873604966087
-0.3861362242216103,7.401116008996331,1,0.5668873604966087
-0.3858181762528714,8.89197188101661,1,0.5668873604966087
-0.3855003610305629,8.388893481515822,1,0.5668873604966087
-0.3851827782142878,8.190756833916296,1,0.5668873604966087
-0.3848654274643952,8.12148334410934,1,0.5668873604966087
-0.3845483084419784,8.4151508884253,1,0.5668873604966087
-0.3842314208088725,8.37556805347433,1,0.5668873604966087
-0.3839147642276523,7.667207355627783,1,0.5668873604966087
-0.3835983383616301,8.393197919332266,1,0.5668873604966087
-0.3832821428748536,7.696152888428103,1,0.5668873604966087
-0.3829661774321037,8.02617278622746,1,0.5668873604966087
-0.3826504416988927,7.567052897806775,1,0.5668873604966087
-0.3823349353414615,7.568064858019746,1,0.5668873604966087
-0.3820196580267782,7.511987841794355,1,0.5668873604966087
-0.3817046094225355,7.785675653719351,1,0.5668873604966087
-0.3813897891971487,8.577935863568246,1,0.5668873604966087
-0.3810751970197539,8.082757556239729,1,0.5668873604966087
-0.3807608325602056,8.317783630325437,1,0.5668873604966087
-0.3804466954890746,8.163637861409498,1,0.5668873604966087
-0.3801327854776463,8.505102222216859,1,0.5668873604966087
-0.3798191021979178,8.707591028621762,1,0.5668873604966087
-0.3795056453225973,8.205678210850762,1,0.5668873604966087
-0.3791924145251003,7.442594991532067,1,0.5668873604966087
-0.3788794094795491,6.534250831169916,1,0.5668873604966087
-0.3785666298607697,8.453662160314492,1,0.5668873604966087
-0.3782540753442901,7.787562721703344,1,0.5668873604966087
-0.3779417456063388,7.493995517921816,1,0.5668873604966087
-0.3776296403238419,6.136829976385242,1,0.5668873604966087
-0.3773177591744218,8.005223722559307,1,0.5668873604966087
-0.3770061018363946,8.459266391389125,1,0.5668873604966087
-0.3766946679887689,7.986235166918699,1,0.5668873604966087
-0.376383457311243,7.765795487765828,1,0.5668873604966087
-0.3760724694842033,7.727500151037865,1,0.5668873604966087
-0.3757617041887227,7.466190605439519,1,0.5668873604966087
-0.3754511611065576,8.537675410611635,1,0.5668873604966087
-0.3751408399201472,8.370064288748997,1,0.5668873604966087
-0.3748307403126106,7.891789979688566,1,0.5668873604966087
-0.3745208619677453,6.747412539198974,1,0.5668873604966087
-0.3742112045700253,8.34907241578872,1,0.5668873604966087
-0.3739017678045987,8.36221195991912,1,0.5668873604966087
-0.3735925513572865,8.200549473331453,1,0.5668873604966087
-0.3732835549145801,7.459986710265369,1,0.5668873604966087
-0.3729747781636395,8.079766062281164,1,0.5668873604966087
-0.3726662207922918,8.049250456137809,1,0.5668873604966087
-0.3723578824890288,8.822625904326618,1,0.5668873604966087
-0.3720497629430053,7.927142819691073,1,0.5668873604966087
-0.3717418618440374,9.446152286352454,1,0.5668873604966087
-0.3714341788826003,8.644269293703744,1,0.5668873604966087
-0.3711267137498266,9.29568531151359,1,0.5668873604966087
-0.3708194661375046,8.760526013287093,1,0.5668873604966087
-0.3705124357380762,8.718770383397496,1,0.5668873604966087
-0.370205622244635,8.578385202764563,1,0.5668873604966087
-0.3698990253509248,7.254136995351665,1,0.5668873604966087
-0.3695926447513374,7.355933487963779,1,0.5668873604966087
-0.3692864801409112,9.266440278414398,1,0.5668873604966087
-0.3689805312153287,9.229132818005851,1,0.5668873604966087
-0.3686747976709155,8.74593139267747,1,0.5668873604966087
-0.3683692792046377,9.708693091034698,1,0.5668873604966087
-0.3680639755141008,10.051356479308302,1,0.5668873604966087
-0.3677588862975476,10.344553950082716,1,0.5668873604966087
-0.3674540112538562,11.261036845465249,1,0.5668873604966087
-0.3671493500825384,10.57099934464641,1,0.5668873604966087
-0.3668449024837383,10.777801041886953,1,0.5668873604966087
-0.3665406681582296,9.814589422941989,1,0.5668873604966087
-0.366236646807415,7.518589172075203,1,0.5668873604966087
-0.3659328381333234,10.14005451704431,1,0.5668873604966087
-0.3656292418386089,9.047382831909628,1,0.5668873604966087
-0.3653258576265485,8.329410660898562,1,0.5668873604966087
-0.3650226852010407,8.900924023121153,1,0.5668873604966087
-0.3647197242666039,9.11566844425402,1,0.5668873604966087
-0.364416974528374,8.987164766922985,1,0.5668873604966087
-0.3641144356921037,7.592404136214014,1,0.5668873604966087
-0.3638121074641596,8.837098821605453,1,0.5668873604966087
-0.3635099895515214,9.132277039019288,1,0.5668873604966087
-0.36320808166178,9.019467573072715,1,0.5668873604966087
-0.3629063835031356,8.712122426589126,1,0.5668873604966087
-0.3626048947843959,7.560039989810899,1,0.5668873604966087
-0.362303615214975,8.573084668094301,1,0.5668873604966087
-0.362002544504891,8.404985883286228,1,0.5668873604966087
-0.3617016823647649,8.511296610043152,1,0.5668873604966087
-0.3614010285058185,9.084647065173744,1,0.5668873604966087
-0.3611005826398732,7.946177433297443,1,0.5668873604966087
-0.3608003444793477,7.691963792480284,1,0.5668873604966087
-0.3605003137372571,8.54504189922939,1,0.5668873604966087
-0.3602004901272106,8.142298002387296,1,0.5668873604966087
-0.3599008733634103,7.370632331080629,1,0.5668873604966087
-0.3596014631606494,7.594514530282127,1,0.5668873604966087
-0.3593022592343103,8.704010036674884,1,0.5668873604966087
-0.3590032613003637,8.683535309817957,1,0.5668873604966087
-0.3587044690753662,8.552091730702212,1,0.5668873604966087
-0.3584058822764591,7.881506816698401,1,0.5668873604966087
-0.3581075006213668,8.446103414328602,1,0.5668873604966087
-0.3578093238283951,7.482938447634447,1,0.5668873604966087
-0.3575113516164294,7.92713502094025,1,0.5668873604966087
-0.3572135837049336,7.939869236576095,1,0.5668873604966087
-0.3569160198139481,7.701713514756487,1,0.5668873604966087
-0.3566186596640884,8.78797917646794,1,0.5668873604966087
-0.3563215029765436,7.87525028686343,1,0.5668873604966087
-0.3560245494730744,8.503224527231062,1,0.5668873604966087
-0.3557277988760121,7.807710015908964,1,0.5668873604966087
-0.355431250908257,8.234009034178673,1,0.5668873604966087
-0.3551349052932761,8.622383489017071,1,0.5668873604966087
-0.3548387617551025,8.544491781909283,1,0.5668873604966087
-0.3545428200183335,8.728129485905955,1,0.5668873604966087
-0.3542470798081287,7.623371539081983,1,0.5668873604966087
-0.3539515408502091,8.804037527578314,1,0.5668873604966087
-0.3536562028708551,8.68372135349356,1,0.5668873604966087
-0.3533610655969051,8.52360331721152,1,0.5668873604966087
-0.3530661287557543,7.1151281265738815,1,0.5668873604966087
-0.3527713920753526,8.140118177473388,1,0.5668873604966087
-0.3524768552842034,8.654070036168449,1,0.5668873604966087
-0.3521825181113625,8.726184462848645,1,0.5668873604966087
-0.3518883802864357,7.633814048358399,1,0.5668873604966087
-0.3515944415395783,8.317423680850863,1,0.5668873604966087
-0.3513007016014928,8.022793024685349,1,0.5668873604966087
-0.3510071602034278,8.444789551797419,1,0.5668873604966087
-0.3507138170771767,8.266002856307828,1,0.5668873604966087
-0.3504206719550758,8.309211901334594,1,0.5668873604966087
-0.3501277245700032,8.435735701949117,1,0.5668873604966087
-0.3498349746553769,8.150415727604749,1,0.5668873604966087
-0.3495424219451541,8.726302826750851,1,0.5668873604966087
-0.3492500661738287,8.560324159947045,1,0.5668873604966087
-0.348957907076431,8.396051602418776,1,0.5668873604966087
-0.3486659443885253,8.152160811657657,1,0.5668873604966087
-0.3483741778462091,8.244963927711431,1,0.5668873604966087
-0.3480826071861112,7.050492859835401,1,0.5668873604966087
-0.3477912321453906,8.305810923167995,1,0.5668873604966087
-0.3475000524617352,6.946801698207614,1,0.5668873604966087
-0.3472090678733598,8.230547211120637,1,0.5668873604966087
-0.3469182781190053,8.99227445321219,1,0.5668873604966087
-0.3466276829379368,6.600181684874701,1,0.5668873604966087
-0.3463372820699427,7.7748935167788,1,0.5668873604966087
-0.3460470752553329,8.816312385590036,1,0.5668873604966087
-0.3457570622349376,8.581813619400204,1,0.5668873604966087
-0.3454672427501057,7.733930198077032,1,0.5668873604966087
-0.3451776165427039,8.220772052285929,1,0.5668873604966087
-0.3448881833551148,8.474744755957635,1,0.5668873604966087
-0.3445989429302357,8.06916444596166,1,0.5668873604966087
-0.3443098950114771,8.436465678616635,1,0.5668873604966087
-0.3440210393427618,7.836084839353633,1,0.5668873604966087
-0.343732375668523,8.880134812324581,1,0.5668873604966087
-0.3434439037337035,8.358460596430689,1,0.5668873604966087
-0.3431556232837534,8.335903497993964,1,0.5668873604966087
-0.34286753406463,6.979161912955644,1,0.5668873604966087
-0.3425796358227954,9.392363962932365,1,0.5668873604966087
-0.3422919283052157,9.264317082061352,1,0.5668873604966087
-0.3420044112593599,10.126205873705862,1,0.5668873604966087
-0.3417170844331975,8.94714447805041,1,0.5668873604966087
-0.3414299475751985,9.642942670413372,1,0.5668873604966087
-0.3411430004343313,8.788464613444647,1,0.5668873604966087
-0.3408562427600614,7.705252140562756,1,0.5668873604966087
-0.3405696743023505,8.4060257309515,1,0.5668873604966087
-0.3402832948116547,7.94785051887895,1,0.5668873604966087
-0.3399971040389237,7.739179000207068,1,0.5668873604966087
-0.3397111017355989,8.353900746516095,1,0.5668873604966087
-0.3394252876536127,8.810106870660322,1,0.5668873604966087
-0.3391396615453868,7.807382972296697,1,0.5668873604966087
-0.3388542231638312,9.244378963888517,1,0.5668873604966087
-0.3385689722623426,9.408448567585031,1,0.5668873604966087
-0.3382839085948035,9.803912743716287,1,0.5668873604966087
-0.3379990319155805,10.033645904575293,1,0.5668873604966087
-0.3377143419795236,9.499094281487272,1,0.5668873604966087
-0.337429838541964,9.153907429773298,1,0.5668873604966087
-0.3371455213587141,7.523133567433132,1,0.5668873604966087
-0.3368613901860651,7.436082714868062,1,0.5668873604966087
-0.3365774447807864,9.135700911129256,1,0.5668873604966087
-0.3362936849001242,8.155955988899024,1,0.5668873604966087
-0.3360101103018001,8.365025041411322,1,0.5668873604966087
-0.3357267207440101,8.0861651753145,1,0.5668873604966087
-0.335443515985423,8.055484147637854,1,0.5668873604966087
-0.3351604957851799,7.894025116267919,1,0.5668873604966087
-0.334877659902892,7.584501589933745,1,0.5668873604966087
-0.33459500809864,8.508474694790987,1,0.5668873604966087
-0.334312540132973,8.647825836077086,1,0.5668873604966087
-0.3340302557669065,8.57889376047743,1,0.5668873604966087
-0.3337481547619221,6.827683665101698,1,0.5668873604966087
-0.3334662368799659,8.356149695239633,1,0.5668873604966087
-0.333184501883447,8.421127194737744,1,0.5668873604966087
-0.3329029495352369,7.893712771707215,1,0.5668873604966087
-0.3326215795986679,8.118621579683603,1,0.5668873604966087
-0.3323403918375318,7.851229516749978,1,0.5668873604966087
-0.3320593860160791,7.713811921885288,1,0.5668873604966087
-0.3317785618990177,7.972583348920939,1,0.5668873604966087
-0.3314979192515114,7.672624971527967,1,0.5668873604966087
-0.3312174578391792,7.482948482161759,1,0.5668873604966087
-0.3309371774280937,8.54441582554521,1,0.5668873604966087
-0.3306570777847802,7.268774346411698,1,0.5668873604966087
-0.3303771586762156,8.315334587726248,1,0.5668873604966087
-0.3300974198698266,8.778002954133765,1,0.5668873604966087
-0.3298178611334897,8.563187955890607,1,0.5668873604966087
-0.3295384822355289,7.8580355393582275,1,0.5668873604966087
-0.329259282944715,7.756452942993444,1,0.5668873604966087
-0.3289802630302649,8.947910374956164,1,0.5668873604966087
-0.3287014222618395,7.83932725211611,1,0.5668873604966087
-0.3284227604095435,8.174224023242466,1,0.5668873604966087
-0.3281442772439236,8.869522076782163,1,0.5668873604966087
-0.3278659725359677,8.552598403351986,1,0.5668873604966087
-0.3275878460571037,7.769813587822142,1,0.5668873604966087
-0.3273098975791983,8.253210894523816,1,0.5668873604966087
-0.327032126874556,8.312066712839353,1,0.5668873604966087
-0.3267545337159179,8.885174912315124,1,0.5668873604966087
-0.3264771178764606,8.41539711958958,1,0.5668873604966087
-0.3261998791297951,8.429229238829306,1,0.5668873604966087
-0.3259228172499656,8.623658988400384,1,0.5668873604966087
-0.3256459320114486,8.078278860070588,1,0.5668873604966087
-0.3253692231891514,8.374618355927378,1,0.5668873604966087
-0.3250926905584119,8.148374093327936,1,0.5668873604966087
-0.3248163338949961,8.46924177425878,1,0.5668873604966087
-0.3245401529750983,7.782623055666357,1,0.5668873604966087
-0.3242641475753395,8.080816860698182,1,0.5668873604966087
-0.3239883174727659,7.488452717306909,1,0.5668873604966087
-0.3237126624448487,8.279496497950237,1,0.5668873604966087
-0.3234371822694823,7.615506665847622,1,0.5668873604966087
-0.3231618767249837,7.652354435338629,1,0.5668873604966087
-0.322886745590091,8.141532414908932,1,0.5668873604966087
-0.3226117886439626,8.476155694551224,1,0.5668873604966087
-0.3223370056661762,8.13994768169585,1,0.5668873604966087
-0.3220623964367274,7.589634693250637,1,0.5668873604966087
-0.3217879607360293,8.980146082870544,1,0.5668873604966087
-0.3215136983449105,8.209882161460708,1,0.5668873604966087
-0.3212396090446149,8.378909127586072,1,0.5668873604966087
-0.3209656926168002,8.76127482017095,1,0.5668873604966087
-0.320691948843537,8.7526487935654,1,0.5668873604966087
-0.3204183775073078,7.701941931766465,1,0.5668873604966087
-0.3201449783910057,8.365838379401312,1,0.5668873604966087
-0.3198717512779337,8.983016674694799,1,0.5668873604966087
-0.3195986959518037,8.080722739463363,1,0.5668873604966087
-0.319325812196735,7.735446569046069,1,0.5668873604966087
-0.3190530997972537,8.704531717309983,1,0.5668873604966087
-0.3187805585382917,8.748379224309927,1,0.5668873604966087
-0.3185081882051853,8.010012970717575,1,0.5668873604966087
-0.3182359885836746,8.164915009195797,1,0.5668873604966087
-0.3179639594599023,9.364321819949035,1,0.5668873604966087
-0.3176921006204126,9.318116436916492,1,0.5668873604966087
-0.3174204118521505,8.84574772139298,1,0.5668873604966087
-0.3171488929424604,8.027313585415023,1,0.5668873604966087
-0.3168775436790855,9.491101275427235,1,0.5668873604966087
-0.3166063638501664,9.183140233660064,1,0.5668873604966087
-0.3163353532442404,8.021566359425078,1,0.5668873604966087
-0.3160645116502405,9.148431328041012,1,0.5668873604966087
-0.3157938388574943,9.986089970272785,1,0.5668873604966087
-0.3155233346557231,8.78450267825486,1,0.5668873604966087
-0.3152529988350407,8.129547550663343,1,0.5668873604966087
-0.3149828311859527,10.228792639211647,1,0.5668873604966087
-0.3147128314993557,10.092985408711296,1,0.5668873604966087
-0.3144429995665355,10.724054187965075,1,0.5668873604966087
-0.3141733351791672,10.944536457685407,1,0.5668873604966087
-0.3139038381293134,10.118579725993424,1,0.5668873604966087
-0.3136345082094237,10.549596451512093,1,0.5668873604966087
-0.3133653452123336,9.00887970328907,1,0.5668873604966087
-0.3130963489312635,8.511656936213575,1,0.5668873604966087
-0.3128275191598179,9.691011582519016,1,0.5668873604966087
-0.3125588556919841,8.339336238142618,1,0.5668873604966087
-0.3122903583221317,8.135750576118491,1,0.5668873604966087
-0.3120220268450115,8.52616907755006,1,0.5668873604966087
-0.3117538610557543,8.978828672664473,1,0.5668873604966087
-0.3114858607498703,8.011651474925925,1,0.5668873604966087
-0.311218025723248,9.02600109258861,1,0.5668873604966087
-0.3109503557721533,9.222716053871569,1,0.5668873604966087
-0.3106828506932287,9.171433374479026,1,0.5668873604966087
-0.310415510283492,9.197356663558448,1,0.5668873604966087
-0.3101483343403358,8.732050281577024,1,0.5668873604966087
-0.3098813226615264,8.559192865657074,1,0.5668873604966087
-0.3096144750452028,8.721610127312092,1,0.5668873604966087
-0.3093477912898758,8.302906827494247,1,0.5668873604966087
-0.3090812711944274,8.826428973688012,1,0.5668873604966087
-0.3088149145581094,8.7984489797996,1,0.5668873604966087
-0.3085487211805429,8.310747047138802,1,0.5668873604966087
-0.308282690861717,7.994821092068533,1,0.5668873604966087
-0.3080168234019885,8.293400075953507,1,0.5668873604966087
-0.3077511186020803,7.086944295654954,1,0.5668873604966087
-0.307485576263081,8.494435631210616,1,0.5668873604966087
-0.3072201961864438,6.769280598328097,1,0.5668873604966087
-0.3069549781739855,8.597802143578456,1,0.5668873604966087
-0.3066899220278861,8.275186005066303,1,0.5668873604966087
-0.3064250275506873,6.974984818499392,1,0.5668873604966087
-0.306160294545292,8.068522424301838,1,0.5668873604966087
-0.3058957228149633,7.843775257020124,1,0.5668873604966087
-0.3056313121633235,8.267285948349649,1,0.5668873604966087
-0.3053670623943536,8.329392557874277,1,0.5668873604966087
-0.3051029733123921,8.136183195566263,1,0.5668873604966087
-0.3048390447221342,8.802137729693563,1,0.5668873604966087
-0.3045752764286308,5.856358993222042,1,0.5668873604966087
-0.3043116682372882,7.616792503488504,1,0.5668873604966087
-0.3040482199538665,8.281364414501278,1,0.5668873604966087
-0.3037849313844789,8.304907499599402,1,0.5668873604966087
-0.3035218023355916,8.425513244734251,1,0.5668873604966087
-0.3032588326140218,8.567612013938968,1,0.5668873604966087
-0.3029960220269377,8.278279656517167,1,0.5668873604966087
-0.3027333703818574,8.012258809649497,1,0.5668873604966087
-0.3024708774866477,8.43490137025784,1,0.5668873604966087
-0.3022085431495239,8.279122834005213,1,0.5668873604966087
-0.3019463671790485,7.420141770880653,1,0.5668873604966087
-0.3016843493841304,7.923888814385545,1,0.5668873604966087
-0.3014224895740245,8.365010475279082,1,0.5668873604966087
-0.3011607875583301,8.02214387412893,1,0.5668873604966087
-2.822168079368017,10.517722894408774,5,1.3603506813438675
-2.521138083704036,10.72879841255462,5,1.3603506813438675
-2.345046824648355,10.967707707535272,5,1.3603506813438675
-2.220108088040055,9.592928011366954,5,1.3603506813438675
-2.1231980750319988,10.537864781725112,5,1.3603506813438675
-2.0440168289843736,10.413590902635084,5,1.3603506813438675
-1.9770700393537608,9.396587751138163,5,1.3603506813438675
-1.919078092376074,9.883678992041096,5,1.3603506813438675
-1.8679255699286923,9.74872459545828,5,1.3603506813438675
-1.8221680793680173,9.985752249123053,5,1.3603506813438675
-1.7807753942097924,6.770397678373526,5,1.3603506813438675
-1.7429868333203926,9.82033341631144,5,1.3603506813438675
-1.7082247270611808,9.727930880852346,5,1.3603506813438675
-1.676040043689779,8.87288086993198,5,1.3603506813438675
-1.6460768203123362,9.13447082460615,5,1.3603506813438675
-1.6180480967120927,8.491804384398117,5,1.3603506813438675
-1.5917191579897434,7.507041469266786,5,1.3603506813438675
-1.5668955742647117,8.898020157310237,5,1.3603506813438675
-1.5434144784151884,8.199402718861409,5,1.3603506813438675
-1.5211380837040362,9.008042746011824,5,1.3603506813438675
-1.4999487846340982,9.489387960827749,5,1.3603506813438675
-1.479745398545811,6.592318357249711,5,1.3603506813438675
-1.4604402433504249,9.148765428247051,5,1.3603506813438675
-1.4419568376564114,9.111570152920082,5,1.3603506813438675
-1.4242280706959798,9.029405250254683,5,1.3603506813438675
-1.4071947313971995,8.381742506691165,5,1.3603506813438675
-1.39080431520903,8.857561552146224,5,1.3603506813438675
-1.3750100480257983,9.319336828470847,5,1.3603506813438675
-1.3597700814690614,7.908877207905764,5,1.3603506813438675
-1.3450468246483551,8.917029485542752,5,1.3603506813438675
-1.3308063855337449,8.91453418706952,5,1.3603506813438675
-1.3170181010481117,8.169637468821863,5,1.3603506813438675
-1.30365413949013,6.860131158856716,5,1.3603506813438675
-1.2906891623257624,7.274330290569961,5,1.3603506813438675
-1.2781000350177418,8.04804973079125,5,1.3603506813438675
-1.2658655786007302,8.872625632912971,5,1.3603506813438675
-1.2539663553010223,7.322152519837394,5,1.3603506813438675
-1.2423844827512074,8.74210109856872,5,1.3603506813438675
-1.2311034723415182,8.92231356527428,5,1.3603506813438675
-1.220108088040055,7.950203916954144,5,1.3603506813438675
-1.209384222648282,8.7210703342811,5,1.3603506813438675
-1.198918788970117,8.343678401193653,5,1.3603506813438675
-1.1886996237884309,8.900632522951962,5,1.3603506813438675
-1.17871540288183,7.296948273926152,5,1.3603506813438675
-1.1689555655926738,8.665889692510252,5,1.3603506813438675
-1.1594102476864434,8.860684822485368,5,1.3603506813438675
-1.1500702214323,7.752599199122135,5,1.3603506813438675
-1.1409268419924303,8.419432119439,5,1.3603506813438675
-1.131971999339504,8.089548636584928,5,1.3603506813438675
-1.1231980750319988,7.6362068524466205,5,1.3603506813438675
-1.1145979032700812,8.125468844719109,5,1.3603506813438675
-1.1061647357332185,6.994822126025635,5,1.3603506813438675
-1.0978922097672283,7.553447888652092,5,1.3603506813438675
-1.0897743195450489,8.967337722747306,5,1.3603506813438675
-1.0818053898737736,7.387350598973746,5,1.3603506813438675
-1.073980052361817,8.277101448207574,5,1.3603506813438675
-1.066293223695526,8.727044072802965,5,1.3603506813438675
-1.0587400858050802,8.634895871899788,5,1.3603506813438675
-1.0513160677258733,8.13773177134523,5,1.3603506813438675
-1.044016828984374,7.843017312639166,5,1.3603506813438675
-1.0368382443572504,9.009339369402996,5,1.3603506813438675
-1.0297763898697636,7.740581260272261,5,1.3603506813438675
-1.0228275299144358,8.030961282308768,5,1.3603506813438675
-1.0159881053841302,8.675472878558612,5,1.3603506813438675
-1.0092547227251618,7.884811717903777,5,1.3603506813438675
-1.0026241438261487,7.203067681902279,5,1.3603506813438675
-0.996093276667191,7.833089558164095,5,1.3603506813438675
-0.9896591666617812,7.679366438784799,5,1.3603506813438675
-0.9833189886307622,8.377578547142765,5,1.3603506813438675
-0.9770700393537606,7.6668456075751585,5,1.3603506813438675
-0.970909730648942,8.212811290702808,5,1.3603506813438675
-0.964835582936749,8.66189308896063,5,1.3603506813438675
-0.9588452192475616,8.186750366332484,5,1.3603506813438675
-0.9529363596370412,8.460057361261791,5,1.3603506813438675
-0.9471068159763174,8.378059358749413,5,1.3603506813438675
-0.941354487087226,8.645783200986635,5,1.3603506813438675
-0.9356773541955355,8.116569745357154,5,1.3603506813438675
-0.930073476677537,8.191031296908747,5,1.3603506813438675
-0.924540988077576,8.519534943422835,5,1.3603506813438675
-0.919078092376074,7.967542640037608,5,1.3603506813438675
-0.9136830604893678,8.020212914698241,5,1.3603506813438675
-0.9083542269843008,8.331692564600653,5,1.3603506813438675
-0.9030899869919436,7.708754480845363,5,1.3603506813438675
-0.8978887933061358,7.79683644358819,5,1.3603506813438675
-0.8927491536537246,7.224970939687394,5,1.3603506813438675
-0.8876696281244498,8.783173089910301,5,1.3603506813438675
-0.8826488267493989,7.655273089602379,5,1.3603506813438675
-0.8776854072178488,8.777926527363944,5,1.3603506813438675
-0.8727780727231047,9.195817479174655,5,1.3603506813438675
-0.8679255699286925,8.928181772261707,5,1.3603506813438675
-0.8631266870469239,9.236167301782366,5,1.3603506813438675
-0.8583802520224622,8.130447480291986,5,1.3603506813438675
-0.8536851308140823,10.486052524872749,5,1.3603506813438675
-0.8490402257683188,10.136687074012515,5,1.3603506813438675
-0.8444444740791697,10.502996096960914,5,1.3603506813438675
-0.8398968463284491,10.244006130860488,5,1.3603506813438675
-0.8353963451017725,9.434250656514358,5,1.3603506813438675
-0.8309420036755226,9.024219503814592,5,1.3603506813438675
-0.8265328847704676,9.449566686991826,5,1.3603506813438675
-0.8221680793680175,9.14015693981315,5,1.3603506813438675
-0.8178467055853749,9.08945844799577,5,1.3603506813438675
-0.8135679076061,8.86947855922161,5,1.3603506813438675
-0.8093308546628453,8.670105085140555,5,1.3603506813438675
-0.8051347400692371,8.931305785634759,5,1.3603506813438675
-0.8009787802980795,8.809579415286686,5,1.3603506813438675
-0.7968622141032472,8.777044010628694,5,1.3603506813438675
-0.7927843016828078,7.666981709949299,5,1.3603506813438675
-0.7887443238810679,8.243531103854584,5,1.3603506813438675
-0.7847415814273938,8.6022255361891,5,1.3603506813438675
-0.7807753942097925,8.462791318668298,5,1.3603506813438675
-0.7768451005813601,8.293720417309494,5,1.3603506813438675
-0.7729500566978358,8.85832405746987,5,1.3603506813438675
-0.7690896358845978,8.22625244253369,5,1.3603506813438675
-0.7652632280315449,7.943712580227054,5,1.3603506813438675
-0.7614702390144058,8.287527648883453,5,1.3603506813438675
-0.757710090141099,7.626815892380584,5,1.3603506813438675
-0.7539822176218558,8.595330904712117,5,1.3603506813438675
-0.750286072061892,7.898081638674362,5,1.3603506813438675
-0.7466211179754867,8.206413855773892,5,1.3603506813438675
-0.7429868333203926,8.868196114833125,5,1.3603506813438675
-0.7393827090515673,8.090318599913918,5,1.3603506813438675
-0.7358082486932692,7.466719644787036,5,1.3603506813438675
-0.7322629679286196,8.489400463437965,5,1.3603506813438675
-0.7287463942057824,8.49745040475311,5,1.3603506813438675
-0.725258066359961,7.328221220872681,5,1.3603506813438675
-0.7217975342504546,7.436351152555822,5,1.3603506813438675
-0.7183643584120606,9.06497758807195,5,1.3603506813438675
-0.7149581097201491,8.252878133071288,5,1.3603506813438675
-0.7115783690687685,6.63191125772556,5,1.3603506813438675
-0.7082247270611807,8.77620083376973,5,1.3603506813438675
-0.7048967837122532,7.760661722090322,5,1.3603506813438675
-0.7015941481621676,6.986603117135046,5,1.3603506813438675
-0.6983164384009317,8.076262800640714,5,1.3603506813438675
-0.6950632810032098,8.689321563429127,5,1.3603506813438675
-0.6918343108730114,8.5348711208462,5,1.3603506813438675
-0.6886291709978,7.320888778717197,5,1.3603506813438675
-0.6854475122116107,8.355653137412324,5,1.3603506813438675
-0.682288992966781,8.375363039585284,5,1.3603506813438675
-0.6791532791139223,7.19315413692499,5,1.3603506813438675
-0.6760400436897794,8.424949590621088,5,1.3603506813438675
-0.6729489667126376,7.401581035814426,5,1.3603506813438675
-0.669879734984961,8.285034328975,5,1.3603506813438675
-0.6668320419029556,8.205263527043478,5,1.3603506813438675
-0.6638055872727678,7.869456242360111,5,1.3603506813438675
-0.6608000771330426,8.615719661583706,5,1.3603506813438675
-0.6578152235835804,8.461599400935603,5,1.3603506813438675
-0.6548507446198414,8.511655619346335,5,1.3603506813438675
-0.65190636397306,7.95216920885578,5,1.3603506813438675
-0.6489818109557435,7.640793137674565,5,1.3603506813438675
-0.6460768203123363,8.501382559440884,5,1.3603506813438675
-0.643191132074848,7.745846697666878,5,1.3603506813438675
-0.6403244914232449,8.201910428205242,5,1.3603506813438675
-0.6374766485504186,9.054671334988647,5,1.3603506813438675
-0.6346473585315544,8.075683939274391,5,1.3603506813438675
-0.631836381197726,7.953906930378506,5,1.3603506813438675
-0.6290434810135559,8.858497861367153,5,1.3603506813438675
-0.6262684269587837,8.538488080573517,5,1.3603506813438675
-0.6235109924135949,7.888853891701234,5,1.3603506813438675
-0.620770955047566,7.997535598495157,5,1.3603506813438675
-0.6180480967120927,9.076886651686904,5,1.3603506813438675
-0.6153422033361677,7.914854702441559,5,1.3603506813438675
-0.6126530648253865,7.464083611783028,5,1.3603506813438675
-0.6099804749640597,8.835900948345794,5,1.3603506813438675
-0.6073242313203195,8.23405653987276,5,1.3603506813438675
-0.6046841351541112,7.9142184626189085,5,1.3603506813438675
-0.6020599913279624,7.276555042548966,5,1.3603506813438675
-0.5994516082204342,8.607222618522211,5,1.3603506813438675
-0.5968587976421547,8.751118204231865,5,1.3603506813438675
-0.594281374754344,7.996674982593872,5,1.3603506813438675
-0.5917191579897435,8.027833120160997,5,1.3603506813438675
-0.5891719689758637,8.808273840448818,5,1.3603506813438675
-0.5866396324604686,8.038474094155925,5,1.3603506813438675
-0.584121976239222,6.9821936734286325,5,1.3603506813438675
-0.5816188310854178,8.802068681245101,5,1.3603506813438675
-0.5791300306817231,9.130547940724249,5,1.3603506813438675
-0.5766554115538676,8.325452327325037,5,1.3603506813438675
-0.5741948130062108,7.994370762266211,5,1.3603506813438675
-0.5717480770591234,8.935424814849384,5,1.3603506813438675
-0.5693150483881243,8.025545504381608,5,1.3603506813438675
-0.5668955742647113,8.571719845637158,5,1.3603506813438675
-0.564489504498833,8.645648299857436,5,1.3603506813438675
-0.5620966913829426,9.235279310297532,5,1.3603506813438675
-0.559716989637588,8.848667266886373,5,1.3603506813438675
-0.557350256358481,8.930255300086756,5,1.3603506813438675
-0.5549963509650037,9.78777462985054,5,1.3603506813438675
-0.5526551351501011,9.735095859911295,5,1.3603506813438675
-0.5503264728315185,10.270923587853112,5,1.3603506813438675
-0.5480102301043376,10.533223498676794,5,1.3603506813438675
-0.5457062751947733,9.345095740801034,5,1.3603506813438675
-0.5434144784151885,10.870900114008888,5,1.3603506813438675
-0.54113471212029,10.128035196017622,5,1.3603506813438675
-0.5388668506644678,10.363266567130209,5,1.3603506813438675
-0.5366107703602437,10.296141453732638,5,1.3603506813438675
-0.5343663494377914,9.782265091254189,5,1.3603506813438675
-0.5321334680054995,9.38805057132198,5,1.3603506813438675
-0.5299120080115414,9.54999886775141,5,1.3603506813438675
-0.5277018532064245,8.866026159767747,5,1.3603506813438675
-0.5255028891064863,8.081152313846841,5,1.3603506813438675
-0.5233150029583108,8.04175107411034,5,1.3603506813438675
-0.5211380837040362,9.555554856878128,5,1.3603506813438675
-0.5189720219475287,8.724798703022824,5,1.3603506813438675
-0.5168167099213937,8.255668201663253,5,1.3603506813438675
-0.5146720414548045,9.329398989941836,5,1.3603506813438675
-0.5125379119421187,8.051170352943425,5,1.3603506813438675
-0.5104142183122632,7.024275247116548,5,1.3603506813438675
-0.508300858998864,7.881603387646024,5,1.3603506813438675
-0.5061977339110997,8.817535581384977,5,1.3603506813438675
-0.504104744405256,7.513402495713936,5,1.3603506813438675
-0.5020217932569635,8.15308017384882,5,1.3603506813438675
-0.4999487846340982,8.917034189404411,5,1.3603506813438675
-0.4978856240703248,8.056651336467894,5,1.3603506813438675
-0.495832218439266,8.334307281192512,5,1.3603506813438675
-0.4937884759292797,8.54339654873382,5,1.3603506813438675
-0.4917543060188266,7.229478040222694,5,1.3603506813438675
-0.4897296194524121,8.67824050257279,5,1.3603506813438675
-0.4877143282170866,8.25087222964061,5,1.3603506813438675
-0.4857083455194879,8.476390420498912,5,1.3603506813438675
-0.4837115857634126,8.591279678417255,5,1.3603506813438675
-0.4817239645278992,8.669816447270186,5,1.3603506813438675
-0.4797453985458112,8.678831189460372,5,1.3603506813438675
-0.4777758056829068,8.35888101015051,5,1.3603506813438675
-0.4758151049173789,8.833042640557506,5,1.3603506813438675
-0.4738632163198568,7.830759582870319,5,1.3603506813438675
-0.4719200610338546,8.432715652604166,5,1.3603506813438675
-0.469985561256655,8.545003048494133,5,1.3603506813438675
-0.4680596402206165,8.631164784922959,5,1.3603506813438675
-0.4661422221748947,8.70585013153171,5,1.3603506813438675
-0.4642332323675637,8.485316900042454,5,1.3603506813438675
-0.4623325970281294,8.660015230359779,5,1.3603506813438675
-0.4604402433504245,8.110229221670808,5,1.3603506813438675
-0.4585560994758731,8.19079666653511,5,1.3603506813438675
-0.4566800944771177,7.591919229022088,5,1.3603506813438675
-0.4548121583419985,8.50764228055516,5,1.3603506813438675
-0.4529522219578746,8.631245614327748,5,1.3603506813438675
-0.4511002170962812,6.040886284965473,5,1.3603506813438675
-0.4492560763979109,8.355141870268112,5,1.3603506813438675
-0.4474197333579136,8.33743915783801,5,1.3603506813438675
-0.4455911223115055,7.217328718961945,5,1.3603506813438675
-0.4437701784198797,8.352536892414857,5,1.3603506813438675
-0.4419568376564114,8.691576864480432,5,1.3603506813438675
-0.4401510367931491,8.596025501367539,5,1.3603506813438675
-0.4383527133875862,8.52338720990603,5,1.3603506813438675
-0.4365618057697052,8.91454821084327,5,1.3603506813438675
-0.4347782530292881,7.9872476370873,5,1.3603506813438675
-0.433001995003485,8.575306082219534,5,1.3603506813438675
-0.4312329722646383,8.81229468525691,5,1.3603506813438675
-0.4294711261083517,8.885977060506342,5,1.3603506813438675
-0.4277163985418012,8.82369154487453,5,1.3603506813438675
-0.4259687322722811,8.615908633212976,5,1.3603506813438675
-0.4242280706959798,9.267455911059,5,1.3603506813438675
-0.4224943578869793,8.550172471672852,5,1.3603506813438675
-0.4207675385864734,8.767621328807717,5,1.3603506813438675
-0.4190475581921995,8.955674415881218,5,1.3603506813438675
-0.4173343627480794,8.84722962028219,5,1.3603506813438675
-0.4156278989340623,8.93336244885544,5,1.3603506813438675
-0.4139281140561679,7.915068755912714,5,1.3603506813438675
-0.4122349560367229,9.23498858025057,5,1.3603506813438675
-0.4105483734047873,9.05411699866791,5,1.3603506813438675
-0.4088683152867656,8.391716623677075,5,1.3603506813438675
-0.4071947313971994,9.10787233279742,5,1.3603506813438675
-0.4055275720297365,8.961532964920673,5,1.3603506813438675
-0.403866788048272,8.637938220964198,5,1.3603506813438675
-0.4022123308782596,8.33896742430925,5,1.3603506813438675
-0.4005641524981864,8.221495703492259,5,1.3603506813438675
-0.3989222054312096,9.435640600557978,5,1.3603506813438675
-0.3972864427369504,7.125232134717725,5,1.3603506813438675
-0.3956568180034422,9.077359517337268,5,1.3603506813438675
-0.3940332853392286,9.673629581772373,5,1.3603506813438675
-0.3924157993656094,9.042996217901,5,1.3603506813438675
-0.3908043152090302,8.833779669300538,5,1.3603506813438675
-0.3891987884936117,9.135184405218409,5,1.3603506813438675
-0.3875991753338187,9.530928544205008,5,1.3603506813438675
-0.3860054323272615,9.054515508962195,5,1.3603506813438675
-0.3844175165476295,9.177187309327916,5,1.3603506813438675
-0.3828353855377548,9.819980841423718,5,1.3603506813438675
-0.3812589973027998,9.716722171417054,5,1.3603506813438675
-0.3796883103035689,9.214076211040288,5,1.3603506813438675
-0.3781232834499411,9.651718631585425,5,1.3603506813438675
-0.3765638760944199,10.026495450042724,5,1.3603506813438675
-0.3750100480257982,10.618024589828403,5,1.3603506813438675
-0.3734617594629376,9.975293850851587,5,1.3603506813438675
-0.3719189710486564,10.48592440042328,5,1.3603506813438675
-0.3703816438437272,11.70649494834217,5,1.3603506813438675
-0.3688497393209797,10.590881380385538,5,1.3603506813438675
-0.3673232193595073,11.324422617177872,5,1.3603506813438675
-0.3658020462389744,11.81400063814496,5,1.3603506813438675
-0.3642861826340251,11.183226240716555,5,1.3603506813438675
-0.3627755916087866,10.60825136220319,5,1.3603506813438675
-0.3612702366114696,10.490558371491154,5,1.3603506813438675
-0.3597700814690613,10.329951337898764,5,1.3603506813438675
-0.3582750903821102,10.283736419416798,5,1.3603506813438675
-0.3567852279195991,8.676245927560823,5,1.3603506813438675
-0.355300459013908,9.755710255825676,5,1.3603506813438675
-0.3538207489558602,9.967614223970935,5,1.3603506813438675
-0.3523460633898544,10.096292662274578,5,1.3603506813438675
-0.3508763683090788,8.909817467023165,5,1.3603506813438675
-0.3494116300508051,9.28044591669155,5,1.3603506813438675
-0.3479518152917622,10.17296824754791,5,1.3603506813438675
-0.3464968910435878,7.929225835061879,5,1.3603506813438675
-0.345046824648355,8.95993435748059,5,1.3603506813438675
-0.3436015837741741,9.851672659647347,5,1.3603506813438675
-0.3421611364108668,9.287439048923536,5,1.3603506813438675
-0.3407254508657125,8.166040344489456,5,1.3603506813438675
-0.3392944957592637,9.306047216082687,5,1.3603506813438675
-0.3378682400212316,9.393441839206217,5,1.3603506813438675
-0.3364466528864375,9.063794508052569,5,1.3603506813438675
-0.335029703890831,8.61880811168247,5,1.3603506813438675
-0.3336173628675731,8.905344524330696,5,1.3603506813438675
-0.3322095999431828,9.198833705970864,5,1.3603506813438675
-0.3308063855337447,8.926405987339834,5,1.3603506813438675
-0.3294076903411799,7.977984221040634,5,1.3603506813438675
-0.3280134853495747,8.701599539953023,5,1.3603506813438675
-0.3266237418215689,9.400424813053307,5,1.3603506813438675
-0.3252384312948025,8.433320623677359,5,1.3603506813438675
-0.3238575255784169,8.761944915186556,5,1.3603506813438675
-0.3224809967496136,9.418016313501322,5,1.3603506813438675
-0.3211088171502659,8.582014348607341,5,1.3603506813438675
-0.3197409593835848,8.950152521460428,5,1.3603506813438675
-0.3183773963108363,8.917718632837731,5,1.3603506813438675
-0.3170181010481115,8.23100211559194,5,1.3603506813438675
-0.3156630469631454,8.879081243906962,5,1.3603506813438675
-0.3143122076721865,8.810085879513863,5,1.3603506813438675
-0.3129655570369146,8.269450472162966,5,1.3603506813438675
-0.3116230691614053,8.564467948193018,5,1.3603506813438675
-0.310284718389143,8.555645603727784,5,1.3603506813438675
-0.3089504793000784,8.286670340010604,5,1.3603506813438675
-0.3076203267077314,9.252264879208877,5,1.3603506813438675
-0.3062942356563384,9.0979027546431,5,1.3603506813438675
-0.3049721814180432,8.91620868972542,5,1.3603506813438675
-0.30365413949013,9.418483638871177,5,1.3603506813438675
-0.3023400855922987,9.203395817313847,5,1.3603506813438675
-0.3010299956639812,6.750809478804911,5,1.3603506813438675
-2.521138083704036,10.819618143211418,10,1.449692114852856
-2.220108088040055,11.028023682777016,10,1.449692114852856
-2.0440168289843736,11.269791548712794,10,1.449692114852856
-1.919078092376074,9.90107678911622,10,1.449692114852856
-1.8221680793680173,10.835300565940075,10,1.449692114852856
-1.7429868333203926,10.716207655352624,10,1.449692114852856
-1.676040043689779,9.695578197571134,10,1.449692114852856
-1.6180480967120927,10.178891675747243,10,1.449692114852856
-1.5668955742647117,10.042299646463787,10,1.449692114852856
-1.5211380837040362,10.290801113586992,10,1.449692114852856
-1.479745398545811,7.03616732266651,10,1.449692114852856
-1.4419568376564114,10.123985689451349,10,1.449692114852856
-1.4071947313971995,10.013273457644065,10,1.449692114852856
-1.3750100480257983,9.229980047694848,10,1.449692114852856
-1.3450468246483551,9.456287931170053,10,1.449692114852856
-1.3170181010481117,8.584975370109479,10,1.449692114852856
-1.2906891623257624,8.016863691285915,10,1.449692114852856
-1.2658655786007302,9.192398921904932,10,1.449692114852856
-1.2423844827512074,8.758336879625192,10,1.449692114852856
-1.220108088040055,9.257150590444787,10,1.449692114852856
-1.198918788970117,9.775886154633492,10,1.449692114852856
-1.17871540288183,7.141553137526127,10,1.449692114852856
-1.1594102476864434,9.422650799859214,10,1.449692114852856
-1.1409268419924303,9.34983116679648,10,1.449692114852856
-1.1231980750319988,9.30456569118788,10,1.449692114852856
-1.1061647357332185,8.593299670753556,10,1.449692114852856
-1.0897743195450489,9.30151018809616,10,1.449692114852856
-1.073980052361817,9.541380732675112,10,1.449692114852856
-1.0587400858050802,8.327409652259357,10,1.449692114852856
-1.044016828984374,9.379253581811938,10,1.449692114852856
-1.0297763898697636,8.828680066571465,10,1.449692114852856
-1.0159881053841302,8.738926741334655,10,1.449692114852856
-1.0026241438261487,7.408595450446996,10,1.449692114852856
-0.9896591666617812,8.687160467035293,10,1.449692114852856
-0.9770700393537606,7.390570119025895,10,1.449692114852856
-0.964835582936749,9.046869214542951,10,1.449692114852856
-0.9529363596370412,9.050653404107235,10,1.449692114852856
-0.941354487087226,9.051277190811074,10,1.449692114852856
-0.930073476677537,8.814882214353634,10,1.449692114852856
-0.919078092376074,8.012010521426099,10,1.449692114852856
-0.9083542269843008,9.043363238357935,10,1.449692114852856
-0.8978887933061358,9.44994680822379,10,1.449692114852856
-0.8876696281244498,9.585754753374236,10,1.449692114852856
-0.8776854072178488,9.488050078024015,10,1.449692114852856
-0.8679255699286925,10.33100219685404,10,1.449692114852856
-0.8583802520224622,10.707997483167317,10,1.449692114852856
-0.8490402257683188,10.292029610564626,10,1.449692114852856
-0.8398968463284491,9.222018956577577,10,1.449692114852856
-0.8309420036755226,10.76679039316506,10,1.449692114852856
-0.8221680793680175,9.382825210344349,10,1.449692114852856
-0.8135679076061,8.464001793407807,10,1.449692114852856
-0.8051347400692371,9.685394720380302,10,1.449692114852856
-0.7968622141032472,9.29373681650518,10,1.449692114852856
-0.7887443238810679,9.589256611881693,10,1.449692114852856
-0.7807753942097925,8.6611763450045,10,1.449692114852856
-0.7729500566978358,9.126717089912145,10,1.449692114852856
-0.7652632280315449,9.55296698434706,10,1.449692114852856
-0.757710090141099,8.389089427625386,10,1.449692114852856
-0.750286072061892,8.851654017767867,10,1.449692114852856
-0.7429868333203926,8.70048181153356,10,1.449692114852856
-0.7358082486932692,9.44376298911634,10,1.449692114852856
-0.7287463942057824,8.540481215752472,10,1.449692114852856
-0.7217975342504546,7.166100944289145,10,1.449692114852856
-0.7149581097201491,9.509253524404404,10,1.449692114852856
-0.7082247270611807,8.646899702024196,10,1.449692114852856
-0.7015941481621676,7.585111484705894,10,1.449692114852856
-0.6950632810032098,9.058582743845896,10,1.449692114852856
-0.6886291709978,8.207396754323579,10,1.449692114852856
-0.682288992966781,8.8643338549784,10,1.449692114852856
-0.6760400436897794,8.18871674233055,10,1.449692114852856
-0.669879734984961,8.774125155710411,10,1.449692114852856
-0.6638055872727678,9.28460191138928,10,1.449692114852856
-0.6578152235835804,8.168501173000637,10,1.449692114852856
-0.65190636397306,8.914341680640138,10,1.449692114852856
-0.6460768203123363,9.042271389664617,10,1.449692114852856
-0.6403244914232449,9.011050584560792,10,1.449692114852856
-0.6346473585315544,8.384507610316108,10,1.449692114852856
-0.6290434810135559,7.536099052633733,10,1.449692114852856
-0.6235109924135949,9.186664295338208,10,1.449692114852856
-0.6180480967120927,8.389271246239284,10,1.449692114852856
-0.6126530648253865,8.602509330956664,10,1.449692114852856
-0.6073242313203195,9.247336704634916,10,1.449692114852856
-0.6020599913279624,8.59304823391023,10,1.449692114852856
-0.5968587976421547,8.70534365652985,10,1.449692114852856
-0.5917191579897435,8.576249449021477,10,1.449692114852856
-0.5866396324604686,8.53431885100063,10,1.449692114852856
-0.5816188310854178,8.406385777304497,10,1.449692114852856
-0.5766554115538676,9.005039172468669,10,1.449692114852856
-0.5717480770591234,9.50765172821652,10,1.449692114852856
-0.5668955742647113,9.138770787562764,10,1.449692114852856
-0.5620966913829426,9.374368468914756,10,1.449692114852856
-0.557350256358481,8.891838399339765,10,1.449692114852856
-0.5526551351501011,10.670828619344434,10,1.449692114852856
-0.5480102301043376,10.338719580668949,10,1.449692114852856
-0.5434144784151885,10.747102850480935,10,1.449692114852856
-0.5388668506644678,10.45327708813845,10,1.449692114852856
-0.5343663494377914,9.646287151987025,10,1.449692114852856
-0.5299120080115414,9.44299389143056,10,1.449692114852856
-0.5255028891064863,9.740665550533144,10,1.449692114852856
-0.5211380837040362,9.272676367159034,10,1.449692114852856
-0.5168167099213937,9.177308217429916,10,1.449692114852856
-0.5125379119421187,8.992769869036369,10,1.449692114852856
-0.508300858998864,8.953391543597775,10,1.449692114852856
-0.504104744405256,9.274409837042963,10,1.449692114852856
-0.4999487846340982,9.260866692946184,10,1.449692114852856
-0.495832218439266,9.29348344973775,10,1.449692114852856
-0.4917543060188266,7.843094750241897,10,1.449692114852856
-0.4877143282170866,7.81807637517618,10,1.449692114852856
-0.4837115857634126,8.92576841228309,10,1.449692114852856
-0.4797453985458112,8.163564932020702,10,1.449692114852856
-0.4758151049173789,8.575065081991605,10,1.449692114852856
-0.4719200610338546,9.34417679032602,10,1.449692114852856
-0.4680596402206165,8.758734109183969,10,1.449692114852856
-0.4642332323675637,8.347495538806099,10,1.449692114852856
-0.4604402433504245,8.816212902299098,10,1.449692114852856
-0.4566800944771177,8.46613430356113,10,1.449692114852856
-0.4529522219578746,7.771008695601914,10,1.449692114852856
-0.4492560763979109,7.787627643524529,10,1.449692114852856
-0.4455911223115055,8.921964797521728,10,1.449692114852856
-0.4419568376564114,8.854088604159786,10,1.449692114852856
-0.4383527133875862,8.49168047338734,10,1.449692114852856
-0.4347782530292881,8.90578368457708,10,1.449692114852856
-0.4312329722646383,8.610355486517417,10,1.449692114852856
-0.4277163985418012,8.431395890559617,10,1.449692114852856
-0.4242280706959798,8.412505856355303,10,1.449692114852856
-0.4207675385864734,6.593073037013535,10,1.449692114852856
-0.4173343627480794,9.24961073867436,10,1.449692114852856
-0.4139281140561679,7.877601926133012,10,1.449692114852856
-0.4105483734047873,9.137521126669537,10,1.449692114852856
-0.4071947313971994,9.0282232239552,10,1.449692114852856
-0.403866788048272,8.562328359516332,10,1.449692114852856
-0.4005641524981864,9.334871604318062,10,1.449692114852856
-0.3972864427369504,8.622902700547565,10,1.449692114852856
-0.3940332853392286,9.070510547919032,10,1.449692114852856
-0.3908043152090302,6.826961624745518,10,1.449692114852856
-0.3875991753338187,9.391548925355275,10,1.449692114852856
-0.3844175165476295,9.322743931334008,10,1.449692114852856
-0.3812589973027998,9.540038896167346,10,1.449692114852856
-0.3781232834499411,10.200287979793565,10,1.449692114852856
-0.3750100480257982,10.322926607573692,10,1.449692114852856
-0.3719189710486564,10.019456527689822,10,1.449692114852856
-0.3688497393209797,10.801479099108182,10,1.449692114852856
-0.3658020462389744,9.47569748885238,10,1.449692114852856
-0.3627755916087866,10.40932739544052,10,1.449692114852856
-0.3597700814690613,10.1173776711364,10,1.449692114852856
-0.3567852279195991,9.597641113492829,10,1.449692114852856
-0.3538207489558602,9.712493372976194,10,1.449692114852856
-0.3508763683090788,8.619225028075181,10,1.449692114852856
-0.3479518152917622,8.995736906295289,10,1.449692114852856
-0.345046824648355,9.505836302683328,10,1.449692114852856
-0.3421611364108668,8.834484100014016,10,1.449692114852856
-0.3392944957592637,7.636072050511778,10,1.449692114852856
-0.3364466528864375,8.991465387464004,10,1.449692114852856
-0.3336173628675731,9.181327876989748,10,1.449692114852856
-0.3308063855337447,8.530423585236152,10,1.449692114852856
-0.3280134853495747,9.018345556727352,10,1.449692114852856
-0.3252384312948025,9.355696589822436,10,1.449692114852856
-0.3224809967496136,9.020679099845504,10,1.449692114852856
-0.3197409593835848,7.977212983084754,10,1.449692114852856
-0.3170181010481115,8.89772378522429,10,1.449692114852856
-0.3143122076721865,9.056558491890565,10,1.449692114852856
-0.3116230691614053,8.063459787923236,10,1.449692114852856
-0.3089504793000784,8.647284976098502,10,1.449692114852856
-0.3062942356563384,9.111227666305824,10,1.449692114852856
-0.30365413949013,8.852104605756038,10,1.449692114852856
-0.3010299956639812,5.635558015406678,10,1.449692114852856
-1.8195439355418688,11.533322701534482,50,0.7474193772792966
-1.5185139398778875,11.76004149972844,50,0.7474193772792966
-1.3424226808222062,11.946268849648886,50,0.7474193772792966
-1.2174839442139065,10.563376006117371,50,0.7474193772792966
-1.1205739312058498,11.58602336935208,50,0.7474193772792966
-1.041392685158225,11.350351226377072,50,0.7474193772792966
-0.9744458955276118,10.503753146064916,50,0.7474193772792966
-0.9164539485499252,10.983501561704626,50,0.7474193772792966
-0.8653014261025438,10.908391214916556,50,0.7474193772792966
-0.8195439355418687,10.974884271420152,50,0.7474193772792966
-0.7781512503836436,8.972072236197194,50,0.7474193772792966
-0.7403626894942439,10.800749106604874,50,0.7474193772792966
-0.7056005832350319,10.633428941586008,50,0.7474193772792966
-0.6734158998636306,9.675918155722414,50,0.7474193772792966
-0.6434526764861874,10.133333435410064,50,0.7474193772792966
-0.6154239528859439,8.164001221322891,50,0.7474193772792966
-0.5890950141635947,10.424849466185604,50,0.7474193772792966
-0.5642714304385626,9.561980258868774,50,0.7474193772792966
-0.5407903345890397,9.0653159092499,50,0.7474193772792966
-0.5185139398778875,10.875884538724186,50,0.7474193772792966
-0.4973246408079494,10.678239496915213,50,0.7474193772792966
-0.4771212547196624,9.503880251362206,50,0.7474193772792966
-0.4578160995242757,10.571126524488834,50,0.7474193772792966
-0.4393326938302626,10.276800472074932,50,0.7474193772792966
-0.421603926869831,9.376907611156843,50,0.7474193772792966
-0.4045705875710507,10.486975344696363,50,0.7474193772792966
-0.3881801713828813,9.856334919961178,50,0.7474193772792966
-0.3723859041996494,10.09672796309829,50,0.7474193772792966
-0.3571459376429126,10.516150539400847,50,0.7474193772792966
-0.3424226808222061,10.327634833632498,50,0.7474193772792966
-0.3281822417075959,9.66288650623986,50,0.7474193772792966
-0.3143939572219626,8.66057043002652,50,0.7474193772792966
-0.3010299956639812,8.762198492254095,50,0.7474193772792966
-1.5185139398778875,11.834013508436072,100,0.0628183553019184
-1.2174839442139065,12.063865233529478,100,0.0628183553019184
-1.041392685158225,12.257571112180765,100,0.0628183553019184
-0.9164539485499252,10.981569289731535,100,0.0628183553019184
-0.8195439355418687,11.890656087907937,100,0.0628183553019184
-0.7403626894942439,11.659934813362488,100,0.0628183553019184
-0.6734158998636306,11.004594948231494,100,0.0628183553019184
-0.6154239528859439,11.26668361228494,100,0.0628183553019184
-0.5642714304385626,11.299891350791324,100,0.0628183553019184
-0.5185139398778875,11.392748857148527,100,0.0628183553019184
-0.4771212547196624,9.727710833307183,100,0.0628183553019184
-0.4393326938302626,11.33353508840101,100,0.0628183553019184
-0.4045705875710507,11.0249591641552,100,0.0628183553019184
-0.3723859041996494,10.05230252604059,100,0.0628183553019184
-0.3424226808222061,10.506557340578404,100,0.0628183553019184
-0.3143939572219626,10.451344167342608,100,0.0628183553019184
-0.7781512503836436,12.47907163727004,500,
-0.4771212547196625,12.926549719270588,500,
-0.3010299956639812,12.559607157073334,500,
-0.4771212547196625,12.875510291001149,1000,
