label,value,cdf
lan-gateway-10s,60,0.0
lan-gateway-10s,60,4.026737537247322e-05
lan-gateway-10s,60,8.053475074494645e-05
lan-gateway-10s,60,0.00012080212611741966
lan-gateway-10s,60,0.0001610695014898929
lan-gateway-10s,60,0.00020133687686236612
lan-gateway-10s,60,0.00024160425223483932
lan-gateway-10s,60,0.0002818716276073126
lan-gateway-10s,60,0.0003221390029797858
lan-gateway-10s,60,0.000362406378352259
lan-gateway-10s,60,0.00040267375372473224
lan-gateway-10s,60,0.00044294112909720545
lan-gateway-10s,60,0.00048320850446967865
lan-gateway-10s,60,0.0005234758798421519
lan-gateway-10s,60,0.0005637432552146252
lan-gateway-10s,60,0.0006040106305870984
lan-gateway-10s,60,0.0006442780059595716
lan-gateway-10s,60,0.0006845453813320448
lan-gateway-10s,60,0.000724812756704518
lan-gateway-10s,60,0.0007650801320769912
lan-gateway-10s,60,0.0008053475074494645
lan-gateway-10s,60,0.0008456148828219377
lan-gateway-10s,60,0.0008858822581944109
lan-gateway-10s,60,0.0009261496335668841
lan-gateway-10s,60,0.0009664170089393573
lan-gateway-10s,60,0.0010066843843118305
lan-gateway-10s,60,0.0010469517596843037
lan-gateway-10s,60,0.001087219135056777
lan-gateway-10s,60,0.0011274865104292503
lan-gateway-10s,60,0.0011677538858017235
lan-gateway-10s,60,0.0012080212611741967
lan-gateway-10s,60,0.00124828863654667
lan-gateway-10s,60,0.0012885560119191431
lan-gateway-10s,60,0.0013288233872916163
lan-gateway-10s,60,0.0013690907626640895
lan-gateway-10s,60,0.0014093581380365627
lan-gateway-10s,60,0.001449625513409036
lan-gateway-10s,60,0.0014898928887815091
lan-gateway-10s,60,0.0015301602641539824
lan-gateway-10s,60,0.0015704276395264558
lan-gateway-10s,60,0.001610695014898929
lan-gateway-10s,60,0.0016509623902714022
lan-gateway-10s,60,0.0016912297656438754
lan-gateway-10s,60,0.0017314971410163486
lan-gateway-10s,60,0.0017717645163888218
lan-gateway-10s,60,0.001812031891761295
lan-gateway-10s,60,0.0018522992671337682
lan-gateway-10s,60,0.0018925666425062414
lan-gateway-10s,60,0.0019328340178787146
lan-gateway-10s,60,0.001973101393251188
lan-gateway-10s,60,0.002013368768623661
lan-gateway-10s,60,0.002053636143996134
lan-gateway-10s,60,0.0020939035193686074
lan-gateway-10s,60,0.0021341708947410806
lan-gateway-10s,60,0.002174438270113554
lan-gateway-10s,60,0.002214705645486027
lan-gateway-10s,60,0.0022549730208585007
lan-gateway-10s,60,0.002295240396230974
lan-gateway-10s,60,0.002335507771603447
lan-gateway-10s,60,0.0023757751469759203
lan-gateway-10s,60,0.0024160425223483935
lan-gateway-10s,60,0.0024563098977208667
lan-gateway-10s,60,0.00249657727309334
lan-gateway-10s,60,0.002536844648465813
lan-gateway-10s,60,0.0025771120238382863
lan-gateway-10s,60,0.0026173793992107595
lan-gateway-10s,60,0.0026576467745832327
lan-gateway-10s,60,0.002697914149955706
lan-gateway-10s,60,0.002738181525328179
lan-gateway-10s,60,0.0027784489007006523
lan-gateway-10s,60,0.0028187162760731255
lan-gateway-10s,60,0.0028589836514455987
lan-gateway-10s,60,0.002899251026818072
lan-gateway-10s,60,0.002939518402190545
lan-gateway-10s,60,0.0029797857775630183
lan-gateway-10s,60,0.0030200531529354915
lan-gateway-10s,60,0.0030603205283079647
lan-gateway-10s,60,0.003100587903680438
lan-gateway-10s,60,0.0031408552790529115
lan-gateway-10s,60,0.0031811226544253847
lan-gateway-10s,60,0.003221390029797858
lan-gateway-10s,60,0.003261657405170331
lan-gateway-10s,60,0.0033019247805428044
lan-gateway-10s,60,0.0033421921559152776
lan-gateway-10s,60,0.0033824595312877508
lan-gateway-10s,60,0.003422726906660224
lan-gateway-10s,60,0.003462994282032697
lan-gateway-10s,60,0.0035032616574051704
lan-gateway-10s,60,0.0035435290327776436
lan-gateway-10s,60,0.0035837964081501168
lan-gateway-10s,60,0.00362406378352259
lan-gateway-10s,60,0.003664331158895063
lan-gateway-10s,60,0.0037045985342675364
lan-gateway-10s,60,0.0037448659096400096
lan-gateway-10s,60,0.003785133285012483
lan-gateway-10s,60,0.003825400660384956
lan-gateway-10s,60,0.003865668035757429
lan-gateway-10s,60,0.0039059354111299024
lan-gateway-10s,60,0.003946202786502376
lan-gateway-10s,60,0.003986470161874849
lan-gateway-10s,60,0.004026737537247322
lan-gateway-10s,60,0.004067004912619796
lan-gateway-10s,60,0.004107272287992268
lan-gateway-10s,60,0.004147539663364742
lan-gateway-10s,60,0.004187807038737215
lan-gateway-10s,60,0.0042280744141096884
lan-gateway-10s,60,0.004268341789482161
lan-gateway-10s,60,0.004308609164854635
lan-gateway-10s,60,0.004348876540227108
lan-gateway-10s,60,0.004389143915599581
lan-gateway-10s,60,0.004429411290972054
lan-gateway-10s,60,0.004469678666344528
lan-gateway-10s,60,0.004509946041717001
lan-gateway-10s,60,0.004550213417089474
lan-gateway-10s,60,0.004590480792461948
lan-gateway-10s,60,0.0046307481678344205
lan-gateway-10s,60,0.004671015543206894
lan-gateway-10s,60,0.004711282918579367
lan-gateway-10s,60,0.0047515502939518405
lan-gateway-10s,60,0.004791817669324313
lan-gateway-10s,60,0.004832085044696787
lan-gateway-10s,60,0.00487235242006926
lan-gateway-10s,60,0.004912619795441733
lan-gateway-10s,60,0.004952887170814206
lan-gateway-10s,60,0.00499315454618668
lan-gateway-10s,60,0.0050334219215591525
lan-gateway-10s,60,0.005073689296931626
lan-gateway-10s,60,0.005113956672304099
lan-gateway-10s,60,0.0051542240476765725
lan-gateway-10s,60,0.005194491423049045
lan-gateway-10s,60,0.005234758798421519
lan-gateway-10s,60,0.005275026173793992
lan-gateway-10s,60,0.005315293549166465
lan-gateway-10s,60,0.005355560924538938
lan-gateway-10s,60,0.005395828299911412
lan-gateway-10s,60,0.005436095675283885
lan-gateway-10s,60,0.005476363050656358
lan-gateway-10s,60,0.005516630426028832
lan-gateway-10s,60,0.005556897801401305
lan-gateway-10s,60,0.005597165176773778
lan-gateway-10s,60,0.005637432552146251
lan-gateway-10s,60,0.005677699927518725
lan-gateway-10s,60,0.005717967302891197
lan-gateway-10s,60,0.005758234678263671
lan-gateway-10s,60,0.005798502053636144
lan-gateway-10s,60,0.005838769429008617
lan-gateway-10s,60,0.00587903680438109
lan-gateway-10s,60,0.005919304179753564
lan-gateway-10s,60,0.005959571555126037
lan-gateway-10s,60,0.00599983893049851
lan-gateway-10s,60,0.006040106305870983
lan-gateway-10s,60,0.006080373681243457
lan-gateway-10s,60,0.006120641056615929
lan-gateway-10s,60,0.006160908431988403
lan-gateway-10s,60,0.006201175807360876
lan-gateway-10s,60,0.0062414431827333494
lan-gateway-10s,60,0.006281710558105823
lan-gateway-10s,60,0.006321977933478296
lan-gateway-10s,60,0.0063622453088507695
lan-gateway-10s,60,0.006402512684223242
lan-gateway-10s,60,0.006442780059595716
lan-gateway-10s,60,0.006483047434968189
lan-gateway-10s,60,0.006523314810340662
lan-gateway-10s,60,0.006563582185713135
lan-gateway-10s,60,0.006603849561085609
lan-gateway-10s,60,0.0066441169364580815
lan-gateway-10s,60,0.006684384311830555
lan-gateway-10s,60,0.006724651687203028
lan-gateway-10s,60,0.0067649190625755015
lan-gateway-10s,60,0.006805186437947974
lan-gateway-10s,60,0.006845453813320448
lan-gateway-10s,60,0.006885721188692921
lan-gateway-10s,60,0.006925988564065394
lan-gateway-10s,60,0.006966255939437867
lan-gateway-10s,60,0.007006523314810341
lan-gateway-10s,60,0.0070467906901828135
lan-gateway-10s,60,0.007087058065555287
lan-gateway-10s,60,0.00712732544092776
lan-gateway-10s,60,0.0071675928163002335
lan-gateway-10s,60,0.007207860191672707
lan-gateway-10s,60,0.00724812756704518
lan-gateway-10s,60,0.007288394942417654
lan-gateway-10s,60,0.007328662317790126
lan-gateway-10s,60,0.0073689296931626
lan-gateway-10s,60,0.007409197068535073
lan-gateway-10s,60,0.007449464443907546
lan-gateway-10s,60,0.007489731819280019
lan-gateway-10s,60,0.007529999194652493
lan-gateway-10s,60,0.007570266570024966
lan-gateway-10s,60,0.007610533945397439
lan-gateway-10s,60,0.007650801320769912
lan-gateway-10s,60,0.007691068696142386
lan-gateway-10s,60,0.007731336071514858
lan-gateway-10s,60,0.007771603446887332
lan-gateway-10s,60,0.007811870822259805
lan-gateway-10s,60,0.007852138197632278
lan-gateway-10s,60,0.007892405573004751
lan-gateway-10s,60,0.007932672948377224
lan-gateway-10s,60,0.007972940323749698
lan-gateway-10s,60,0.008013207699122171
lan-gateway-10s,60,0.008053475074494644
lan-gateway-10s,60,0.008093742449867119
lan-gateway-10s,60,0.008134009825239591
lan-gateway-10s,60,0.008174277200612064
lan-gateway-10s,60,0.008214544575984537
lan-gateway-10s,60,0.008254811951357011
lan-gateway-10s,60,0.008295079326729484
lan-gateway-10s,60,0.008335346702101957
lan-gateway-10s,60,0.00837561407747443
lan-gateway-10s,60,0.008415881452846904
lan-gateway-10s,60,0.008456148828219377
lan-gateway-10s,60,0.00849641620359185
lan-gateway-10s,60,0.008536683578964322
lan-gateway-10s,60,0.008576950954336797
lan-gateway-10s,60,0.00861721832970927
lan-gateway-10s,60,0.008657485705081742
lan-gateway-10s,60,0.008697753080454215
lan-gateway-10s,60,0.00873802045582669
lan-gateway-10s,60,0.008778287831199163
lan-gateway-10s,60,0.008818555206571635
lan-gateway-10s,60,0.008858822581944108
lan-gateway-10s,60,0.008899089957316583
lan-gateway-10s,60,0.008939357332689055
lan-gateway-10s,60,0.008979624708061528
lan-gateway-10s,60,0.009019892083434003
lan-gateway-10s,60,0.009060159458806475
lan-gateway-10s,60,0.009100426834178948
lan-gateway-10s,60,0.009140694209551421
lan-gateway-10s,60,0.009180961584923895
lan-gateway-10s,60,0.009221228960296368
lan-gateway-10s,60,0.009261496335668841
lan-gateway-10s,60,0.009301763711041314
lan-gateway-10s,60,0.009342031086413788
lan-gateway-10s,60,0.009382298461786261
lan-gateway-10s,60,0.009422565837158734
lan-gateway-10s,60,0.009462833212531207
lan-gateway-10s,60,0.009503100587903681
lan-gateway-10s,60,0.009543367963276154
lan-gateway-10s,60,0.009583635338648627
lan-gateway-10s,60,0.0096239027140211
lan-gateway-10s,60,0.009664170089393574
lan-gateway-10s,60,0.009704437464766047
lan-gateway-10s,60,0.00974470484013852
lan-gateway-10s,60,0.009784972215510992
lan-gateway-10s,60,0.009825239590883467
lan-gateway-10s,60,0.00986550696625594
lan-gateway-10s,60,0.009905774341628412
lan-gateway-10s,60,0.009946041717000887
lan-gateway-10s,60,0.00998630909237336
lan-gateway-10s,60,0.010026576467745832
lan-gateway-10s,60,0.010066843843118305
lan-gateway-10s,60,0.01010711121849078
lan-gateway-10s,60,0.010147378593863252
lan-gateway-10s,60,0.010187645969235725
lan-gateway-10s,60,0.010227913344608198
lan-gateway-10s,60,0.010268180719980672
lan-gateway-10s,60,0.010308448095353145
lan-gateway-10s,60,0.010348715470725618
lan-gateway-10s,60,0.01038898284609809
lan-gateway-10s,60,0.010429250221470565
lan-gateway-10s,60,0.010469517596843038
lan-gateway-10s,60,0.01050978497221551
lan-gateway-10s,60,0.010550052347587983
lan-gateway-10s,60,0.010590319722960458
lan-gateway-10s,60,0.01063058709833293
lan-gateway-10s,60,0.010670854473705403
lan-gateway-10s,60,0.010711121849077876
lan-gateway-10s,60,0.01075138922445035
lan-gateway-10s,60,0.010791656599822824
lan-gateway-10s,60,0.010831923975195296
lan-gateway-10s,60,0.01087219135056777
lan-gateway-10s,60,0.010912458725940244
lan-gateway-10s,60,0.010952726101312716
lan-gateway-10s,60,0.010992993476685189
lan-gateway-10s,60,0.011033260852057664
lan-gateway-10s,60,0.011073528227430136
lan-gateway-10s,60,0.01111379560280261
lan-gateway-10s,60,0.011154062978175082
lan-gateway-10s,60,0.011194330353547556
lan-gateway-10s,60,0.01123459772892003
lan-gateway-10s,60,0.011274865104292502
lan-gateway-10s,60,0.011315132479664975
lan-gateway-10s,60,0.01135539985503745
lan-gateway-10s,60,0.011395667230409922
lan-gateway-10s,60,0.011435934605782395
lan-gateway-10s,60,0.011476201981154868
lan-gateway-10s,60,0.011516469356527342
lan-gateway-10s,60,0.011556736731899815
lan-gateway-10s,60,0.011597004107272288
lan-gateway-10s,60,0.011637271482644762
lan-gateway-10s,60,0.011677538858017235
lan-gateway-10s,60,0.011717806233389708
lan-gateway-10s,60,0.01175807360876218
lan-gateway-10s,60,0.011798340984134655
lan-gateway-10s,60,0.011838608359507128
lan-gateway-10s,60,0.0118788757348796
lan-gateway-10s,60,0.011919143110252073
lan-gateway-10s,60,0.011959410485624548
lan-gateway-10s,60,0.01199967786099702
lan-gateway-10s,60,0.012039945236369493
lan-gateway-10s,60,0.012080212611741966
lan-gateway-10s,60,0.01212047998711444
lan-gateway-10s,60,0.012160747362486913
lan-gateway-10s,60,0.012201014737859386
lan-gateway-10s,60,0.012241282113231859
lan-gateway-10s,60,0.012281549488604333
lan-gateway-10s,60,0.012321816863976806
lan-gateway-10s,60,0.012362084239349279
lan-gateway-10s,60,0.012402351614721752
lan-gateway-10s,60,0.012442618990094226
lan-gateway-10s,60,0.012482886365466699
lan-gateway-10s,60,0.012523153740839172
lan-gateway-10s,60,0.012563421116211646
lan-gateway-10s,60,0.012603688491584119
lan-gateway-10s,60,0.012643955866956592
lan-gateway-10s,60,0.012684223242329064
lan-gateway-10s,60,0.012724490617701539
lan-gateway-10s,60,0.012764757993074012
lan-gateway-10s,60,0.012805025368446485
lan-gateway-10s,60,0.012845292743818957
lan-gateway-10s,60,0.012885560119191432
lan-gateway-10s,60,0.012925827494563905
lan-gateway-10s,60,0.012966094869936377
lan-gateway-10s,60,0.01300636224530885
lan-gateway-10s,60,0.013046629620681325
lan-gateway-10s,60,0.013086896996053797
lan-gateway-10s,60,0.01312716437142627
lan-gateway-10s,60,0.013167431746798743
lan-gateway-10s,60,0.013207699122171217
lan-gateway-10s,60,0.01324796649754369
lan-gateway-10s,60,0.013288233872916163
lan-gateway-10s,60,0.013328501248288636
lan-gateway-10s,60,0.01336876862366111
lan-gateway-10s,60,0.013409035999033583
lan-gateway-10s,60,0.013449303374406056
lan-gateway-10s,60,0.01348957074977853
lan-gateway-10s,60,0.013529838125151003
lan-gateway-10s,60,0.013570105500523476
lan-gateway-10s,60,0.013610372875895949
lan-gateway-10s,60,0.013650640251268423
lan-gateway-10s,60,0.013690907626640896
lan-gateway-10s,60,0.013731175002013369
lan-gateway-10s,60,0.013771442377385841
lan-gateway-10s,60,0.013811709752758316
lan-gateway-10s,60,0.013851977128130789
lan-gateway-10s,60,0.013892244503503261
lan-gateway-10s,60,0.013932511878875734
lan-gateway-10s,60,0.013972779254248209
lan-gateway-10s,60,0.014013046629620681
lan-gateway-10s,60,0.014053314004993154
lan-gateway-10s,60,0.014093581380365627
lan-gateway-10s,60,0.014133848755738102
lan-gateway-10s,60,0.014174116131110574
lan-gateway-10s,60,0.014214383506483047
lan-gateway-10s,60,0.01425465088185552
lan-gateway-10s,60,0.014294918257227994
lan-gateway-10s,60,0.014335185632600467
lan-gateway-10s,60,0.01437545300797294
lan-gateway-10s,60,0.014415720383345414
lan-gateway-10s,60,0.014455987758717887
lan-gateway-10s,60,0.01449625513409036
lan-gateway-10s,60,0.014536522509462833
lan-gateway-10s,60,0.014576789884835307
lan-gateway-10s,60,0.01461705726020778
lan-gateway-10s,60,0.014657324635580253
lan-gateway-10s,60,0.014697592010952725
lan-gateway-10s,60,0.0147378593863252
lan-gateway-10s,60,0.014778126761697673
lan-gateway-10s,60,0.014818394137070146
lan-gateway-10s,60,0.014858661512442618
lan-gateway-10s,60,0.014898928887815093
lan-gateway-10s,60,0.014939196263187566
lan-gateway-10s,60,0.014979463638560038
lan-gateway-10s,60,0.015019731013932511
lan-gateway-10s,60,0.015059998389304986
lan-gateway-10s,60,0.015100265764677458
lan-gateway-10s,60,0.015140533140049931
lan-gateway-10s,60,0.015180800515422404
lan-gateway-10s,60,0.015221067890794878
lan-gateway-10s,60,0.015261335266167351
lan-gateway-10s,60,0.015301602641539824
lan-gateway-10s,60,0.015341870016912298
lan-gateway-10s,60,0.015382137392284771
lan-gateway-10s,60,0.015422404767657244
lan-gateway-10s,60,0.015462672143029717
lan-gateway-10s,60,0.015502939518402191
lan-gateway-10s,60,0.015543206893774664
lan-gateway-10s,60,0.015583474269147137
lan-gateway-10s,60,0.01562374164451961
lan-gateway-10s,60,0.015664009019892084
lan-gateway-10s,60,0.015704276395264557
lan-gateway-10s,60,0.01574454377063703
lan-gateway-10s,60,0.015784811146009502
lan-gateway-10s,60,0.015825078521381975
lan-gateway-10s,60,0.015865345896754448
lan-gateway-10s,60,0.015905613272126924
lan-gateway-10s,60,0.015945880647499397
lan-gateway-10s,60,0.01598614802287187
lan-gateway-10s,60,0.016026415398244342
lan-gateway-10s,60,0.016066682773616815
lan-gateway-10s,60,0.016106950148989288
lan-gateway-10s,60,0.01614721752436176
lan-gateway-10s,60,0.016187484899734237
lan-gateway-10s,60,0.01622775227510671
lan-gateway-10s,60,0.016268019650479183
lan-gateway-10s,60,0.016308287025851655
lan-gateway-10s,60,0.016348554401224128
lan-gateway-10s,60,0.0163888217765966
lan-gateway-10s,60,0.016429089151969074
lan-gateway-10s,60,0.016469356527341546
lan-gateway-10s,60,0.016509623902714023
lan-gateway-10s,60,0.016549891278086495
lan-gateway-10s,60,0.016590158653458968
lan-gateway-10s,60,0.01663042602883144
lan-gateway-10s,60,0.016670693404203914
lan-gateway-10s,60,0.016710960779576386
lan-gateway-10s,60,0.01675122815494886
lan-gateway-10s,60,0.016791495530321332
lan-gateway-10s,60,0.016831762905693808
lan-gateway-10s,60,0.01687203028106628
lan-gateway-10s,60,0.016912297656438754
lan-gateway-10s,60,0.016952565031811227
lan-gateway-10s,60,0.0169928324071837
lan-gateway-10s,60,0.017033099782556172
lan-gateway-10s,60,0.017073367157928645
lan-gateway-10s,60,0.01711363453330112
lan-gateway-10s,60,0.017153901908673594
lan-gateway-10s,60,0.017194169284046067
lan-gateway-10s,60,0.01723443665941854
lan-gateway-10s,60,0.017274704034791012
lan-gateway-10s,60,0.017314971410163485
lan-gateway-10s,60,0.017355238785535958
lan-gateway-10s,60,0.01739550616090843
lan-gateway-10s,60,0.017435773536280907
lan-gateway-10s,60,0.01747604091165338
lan-gateway-10s,60,0.017516308287025852
lan-gateway-10s,60,0.017556575662398325
lan-gateway-10s,60,0.017596843037770798
lan-gateway-10s,60,0.01763711041314327
lan-gateway-10s,60,0.017677377788515743
lan-gateway-10s,60,0.017717645163888216
lan-gateway-10s,60,0.017757912539260692
lan-gateway-10s,60,0.017798179914633165
lan-gateway-10s,60,0.017838447290005638
lan-gateway-10s,60,0.01787871466537811
lan-gateway-10s,60,0.017918982040750583
lan-gateway-10s,60,0.017959249416123056
lan-gateway-10s,60,0.01799951679149553
lan-gateway-10s,60,0.018039784166868005
lan-gateway-10s,60,0.018080051542240478
lan-gateway-10s,60,0.01812031891761295
lan-gateway-10s,60,0.018160586292985424
lan-gateway-10s,60,0.018200853668357896
lan-gateway-10s,60,0.01824112104373037
lan-gateway-10s,60,0.018281388419102842
lan-gateway-10s,60,0.018321655794475315
lan-gateway-10s,60,0.01836192316984779
lan-gateway-10s,60,0.018402190545220264
lan-gateway-10s,60,0.018442457920592736
lan-gateway-10s,60,0.01848272529596521
lan-gateway-10s,60,0.018522992671337682
lan-gateway-10s,60,0.018563260046710155
lan-gateway-10s,60,0.018603527422082627
lan-gateway-10s,60,0.0186437947974551
lan-gateway-10s,60,0.018684062172827576
lan-gateway-10s,60,0.01872432954820005
lan-gateway-10s,60,0.018764596923572522
lan-gateway-10s,60,0.018804864298944995
lan-gateway-10s,60,0.018845131674317468
lan-gateway-10s,60,0.01888539904968994
lan-gateway-10s,60,0.018925666425062413
lan-gateway-10s,60,0.01896593380043489
lan-gateway-10s,60,0.019006201175807362
lan-gateway-10s,60,0.019046468551179835
lan-gateway-10s,60,0.019086735926552308
lan-gateway-10s,60,0.01912700330192478
lan-gateway-10s,60,0.019167270677297253
lan-gateway-10s,60,0.019207538052669726
lan-gateway-10s,60,0.0192478054280422
lan-gateway-10s,60,0.019288072803414675
lan-gateway-10s,60,0.019328340178787148
lan-gateway-10s,60,0.01936860755415962
lan-gateway-10s,60,0.019408874929532093
lan-gateway-10s,60,0.019449142304904566
lan-gateway-10s,60,0.01948940968027704
lan-gateway-10s,60,0.01952967705564951
lan-gateway-10s,60,0.019569944431021984
lan-gateway-10s,60,0.01961021180639446
lan-gateway-10s,60,0.019650479181766933
lan-gateway-10s,60,0.019690746557139406
lan-gateway-10s,60,0.01973101393251188
lan-gateway-10s,60,0.01977128130788435
lan-gateway-10s,60,0.019811548683256824
lan-gateway-10s,60,0.019851816058629297
lan-gateway-10s,60,0.019892083434001773
lan-gateway-10s,60,0.019932350809374246
lan-gateway-10s,60,0.01997261818474672
lan-gateway-10s,60,0.02001288556011919
lan-gateway-10s,60,0.020053152935491664
lan-gateway-10s,60,0.020093420310864137
lan-gateway-10s,60,0.02013368768623661
lan-gateway-10s,60,0.020173955061609083
lan-gateway-10s,60,0.02021422243698156
lan-gateway-10s,60,0.020254489812354032
lan-gateway-10s,60,0.020294757187726505
lan-gateway-10s,60,0.020335024563098977
lan-gateway-10s,60,0.02037529193847145
lan-gateway-10s,60,0.020415559313843923
lan-gateway-10s,60,0.020455826689216396
lan-gateway-10s,60,0.02049609406458887
lan-gateway-10s,60,0.020536361439961345
lan-gateway-10s,60,0.020576628815333817
lan-gateway-10s,60,0.02061689619070629
lan-gateway-10s,60,0.020657163566078763
lan-gateway-10s,60,0.020697430941451236
lan-gateway-10s,60,0.02073769831682371
lan-gateway-10s,60,0.02077796569219618
lan-gateway-10s,60,0.020818233067568657
lan-gateway-10s,60,0.02085850044294113
lan-gateway-10s,60,0.020898767818313603
lan-gateway-10s,60,0.020939035193686076
lan-gateway-10s,60,0.02097930256905855
lan-gateway-10s,60,0.02101956994443102
lan-gateway-10s,60,0.021059837319803494
lan-gateway-10s,60,0.021100104695175967
lan-gateway-10s,60,0.021140372070548443
lan-gateway-10s,60,0.021180639445920916
lan-gateway-10s,60,0.02122090682129339
lan-gateway-10s,60,0.02126117419666586
lan-gateway-10s,60,0.021301441572038334
lan-gateway-10s,60,0.021341708947410807
lan-gateway-10s,60,0.02138197632278328
lan-gateway-10s,60,0.021422243698155752
lan-gateway-10s,60,0.02146251107352823
lan-gateway-10s,60,0.0215027784489007
lan-gateway-10s,60,0.021543045824273174
lan-gateway-10s,60,0.021583313199645647
lan-gateway-10s,60,0.02162358057501812
lan-gateway-10s,60,0.021663847950390593
lan-gateway-10s,60,0.021704115325763065
lan-gateway-10s,60,0.02174438270113554
lan-gateway-10s,60,0.021784650076508014
lan-gateway-10s,60,0.021824917451880487
lan-gateway-10s,60,0.02186518482725296
lan-gateway-10s,60,0.021905452202625433
lan-gateway-10s,60,0.021945719577997905
lan-gateway-10s,60,0.021985986953370378
lan-gateway-10s,60,0.02202625432874285
lan-gateway-10s,60,0.022066521704115327
lan-gateway-10s,60,0.0221067890794878
lan-gateway-10s,60,0.022147056454860273
lan-gateway-10s,60,0.022187323830232746
lan-gateway-10s,60,0.02222759120560522
lan-gateway-10s,60,0.02226785858097769
lan-gateway-10s,60,0.022308125956350164
lan-gateway-10s,60,0.022348393331722637
lan-gateway-10s,60,0.022388660707095113
lan-gateway-10s,60,0.022428928082467586
lan-gateway-10s,60,0.02246919545784006
lan-gateway-10s,60,0.02250946283321253
lan-gateway-10s,60,0.022549730208585004
lan-gateway-10s,60,0.022589997583957477
lan-gateway-10s,60,0.02263026495932995
lan-gateway-10s,60,0.022670532334702426
lan-gateway-10s,60,0.0227107997100749
lan-gateway-10s,60,0.02275106708544737
lan-gateway-10s,60,0.022791334460819844
lan-gateway-10s,60,0.022831601836192317
lan-gateway-10s,60,0.02287186921156479
lan-gateway-10s,60,0.022912136586937262
lan-gateway-10s,60,0.022952403962309735
lan-gateway-10s,60,0.02299267133768221
lan-gateway-10s,60,0.023032938713054684
lan-gateway-10s,60,0.023073206088427157
lan-gateway-10s,60,0.02311347346379963
lan-gateway-10s,60,0.023153740839172102
lan-gateway-10s,60,0.023194008214544575
lan-gateway-10s,60,0.023234275589917048
lan-gateway-10s,60,0.023274542965289524
lan-gateway-10s,60,0.023314810340661997
lan-gateway-10s,60,0.02335507771603447
lan-gateway-10s,60,0.023395345091406942
lan-gateway-10s,60,0.023435612466779415
lan-gateway-10s,60,0.023475879842151888
lan-gateway-10s,60,0.02351614721752436
lan-gateway-10s,60,0.023556414592896834
lan-gateway-10s,60,0.02359668196826931
lan-gateway-10s,60,0.023636949343641783
lan-gateway-10s,60,0.023677216719014255
lan-gateway-10s,60,0.023717484094386728
lan-gateway-10s,60,0.0237577514697592
lan-gateway-10s,60,0.023798018845131674
lan-gateway-10s,60,0.023838286220504146
lan-gateway-10s,60,0.02387855359587662
lan-gateway-10s,60,0.023918820971249095
lan-gateway-10s,60,0.023959088346621568
lan-gateway-10s,60,0.02399935572199404
lan-gateway-10s,60,0.024039623097366514
lan-gateway-10s,60,0.024079890472738986
lan-gateway-10s,60,0.02412015784811146
lan-gateway-10s,60,0.024160425223483932
lan-gateway-10s,60,0.024200692598856408
lan-gateway-10s,60,0.02424095997422888
lan-gateway-10s,60,0.024281227349601354
lan-gateway-10s,60,0.024321494724973827
lan-gateway-10s,60,0.0243617621003463
lan-gateway-10s,60,0.024402029475718772
lan-gateway-10s,60,0.024442296851091245
lan-gateway-10s,60,0.024482564226463718
lan-gateway-10s,60,0.024522831601836194
lan-gateway-10s,60,0.024563098977208667
lan-gateway-10s,60,0.02460336635258114
lan-gateway-10s,60,0.024643633727953612
lan-gateway-10s,60,0.024683901103326085
lan-gateway-10s,60,0.024724168478698558
lan-gateway-10s,60,0.02476443585407103
lan-gateway-10s,60,0.024804703229443503
lan-gateway-10s,60,0.02484497060481598
lan-gateway-10s,60,0.024885237980188452
lan-gateway-10s,60,0.024925505355560925
lan-gateway-10s,60,0.024965772730933398
lan-gateway-10s,60,0.02500604010630587
lan-gateway-10s,60,0.025046307481678343
lan-gateway-10s,60,0.025086574857050816
lan-gateway-10s,60,0.025126842232423292
lan-gateway-10s,60,0.025167109607795765
lan-gateway-10s,60,0.025207376983168238
lan-gateway-10s,60,0.02524764435854071
lan-gateway-10s,60,0.025287911733913183
lan-gateway-10s,60,0.025328179109285656
lan-gateway-10s,60,0.02536844648465813
lan-gateway-10s,60,0.0254087138600306
lan-gateway-10s,60,0.025448981235403078
lan-gateway-10s,60,0.02548924861077555
lan-gateway-10s,60,0.025529515986148024
lan-gateway-10s,60,0.025569783361520496
lan-gateway-10s,60,0.02561005073689297
lan-gateway-10s,60,0.025650318112265442
lan-gateway-10s,60,0.025690585487637915
lan-gateway-10s,60,0.025730852863010387
lan-gateway-10s,60,0.025771120238382864
lan-gateway-10s,60,0.025811387613755336
lan-gateway-10s,60,0.02585165498912781
lan-gateway-10s,60,0.025891922364500282
lan-gateway-10s,60,0.025932189739872755
lan-gateway-10s,60,0.025972457115245227
lan-gateway-10s,60,0.0260127244906177
lan-gateway-10s,60,0.026052991865990176
lan-gateway-10s,60,0.02609325924136265
lan-gateway-10s,60,0.026133526616735122
lan-gateway-10s,60,0.026173793992107595
lan-gateway-10s,60,0.026214061367480068
lan-gateway-10s,60,0.02625432874285254
lan-gateway-10s,60,0.026294596118225013
lan-gateway-10s,60,0.026334863493597486
lan-gateway-10s,60,0.026375130868969962
lan-gateway-10s,60,0.026415398244342435
lan-gateway-10s,60,0.026455665619714908
lan-gateway-10s,60,0.02649593299508738
lan-gateway-10s,60,0.026536200370459853
lan-gateway-10s,60,0.026576467745832326
lan-gateway-10s,60,0.0266167351212048
lan-gateway-10s,60,0.02665700249657727
lan-gateway-10s,60,0.026697269871949748
lan-gateway-10s,60,0.02673753724732222
lan-gateway-10s,60,0.026777804622694693
lan-gateway-10s,60,0.026818071998067166
lan-gateway-10s,60,0.02685833937343964
lan-gateway-10s,60,0.02689860674881211
lan-gateway-10s,60,0.026938874124184584
lan-gateway-10s,60,0.02697914149955706
lan-gateway-10s,60,0.027019408874929533
lan-gateway-10s,60,0.027059676250302006
lan-gateway-10s,60,0.02709994362567448
lan-gateway-10s,60,0.02714021100104695
lan-gateway-10s,60,0.027180478376419424
lan-gateway-10s,60,0.027220745751791897
lan-gateway-10s,60,0.02726101312716437
lan-gateway-10s,60,0.027301280502536846
lan-gateway-10s,60,0.02734154787790932
lan-gateway-10s,60,0.02738181525328179
lan-gateway-10s,60,0.027422082628654264
lan-gateway-10s,60,0.027462350004026737
lan-gateway-10s,60,0.02750261737939921
lan-gateway-10s,60,0.027542884754771683
lan-gateway-10s,60,0.027583152130144156
lan-gateway-10s,60,0.027623419505516632
lan-gateway-10s,60,0.027663686880889105
lan-gateway-10s,60,0.027703954256261577
lan-gateway-10s,60,0.02774422163163405
lan-gateway-10s,60,0.027784489007006523
lan-gateway-10s,60,0.027824756382378996
lan-gateway-10s,60,0.02786502375775147
lan-gateway-10s,60,0.027905291133123945
lan-gateway-10s,60,0.027945558508496417
lan-gateway-10s,60,0.02798582588386889
lan-gateway-10s,60,0.028026093259241363
lan-gateway-10s,60,0.028066360634613836
lan-gateway-10s,60,0.02810662800998631
lan-gateway-10s,60,0.02814689538535878
lan-gateway-10s,60,0.028187162760731254
lan-gateway-10s,60,0.02822743013610373
lan-gateway-10s,60,0.028267697511476203
lan-gateway-10s,60,0.028307964886848676
lan-gateway-10s,60,0.02834823226222115
lan-gateway-10s,60,0.02838849963759362
lan-gateway-10s,60,0.028428767012966094
lan-gateway-10s,60,0.028469034388338567
lan-gateway-10s,60,0.02850930176371104
lan-gateway-10s,60,0.028549569139083516
lan-gateway-10s,60,0.02858983651445599
lan-gateway-10s,60,0.02863010388982846
lan-gateway-10s,60,0.028670371265200934
lan-gateway-10s,60,0.028710638640573407
lan-gateway-10s,60,0.02875090601594588
lan-gateway-10s,60,0.028791173391318352
lan-gateway-10s,60,0.02883144076669083
lan-gateway-10s,60,0.0288717081420633
lan-gateway-10s,60,0.028911975517435774
lan-gateway-10s,60,0.028952242892808247
lan-gateway-10s,60,0.02899251026818072
lan-gateway-10s,60,0.029032777643553193
lan-gateway-10s,60,0.029073045018925665
lan-gateway-10s,60,0.029113312394298138
lan-gateway-10s,60,0.029153579769670614
lan-gateway-10s,60,0.029193847145043087
lan-gateway-10s,60,0.02923411452041556
lan-gateway-10s,60,0.029274381895788033
lan-gateway-10s,60,0.029314649271160505
lan-gateway-10s,60,0.029354916646532978
lan-gateway-10s,60,0.02939518402190545
lan-gateway-10s,60,0.029435451397277924
lan-gateway-10s,60,0.0294757187726504
lan-gateway-10s,60,0.029515986148022873
lan-gateway-10s,60,0.029556253523395346
lan-gateway-10s,60,0.02959652089876782
lan-gateway-10s,60,0.02963678827414029
lan-gateway-10s,60,0.029677055649512764
lan-gateway-10s,60,0.029717323024885237
lan-gateway-10s,60,0.029757590400257713
lan-gateway-10s,60,0.029797857775630186
lan-gateway-10s,60,0.02983812515100266
lan-gateway-10s,60,0.02987839252637513
lan-gateway-10s,60,0.029918659901747604
lan-gateway-10s,60,0.029958927277120077
lan-gateway-10s,60,0.02999919465249255
lan-gateway-10s,60,0.030039462027865022
lan-gateway-10s,60,0.0300797294032375
lan-gateway-10s,60,0.03011999677860997
lan-gateway-10s,60,0.030160264153982444
lan-gateway-10s,60,0.030200531529354917
lan-gateway-10s,60,0.03024079890472739
lan-gateway-10s,60,0.030281066280099862
lan-gateway-10s,60,0.030321333655472335
lan-gateway-10s,60,0.030361601030844808
lan-gateway-10s,60,0.030401868406217284
lan-gateway-10s,60,0.030442135781589757
lan-gateway-10s,60,0.03048240315696223
lan-gateway-10s,60,0.030522670532334702
lan-gateway-10s,60,0.030562937907707175
lan-gateway-10s,60,0.030603205283079648
lan-gateway-10s,60,0.03064347265845212
lan-gateway-10s,60,0.030683740033824597
lan-gateway-10s,60,0.03072400740919707
lan-gateway-10s,60,0.030764274784569542
lan-gateway-10s,60,0.030804542159942015
lan-gateway-10s,60,0.030844809535314488
lan-gateway-10s,60,0.03088507691068696
lan-gateway-10s,60,0.030925344286059434
lan-gateway-10s,60,0.030965611661431906
lan-gateway-10s,60,0.031005879036804383
lan-gateway-10s,60,0.031046146412176855
lan-gateway-10s,60,0.031086413787549328
lan-gateway-10s,60,0.0311266811629218
lan-gateway-10s,60,0.031166948538294274
lan-gateway-10s,60,0.031207215913666746
lan-gateway-10s,60,0.03124748328903922
lan-gateway-10s,60,0.031287750664411695
lan-gateway-10s,60,0.03132801803978417
lan-gateway-10s,60,0.03136828541515664
lan-gateway-10s,60,0.031408552790529114
lan-gateway-10s,60,0.031448820165901586
lan-gateway-10s,60,0.03148908754127406
lan-gateway-10s,60,0.03152935491664653
lan-gateway-10s,60,0.031569622292019005
lan-gateway-10s,60,0.03160988966739148
lan-gateway-10s,60,0.03165015704276395
lan-gateway-10s,60,0.03169042441813642
lan-gateway-10s,60,0.031730691793508896
lan-gateway-10s,60,0.031770959168881376
lan-gateway-10s,60,0.03181122654425385
lan-gateway-10s,60,0.03185149391962632
lan-gateway-10s,60,0.031891761294998794
lan-gateway-10s,60,0.03193202867037127
lan-gateway-10s,60,0.03197229604574374
lan-gateway-10s,60,0.03201256342111621
lan-gateway-10s,60,0.032052830796488685
lan-gateway-10s,60,0.03209309817186116
lan-gateway-10s,60,0.03213336554723363
lan-gateway-10s,60,0.0321736329226061
lan-gateway-10s,60,0.032213900297978576
lan-gateway-10s,60,0.03225416767335105
lan-gateway-10s,60,0.03229443504872352
lan-gateway-10s,60,0.032334702424095994
lan-gateway-10s,60,0.032374969799468474
lan-gateway-10s,60,0.03241523717484095
lan-gateway-10s,60,0.03245550455021342
lan-gateway-10s,60,0.03249577192558589
lan-gateway-10s,60,0.032536039300958365
lan-gateway-10s,60,0.03257630667633084
lan-gateway-10s,60,0.03261657405170331
lan-gateway-10s,60,0.03265684142707578
lan-gateway-10s,60,0.032697108802448256
lan-gateway-10s,60,0.03273737617782073
lan-gateway-10s,60,0.0327776435531932
lan-gateway-10s,60,0.032817910928565674
lan-gateway-10s,60,0.03285817830393815
lan-gateway-10s,60,0.03289844567931062
lan-gateway-10s,60,0.03293871305468309
lan-gateway-10s,60,0.032978980430055566
lan-gateway-10s,60,0.033019247805428045
lan-gateway-10s,60,0.03305951518080052
lan-gateway-10s,60,0.03309978255617299
lan-gateway-10s,60,0.033140049931545464
lan-gateway-10s,60,0.033180317306917936
lan-gateway-10s,60,0.03322058468229041
lan-gateway-10s,60,0.03326085205766288
lan-gateway-10s,60,0.033301119433035355
lan-gateway-10s,60,0.03334138680840783
lan-gateway-10s,60,0.0333816541837803
lan-gateway-10s,60,0.03342192155915277
lan-gateway-10s,60,0.033462188934525246
lan-gateway-10s,60,0.03350245630989772
lan-gateway-10s,60,0.03354272368527019
lan-gateway-10s,60,0.033582991060642664
lan-gateway-10s,60,0.033623258436015144
lan-gateway-10s,60,0.033663525811387617
lan-gateway-10s,60,0.03370379318676009
lan-gateway-10s,60,0.03374406056213256
lan-gateway-10s,60,0.033784327937505035
lan-gateway-10s,60,0.03382459531287751
lan-gateway-10s,60,0.03386486268824998
lan-gateway-10s,60,0.03390513006362245
lan-gateway-10s,60,0.033945397438994926
lan-gateway-10s,60,0.0339856648143674
lan-gateway-10s,60,0.03402593218973987
lan-gateway-10s,60,0.034066199565112344
lan-gateway-10s,60,0.03410646694048482
lan-gateway-10s,60,0.03414673431585729
lan-gateway-10s,60,0.03418700169122976
lan-gateway-10s,60,0.03422726906660224
lan-gateway-10s,60,0.034267536441974715
lan-gateway-10s,60,0.03430780381734719
lan-gateway-10s,60,0.03434807119271966
lan-gateway-10s,60,0.03438833856809213
lan-gateway-10s,60,0.034428605943464606
lan-gateway-10s,60,0.03446887331883708
lan-gateway-10s,60,0.03450914069420955
lan-gateway-10s,60,0.034549408069582024
lan-gateway-10s,60,0.0345896754449545
lan-gateway-10s,60,0.03462994282032697
lan-gateway-10s,60,0.03467021019569944
lan-gateway-10s,60,0.034710477571071915
lan-gateway-10s,60,0.03475074494644439
lan-gateway-10s,60,0.03479101232181686
lan-gateway-10s,60,0.034831279697189334
lan-gateway-10s,60,0.03487154707256181
lan-gateway-10s,60,0.034911814447934286
lan-gateway-10s,60,0.03495208182330676
lan-gateway-10s,60,0.03499234919867923
lan-gateway-10s,60,0.035032616574051705
lan-gateway-10s,60,0.03507288394942418
lan-gateway-10s,60,0.03511315132479665
lan-gateway-10s,60,0.03515341870016912
lan-gateway-10s,60,0.035193686075541596
lan-gateway-10s,60,0.03523395345091407
lan-gateway-10s,60,0.03527422082628654
lan-gateway-10s,60,0.035314488201659014
lan-gateway-10s,60,0.03535475557703149
lan-gateway-10s,60,0.03539502295240396
lan-gateway-10s,60,0.03543529032777643
lan-gateway-10s,60,0.03547555770314891
lan-gateway-10s,60,0.035515825078521385
lan-gateway-10s,60,0.03555609245389386
lan-gateway-10s,60,0.03559635982926633
lan-gateway-10s,60,0.0356366272046388
lan-gateway-10s,60,0.035676894580011276
lan-gateway-10s,60,0.03571716195538375
lan-gateway-10s,60,0.03575742933075622
lan-gateway-10s,60,0.035797696706128694
lan-gateway-10s,60,0.03583796408150117
lan-gateway-10s,60,0.03587823145687364
lan-gateway-10s,60,0.03591849883224611
lan-gateway-10s,60,0.035958766207618585
lan-gateway-10s,60,0.03599903358299106
lan-gateway-10s,60,0.03603930095836353
lan-gateway-10s,60,0.03607956833373601
lan-gateway-10s,60,0.03611983570910848
lan-gateway-10s,60,0.036160103084480956
lan-gateway-10s,60,0.03620037045985343
lan-gateway-10s,60,0.0362406378352259
lan-gateway-10s,60,0.036280905210598374
lan-gateway-10s,60,0.03632117258597085
lan-gateway-10s,60,0.03636143996134332
lan-gateway-10s,60,0.03640170733671579
lan-gateway-10s,60,0.036441974712088265
lan-gateway-10s,60,0.03648224208746074
lan-gateway-10s,60,0.03652250946283321
lan-gateway-10s,60,0.036562776838205684
lan-gateway-10s,60,0.036603044213578156
lan-gateway-10s,60,0.03664331158895063
lan-gateway-10s,60,0.03668357896432311
lan-gateway-10s,60,0.03672384633969558
lan-gateway-10s,60,0.036764113715068054
lan-gateway-10s,60,0.03680438109044053
lan-gateway-10s,60,0.036844648465813
lan-gateway-10s,60,0.03688491584118547
lan-gateway-10s,60,0.036925183216557945
lan-gateway-10s,60,0.03696545059193042
lan-gateway-10s,60,0.03700571796730289
lan-gateway-10s,60,0.037045985342675364
lan-gateway-10s,60,0.03708625271804784
lan-gateway-10s,60,0.03712652009342031
lan-gateway-10s,60,0.03716678746879278
lan-gateway-10s,60,0.037207054844165255
lan-gateway-10s,60,0.03724732221953773
lan-gateway-10s,60,0.0372875895949102
lan-gateway-10s,60,0.03732785697028268
lan-gateway-10s,60,0.03736812434565515
lan-gateway-10s,60,0.037408391721027626
lan-gateway-10s,60,0.0374486590964001
lan-gateway-10s,60,0.03748892647177257
lan-gateway-10s,60,0.037529193847145044
lan-gateway-10s,60,0.03756946122251752
lan-gateway-10s,60,0.03760972859788999
lan-gateway-10s,60,0.03764999597326246
lan-gateway-10s,60,0.037690263348634935
lan-gateway-10s,60,0.03773053072400741
lan-gateway-10s,60,0.03777079809937988
lan-gateway-10s,60,0.03781106547475235
lan-gateway-10s,60,0.037851332850124826
lan-gateway-10s,60,0.0378916002254973
lan-gateway-10s,60,0.03793186760086978
lan-gateway-10s,60,0.03797213497624225
lan-gateway-10s,60,0.038012402351614724
lan-gateway-10s,60,0.0380526697269872
lan-gateway-10s,60,0.03809293710235967
lan-gateway-10s,60,0.03813320447773214
lan-gateway-10s,60,0.038173471853104615
lan-gateway-10s,60,0.03821373922847709
lan-gateway-10s,60,0.03825400660384956
lan-gateway-10s,60,0.038294273979222034
lan-gateway-10s,60,0.038334541354594506
lan-gateway-10s,60,0.03837480872996698
lan-gateway-10s,60,0.03841507610533945
lan-gateway-10s,60,0.038455343480711925
lan-gateway-10s,60,0.0384956108560844
lan-gateway-10s,60,0.03853587823145688
lan-gateway-10s,60,0.03857614560682935
lan-gateway-10s,60,0.03861641298220182
lan-gateway-10s,60,0.038656680357574295
lan-gateway-10s,60,0.03869694773294677
lan-gateway-10s,60,0.03873721510831924
lan-gateway-10s,60,0.038777482483691714
lan-gateway-10s,60,0.038817749859064186
lan-gateway-10s,60,0.03885801723443666
lan-gateway-10s,60,0.03889828460980913
lan-gateway-10s,60,0.038938551985181605
lan-gateway-10s,60,0.03897881936055408
lan-gateway-10s,60,0.03901908673592655
lan-gateway-10s,60,0.03905935411129902
lan-gateway-10s,60,0.039099621486671496
lan-gateway-10s,60,0.03913988886204397
lan-gateway-10s,60,0.03918015623741645
lan-gateway-10s,60,0.03922042361278892
lan-gateway-10s,60,0.039260690988161394
lan-gateway-10s,60,0.03930095836353387
lan-gateway-10s,60,0.03934122573890634
lan-gateway-10s,60,0.03938149311427881
lan-gateway-10s,60,0.039421760489651285
lan-gateway-10s,60,0.03946202786502376
lan-gateway-10s,60,0.03950229524039623
lan-gateway-10s,60,0.0395425626157687
lan-gateway-10s,60,0.039582829991141176
lan-gateway-10s,60,0.03962309736651365
lan-gateway-10s,60,0.03966336474188612
lan-gateway-10s,60,0.039703632117258594
lan-gateway-10s,60,0.03974389949263107
lan-gateway-10s,60,0.03978416686800355
lan-gateway-10s,60,0.03982443424337602
lan-gateway-10s,60,0.03986470161874849
lan-gateway-10s,60,0.039904968994120965
lan-gateway-10s,60,0.03994523636949344
lan-gateway-10s,60,0.03998550374486591
lan-gateway-10s,60,0.04002577112023838
lan-gateway-10s,60,0.040066038495610856
lan-gateway-10s,60,0.04010630587098333
lan-gateway-10s,60,0.0401465732463558
lan-gateway-10s,60,0.040186840621728274
lan-gateway-10s,60,0.04022710799710075
lan-gateway-10s,60,0.04026737537247322
lan-gateway-10s,60,0.04030764274784569
lan-gateway-10s,60,0.040347910123218166
lan-gateway-10s,60,0.040388177498590645
lan-gateway-10s,60,0.04042844487396312
lan-gateway-10s,60,0.04046871224933559
lan-gateway-10s,60,0.040508979624708064
lan-gateway-10s,60,0.040549247000080536
lan-gateway-10s,60,0.04058951437545301
lan-gateway-10s,60,0.04062978175082548
lan-gateway-10s,60,0.040670049126197955
lan-gateway-10s,60,0.04071031650157043
lan-gateway-10s,60,0.0407505838769429
lan-gateway-10s,60,0.04079085125231537
lan-gateway-10s,60,0.040831118627687846
lan-gateway-10s,60,0.04087138600306032
lan-gateway-10s,60,0.04091165337843279
lan-gateway-10s,60,0.040951920753805264
lan-gateway-10s,60,0.04099218812917774
lan-gateway-10s,60,0.041032455504550217
lan-gateway-10s,60,0.04107272287992269
lan-gateway-10s,60,0.04111299025529516
lan-gateway-10s,60,0.041153257630667635
lan-gateway-10s,60,0.04119352500604011
lan-gateway-10s,60,0.04123379238141258
lan-gateway-10s,60,0.04127405975678505
lan-gateway-10s,60,0.041314327132157526
lan-gateway-10s,60,0.04135459450753
lan-gateway-10s,60,0.04139486188290247
lan-gateway-10s,60,0.041435129258274944
lan-gateway-10s,60,0.04147539663364742
lan-gateway-10s,60,0.04151566400901989
lan-gateway-10s,60,0.04155593138439236
lan-gateway-10s,60,0.041596198759764835
lan-gateway-10s,60,0.041636466135137315
lan-gateway-10s,60,0.04167673351050979
lan-gateway-10s,60,0.04171700088588226
lan-gateway-10s,60,0.04175726826125473
lan-gateway-10s,60,0.041797535636627206
lan-gateway-10s,60,0.04183780301199968
lan-gateway-10s,60,0.04187807038737215
lan-gateway-10s,60,0.041918337762744624
lan-gateway-10s,60,0.0419586051381171
lan-gateway-10s,60,0.04199887251348957
lan-gateway-10s,60,0.04203913988886204
lan-gateway-10s,60,0.042079407264234515
lan-gateway-10s,60,0.04211967463960699
lan-gateway-10s,60,0.04215994201497946
lan-gateway-10s,60,0.042200209390351934
lan-gateway-10s,60,0.04224047676572441
lan-gateway-10s,60,0.042280744141096886
lan-gateway-10s,60,0.04232101151646936
lan-gateway-10s,60,0.04236127889184183
lan-gateway-10s,60,0.042401546267214305
lan-gateway-10s,60,0.04244181364258678
lan-gateway-10s,60,0.04248208101795925
lan-gateway-10s,60,0.04252234839333172
lan-gateway-10s,60,0.042562615768704196
lan-gateway-10s,60,0.04260288314407667
lan-gateway-10s,60,0.04264315051944914
lan-gateway-10s,60,0.042683417894821614
lan-gateway-10s,60,0.04272368527019409
lan-gateway-10s,60,0.04276395264556656
lan-gateway-10s,60,0.04280422002093903
lan-gateway-10s,60,0.042844487396311505
lan-gateway-10s,60,0.042884754771683985
lan-gateway-10s,60,0.04292502214705646
lan-gateway-10s,60,0.04296528952242893
lan-gateway-10s,60,0.0430055568978014
lan-gateway-10s,60,0.043045824273173876
lan-gateway-10s,60,0.04308609164854635
lan-gateway-10s,60,0.04312635902391882
lan-gateway-10s,60,0.043166626399291294
lan-gateway-10s,60,0.04320689377466377
lan-gateway-10s,60,0.04324716115003624
lan-gateway-10s,60,0.04328742852540871
lan-gateway-10s,60,0.043327695900781185
lan-gateway-10s,60,0.04336796327615366
lan-gateway-10s,60,0.04340823065152613
lan-gateway-10s,60,0.0434484980268986
lan-gateway-10s,60,0.04348876540227108
lan-gateway-10s,60,0.043529032777643556
lan-gateway-10s,60,0.04356930015301603
lan-gateway-10s,60,0.0436095675283885
lan-gateway-10s,60,0.043649834903760974
lan-gateway-10s,60,0.04369010227913345
lan-gateway-10s,60,0.04373036965450592
lan-gateway-10s,60,0.04377063702987839
lan-gateway-10s,60,0.043810904405250865
lan-gateway-10s,60,0.04385117178062334
lan-gateway-10s,60,0.04389143915599581
lan-gateway-10s,60,0.043931706531368284
lan-gateway-10s,60,0.043971973906740756
lan-gateway-10s,60,0.04401224128211323
lan-gateway-10s,60,0.0440525086574857
lan-gateway-10s,60,0.04409277603285818
lan-gateway-10s,60,0.044133043408230654
lan-gateway-10s,60,0.04417331078360313
lan-gateway-10s,60,0.0442135781589756
lan-gateway-10s,60,0.04425384553434807
lan-gateway-10s,60,0.044294112909720545
lan-gateway-10s,60,0.04433438028509302
lan-gateway-10s,60,0.04437464766046549
lan-gateway-10s,60,0.044414915035837964
lan-gateway-10s,60,0.04445518241121044
lan-gateway-10s,60,0.04449544978658291
lan-gateway-10s,60,0.04453571716195538
lan-gateway-10s,60,0.044575984537327855
lan-gateway-10s,60,0.04461625191270033
lan-gateway-10s,60,0.0446565192880728
lan-gateway-10s,60,0.04469678666344527
lan-gateway-10s,60,0.04473705403881775
lan-gateway-10s,60,0.044777321414190226
lan-gateway-10s,60,0.0448175887895627
lan-gateway-10s,60,0.04485785616493517
lan-gateway-10s,60,0.044898123540307644
lan-gateway-10s,60,0.04493839091568012
lan-gateway-10s,60,0.04497865829105259
lan-gateway-10s,60,0.04501892566642506
lan-gateway-10s,60,0.045059193041797535
lan-gateway-10s,60,0.04509946041717001
lan-gateway-10s,60,0.04513972779254248
lan-gateway-10s,60,0.04517999516791495
lan-gateway-10s,60,0.045220262543287426
lan-gateway-10s,60,0.0452605299186599
lan-gateway-10s,60,0.04530079729403237
lan-gateway-10s,60,0.04534106466940485
lan-gateway-10s,60,0.045381332044777324
lan-gateway-10s,60,0.0454215994201498
lan-gateway-10s,60,0.04546186679552227
lan-gateway-10s,60,0.04550213417089474
lan-gateway-10s,60,0.045542401546267215
lan-gateway-10s,60,0.04558266892163969
lan-gateway-10s,60,0.04562293629701216
lan-gateway-10s,60,0.045663203672384634
lan-gateway-10s,60,0.045703471047757106
lan-gateway-10s,60,0.04574373842312958
lan-gateway-10s,60,0.04578400579850205
lan-gateway-10s,60,0.045824273173874525
lan-gateway-10s,60,0.045864540549247
lan-gateway-10s,60,0.04590480792461947
lan-gateway-10s,60,0.04594507529999195
lan-gateway-10s,60,0.04598534267536442
lan-gateway-10s,60,0.046025610050736895
lan-gateway-10s,60,0.04606587742610937
lan-gateway-10s,60,0.04610614480148184
lan-gateway-10s,60,0.046146412176854314
lan-gateway-10s,60,0.046186679552226786
lan-gateway-10s,60,0.04622694692759926
lan-gateway-10s,60,0.04626721430297173
lan-gateway-10s,60,0.046307481678344205
lan-gateway-10s,60,0.04634774905371668
lan-gateway-10s,60,0.04638801642908915
lan-gateway-10s,60,0.04642828380446162
lan-gateway-10s,60,0.046468551179834096
lan-gateway-10s,60,0.04650881855520657
lan-gateway-10s,60,0.04654908593057905
lan-gateway-10s,60,0.04658935330595152
lan-gateway-10s,60,0.046629620681323994
lan-gateway-10s,60,0.04666988805669647
lan-gateway-10s,60,0.04671015543206894
lan-gateway-10s,60,0.04675042280744141
lan-gateway-10s,60,0.046790690182813885
lan-gateway-10s,60,0.04683095755818636
lan-gateway-10s,60,0.04687122493355883
lan-gateway-10s,60,0.0469114923089313
lan-gateway-10s,60,0.046951759684303776
lan-gateway-10s,60,0.04699202705967625
lan-gateway-10s,60,0.04703229443504872
lan-gateway-10s,60,0.047072561810421194
lan-gateway-10s,60,0.04711282918579367
lan-gateway-10s,60,0.04715309656116614
lan-gateway-10s,60,0.04719336393653862
lan-gateway-10s,60,0.04723363131191109
lan-gateway-10s,60,0.047273898687283565
lan-gateway-10s,60,0.04731416606265604
lan-gateway-10s,60,0.04735443343802851
lan-gateway-10s,60,0.04739470081340098
lan-gateway-10s,60,0.047434968188773456
lan-gateway-10s,60,0.04747523556414593
lan-gateway-10s,60,0.0475155029395184
lan-gateway-10s,60,0.047555770314890874
lan-gateway-10s,60,0.04759603769026335
lan-gateway-10s,60,0.04763630506563582
lan-gateway-10s,60,0.04767657244100829
lan-gateway-10s,60,0.047716839816380766
lan-gateway-10s,60,0.04775710719175324
lan-gateway-10s,60,0.04779737456712572
lan-gateway-10s,60,0.04783764194249819
lan-gateway-10s,60,0.047877909317870664
lan-gateway-10s,60,0.047918176693243136
lan-gateway-10s,60,0.04795844406861561
lan-gateway-10s,60,0.04799871144398808
lan-gateway-10s,60,0.048038978819360555
lan-gateway-10s,60,0.04807924619473303
lan-gateway-10s,60,0.0481195135701055
lan-gateway-10s,60,0.04815978094547797
lan-gateway-10s,60,0.048200048320850446
lan-gateway-10s,60,0.04824031569622292
lan-gateway-10s,60,0.04828058307159539
lan-gateway-10s,60,0.048320850446967864
lan-gateway-10s,60,0.04836111782234034
lan-gateway-10s,60,0.048401385197712816
lan-gateway-10s,60,0.04844165257308529
lan-gateway-10s,60,0.04848191994845776
lan-gateway-10s,60,0.048522187323830235
lan-gateway-10s,60,0.04856245469920271
lan-gateway-10s,60,0.04860272207457518
lan-gateway-10s,60,0.04864298944994765
lan-gateway-10s,60,0.048683256825320126
lan-gateway-10s,60,0.0487235242006926
lan-gateway-10s,60,0.04876379157606507
lan-gateway-10s,60,0.048804058951437544
lan-gateway-10s,60,0.04884432632681002
lan-gateway-10s,60,0.04888459370218249
lan-gateway-10s,60,0.04892486107755496
lan-gateway-10s,60,0.048965128452927435
lan-gateway-10s,60,0.04900539582829991
lan-gateway-10s,60,0.04904566320367239
lan-gateway-10s,60,0.04908593057904486
lan-gateway-10s,60,0.04912619795441733
lan-gateway-10s,60,0.049166465329789806
lan-gateway-10s,60,0.04920673270516228
lan-gateway-10s,60,0.04924700008053475
lan-gateway-10s,60,0.049287267455907224
lan-gateway-10s,60,0.0493275348312797
lan-gateway-10s,60,0.04936780220665217
lan-gateway-10s,60,0.04940806958202464
lan-gateway-10s,60,0.049448336957397115
lan-gateway-10s,60,0.04948860433276959
lan-gateway-10s,60,0.04952887170814206
lan-gateway-10s,60,0.049569139083514534
lan-gateway-10s,60,0.049609406458887007
lan-gateway-10s,60,0.049649673834259486
lan-gateway-10s,60,0.04968994120963196
lan-gateway-10s,60,0.04973020858500443
lan-gateway-10s,60,0.049770475960376905
lan-gateway-10s,60,0.04981074333574938
lan-gateway-10s,60,0.04985101071112185
lan-gateway-10s,60,0.04989127808649432
lan-gateway-10s,60,0.049931545461866796
lan-gateway-10s,60,0.04997181283723927
lan-gateway-10s,60,0.05001208021261174
lan-gateway-10s,60,0.050052347587984214
lan-gateway-10s,60,0.05009261496335669
lan-gateway-10s,60,0.05013288233872916
lan-gateway-10s,60,0.05017314971410163
lan-gateway-10s,60,0.050213417089474105
lan-gateway-10s,60,0.050253684464846585
lan-gateway-10s,60,0.05029395184021906
lan-gateway-10s,60,0.05033421921559153
lan-gateway-10s,60,0.050374486590964
lan-gateway-10s,60,0.050414753966336476
lan-gateway-10s,60,0.05045502134170895
lan-gateway-10s,60,0.05049528871708142
lan-gateway-10s,60,0.050535556092453894
lan-gateway-10s,60,0.05057582346782637
lan-gateway-10s,60,0.05061609084319884
lan-gateway-10s,60,0.05065635821857131
lan-gateway-10s,60,0.050696625593943785
lan-gateway-10s,60,0.05073689296931626
lan-gateway-10s,60,0.05077716034468873
lan-gateway-10s,60,0.0508174277200612
lan-gateway-10s,60,0.050857695095433676
lan-gateway-10s,60,0.050897962470806156
lan-gateway-10s,60,0.05093822984617863
lan-gateway-10s,60,0.0509784972215511
lan-gateway-10s,60,0.051018764596923574
lan-gateway-10s,60,0.05105903197229605
lan-gateway-10s,60,0.05109929934766852
lan-gateway-10s,60,0.05113956672304099
lan-gateway-10s,60,0.051179834098413465
lan-gateway-10s,60,0.05122010147378594
lan-gateway-10s,60,0.05126036884915841
lan-gateway-10s,60,0.051300636224530884
lan-gateway-10s,60,0.051340903599903356
lan-gateway-10s,60,0.05138117097527583
lan-gateway-10s,60,0.0514214383506483
lan-gateway-10s,60,0.051461705726020775
lan-gateway-10s,60,0.051501973101393254
lan-gateway-10s,60,0.05154224047676573
lan-gateway-10s,60,0.0515825078521382
lan-gateway-10s,60,0.05162277522751067
lan-gateway-10s,60,0.051663042602883145
lan-gateway-10s,60,0.05170330997825562
lan-gateway-10s,60,0.05174357735362809
lan-gateway-10s,60,0.051783844729000564
lan-gateway-10s,60,0.05182411210437304
lan-gateway-10s,60,0.05186437947974551
lan-gateway-10s,60,0.05190464685511798
lan-gateway-10s,60,0.051944914230490455
lan-gateway-10s,60,0.05198518160586293
lan-gateway-10s,60,0.0520254489812354
lan-gateway-10s,60,0.05206571635660787
lan-gateway-10s,60,0.05210598373198035
lan-gateway-10s,60,0.052146251107352826
lan-gateway-10s,60,0.0521865184827253
lan-gateway-10s,60,0.05222678585809777
lan-gateway-10s,60,0.052267053233470244
lan-gateway-10s,60,0.05230732060884272
lan-gateway-10s,60,0.05234758798421519
lan-gateway-10s,60,0.05238785535958766
lan-gateway-10s,60,0.052428122734960135
lan-gateway-10s,60,0.05246839011033261
lan-gateway-10s,60,0.05250865748570508
lan-gateway-10s,60,0.05254892486107755
lan-gateway-10s,60,0.052589192236450026
lan-gateway-10s,60,0.0526294596118225
lan-gateway-10s,60,0.05266972698719497
lan-gateway-10s,60,0.052709994362567444
lan-gateway-10s,60,0.052750261737939924
lan-gateway-10s,60,0.0527905291133124
lan-gateway-10s,60,0.05283079648868487
lan-gateway-10s,60,0.05287106386405734
lan-gateway-10s,60,0.052911331239429815
lan-gateway-10s,60,0.05295159861480229
lan-gateway-10s,60,0.05299186599017476
lan-gateway-10s,60,0.053032133365547234
lan-gateway-10s,60,0.053072400740919706
lan-gateway-10s,60,0.05311266811629218
lan-gateway-10s,60,0.05315293549166465
lan-gateway-10s,60,0.053193202867037125
lan-gateway-10s,60,0.0532334702424096
lan-gateway-10s,60,0.05327373761778207
lan-gateway-10s,60,0.05331400499315454
lan-gateway-10s,60,0.05335427236852702
lan-gateway-10s,60,0.053394539743899495
lan-gateway-10s,60,0.05343480711927197
lan-gateway-10s,60,0.05347507449464444
lan-gateway-10s,60,0.053515341870016914
lan-gateway-10s,60,0.053555609245389386
lan-gateway-10s,60,0.05359587662076186
lan-gateway-10s,60,0.05363614399613433
lan-gateway-10s,60,0.053676411371506805
lan-gateway-10s,60,0.05371667874687928
lan-gateway-10s,60,0.05375694612225175
lan-gateway-10s,60,0.05379721349762422
lan-gateway-10s,60,0.053837480872996696
lan-gateway-10s,60,0.05387774824836917
lan-gateway-10s,60,0.05391801562374164
lan-gateway-10s,60,0.05395828299911412
lan-gateway-10s,60,0.053998550374486594
lan-gateway-10s,60,0.05403881774985907
lan-gateway-10s,60,0.05407908512523154
lan-gateway-10s,60,0.05411935250060401
lan-gateway-10s,60,0.054159619875976485
lan-gateway-10s,60,0.05419988725134896
lan-gateway-10s,60,0.05424015462672143
lan-gateway-10s,60,0.0542804220020939
lan-gateway-10s,60,0.054320689377466376
lan-gateway-10s,60,0.05436095675283885
lan-gateway-10s,60,0.05440122412821132
lan-gateway-10s,60,0.054441491503583794
lan-gateway-10s,60,0.05448175887895627
lan-gateway-10s,60,0.05452202625432874
lan-gateway-10s,60,0.05456229362970122
lan-gateway-10s,60,0.05460256100507369
lan-gateway-10s,60,0.054642828380446165
lan-gateway-10s,60,0.05468309575581864
lan-gateway-10s,60,0.05472336313119111
lan-gateway-10s,60,0.05476363050656358
lan-gateway-10s,60,0.054803897881936056
lan-gateway-10s,60,0.05484416525730853
lan-gateway-10s,60,0.054884432632681
lan-gateway-10s,60,0.054924700008053474
lan-gateway-10s,60,0.05496496738342595
lan-gateway-10s,60,0.05500523475879842
lan-gateway-10s,60,0.05504550213417089
lan-gateway-10s,60,0.055085769509543366
lan-gateway-10s,60,0.05512603688491584
lan-gateway-10s,60,0.05516630426028831
lan-gateway-10s,60,0.05520657163566079
lan-gateway-10s,60,0.055246839011033264
lan-gateway-10s,60,0.055287106386405736
lan-gateway-10s,60,0.05532737376177821
lan-gateway-10s,60,0.05536764113715068
lan-gateway-10s,60,0.055407908512523155
lan-gateway-10s,60,0.05544817588789563
lan-gateway-10s,60,0.0554884432632681
lan-gateway-10s,60,0.05552871063864057
lan-gateway-10s,60,0.055568978014013046
lan-gateway-10s,60,0.05560924538938552
lan-gateway-10s,60,0.05564951276475799
lan-gateway-10s,60,0.055689780140130464
lan-gateway-10s,60,0.05573004751550294
lan-gateway-10s,60,0.05577031489087541
lan-gateway-10s,60,0.05581058226624789
lan-gateway-10s,60,0.05585084964162036
lan-gateway-10s,60,0.055891117016992835
lan-gateway-10s,60,0.05593138439236531
lan-gateway-10s,60,0.05597165176773778
lan-gateway-10s,60,0.05601191914311025
lan-gateway-10s,60,0.056052186518482726
lan-gateway-10s,60,0.0560924538938552
lan-gateway-10s,60,0.05613272126922767
lan-gateway-10s,60,0.056172988644600144
lan-gateway-10s,60,0.05621325601997262
lan-gateway-10s,60,0.05625352339534509
lan-gateway-10s,60,0.05629379077071756
lan-gateway-10s,60,0.056334058146090035
lan-gateway-10s,60,0.05637432552146251
lan-gateway-10s,60,0.05641459289683499
lan-gateway-10s,60,0.05645486027220746
lan-gateway-10s,60,0.05649512764757993
lan-gateway-10s,60,0.056535395022952406
lan-gateway-10s,60,0.05657566239832488
lan-gateway-10s,60,0.05661592977369735
lan-gateway-10s,60,0.056656197149069824
lan-gateway-10s,60,0.0566964645244423
lan-gateway-10s,60,0.05673673189981477
lan-gateway-10s,60,0.05677699927518724
lan-gateway-10s,60,0.056817266650559715
lan-gateway-10s,60,0.05685753402593219
lan-gateway-10s,60,0.05689780140130466
lan-gateway-10s,60,0.056938068776677134
lan-gateway-10s,60,0.056978336152049607
lan-gateway-10s,60,0.05701860352742208
lan-gateway-10s,60,0.05705887090279456
lan-gateway-10s,60,0.05709913827816703
lan-gateway-10s,60,0.057139405653539505
lan-gateway-10s,60,0.05717967302891198
lan-gateway-10s,60,0.05721994040428445
lan-gateway-10s,60,0.05726020777965692
lan-gateway-10s,60,0.057300475155029396
lan-gateway-10s,60,0.05734074253040187
lan-gateway-10s,60,0.05738100990577434
lan-gateway-10s,60,0.057421277281146814
lan-gateway-10s,60,0.05746154465651929
lan-gateway-10s,60,0.05750181203189176
lan-gateway-10s,60,0.05754207940726423
lan-gateway-10s,60,0.057582346782636705
lan-gateway-10s,60,0.05762261415800918
lan-gateway-10s,60,0.05766288153338166
lan-gateway-10s,60,0.05770314890875413
lan-gateway-10s,60,0.0577434162841266
lan-gateway-10s,60,0.057783683659499076
lan-gateway-10s,60,0.05782395103487155
lan-gateway-10s,60,0.05786421841024402
lan-gateway-10s,60,0.057904485785616494
lan-gateway-10s,60,0.05794475316098897
lan-gateway-10s,60,0.05798502053636144
lan-gateway-10s,60,0.05802528791173391
lan-gateway-10s,60,0.058065555287106385
lan-gateway-10s,60,0.05810582266247886
lan-gateway-10s,60,0.05814609003785133
lan-gateway-10s,60,0.0581863574132238
lan-gateway-10s,60,0.058226624788596276
lan-gateway-10s,60,0.058266892163968756
lan-gateway-10s,60,0.05830715953934123
lan-gateway-10s,60,0.0583474269147137
lan-gateway-10s,60,0.058387694290086174
lan-gateway-10s,60,0.05842796166545865
lan-gateway-10s,60,0.05846822904083112
lan-gateway-10s,60,0.05850849641620359
lan-gateway-10s,60,0.058548763791576065
lan-gateway-10s,60,0.05858903116694854
lan-gateway-10s,60,0.05862929854232101
lan-gateway-10s,60,0.058669565917693484
lan-gateway-10s,60,0.058709833293065956
lan-gateway-10s,60,0.05875010066843843
lan-gateway-10s,60,0.0587903680438109
lan-gateway-10s,60,0.058830635419183375
lan-gateway-10s,60,0.05887090279455585
lan-gateway-10s,60,0.05891117016992833
lan-gateway-10s,60,0.0589514375453008
lan-gateway-10s,60,0.05899170492067327
lan-gateway-10s,60,0.059031972296045745
lan-gateway-10s,60,0.05907223967141822
lan-gateway-10s,60,0.05911250704679069
lan-gateway-10s,60,0.059152774422163164
lan-gateway-10s,60,0.05919304179753564
lan-gateway-10s,60,0.05923330917290811
lan-gateway-10s,60,0.05927357654828058
lan-gateway-10s,60,0.059313843923653055
lan-gateway-10s,60,0.05935411129902553
lan-gateway-10s,60,0.059394378674398
lan-gateway-10s,60,0.05943464604977047
lan-gateway-10s,60,0.059474913425142946
lan-gateway-10s,60,0.059515180800515426
lan-gateway-10s,60,0.0595554481758879
lan-gateway-10s,60,0.05959571555126037
lan-gateway-10s,60,0.059635982926632844
lan-gateway-10s,60,0.05967625030200532
lan-gateway-10s,60,0.05971651767737779
lan-gateway-10s,60,0.05975678505275026
lan-gateway-10s,60,0.059797052428122735
lan-gateway-10s,60,0.05983731980349521
lan-gateway-10s,60,0.05987758717886768
lan-gateway-10s,60,0.05991785455424015
lan-gateway-10s,60,0.059958121929612626
lan-gateway-10s,60,0.0599983893049851
lan-gateway-10s,60,0.06003865668035757
lan-gateway-10s,60,0.060078924055730044
lan-gateway-10s,60,0.060119191431102524
lan-gateway-10s,60,0.060159458806475
lan-gateway-10s,60,0.06019972618184747
lan-gateway-10s,60,0.06023999355721994
lan-gateway-10s,60,0.060280260932592415
lan-gateway-10s,60,0.06032052830796489
lan-gateway-10s,60,0.06036079568333736
lan-gateway-10s,60,0.060401063058709833
lan-gateway-10s,60,0.060441330434082306
lan-gateway-10s,60,0.06048159780945478
lan-gateway-10s,60,0.06052186518482725
lan-gateway-10s,60,0.060562132560199725
lan-gateway-10s,60,0.0606023999355722
lan-gateway-10s,60,0.06064266731094467
lan-gateway-10s,60,0.06068293468631714
lan-gateway-10s,60,0.060723202061689616
lan-gateway-10s,60,0.060763469437062095
lan-gateway-10s,60,0.06080373681243457
lan-gateway-10s,60,0.06084400418780704
lan-gateway-10s,60,0.060884271563179514
lan-gateway-10s,60,0.060924538938551986
lan-gateway-10s,60,0.06096480631392446
lan-gateway-10s,60,0.06100507368929693
lan-gateway-10s,60,0.061045341064669405
lan-gateway-10s,60,0.06108560844004188
lan-gateway-10s,60,0.06112587581541435
lan-gateway-10s,60,0.06116614319078682
lan-gateway-10s,60,0.061206410566159296
lan-gateway-10s,60,0.06124667794153177
lan-gateway-10s,60,0.06128694531690424
lan-gateway-10s,60,0.061327212692276714
lan-gateway-10s,60,0.061367480067649194
lan-gateway-10s,60,0.06140774744302167
lan-gateway-10s,60,0.06144801481839414
lan-gateway-10s,60,0.06148828219376661
lan-gateway-10s,60,0.061528549569139085
lan-gateway-10s,60,0.06156881694451156
lan-gateway-10s,60,0.06160908431988403
lan-gateway-10s,60,0.0616493516952565
lan-gateway-10s,60,0.061689619070628976
lan-gateway-10s,60,0.06172988644600145
lan-gateway-10s,60,0.06177015382137392
lan-gateway-10s,60,0.061810421196746394
lan-gateway-10s,60,0.06185068857211887
lan-gateway-10s,60,0.06189095594749134
lan-gateway-10s,60,0.06193122332286381
lan-gateway-10s,60,0.06197149069823629
lan-gateway-10s,60,0.062011758073608765
lan-gateway-10s,60,0.06205202544898124
lan-gateway-10s,60,0.06209229282435371
lan-gateway-10s,60,0.06213256019972618
lan-gateway-10s,60,0.062172827575098656
lan-gateway-10s,60,0.06221309495047113
lan-gateway-10s,60,0.0622533623258436
lan-gateway-10s,60,0.062293629701216074
lan-gateway-10s,60,0.06233389707658855
lan-gateway-10s,60,0.06237416445196102
lan-gateway-10s,60,0.06241443182733349
lan-gateway-10s,60,0.062454699202705966
lan-gateway-10s,60,0.06249496657807844
lan-gateway-10s,60,0.06253523395345091
lan-gateway-10s,60,0.06257550132882339
lan-gateway-10s,60,0.06261576870419586
lan-gateway-10s,60,0.06265603607956834
lan-gateway-10s,60,0.0626963034549408
lan-gateway-10s,60,0.06273657083031328
lan-gateway-10s,60,0.06277683820568575
lan-gateway-10s,60,0.06281710558105823
lan-gateway-10s,60,0.0628573729564307
lan-gateway-10s,60,0.06289764033180317
lan-gateway-10s,60,0.06293790770717565
lan-gateway-10s,60,0.06297817508254812
lan-gateway-10s,60,0.0630184424579206
lan-gateway-10s,60,0.06305870983329306
lan-gateway-10s,60,0.06309897720866554
lan-gateway-10s,60,0.06313924458403801
lan-gateway-10s,60,0.06317951195941049
lan-gateway-10s,60,0.06321977933478296
lan-gateway-10s,60,0.06326004671015543
lan-gateway-10s,60,0.0633003140855279
lan-gateway-10s,60,0.06334058146090038
lan-gateway-10s,60,0.06338084883627285
lan-gateway-10s,60,0.06342111621164533
lan-gateway-10s,60,0.06346138358701779
lan-gateway-10s,60,0.06350165096239027
lan-gateway-10s,60,0.06354191833776275
lan-gateway-10s,60,0.06358218571313522
lan-gateway-10s,60,0.0636224530885077
lan-gateway-10s,60,0.06366272046388016
lan-gateway-10s,60,0.06370298783925264
lan-gateway-10s,60,0.06374325521462511
lan-gateway-10s,60,0.06378352258999759
lan-gateway-10s,60,0.06382378996537005
lan-gateway-10s,60,0.06386405734074253
lan-gateway-10s,60,0.063904324716115
lan-gateway-10s,60,0.06394459209148748
lan-gateway-10s,60,0.06398485946685994
lan-gateway-10s,60,0.06402512684223242
lan-gateway-10s,60,0.06406539421760489
lan-gateway-10s,60,0.06410566159297737
lan-gateway-10s,60,0.06414592896834985
lan-gateway-10s,60,0.06418619634372232
lan-gateway-10s,60,0.0642264637190948
lan-gateway-10s,60,0.06426673109446726
lan-gateway-10s,60,0.06430699846983974
lan-gateway-10s,60,0.0643472658452122
lan-gateway-10s,60,0.06438753322058469
lan-gateway-10s,60,0.06442780059595715
lan-gateway-10s,60,0.06446806797132963
lan-gateway-10s,60,0.0645083353467021
lan-gateway-10s,60,0.06454860272207458
lan-gateway-10s,60,0.06458887009744704
lan-gateway-10s,60,0.06462913747281952
lan-gateway-10s,60,0.06466940484819199
lan-gateway-10s,60,0.06470967222356447
lan-gateway-10s,60,0.06474993959893695
lan-gateway-10s,60,0.06479020697430941
lan-gateway-10s,60,0.0648304743496819
lan-gateway-10s,60,0.06487074172505436
lan-gateway-10s,60,0.06491100910042684
lan-gateway-10s,60,0.0649512764757993
lan-gateway-10s,60,0.06499154385117178
lan-gateway-10s,60,0.06503181122654425
lan-gateway-10s,60,0.06507207860191673
lan-gateway-10s,60,0.0651123459772892
lan-gateway-10s,60,0.06515261335266168
lan-gateway-10s,60,0.06519288072803414
lan-gateway-10s,60,0.06523314810340662
lan-gateway-10s,60,0.06527341547877909
lan-gateway-10s,60,0.06531368285415157
lan-gateway-10s,60,0.06535395022952405
lan-gateway-10s,60,0.06539421760489651
lan-gateway-10s,60,0.06543448498026899
lan-gateway-10s,60,0.06547475235564146
lan-gateway-10s,60,0.06551501973101394
lan-gateway-10s,60,0.0655552871063864
lan-gateway-10s,60,0.06559555448175888
lan-gateway-10s,60,0.06563582185713135
lan-gateway-10s,60,0.06567608923250383
lan-gateway-10s,60,0.0657163566078763
lan-gateway-10s,60,0.06575662398324877
lan-gateway-10s,60,0.06579689135862124
lan-gateway-10s,60,0.06583715873399372
lan-gateway-10s,60,0.06587742610936619
lan-gateway-10s,60,0.06591769348473867
lan-gateway-10s,60,0.06595796086011113
lan-gateway-10s,60,0.06599822823548361
lan-gateway-10s,60,0.06603849561085609
lan-gateway-10s,60,0.06607876298622856
lan-gateway-10s,60,0.06611903036160104
lan-gateway-10s,60,0.0661592977369735
lan-gateway-10s,60,0.06619956511234598
lan-gateway-10s,60,0.06623983248771845
lan-gateway-10s,60,0.06628009986309093
lan-gateway-10s,60,0.06632036723846339
lan-gateway-10s,60,0.06636063461383587
lan-gateway-10s,60,0.06640090198920834
lan-gateway-10s,60,0.06644116936458082
lan-gateway-10s,60,0.06648143673995328
lan-gateway-10s,60,0.06652170411532576
lan-gateway-10s,60,0.06656197149069823
lan-gateway-10s,60,0.06660223886607071
lan-gateway-10s,60,0.06664250624144319
lan-gateway-10s,60,0.06668277361681565
lan-gateway-10s,60,0.06672304099218813
lan-gateway-10s,60,0.0667633083675606
lan-gateway-10s,60,0.06680357574293308
lan-gateway-10s,60,0.06684384311830555
lan-gateway-10s,60,0.06688411049367803
lan-gateway-10s,60,0.06692437786905049
lan-gateway-10s,60,0.06696464524442297
lan-gateway-10s,60,0.06700491261979544
lan-gateway-10s,60,0.06704517999516792
lan-gateway-10s,60,0.06708544737054038
lan-gateway-10s,60,0.06712571474591286
lan-gateway-10s,60,0.06716598212128533
lan-gateway-10s,60,0.06720624949665781
lan-gateway-10s,60,0.06724651687203029
lan-gateway-10s,60,0.06728678424740275
lan-gateway-10s,60,0.06732705162277523
lan-gateway-10s,60,0.0673673189981477
lan-gateway-10s,60,0.06740758637352018
lan-gateway-10s,60,0.06744785374889264
lan-gateway-10s,60,0.06748812112426512
lan-gateway-10s,60,0.06752838849963759
lan-gateway-10s,60,0.06756865587501007
lan-gateway-10s,60,0.06760892325038254
lan-gateway-10s,60,0.06764919062575502
lan-gateway-10s,60,0.06768945800112748
lan-gateway-10s,60,0.06772972537649996
lan-gateway-10s,60,0.06776999275187243
lan-gateway-10s,60,0.0678102601272449
lan-gateway-10s,60,0.06785052750261739
lan-gateway-10s,60,0.06789079487798985
lan-gateway-10s,60,0.06793106225336233
lan-gateway-10s,60,0.0679713296287348
lan-gateway-10s,60,0.06801159700410728
lan-gateway-10s,60,0.06805186437947974
lan-gateway-10s,60,0.06809213175485222
lan-gateway-10s,60,0.06813239913022469
lan-gateway-10s,60,0.06817266650559717
lan-gateway-10s,60,0.06821293388096963
lan-gateway-10s,60,0.06825320125634211
lan-gateway-10s,60,0.06829346863171458
lan-gateway-10s,60,0.06833373600708706
lan-gateway-10s,60,0.06837400338245953
lan-gateway-10s,60,0.068414270757832
lan-gateway-10s,60,0.06845453813320448
lan-gateway-10s,60,0.06849480550857695
lan-gateway-10s,60,0.06853507288394943
lan-gateway-10s,60,0.0685753402593219
lan-gateway-10s,60,0.06861560763469438
lan-gateway-10s,60,0.06865587501006684
lan-gateway-10s,60,0.06869614238543932
lan-gateway-10s,60,0.06873640976081179
lan-gateway-10s,60,0.06877667713618427
lan-gateway-10s,60,0.06881694451155673
lan-gateway-10s,60,0.06885721188692921
lan-gateway-10s,60,0.06889747926230168
lan-gateway-10s,60,0.06893774663767416
lan-gateway-10s,60,0.06897801401304662
lan-gateway-10s,60,0.0690182813884191
lan-gateway-10s,60,0.06905854876379158
lan-gateway-10s,60,0.06909881613916405
lan-gateway-10s,60,0.06913908351453653
lan-gateway-10s,60,0.069179350889909
lan-gateway-10s,60,0.06921961826528147
lan-gateway-10s,60,0.06925988564065394
lan-gateway-10s,60,0.06930015301602642
lan-gateway-10s,60,0.06934042039139889
lan-gateway-10s,60,0.06938068776677137
lan-gateway-10s,60,0.06942095514214383
lan-gateway-10s,60,0.06946122251751631
lan-gateway-10s,60,0.06950148989288878
lan-gateway-10s,60,0.06954175726826126
lan-gateway-10s,60,0.06958202464363372
lan-gateway-10s,60,0.0696222920190062
lan-gateway-10s,60,0.06966255939437867
lan-gateway-10s,60,0.06970282676975115
lan-gateway-10s,60,0.06974309414512363
lan-gateway-10s,60,0.06978336152049609
lan-gateway-10s,60,0.06982362889586857
lan-gateway-10s,60,0.06986389627124104
lan-gateway-10s,60,0.06990416364661352
lan-gateway-10s,60,0.06994443102198598
lan-gateway-10s,60,0.06998469839735846
lan-gateway-10s,60,0.07002496577273093
lan-gateway-10s,60,0.07006523314810341
lan-gateway-10s,60,0.07010550052347587
lan-gateway-10s,60,0.07014576789884835
lan-gateway-10s,60,0.07018603527422082
lan-gateway-10s,60,0.0702263026495933
lan-gateway-10s,60,0.07026657002496577
lan-gateway-10s,60,0.07030683740033825
lan-gateway-10s,60,0.07034710477571073
lan-gateway-10s,60,0.07038737215108319
lan-gateway-10s,60,0.07042763952645567
lan-gateway-10s,60,0.07046790690182814
lan-gateway-10s,60,0.07050817427720062
lan-gateway-10s,60,0.07054844165257308
lan-gateway-10s,60,0.07058870902794556
lan-gateway-10s,60,0.07062897640331803
lan-gateway-10s,60,0.07066924377869051
lan-gateway-10s,60,0.07070951115406297
lan-gateway-10s,60,0.07074977852943545
lan-gateway-10s,60,0.07079004590480792
lan-gateway-10s,60,0.0708303132801804
lan-gateway-10s,60,0.07087058065555286
lan-gateway-10s,60,0.07091084803092534
lan-gateway-10s,60,0.07095111540629782
lan-gateway-10s,60,0.07099138278167029
lan-gateway-10s,60,0.07103165015704277
lan-gateway-10s,60,0.07107191753241524
lan-gateway-10s,60,0.07111218490778771
lan-gateway-10s,60,0.07115245228316018
lan-gateway-10s,60,0.07119271965853266
lan-gateway-10s,60,0.07123298703390513
lan-gateway-10s,60,0.0712732544092776
lan-gateway-10s,60,0.07131352178465007
lan-gateway-10s,60,0.07135378916002255
lan-gateway-10s,60,0.07139405653539502
lan-gateway-10s,60,0.0714343239107675
lan-gateway-10s,60,0.07147459128613996
lan-gateway-10s,60,0.07151485866151244
lan-gateway-10s,60,0.07155512603688492
lan-gateway-10s,60,0.07159539341225739
lan-gateway-10s,60,0.07163566078762987
lan-gateway-10s,60,0.07167592816300233
lan-gateway-10s,60,0.07171619553837481
lan-gateway-10s,60,0.07175646291374728
lan-gateway-10s,60,0.07179673028911976
lan-gateway-10s,60,0.07183699766449222
lan-gateway-10s,60,0.0718772650398647
lan-gateway-10s,60,0.07191753241523717
lan-gateway-10s,60,0.07195779979060965
lan-gateway-10s,60,0.07199806716598212
lan-gateway-10s,60,0.0720383345413546
lan-gateway-10s,60,0.07207860191672706
lan-gateway-10s,60,0.07211886929209954
lan-gateway-10s,60,0.07215913666747202
lan-gateway-10s,60,0.07219940404284449
lan-gateway-10s,60,0.07223967141821697
lan-gateway-10s,60,0.07227993879358943
lan-gateway-10s,60,0.07232020616896191
lan-gateway-10s,60,0.07236047354433438
lan-gateway-10s,60,0.07240074091970686
lan-gateway-10s,60,0.07244100829507932
lan-gateway-10s,60,0.0724812756704518
lan-gateway-10s,60,0.07252154304582427
lan-gateway-10s,60,0.07256181042119675
lan-gateway-10s,60,0.07260207779656921
lan-gateway-10s,60,0.0726423451719417
lan-gateway-10s,60,0.07268261254731416
lan-gateway-10s,60,0.07272287992268664
lan-gateway-10s,60,0.07276314729805912
lan-gateway-10s,60,0.07280341467343159
lan-gateway-10s,60,0.07284368204880406
lan-gateway-10s,60,0.07288394942417653
lan-gateway-10s,60,0.07292421679954901
lan-gateway-10s,60,0.07296448417492148
lan-gateway-10s,60,0.07300475155029396
lan-gateway-10s,60,0.07304501892566642
lan-gateway-10s,60,0.0730852863010389
lan-gateway-10s,60,0.07312555367641137
lan-gateway-10s,60,0.07316582105178385
lan-gateway-10s,60,0.07320608842715631
lan-gateway-10s,60,0.07324635580252879
lan-gateway-10s,60,0.07328662317790126
lan-gateway-10s,60,0.07332689055327374
lan-gateway-10s,60,0.07336715792864622
lan-gateway-10s,60,0.07340742530401868
lan-gateway-10s,60,0.07344769267939116
lan-gateway-10s,60,0.07348796005476363
lan-gateway-10s,60,0.07352822743013611
lan-gateway-10s,60,0.07356849480550857
lan-gateway-10s,60,0.07360876218088105
lan-gateway-10s,60,0.07364902955625352
lan-gateway-10s,60,0.073689296931626
lan-gateway-10s,60,0.07372956430699847
lan-gateway-10s,60,0.07376983168237095
lan-gateway-10s,60,0.07381009905774341
lan-gateway-10s,60,0.07385036643311589
lan-gateway-10s,60,0.07389063380848836
lan-gateway-10s,60,0.07393090118386084
lan-gateway-10s,60,0.0739711685592333
lan-gateway-10s,60,0.07401143593460578
lan-gateway-10s,60,0.07405170330997826
lan-gateway-10s,60,0.07409197068535073
lan-gateway-10s,60,0.07413223806072321
lan-gateway-10s,60,0.07417250543609567
lan-gateway-10s,60,0.07421277281146815
lan-gateway-10s,60,0.07425304018684062
lan-gateway-10s,60,0.0742933075622131
lan-gateway-10s,60,0.07433357493758556
lan-gateway-10s,60,0.07437384231295804
lan-gateway-10s,60,0.07441410968833051
lan-gateway-10s,60,0.07445437706370299
lan-gateway-10s,60,0.07449464443907546
lan-gateway-10s,60,0.07453491181444794
lan-gateway-10s,60,0.0745751791898204
lan-gateway-10s,60,0.07461544656519288
lan-gateway-10s,60,0.07465571394056536
lan-gateway-10s,60,0.07469598131593783
lan-gateway-10s,60,0.0747362486913103
lan-gateway-10s,60,0.07477651606668277
lan-gateway-10s,60,0.07481678344205525
lan-gateway-10s,60,0.07485705081742772
lan-gateway-10s,60,0.0748973181928002
lan-gateway-10s,60,0.07493758556817266
lan-gateway-10s,60,0.07497785294354514
lan-gateway-10s,60,0.07501812031891761
lan-gateway-10s,60,0.07505838769429009
lan-gateway-10s,60,0.07509865506966255
lan-gateway-10s,60,0.07513892244503503
lan-gateway-10s,60,0.0751791898204075
lan-gateway-10s,60,0.07521945719577998
lan-gateway-10s,60,0.07525972457115246
lan-gateway-10s,60,0.07529999194652492
lan-gateway-10s,60,0.0753402593218974
lan-gateway-10s,60,0.07538052669726987
lan-gateway-10s,60,0.07542079407264235
lan-gateway-10s,60,0.07546106144801482
lan-gateway-10s,60,0.0755013288233873
lan-gateway-10s,60,0.07554159619875976
lan-gateway-10s,60,0.07558186357413224
lan-gateway-10s,60,0.0756221309495047
lan-gateway-10s,60,0.07566239832487719
lan-gateway-10s,60,0.07570266570024965
lan-gateway-10s,60,0.07574293307562213
lan-gateway-10s,60,0.0757832004509946
lan-gateway-10s,60,0.07582346782636708
lan-gateway-10s,60,0.07586373520173956
lan-gateway-10s,60,0.07590400257711202
lan-gateway-10s,60,0.0759442699524845
lan-gateway-10s,60,0.07598453732785697
lan-gateway-10s,60,0.07602480470322945
lan-gateway-10s,60,0.07606507207860191
lan-gateway-10s,60,0.0761053394539744
lan-gateway-10s,60,0.07614560682934686
lan-gateway-10s,60,0.07618587420471934
lan-gateway-10s,60,0.0762261415800918
lan-gateway-10s,60,0.07626640895546428
lan-gateway-10s,60,0.07630667633083675
lan-gateway-10s,60,0.07634694370620923
lan-gateway-10s,60,0.0763872110815817
lan-gateway-10s,60,0.07642747845695418
lan-gateway-10s,60,0.07646774583232666
lan-gateway-10s,60,0.07650801320769912
lan-gateway-10s,60,0.0765482805830716
lan-gateway-10s,60,0.07658854795844407
lan-gateway-10s,60,0.07662881533381655
lan-gateway-10s,60,0.07666908270918901
lan-gateway-10s,60,0.07670935008456149
lan-gateway-10s,60,0.07674961745993396
lan-gateway-10s,60,0.07678988483530644
lan-gateway-10s,60,0.0768301522106789
lan-gateway-10s,60,0.07687041958605138
lan-gateway-10s,60,0.07691068696142385
lan-gateway-10s,60,0.07695095433679633
lan-gateway-10s,60,0.0769912217121688
lan-gateway-10s,60,0.07703148908754127
lan-gateway-10s,60,0.07707175646291375
lan-gateway-10s,60,0.07711202383828622
lan-gateway-10s,60,0.0771522912136587
lan-gateway-10s,60,0.07719255858903117
lan-gateway-10s,60,0.07723282596440365
lan-gateway-10s,60,0.07727309333977611
lan-gateway-10s,60,0.07731336071514859
lan-gateway-10s,60,0.07735362809052106
lan-gateway-10s,60,0.07739389546589354
lan-gateway-10s,60,0.077434162841266
lan-gateway-10s,60,0.07747443021663848
lan-gateway-10s,60,0.07751469759201095
lan-gateway-10s,60,0.07755496496738343
lan-gateway-10s,60,0.0775952323427559
lan-gateway-10s,60,0.07763549971812837
lan-gateway-10s,60,0.07767576709350084
lan-gateway-10s,60,0.07771603446887332
lan-gateway-10s,60,0.0777563018442458
lan-gateway-10s,60,0.07779656921961826
lan-gateway-10s,60,0.07783683659499074
lan-gateway-10s,60,0.07787710397036321
lan-gateway-10s,60,0.07791737134573569
lan-gateway-10s,60,0.07795763872110816
lan-gateway-10s,60,0.07799790609648063
lan-gateway-10s,60,0.0780381734718531
lan-gateway-10s,60,0.07807844084722558
lan-gateway-10s,60,0.07811870822259805
lan-gateway-10s,60,0.07815897559797053
lan-gateway-10s,60,0.07819924297334299
lan-gateway-10s,60,0.07823951034871547
lan-gateway-10s,60,0.07827977772408794
lan-gateway-10s,60,0.07832004509946042
lan-gateway-10s,60,0.0783603124748329
lan-gateway-10s,60,0.07840057985020536
lan-gateway-10s,60,0.07844084722557784
lan-gateway-10s,60,0.07848111460095031
lan-gateway-10s,60,0.07852138197632279
lan-gateway-10s,60,0.07856164935169525
lan-gateway-10s,60,0.07860191672706773
lan-gateway-10s,60,0.0786421841024402
lan-gateway-10s,60,0.07868245147781268
lan-gateway-10s,60,0.07872271885318514
lan-gateway-10s,60,0.07876298622855762
lan-gateway-10s,60,0.07880325360393009
lan-gateway-10s,60,0.07884352097930257
lan-gateway-10s,60,0.07888378835467504
lan-gateway-10s,60,0.07892405573004752
lan-gateway-10s,60,0.07896432310542
lan-gateway-10s,60,0.07900459048079246
lan-gateway-10s,60,0.07904485785616494
lan-gateway-10s,60,0.0790851252315374
lan-gateway-10s,60,0.07912539260690989
lan-gateway-10s,60,0.07916565998228235
lan-gateway-10s,60,0.07920592735765483
lan-gateway-10s,60,0.0792461947330273
lan-gateway-10s,60,0.07928646210839978
lan-gateway-10s,60,0.07932672948377224
lan-gateway-10s,60,0.07936699685914472
lan-gateway-10s,60,0.07940726423451719
lan-gateway-10s,60,0.07944753160988967
lan-gateway-10s,60,0.07948779898526213
lan-gateway-10s,60,0.07952806636063461
lan-gateway-10s,60,0.0795683337360071
lan-gateway-10s,60,0.07960860111137956
lan-gateway-10s,60,0.07964886848675204
lan-gateway-10s,60,0.0796891358621245
lan-gateway-10s,60,0.07972940323749698
lan-gateway-10s,60,0.07976967061286945
lan-gateway-10s,60,0.07980993798824193
lan-gateway-10s,60,0.0798502053636144
lan-gateway-10s,60,0.07989047273898688
lan-gateway-10s,60,0.07993074011435934
lan-gateway-10s,60,0.07997100748973182
lan-gateway-10s,60,0.08001127486510429
lan-gateway-10s,60,0.08005154224047677
lan-gateway-10s,60,0.08009180961584923
lan-gateway-10s,60,0.08013207699122171
lan-gateway-10s,60,0.08017234436659419
lan-gateway-10s,60,0.08021261174196666
lan-gateway-10s,60,0.08025287911733914
lan-gateway-10s,60,0.0802931464927116
lan-gateway-10s,60,0.08033341386808408
lan-gateway-10s,60,0.08037368124345655
lan-gateway-10s,60,0.08041394861882903
lan-gateway-10s,60,0.0804542159942015
lan-gateway-10s,60,0.08049448336957397
lan-gateway-10s,60,0.08053475074494644
lan-gateway-10s,60,0.08057501812031892
lan-gateway-10s,60,0.08061528549569139
lan-gateway-10s,60,0.08065555287106387
lan-gateway-10s,60,0.08069582024643633
lan-gateway-10s,60,0.08073608762180881
lan-gateway-10s,60,0.08077635499718129
lan-gateway-10s,60,0.08081662237255376
lan-gateway-10s,60,0.08085688974792624
lan-gateway-10s,60,0.0808971571232987
lan-gateway-10s,60,0.08093742449867118
lan-gateway-10s,60,0.08097769187404365
lan-gateway-10s,60,0.08101795924941613
lan-gateway-10s,60,0.08105822662478859
lan-gateway-10s,60,0.08109849400016107
lan-gateway-10s,60,0.08113876137553354
lan-gateway-10s,60,0.08117902875090602
lan-gateway-10s,60,0.08121929612627848
lan-gateway-10s,60,0.08125956350165096
lan-gateway-10s,60,0.08129983087702343
lan-gateway-10s,60,0.08134009825239591
lan-gateway-10s,60,0.08138036562776838
lan-gateway-10s,60,0.08142063300314085
lan-gateway-10s,60,0.08146090037851333
lan-gateway-10s,60,0.0815011677538858
lan-gateway-10s,60,0.08154143512925828
lan-gateway-10s,60,0.08158170250463075
lan-gateway-10s,60,0.08162196988000323
lan-gateway-10s,60,0.08166223725537569
lan-gateway-10s,60,0.08170250463074817
lan-gateway-10s,60,0.08174277200612064
lan-gateway-10s,60,0.08178303938149312
lan-gateway-10s,60,0.08182330675686558
lan-gateway-10s,60,0.08186357413223806
lan-gateway-10s,60,0.08190384150761053
lan-gateway-10s,60,0.08194410888298301
lan-gateway-10s,60,0.08198437625835547
lan-gateway-10s,60,0.08202464363372795
lan-gateway-10s,60,0.08206491100910043
lan-gateway-10s,60,0.0821051783844729
lan-gateway-10s,60,0.08214544575984538
lan-gateway-10s,60,0.08218571313521784
lan-gateway-10s,60,0.08222598051059032
lan-gateway-10s,60,0.08226624788596279
lan-gateway-10s,60,0.08230651526133527
lan-gateway-10s,60,0.08234678263670774
lan-gateway-10s,60,0.08238705001208022
lan-gateway-10s,60,0.08242731738745268
lan-gateway-10s,60,0.08246758476282516
lan-gateway-10s,60,0.08250785213819763
lan-gateway-10s,60,0.0825481195135701
lan-gateway-10s,60,0.08258838688894257
lan-gateway-10s,60,0.08262865426431505
lan-gateway-10s,60,0.08266892163968753
lan-gateway-10s,60,0.08270918901506
lan-gateway-10s,60,0.08274945639043248
lan-gateway-10s,60,0.08278972376580494
lan-gateway-10s,60,0.08282999114117742
lan-gateway-10s,60,0.08287025851654989
lan-gateway-10s,60,0.08291052589192237
lan-gateway-10s,60,0.08295079326729483
lan-gateway-10s,60,0.08299106064266731
lan-gateway-10s,60,0.08303132801803978
lan-gateway-10s,60,0.08307159539341226
lan-gateway-10s,60,0.08311186276878473
lan-gateway-10s,60,0.0831521301441572
lan-gateway-10s,60,0.08319239751952967
lan-gateway-10s,60,0.08323266489490215
lan-gateway-10s,60,0.08327293227027463
lan-gateway-10s,60,0.0833131996456471
lan-gateway-10s,60,0.08335346702101958
lan-gateway-10s,60,0.08339373439639204
lan-gateway-10s,60,0.08343400177176452
lan-gateway-10s,60,0.08347426914713699
lan-gateway-10s,60,0.08351453652250947
lan-gateway-10s,60,0.08355480389788193
lan-gateway-10s,60,0.08359507127325441
lan-gateway-10s,60,0.08363533864862688
lan-gateway-10s,60,0.08367560602399936
lan-gateway-10s,60,0.08371587339937182
lan-gateway-10s,60,0.0837561407747443
lan-gateway-10s,60,0.08379640815011677
lan-gateway-10s,60,0.08383667552548925
lan-gateway-10s,60,0.08387694290086173
lan-gateway-10s,60,0.0839172102762342
lan-gateway-10s,60,0.08395747765160667
lan-gateway-10s,60,0.08399774502697914
lan-gateway-10s,60,0.08403801240235162
lan-gateway-10s,60,0.08407827977772409
lan-gateway-10s,60,0.08411854715309657
lan-gateway-10s,60,0.08415881452846903
lan-gateway-10s,60,0.08419908190384151
lan-gateway-10s,60,0.08423934927921398
lan-gateway-10s,60,0.08427961665458646
lan-gateway-10s,60,0.08431988402995892
lan-gateway-10s,60,0.0843601514053314
lan-gateway-10s,60,0.08440041878070387
lan-gateway-10s,60,0.08444068615607635
lan-gateway-10s,60,0.08448095353144883
lan-gateway-10s,60,0.08452122090682129
lan-gateway-10s,60,0.08456148828219377
lan-gateway-10s,60,0.08460175565756624
lan-gateway-10s,60,0.08464202303293872
lan-gateway-10s,60,0.08468229040831118
lan-gateway-10s,60,0.08472255778368366
lan-gateway-10s,60,0.08476282515905613
lan-gateway-10s,60,0.08480309253442861
lan-gateway-10s,60,0.08484335990980107
lan-gateway-10s,60,0.08488362728517355
lan-gateway-10s,60,0.08492389466054602
lan-gateway-10s,60,0.0849641620359185
lan-gateway-10s,60,0.08500442941129097
lan-gateway-10s,60,0.08504469678666345
lan-gateway-10s,60,0.08508496416203593
lan-gateway-10s,60,0.08512523153740839
lan-gateway-10s,60,0.08516549891278087
lan-gateway-10s,60,0.08520576628815334
lan-gateway-10s,60,0.08524603366352582
lan-gateway-10s,60,0.08528630103889828
lan-gateway-10s,60,0.08532656841427076
lan-gateway-10s,60,0.08536683578964323
lan-gateway-10s,60,0.08540710316501571
lan-gateway-10s,60,0.08544737054038817
lan-gateway-10s,60,0.08548763791576065
lan-gateway-10s,60,0.08552790529113312
lan-gateway-10s,60,0.0855681726665056
lan-gateway-10s,60,0.08560844004187806
lan-gateway-10s,60,0.08564870741725054
lan-gateway-10s,60,0.08568897479262301
lan-gateway-10s,60,0.08572924216799549
lan-gateway-10s,60,0.08576950954336797
lan-gateway-10s,60,0.08580977691874044
lan-gateway-10s,60,0.08585004429411291
lan-gateway-10s,60,0.08589031166948538
lan-gateway-10s,60,0.08593057904485786
lan-gateway-10s,60,0.08597084642023033
lan-gateway-10s,60,0.0860111137956028
lan-gateway-10s,60,0.08605138117097527
lan-gateway-10s,60,0.08609164854634775
lan-gateway-10s,60,0.08613191592172022
lan-gateway-10s,60,0.0861721832970927
lan-gateway-10s,60,0.08621245067246516
lan-gateway-10s,60,0.08625271804783764
lan-gateway-10s,60,0.08629298542321011
lan-gateway-10s,60,0.08633325279858259
lan-gateway-10s,60,0.08637352017395507
lan-gateway-10s,60,0.08641378754932753
lan-gateway-10s,60,0.08645405492470001
lan-gateway-10s,60,0.08649432230007248
lan-gateway-10s,60,0.08653458967544496
lan-gateway-10s,60,0.08657485705081742
lan-gateway-10s,60,0.0866151244261899
lan-gateway-10s,60,0.08665539180156237
lan-gateway-10s,60,0.08669565917693485
lan-gateway-10s,60,0.08673592655230732
lan-gateway-10s,60,0.0867761939276798
lan-gateway-10s,60,0.08681646130305226
lan-gateway-10s,60,0.08685672867842474
lan-gateway-10s,60,0.0868969960537972
lan-gateway-10s,60,0.08693726342916969
lan-gateway-10s,60,0.08697753080454217
lan-gateway-10s,60,0.08701779817991463
lan-gateway-10s,60,0.08705806555528711
lan-gateway-10s,60,0.08709833293065958
lan-gateway-10s,60,0.08713860030603206
lan-gateway-10s,60,0.08717886768140452
lan-gateway-10s,60,0.087219135056777
lan-gateway-10s,60,0.08725940243214947
lan-gateway-10s,60,0.08729966980752195
lan-gateway-10s,60,0.08733993718289441
lan-gateway-10s,60,0.0873802045582669
lan-gateway-10s,60,0.08742047193363936
lan-gateway-10s,60,0.08746073930901184
lan-gateway-10s,60,0.0875010066843843
lan-gateway-10s,60,0.08754127405975679
lan-gateway-10s,60,0.08758154143512926
lan-gateway-10s,60,0.08762180881050173
lan-gateway-10s,60,0.08766207618587421
lan-gateway-10s,60,0.08770234356124668
lan-gateway-10s,60,0.08774261093661916
lan-gateway-10s,60,0.08778287831199162
lan-gateway-10s,60,0.0878231456873641
lan-gateway-10s,60,0.08786341306273657
lan-gateway-10s,60,0.08790368043810905
lan-gateway-10s,60,0.08794394781348151
lan-gateway-10s,60,0.08798421518885399
lan-gateway-10s,60,0.08802448256422646
lan-gateway-10s,60,0.08806474993959894
lan-gateway-10s,60,0.0881050173149714
lan-gateway-10s,60,0.08814528469034388
lan-gateway-10s,60,0.08818555206571636
lan-gateway-10s,60,0.08822581944108883
lan-gateway-10s,60,0.08826608681646131
lan-gateway-10s,60,0.08830635419183377
lan-gateway-10s,60,0.08834662156720625
lan-gateway-10s,60,0.08838688894257872
lan-gateway-10s,60,0.0884271563179512
lan-gateway-10s,60,0.08846742369332367
lan-gateway-10s,60,0.08850769106869615
lan-gateway-10s,60,0.08854795844406861
lan-gateway-10s,60,0.08858822581944109
lan-gateway-10s,60,0.08862849319481356
lan-gateway-10s,60,0.08866876057018604
lan-gateway-10s,60,0.0887090279455585
lan-gateway-10s,60,0.08874929532093098
lan-gateway-10s,60,0.08878956269630346
lan-gateway-10s,60,0.08882983007167593
lan-gateway-10s,60,0.08887009744704841
lan-gateway-10s,60,0.08891036482242087
lan-gateway-10s,60,0.08895063219779335
lan-gateway-10s,60,0.08899089957316582
lan-gateway-10s,60,0.0890311669485383
lan-gateway-10s,60,0.08907143432391076
lan-gateway-10s,60,0.08911170169928324
lan-gateway-10s,60,0.08915196907465571
lan-gateway-10s,60,0.08919223645002819
lan-gateway-10s,60,0.08923250382540066
lan-gateway-10s,60,0.08927277120077313
lan-gateway-10s,60,0.0893130385761456
lan-gateway-10s,60,0.08935330595151808
lan-gateway-10s,60,0.08939357332689055
lan-gateway-10s,60,0.08943384070226303
lan-gateway-10s,60,0.0894741080776355
lan-gateway-10s,60,0.08951437545300797
lan-gateway-10s,60,0.08955464282838045
lan-gateway-10s,60,0.08959491020375292
lan-gateway-10s,60,0.0896351775791254
lan-gateway-10s,60,0.08967544495449786
lan-gateway-10s,60,0.08971571232987034
lan-gateway-10s,60,0.08975597970524281
lan-gateway-10s,60,0.08979624708061529
lan-gateway-10s,60,0.08983651445598775
lan-gateway-10s,60,0.08987678183136023
lan-gateway-10s,60,0.0899170492067327
lan-gateway-10s,60,0.08995731658210518
lan-gateway-10s,60,0.08999758395747764
lan-gateway-10s,60,0.09003785133285012
lan-gateway-10s,60,0.0900781187082226
lan-gateway-10s,60,0.09011838608359507
lan-gateway-10s,60,0.09015865345896755
lan-gateway-10s,60,0.09019892083434002
lan-gateway-10s,60,0.0902391882097125
lan-gateway-10s,60,0.09027945558508496
lan-gateway-10s,60,0.09031972296045744
lan-gateway-10s,60,0.0903599903358299
lan-gateway-10s,60,0.09040025771120239
lan-gateway-10s,60,0.09044052508657485
lan-gateway-10s,60,0.09048079246194733
lan-gateway-10s,60,0.0905210598373198
lan-gateway-10s,60,0.09056132721269228
lan-gateway-10s,60,0.09060159458806474
lan-gateway-10s,60,0.09064186196343722
lan-gateway-10s,60,0.0906821293388097
lan-gateway-10s,60,0.09072239671418217
lan-gateway-10s,60,0.09076266408955465
lan-gateway-10s,60,0.09080293146492711
lan-gateway-10s,60,0.0908431988402996
lan-gateway-10s,60,0.09088346621567206
lan-gateway-10s,60,0.09092373359104454
lan-gateway-10s,60,0.090964000966417
lan-gateway-10s,60,0.09100426834178948
lan-gateway-10s,60,0.09104453571716195
lan-gateway-10s,60,0.09108480309253443
lan-gateway-10s,60,0.0911250704679069
lan-gateway-10s,60,0.09116533784327938
lan-gateway-10s,60,0.09120560521865184
lan-gateway-10s,60,0.09124587259402432
lan-gateway-10s,60,0.0912861399693968
lan-gateway-10s,60,0.09132640734476927
lan-gateway-10s,60,0.09136667472014175
lan-gateway-10s,60,0.09140694209551421
lan-gateway-10s,60,0.09144720947088669
lan-gateway-10s,60,0.09148747684625916
lan-gateway-10s,60,0.09152774422163164
lan-gateway-10s,60,0.0915680115970041
lan-gateway-10s,60,0.09160827897237658
lan-gateway-10s,60,0.09164854634774905
lan-gateway-10s,60,0.09168881372312153
lan-gateway-10s,60,0.091729081098494
lan-gateway-10s,60,0.09176934847386647
lan-gateway-10s,60,0.09180961584923894
lan-gateway-10s,60,0.09184988322461142
lan-gateway-10s,60,0.0918901505999839
lan-gateway-10s,60,0.09193041797535637
lan-gateway-10s,60,0.09197068535072885
lan-gateway-10s,60,0.09201095272610131
lan-gateway-10s,60,0.09205122010147379
lan-gateway-10s,60,0.09209148747684626
lan-gateway-10s,60,0.09213175485221874
lan-gateway-10s,60,0.0921720222275912
lan-gateway-10s,60,0.09221228960296368
lan-gateway-10s,60,0.09225255697833615
lan-gateway-10s,60,0.09229282435370863
lan-gateway-10s,60,0.0923330917290811
lan-gateway-10s,60,0.09237335910445357
lan-gateway-10s,60,0.09241362647982604
lan-gateway-10s,60,0.09245389385519852
lan-gateway-10s,60,0.092494161230571
lan-gateway-10s,60,0.09253442860594346
lan-gateway-10s,60,0.09257469598131594
lan-gateway-10s,60,0.09261496335668841
lan-gateway-10s,60,0.09265523073206089
lan-gateway-10s,60,0.09269549810743336
lan-gateway-10s,60,0.09273576548280583
lan-gateway-10s,60,0.0927760328581783
lan-gateway-10s,60,0.09281630023355078
lan-gateway-10s,60,0.09285656760892325
lan-gateway-10s,60,0.09289683498429573
lan-gateway-10s,60,0.09293710235966819
lan-gateway-10s,60,0.09297736973504067
lan-gateway-10s,60,0.09301763711041314
lan-gateway-10s,60,0.09305790448578562
lan-gateway-10s,60,0.0930981718611581
lan-gateway-10s,60,0.09313843923653056
lan-gateway-10s,60,0.09317870661190304
lan-gateway-10s,60,0.09321897398727551
lan-gateway-10s,60,0.09325924136264799
lan-gateway-10s,60,0.09329950873802045
lan-gateway-10s,60,0.09333977611339293
lan-gateway-10s,60,0.0933800434887654
lan-gateway-10s,60,0.09342031086413788
lan-gateway-10s,60,0.09346057823951034
lan-gateway-10s,60,0.09350084561488282
lan-gateway-10s,60,0.09354111299025529
lan-gateway-10s,60,0.09358138036562777
lan-gateway-10s,60,0.09362164774100024
lan-gateway-10s,60,0.09366191511637272
lan-gateway-10s,60,0.09370218249174518
lan-gateway-10s,60,0.09374244986711766
lan-gateway-10s,60,0.09378271724249014
lan-gateway-10s,60,0.0938229846178626
lan-gateway-10s,60,0.09386325199323509
lan-gateway-10s,60,0.09390351936860755
lan-gateway-10s,60,0.09394378674398003
lan-gateway-10s,60,0.0939840541193525
lan-gateway-10s,60,0.09402432149472498
lan-gateway-10s,60,0.09406458887009744
lan-gateway-10s,60,0.09410485624546992
lan-gateway-10s,60,0.09414512362084239
lan-gateway-10s,60,0.09418539099621487
lan-gateway-10s,60,0.09422565837158733
lan-gateway-10s,60,0.09426592574695981
lan-gateway-10s,60,0.09430619312233228
lan-gateway-10s,60,0.09434646049770476
lan-gateway-10s,60,0.09438672787307724
lan-gateway-10s,60,0.0944269952484497
lan-gateway-10s,60,0.09446726262382218
lan-gateway-10s,60,0.09450752999919465
lan-gateway-10s,60,0.09454779737456713
lan-gateway-10s,60,0.0945880647499396
lan-gateway-10s,60,0.09462833212531208
lan-gateway-10s,60,0.09466859950068454
lan-gateway-10s,60,0.09470886687605702
lan-gateway-10s,60,0.09474913425142949
lan-gateway-10s,60,0.09478940162680197
lan-gateway-10s,60,0.09482966900217443
lan-gateway-10s,60,0.09486993637754691
lan-gateway-10s,60,0.09491020375291938
lan-gateway-10s,60,0.09495047112829186
lan-gateway-10s,60,0.09499073850366434
lan-gateway-10s,60,0.0950310058790368
lan-gateway-10s,60,0.09507127325440928
lan-gateway-10s,60,0.09511154062978175
lan-gateway-10s,60,0.09515180800515423
lan-gateway-10s,60,0.0951920753805267
lan-gateway-10s,60,0.09523234275589917
lan-gateway-10s,60,0.09527261013127164
lan-gateway-10s,60,0.09531287750664412
lan-gateway-10s,60,0.09535314488201659
lan-gateway-10s,60,0.09539341225738907
lan-gateway-10s,60,0.09543367963276153
lan-gateway-10s,60,0.09547394700813401
lan-gateway-10s,60,0.09551421438350648
lan-gateway-10s,60,0.09555448175887896
lan-gateway-10s,60,0.09559474913425144
lan-gateway-10s,60,0.0956350165096239
lan-gateway-10s,60,0.09567528388499638
lan-gateway-10s,60,0.09571555126036885
lan-gateway-10s,60,0.09575581863574133
lan-gateway-10s,60,0.09579608601111379
lan-gateway-10s,60,0.09583635338648627
lan-gateway-10s,60,0.09587662076185874
lan-gateway-10s,60,0.09591688813723122
lan-gateway-10s,60,0.09595715551260368
lan-gateway-10s,60,0.09599742288797616
lan-gateway-10s,60,0.09603769026334863
lan-gateway-10s,60,0.09607795763872111
lan-gateway-10s,60,0.09611822501409358
lan-gateway-10s,60,0.09615849238946605
lan-gateway-10s,60,0.09619875976483853
lan-gateway-10s,60,0.096239027140211
lan-gateway-10s,60,0.09627929451558348
lan-gateway-10s,60,0.09631956189095595
lan-gateway-10s,60,0.09635982926632843
lan-gateway-10s,60,0.09640009664170089
lan-gateway-10s,60,0.09644036401707337
lan-gateway-10s,60,0.09648063139244584
lan-gateway-10s,60,0.09652089876781832
lan-gateway-10s,60,0.09656116614319078
lan-gateway-10s,60,0.09660143351856326
lan-gateway-10s,60,0.09664170089393573
lan-gateway-10s,60,0.09668196826930821
lan-gateway-10s,60,0.09672223564468067
lan-gateway-10s,60,0.09676250302005315
lan-gateway-10s,60,0.09680277039542563
lan-gateway-10s,60,0.0968430377707981
lan-gateway-10s,60,0.09688330514617058
lan-gateway-10s,60,0.09692357252154304
lan-gateway-10s,60,0.09696383989691552
lan-gateway-10s,60,0.09700410727228799
lan-gateway-10s,60,0.09704437464766047
lan-gateway-10s,60,0.09708464202303294
lan-gateway-10s,60,0.09712490939840542
lan-gateway-10s,60,0.09716517677377788
lan-gateway-10s,60,0.09720544414915036
lan-gateway-10s,60,0.09724571152452283
lan-gateway-10s,60,0.0972859788998953
lan-gateway-10s,60,0.09732624627526777
lan-gateway-10s,60,0.09736651365064025
lan-gateway-10s,60,0.09740678102601272
lan-gateway-10s,60,0.0974470484013852
lan-gateway-10s,60,0.09748731577675768
lan-gateway-10s,60,0.09752758315213014
lan-gateway-10s,60,0.09756785052750262
lan-gateway-10s,60,0.09760811790287509
lan-gateway-10s,60,0.09764838527824757
lan-gateway-10s,60,0.09768865265362003
lan-gateway-10s,60,0.09772892002899251
lan-gateway-10s,60,0.09776918740436498
lan-gateway-10s,60,0.09780945477973746
lan-gateway-10s,60,0.09784972215510992
lan-gateway-10s,60,0.0978899895304824
lan-gateway-10s,60,0.09793025690585487
lan-gateway-10s,60,0.09797052428122735
lan-gateway-10s,60,0.09801079165659982
lan-gateway-10s,60,0.0980510590319723
lan-gateway-10s,60,0.09809132640734478
lan-gateway-10s,60,0.09813159378271724
lan-gateway-10s,60,0.09817186115808972
lan-gateway-10s,60,0.09821212853346219
lan-gateway-10s,60,0.09825239590883467
lan-gateway-10s,60,0.09829266328420713
lan-gateway-10s,60,0.09833293065957961
lan-gateway-10s,60,0.09837319803495208
lan-gateway-10s,60,0.09841346541032456
lan-gateway-10s,60,0.09845373278569702
lan-gateway-10s,60,0.0984940001610695
lan-gateway-10s,60,0.09853426753644197
lan-gateway-10s,60,0.09857453491181445
lan-gateway-10s,60,0.09861480228718691
lan-gateway-10s,60,0.0986550696625594
lan-gateway-10s,60,0.09869533703793187
lan-gateway-10s,60,0.09873560441330434
lan-gateway-10s,60,0.09877587178867682
lan-gateway-10s,60,0.09881613916404929
lan-gateway-10s,60,0.09885640653942177
lan-gateway-10s,60,0.09889667391479423
lan-gateway-10s,60,0.09893694129016671
lan-gateway-10s,60,0.09897720866553918
lan-gateway-10s,60,0.09901747604091166
lan-gateway-10s,60,0.09905774341628412
lan-gateway-10s,60,0.0990980107916566
lan-gateway-10s,60,0.09913827816702907
lan-gateway-10s,60,0.09917854554240155
lan-gateway-10s,60,0.09921881291777401
lan-gateway-10s,60,0.09925908029314649
lan-gateway-10s,60,0.09929934766851897
lan-gateway-10s,60,0.09933961504389144
lan-gateway-10s,60,0.09937988241926392
lan-gateway-10s,60,0.09942014979463638
lan-gateway-10s,60,0.09946041717000886
lan-gateway-10s,60,0.09950068454538133
lan-gateway-10s,60,0.09954095192075381
lan-gateway-10s,60,0.09958121929612627
lan-gateway-10s,60,0.09962148667149875
lan-gateway-10s,60,0.09966175404687122
lan-gateway-10s,60,0.0997020214222437
lan-gateway-10s,60,0.09974228879761617
lan-gateway-10s,60,0.09978255617298865
lan-gateway-10s,60,0.09982282354836111
lan-gateway-10s,60,0.09986309092373359
lan-gateway-10s,60,0.09990335829910607
lan-gateway-10s,60,0.09994362567447854
lan-gateway-10s,60,0.09998389304985102
lan-gateway-10s,60,0.10002416042522348
lan-gateway-10s,60,0.10006442780059596
lan-gateway-10s,60,0.10010469517596843
lan-gateway-10s,60,0.10014496255134091
lan-gateway-10s,60,0.10018522992671337
lan-gateway-10s,60,0.10022549730208585
lan-gateway-10s,60,0.10026576467745832
lan-gateway-10s,60,0.1003060320528308
lan-gateway-10s,60,0.10034629942820326
lan-gateway-10s,60,0.10038656680357574
lan-gateway-10s,60,0.10042683417894821
lan-gateway-10s,60,0.10046710155432069
lan-gateway-10s,60,0.10050736892969317
lan-gateway-10s,60,0.10054763630506564
lan-gateway-10s,60,0.10058790368043811
lan-gateway-10s,60,0.10062817105581058
lan-gateway-10s,60,0.10066843843118306
lan-gateway-10s,60,0.10070870580655553
lan-gateway-10s,60,0.100748973181928
lan-gateway-10s,60,0.10078924055730047
lan-gateway-10s,60,0.10082950793267295
lan-gateway-10s,60,0.10086977530804542
lan-gateway-10s,60,0.1009100426834179
lan-gateway-10s,60,0.10095031005879036
lan-gateway-10s,60,0.10099057743416284
lan-gateway-10s,60,0.10103084480953531
lan-gateway-10s,60,0.10107111218490779
lan-gateway-10s,60,0.10111137956028027
lan-gateway-10s,60,0.10115164693565273
lan-gateway-10s,60,0.10119191431102521
lan-gateway-10s,60,0.10123218168639768
lan-gateway-10s,60,0.10127244906177016
lan-gateway-10s,60,0.10131271643714262
lan-gateway-10s,60,0.1013529838125151
lan-gateway-10s,60,0.10139325118788757
lan-gateway-10s,60,0.10143351856326005
lan-gateway-10s,60,0.10147378593863252
lan-gateway-10s,60,0.101514053314005
lan-gateway-10s,60,0.10155432068937746
lan-gateway-10s,60,0.10159458806474994
lan-gateway-10s,60,0.1016348554401224
lan-gateway-10s,60,0.10167512281549489
lan-gateway-10s,60,0.10171539019086735
lan-gateway-10s,60,0.10175565756623983
lan-gateway-10s,60,0.10179592494161231
lan-gateway-10s,60,0.10183619231698478
lan-gateway-10s,60,0.10187645969235726
lan-gateway-10s,60,0.10191672706772972
lan-gateway-10s,60,0.1019569944431022
lan-gateway-10s,60,0.10199726181847467
lan-gateway-10s,60,0.10203752919384715
lan-gateway-10s,60,0.10207779656921961
lan-gateway-10s,60,0.1021180639445921
lan-gateway-10s,60,0.10215833131996456
lan-gateway-10s,60,0.10219859869533704
lan-gateway-10s,60,0.1022388660707095
lan-gateway-10s,60,0.10227913344608199
lan-gateway-10s,60,0.10231940082145445
lan-gateway-10s,60,0.10235966819682693
lan-gateway-10s,60,0.10239993557219941
lan-gateway-10s,60,0.10244020294757188
lan-gateway-10s,60,0.10248047032294436
lan-gateway-10s,60,0.10252073769831682
lan-gateway-10s,60,0.1025610050736893
lan-gateway-10s,60,0.10260127244906177
lan-gateway-10s,60,0.10264153982443425
lan-gateway-10s,60,0.10268180719980671
lan-gateway-10s,60,0.10272207457517919
lan-gateway-10s,60,0.10276234195055166
lan-gateway-10s,60,0.10280260932592414
lan-gateway-10s,60,0.1028428767012966
lan-gateway-10s,60,0.10288314407666908
lan-gateway-10s,60,0.10292341145204155
lan-gateway-10s,60,0.10296367882741403
lan-gateway-10s,60,0.10300394620278651
lan-gateway-10s,60,0.10304421357815897
lan-gateway-10s,60,0.10308448095353145
lan-gateway-10s,60,0.10312474832890392
lan-gateway-10s,60,0.1031650157042764
lan-gateway-10s,60,0.10320528307964887
lan-gateway-10s,60,0.10324555045502135
lan-gateway-10s,60,0.10328581783039381
lan-gateway-10s,60,0.10332608520576629
lan-gateway-10s,60,0.10336635258113876
lan-gateway-10s,60,0.10340661995651124
lan-gateway-10s,60,0.1034468873318837
lan-gateway-10s,60,0.10348715470725618
lan-gateway-10s,60,0.10352742208262865
lan-gateway-10s,60,0.10356768945800113
lan-gateway-10s,60,0.10360795683337361
lan-gateway-10s,60,0.10364822420874607
lan-gateway-10s,60,0.10368849158411855
lan-gateway-10s,60,0.10372875895949102
lan-gateway-10s,60,0.1037690263348635
lan-gateway-10s,60,0.10380929371023596
lan-gateway-10s,60,0.10384956108560844
lan-gateway-10s,60,0.10388982846098091
lan-gateway-10s,60,0.10393009583635339
lan-gateway-10s,60,0.10397036321172586
lan-gateway-10s,60,0.10401063058709833
lan-gateway-10s,60,0.1040508979624708
lan-gateway-10s,60,0.10409116533784328
lan-gateway-10s,60,0.10413143271321575
lan-gateway-10s,60,0.10417170008858823
lan-gateway-10s,60,0.1042119674639607
lan-gateway-10s,60,0.10425223483933317
lan-gateway-10s,60,0.10429250221470565
lan-gateway-10s,60,0.10433276959007812
lan-gateway-10s,60,0.1043730369654506
lan-gateway-10s,60,0.10441330434082306
lan-gateway-10s,60,0.10445357171619554
lan-gateway-10s,60,0.10449383909156801
lan-gateway-10s,60,0.10453410646694049
lan-gateway-10s,60,0.10457437384231295
lan-gateway-10s,60,0.10461464121768543
lan-gateway-10s,60,0.1046549085930579
lan-gateway-10s,60,0.10469517596843038
lan-gateway-10s,60,0.10473544334380284
lan-gateway-10s,60,0.10477571071917532
lan-gateway-10s,60,0.1048159780945478
lan-gateway-10s,60,0.10485624546992027
lan-gateway-10s,60,0.10489651284529275
lan-gateway-10s,60,0.10493678022066522
lan-gateway-10s,60,0.1049770475960377
lan-gateway-10s,60,0.10501731497141016
lan-gateway-10s,60,0.10505758234678264
lan-gateway-10s,60,0.1050978497221551
lan-gateway-10s,60,0.10513811709752759
lan-gateway-10s,60,0.10517838447290005
lan-gateway-10s,60,0.10521865184827253
lan-gateway-10s,60,0.105258919223645
lan-gateway-10s,60,0.10529918659901748
lan-gateway-10s,60,0.10533945397438994
lan-gateway-10s,60,0.10537972134976242
lan-gateway-10s,60,0.10541998872513489
lan-gateway-10s,60,0.10546025610050737
lan-gateway-10s,60,0.10550052347587985
lan-gateway-10s,60,0.10554079085125231
lan-gateway-10s,60,0.1055810582266248
lan-gateway-10s,60,0.10562132560199726
lan-gateway-10s,60,0.10566159297736974
lan-gateway-10s,60,0.1057018603527422
lan-gateway-10s,60,0.10574212772811468
lan-gateway-10s,60,0.10578239510348715
lan-gateway-10s,60,0.10582266247885963
lan-gateway-10s,60,0.1058629298542321
lan-gateway-10s,60,0.10590319722960458
lan-gateway-10s,60,0.10594346460497704
lan-gateway-10s,60,0.10598373198034952
lan-gateway-10s,60,0.10602399935572199
lan-gateway-10s,60,0.10606426673109447
lan-gateway-10s,60,0.10610453410646695
lan-gateway-10s,60,0.10614480148183941
lan-gateway-10s,60,0.10618506885721189
lan-gateway-10s,60,0.10622533623258436
lan-gateway-10s,60,0.10626560360795684
lan-gateway-10s,60,0.1063058709833293
lan-gateway-10s,60,0.10634613835870178
lan-gateway-10s,60,0.10638640573407425
lan-gateway-10s,60,0.10642667310944673
lan-gateway-10s,60,0.1064669404848192
lan-gateway-10s,60,0.10650720786019167
lan-gateway-10s,60,0.10654747523556414
lan-gateway-10s,60,0.10658774261093662
lan-gateway-10s,60,0.10662800998630909
lan-gateway-10s,60,0.10666827736168157
lan-gateway-10s,60,0.10670854473705405
lan-gateway-10s,60,0.10674881211242651
lan-gateway-10s,60,0.10678907948779899
lan-gateway-10s,60,0.10682934686317146
lan-gateway-10s,60,0.10686961423854394
lan-gateway-10s,60,0.1069098816139164
lan-gateway-10s,60,0.10695014898928888
lan-gateway-10s,60,0.10699041636466135
lan-gateway-10s,60,0.10703068374003383
lan-gateway-10s,60,0.1070709511154063
lan-gateway-10s,60,0.10711121849077877
lan-gateway-10s,60,0.10715148586615124
lan-gateway-10s,60,0.10719175324152372
lan-gateway-10s,60,0.10723202061689618
lan-gateway-10s,60,0.10727228799226866
lan-gateway-10s,60,0.10731255536764114
lan-gateway-10s,60,0.10735282274301361
lan-gateway-10s,60,0.10739309011838609
lan-gateway-10s,60,0.10743335749375856
lan-gateway-10s,60,0.10747362486913103
lan-gateway-10s,60,0.1075138922445035
lan-gateway-10s,60,0.10755415961987598
lan-gateway-10s,60,0.10759442699524845
lan-gateway-10s,60,0.10763469437062093
lan-gateway-10s,60,0.10767496174599339
lan-gateway-10s,60,0.10771522912136587
lan-gateway-10s,60,0.10775549649673834
lan-gateway-10s,60,0.10779576387211082
lan-gateway-10s,60,0.10783603124748328
lan-gateway-10s,60,0.10787629862285576
lan-gateway-10s,60,0.10791656599822824
lan-gateway-10s,60,0.10795683337360071
lan-gateway-10s,60,0.10799710074897319
lan-gateway-10s,60,0.10803736812434565
lan-gateway-10s,60,0.10807763549971813
lan-gateway-10s,60,0.1081179028750906
lan-gateway-10s,60,0.10815817025046308
lan-gateway-10s,60,0.10819843762583554
lan-gateway-10s,60,0.10823870500120802
lan-gateway-10s,60,0.10827897237658049
lan-gateway-10s,60,0.10831923975195297
lan-gateway-10s,60,0.10835950712732544
lan-gateway-10s,60,0.10839977450269792
lan-gateway-10s,60,0.10844004187807038
lan-gateway-10s,60,0.10848030925344286
lan-gateway-10s,60,0.10852057662881534
lan-gateway-10s,60,0.1085608440041878
lan-gateway-10s,60,0.10860111137956029
lan-gateway-10s,60,0.10864137875493275
lan-gateway-10s,60,0.10868164613030523
lan-gateway-10s,60,0.1087219135056777
lan-gateway-10s,60,0.10876218088105018
lan-gateway-10s,60,0.10880244825642264
lan-gateway-10s,60,0.10884271563179512
lan-gateway-10s,60,0.10888298300716759
lan-gateway-10s,60,0.10892325038254007
lan-gateway-10s,60,0.10896351775791253
lan-gateway-10s,60,0.10900378513328501
lan-gateway-10s,60,0.10904405250865748
lan-gateway-10s,60,0.10908431988402996
lan-gateway-10s,60,0.10912458725940244
lan-gateway-10s,60,0.1091648546347749
lan-gateway-10s,60,0.10920512201014738
lan-gateway-10s,60,0.10924538938551985
lan-gateway-10s,60,0.10928565676089233
lan-gateway-10s,60,0.1093259241362648
lan-gateway-10s,60,0.10936619151163728
lan-gateway-10s,60,0.10940645888700974
lan-gateway-10s,60,0.10944672626238222
lan-gateway-10s,60,0.10948699363775469
lan-gateway-10s,60,0.10952726101312717
lan-gateway-10s,60,0.10956752838849963
lan-gateway-10s,60,0.10960779576387211
lan-gateway-10s,60,0.10964806313924458
lan-gateway-10s,60,0.10968833051461706
lan-gateway-10s,60,0.10972859788998952
lan-gateway-10s,60,0.109768865265362
lan-gateway-10s,60,0.10980913264073448
lan-gateway-10s,60,0.10984940001610695
lan-gateway-10s,60,0.10988966739147943
lan-gateway-10s,60,0.1099299347668519
lan-gateway-10s,60,0.10997020214222437
lan-gateway-10s,60,0.11001046951759684
lan-gateway-10s,60,0.11005073689296932
lan-gateway-10s,60,0.11009100426834179
lan-gateway-10s,60,0.11013127164371427
lan-gateway-10s,60,0.11017153901908673
lan-gateway-10s,60,0.11021180639445921
lan-gateway-10s,60,0.11025207376983168
lan-gateway-10s,60,0.11029234114520416
lan-gateway-10s,60,0.11033260852057662
lan-gateway-10s,60,0.1103728758959491
lan-gateway-10s,60,0.11041314327132158
lan-gateway-10s,60,0.11045341064669405
lan-gateway-10s,60,0.11049367802206653
lan-gateway-10s,60,0.11053394539743899
lan-gateway-10s,60,0.11057421277281147
lan-gateway-10s,60,0.11061448014818394
lan-gateway-10s,60,0.11065474752355642
lan-gateway-10s,60,0.11069501489892888
lan-gateway-10s,60,0.11073528227430136
lan-gateway-10s,60,0.11077554964967383
lan-gateway-10s,60,0.11081581702504631
lan-gateway-10s,60,0.11085608440041878
lan-gateway-10s,60,0.11089635177579125
lan-gateway-10s,60,0.11093661915116372
lan-gateway-10s,60,0.1109768865265362
lan-gateway-10s,60,0.11101715390190868
lan-gateway-10s,60,0.11105742127728115
lan-gateway-10s,60,0.11109768865265363
lan-gateway-10s,60,0.11113795602802609
lan-gateway-10s,60,0.11117822340339857
lan-gateway-10s,60,0.11121849077877104
lan-gateway-10s,60,0.11125875815414352
lan-gateway-10s,60,0.11129902552951598
lan-gateway-10s,60,0.11133929290488846
lan-gateway-10s,60,0.11137956028026093
lan-gateway-10s,60,0.11141982765563341
lan-gateway-10s,60,0.11146009503100587
lan-gateway-10s,60,0.11150036240637835
lan-gateway-10s,60,0.11154062978175082
lan-gateway-10s,60,0.1115808971571233
lan-gateway-10s,60,0.11162116453249578
lan-gateway-10s,60,0.11166143190786824
lan-gateway-10s,60,0.11170169928324072
lan-gateway-10s,60,0.11174196665861319
lan-gateway-10s,60,0.11178223403398567
lan-gateway-10s,60,0.11182250140935814
lan-gateway-10s,60,0.11186276878473062
lan-gateway-10s,60,0.11190303616010308
lan-gateway-10s,60,0.11194330353547556
lan-gateway-10s,60,0.11198357091084803
lan-gateway-10s,60,0.1120238382862205
lan-gateway-10s,60,0.11206410566159297
lan-gateway-10s,60,0.11210437303696545
lan-gateway-10s,60,0.11214464041233792
lan-gateway-10s,60,0.1121849077877104
lan-gateway-10s,60,0.11222517516308288
lan-gateway-10s,60,0.11226544253845534
lan-gateway-10s,60,0.11230570991382782
lan-gateway-10s,60,0.11234597728920029
lan-gateway-10s,60,0.11238624466457277
lan-gateway-10s,60,0.11242651203994523
lan-gateway-10s,60,0.11246677941531771
lan-gateway-10s,60,0.11250704679069018
lan-gateway-10s,60,0.11254731416606266
lan-gateway-10s,60,0.11258758154143512
lan-gateway-10s,60,0.1126278489168076
lan-gateway-10s,60,0.11266811629218007
lan-gateway-10s,60,0.11270838366755255
lan-gateway-10s,60,0.11274865104292502
lan-gateway-10s,60,0.1127889184182975
lan-gateway-10s,60,0.11282918579366998
lan-gateway-10s,60,0.11286945316904244
lan-gateway-10s,60,0.11290972054441492
lan-gateway-10s,60,0.11294998791978739
lan-gateway-10s,60,0.11299025529515987
lan-gateway-10s,60,0.11303052267053233
lan-gateway-10s,60,0.11307079004590481
lan-gateway-10s,60,0.11311105742127728
lan-gateway-10s,60,0.11315132479664976
lan-gateway-10s,60,0.11319159217202222
lan-gateway-10s,60,0.1132318595473947
lan-gateway-10s,60,0.11327212692276717
lan-gateway-10s,60,0.11331239429813965
lan-gateway-10s,60,0.11335266167351211
lan-gateway-10s,60,0.1133929290488846
lan-gateway-10s,60,0.11343319642425706
lan-gateway-10s,60,0.11347346379962954
lan-gateway-10s,60,0.11351373117500202
lan-gateway-10s,60,0.11355399855037449
lan-gateway-10s,60,0.11359426592574697
lan-gateway-10s,60,0.11363453330111943
lan-gateway-10s,60,0.11367480067649191
lan-gateway-10s,60,0.11371506805186438
lan-gateway-10s,60,0.11375533542723686
lan-gateway-10s,60,0.11379560280260932
lan-gateway-10s,60,0.1138358701779818
lan-gateway-10s,60,0.11387613755335427
lan-gateway-10s,60,0.11391640492872675
lan-gateway-10s,60,0.11395667230409921
lan-gateway-10s,60,0.11399693967947169
lan-gateway-10s,60,0.11403720705484416
lan-gateway-10s,60,0.11407747443021664
lan-gateway-10s,60,0.11411774180558912
lan-gateway-10s,60,0.11415800918096158
lan-gateway-10s,60,0.11419827655633406
lan-gateway-10s,60,0.11423854393170653
lan-gateway-10s,60,0.11427881130707901
lan-gateway-10s,60,0.11431907868245147
lan-gateway-10s,60,0.11435934605782395
lan-gateway-10s,60,0.11439961343319642
lan-gateway-10s,60,0.1144398808085689
lan-gateway-10s,60,0.11448014818394137
lan-gateway-10s,60,0.11452041555931385
lan-gateway-10s,60,0.11456068293468631
lan-gateway-10s,60,0.11460095031005879
lan-gateway-10s,60,0.11464121768543126
lan-gateway-10s,60,0.11468148506080374
lan-gateway-10s,60,0.11472175243617622
lan-gateway-10s,60,0.11476201981154868
lan-gateway-10s,60,0.11480228718692116
lan-gateway-10s,60,0.11484255456229363
lan-gateway-10s,60,0.11488282193766611
lan-gateway-10s,60,0.11492308931303857
lan-gateway-10s,60,0.11496335668841105
lan-gateway-10s,60,0.11500362406378352
lan-gateway-10s,60,0.115043891439156
lan-gateway-10s,60,0.11508415881452846
lan-gateway-10s,60,0.11512442618990094
lan-gateway-10s,60,0.11516469356527341
lan-gateway-10s,60,0.11520496094064589
lan-gateway-10s,60,0.11524522831601836
lan-gateway-10s,60,0.11528549569139084
lan-gateway-10s,60,0.11532576306676331
lan-gateway-10s,60,0.11536603044213578
lan-gateway-10s,60,0.11540629781750826
lan-gateway-10s,60,0.11544656519288073
lan-gateway-10s,60,0.1154868325682532
lan-gateway-10s,60,0.11552709994362567
lan-gateway-10s,60,0.11556736731899815
lan-gateway-10s,60,0.11560763469437062
lan-gateway-10s,60,0.1156479020697431
lan-gateway-10s,60,0.11568816944511556
lan-gateway-10s,60,0.11572843682048804
lan-gateway-10s,60,0.11576870419586051
lan-gateway-10s,60,0.11580897157123299
lan-gateway-10s,60,0.11584923894660545
lan-gateway-10s,60,0.11588950632197793
lan-gateway-10s,60,0.11592977369735041
lan-gateway-10s,60,0.11597004107272288
lan-gateway-10s,60,0.11601030844809536
lan-gateway-10s,60,0.11605057582346782
lan-gateway-10s,60,0.1160908431988403
lan-gateway-10s,60,0.11613111057421277
lan-gateway-10s,60,0.11617137794958525
lan-gateway-10s,60,0.11621164532495772
lan-gateway-10s,60,0.1162519127003302
lan-gateway-10s,60,0.11629218007570266
lan-gateway-10s,60,0.11633244745107514
lan-gateway-10s,60,0.1163727148264476
lan-gateway-10s,60,0.11641298220182009
lan-gateway-10s,60,0.11645324957719255
lan-gateway-10s,60,0.11649351695256503
lan-gateway-10s,60,0.11653378432793751
lan-gateway-10s,60,0.11657405170330998
lan-gateway-10s,60,0.11661431907868246
lan-gateway-10s,60,0.11665458645405492
lan-gateway-10s,60,0.1166948538294274
lan-gateway-10s,60,0.11673512120479987
lan-gateway-10s,60,0.11677538858017235
lan-gateway-10s,60,0.11681565595554481
lan-gateway-10s,60,0.1168559233309173
lan-gateway-10s,60,0.11689619070628976
lan-gateway-10s,60,0.11693645808166224
lan-gateway-10s,60,0.1169767254570347
lan-gateway-10s,60,0.11701699283240719
lan-gateway-10s,60,0.11705726020777965
lan-gateway-10s,60,0.11709752758315213
lan-gateway-10s,60,0.1171377949585246
lan-gateway-10s,60,0.11717806233389708
lan-gateway-10s,60,0.11721832970926956
lan-gateway-10s,60,0.11725859708464202
lan-gateway-10s,60,0.1172988644600145
lan-gateway-10s,60,0.11733913183538697
lan-gateway-10s,60,0.11737939921075945
lan-gateway-10s,60,0.11741966658613191
lan-gateway-10s,60,0.11745993396150439
lan-gateway-10s,60,0.11750020133687686
lan-gateway-10s,60,0.11754046871224934
lan-gateway-10s,60,0.1175807360876218
lan-gateway-10s,60,0.11762100346299428
lan-gateway-10s,60,0.11766127083836675
lan-gateway-10s,60,0.11770153821373923
lan-gateway-10s,60,0.1177418055891117
lan-gateway-10s,60,0.11778207296448417
lan-gateway-10s,60,0.11782234033985665
lan-gateway-10s,60,0.11786260771522912
lan-gateway-10s,60,0.1179028750906016
lan-gateway-10s,60,0.11794314246597407
lan-gateway-10s,60,0.11798340984134655
lan-gateway-10s,60,0.11802367721671901
lan-gateway-10s,60,0.11806394459209149
lan-gateway-10s,60,0.11810421196746396
lan-gateway-10s,60,0.11814447934283644
lan-gateway-10s,60,0.1181847467182089
lan-gateway-10s,60,0.11822501409358138
lan-gateway-10s,60,0.11826528146895385
lan-gateway-10s,60,0.11830554884432633
lan-gateway-10s,60,0.1183458162196988
lan-gateway-10s,60,0.11838608359507127
lan-gateway-10s,60,0.11842635097044375
lan-gateway-10s,60,0.11846661834581622
lan-gateway-10s,60,0.1185068857211887
lan-gateway-10s,60,0.11854715309656116
lan-gateway-10s,60,0.11858742047193364
lan-gateway-10s,60,0.11862768784730611
lan-gateway-10s,60,0.11866795522267859
lan-gateway-10s,60,0.11870822259805106
lan-gateway-10s,60,0.11874848997342353
lan-gateway-10s,60,0.118788757348796
lan-gateway-10s,60,0.11882902472416848
lan-gateway-10s,60,0.11886929209954095
lan-gateway-10s,60,0.11890955947491343
lan-gateway-10s,60,0.11894982685028589
lan-gateway-10s,60,0.11899009422565837
lan-gateway-10s,60,0.11903036160103085
lan-gateway-10s,60,0.11907062897640332
lan-gateway-10s,60,0.1191108963517758
lan-gateway-10s,60,0.11915116372714826
lan-gateway-10s,60,0.11919143110252074
lan-gateway-10s,60,0.11923169847789321
lan-gateway-10s,60,0.11927196585326569
lan-gateway-10s,60,0.11931223322863815
lan-gateway-10s,60,0.11935250060401063
lan-gateway-10s,60,0.1193927679793831
lan-gateway-10s,60,0.11943303535475558
lan-gateway-10s,60,0.11947330273012804
lan-gateway-10s,60,0.11951357010550052
lan-gateway-10s,60,0.11955383748087299
lan-gateway-10s,60,0.11959410485624547
lan-gateway-10s,60,0.11963437223161795
lan-gateway-10s,60,0.11967463960699042
lan-gateway-10s,60,0.1197149069823629
lan-gateway-10s,60,0.11975517435773536
lan-gateway-10s,60,0.11979544173310784
lan-gateway-10s,60,0.1198357091084803
lan-gateway-10s,60,0.11987597648385279
lan-gateway-10s,60,0.11991624385922525
lan-gateway-10s,60,0.11995651123459773
lan-gateway-10s,60,0.1199967786099702
lan-gateway-10s,60,0.12003704598534268
lan-gateway-10s,60,0.12007731336071514
lan-gateway-10s,60,0.12011758073608762
lan-gateway-10s,60,0.12015784811146009
lan-gateway-10s,60,0.12019811548683257
lan-gateway-10s,60,0.12023838286220505
lan-gateway-10s,60,0.12027865023757751
lan-gateway-10s,60,0.12031891761295
lan-gateway-10s,60,0.12035918498832246
lan-gateway-10s,60,0.12039945236369494
lan-gateway-10s,60,0.1204397197390674
lan-gateway-10s,60,0.12047998711443988
lan-gateway-10s,60,0.12052025448981235
lan-gateway-10s,60,0.12056052186518483
lan-gateway-10s,60,0.1206007892405573
lan-gateway-10s,60,0.12064105661592978
lan-gateway-10s,60,0.12068132399130224
lan-gateway-10s,60,0.12072159136667472
lan-gateway-10s,60,0.12076185874204719
lan-gateway-10s,60,0.12080212611741967
lan-gateway-10s,60,0.12084239349279215
lan-gateway-10s,60,0.12088266086816461
lan-gateway-10s,60,0.12092292824353709
lan-gateway-10s,60,0.12096319561890956
lan-gateway-10s,60,0.12100346299428204
lan-gateway-10s,60,0.1210437303696545
lan-gateway-10s,60,0.12108399774502698
lan-gateway-10s,60,0.12112426512039945
lan-gateway-10s,60,0.12116453249577193
lan-gateway-10s,60,0.1212047998711444
lan-gateway-10s,60,0.12124506724651687
lan-gateway-10s,60,0.12128533462188934
lan-gateway-10s,60,0.12132560199726182
lan-gateway-10s,60,0.12136586937263429
lan-gateway-10s,60,0.12140613674800677
lan-gateway-10s,60,0.12144640412337923
lan-gateway-10s,60,0.12148667149875171
lan-gateway-10s,60,0.12152693887412419
lan-gateway-10s,60,0.12156720624949666
lan-gateway-10s,60,0.12160747362486914
lan-gateway-10s,60,0.1216477410002416
lan-gateway-10s,60,0.12168800837561408
lan-gateway-10s,60,0.12172827575098655
lan-gateway-10s,60,0.12176854312635903
lan-gateway-10s,60,0.1218088105017315
lan-gateway-10s,60,0.12184907787710397
lan-gateway-10s,60,0.12188934525247644
lan-gateway-10s,60,0.12192961262784892
lan-gateway-10s,60,0.12196988000322138
lan-gateway-10s,60,0.12201014737859386
lan-gateway-10s,60,0.12205041475396633
lan-gateway-10s,60,0.12209068212933881
lan-gateway-10s,60,0.12213094950471129
lan-gateway-10s,60,0.12217121688008376
lan-gateway-10s,60,0.12221148425545623
lan-gateway-10s,60,0.1222517516308287
lan-gateway-10s,60,0.12229201900620118
lan-gateway-10s,60,0.12233228638157365
lan-gateway-10s,60,0.12237255375694613
lan-gateway-10s,60,0.12241282113231859
lan-gateway-10s,60,0.12245308850769107
lan-gateway-10s,60,0.12249335588306354
lan-gateway-10s,60,0.12253362325843602
lan-gateway-10s,60,0.12257389063380848
lan-gateway-10s,60,0.12261415800918096
lan-gateway-10s,60,0.12265442538455343
lan-gateway-10s,60,0.12269469275992591
lan-gateway-10s,60,0.12273496013529839
lan-gateway-10s,60,0.12277522751067085
lan-gateway-10s,60,0.12281549488604333
lan-gateway-10s,60,0.1228557622614158
lan-gateway-10s,60,0.12289602963678828
lan-gateway-10s,60,0.12293629701216074
lan-gateway-10s,60,0.12297656438753322
lan-gateway-10s,60,0.12301683176290569
lan-gateway-10s,60,0.12305709913827817
lan-gateway-10s,60,0.12309736651365064
lan-gateway-10s,60,0.12313763388902312
lan-gateway-10s,60,0.12317790126439558
lan-gateway-10s,60,0.12321816863976806
lan-gateway-10s,60,0.12325843601514053
lan-gateway-10s,60,0.123298703390513
lan-gateway-10s,60,0.12333897076588549
lan-gateway-10s,60,0.12337923814125795
lan-gateway-10s,60,0.12341950551663043
lan-gateway-10s,60,0.1234597728920029
lan-gateway-10s,60,0.12350004026737538
lan-gateway-10s,60,0.12354030764274784
lan-gateway-10s,60,0.12358057501812032
lan-gateway-10s,60,0.12362084239349279
lan-gateway-10s,60,0.12366110976886527
lan-gateway-10s,60,0.12370137714423773
lan-gateway-10s,60,0.12374164451961021
lan-gateway-10s,60,0.12378191189498268
lan-gateway-10s,60,0.12382217927035516
lan-gateway-10s,60,0.12386244664572763
lan-gateway-10s,60,0.1239027140211001
lan-gateway-10s,60,0.12394298139647258
lan-gateway-10s,60,0.12398324877184505
lan-gateway-10s,60,0.12402351614721753
lan-gateway-10s,60,0.12406378352259
lan-gateway-10s,60,0.12410405089796248
lan-gateway-10s,60,0.12414431827333494
lan-gateway-10s,60,0.12418458564870742
lan-gateway-10s,60,0.12422485302407989
lan-gateway-10s,60,0.12426512039945237
lan-gateway-10s,60,0.12430538777482483
lan-gateway-10s,60,0.12434565515019731
lan-gateway-10s,60,0.12438592252556978
lan-gateway-10s,60,0.12442618990094226
lan-gateway-10s,60,0.12446645727631472
lan-gateway-10s,60,0.1245067246516872
lan-gateway-10s,60,0.12454699202705968
lan-gateway-10s,60,0.12458725940243215
lan-gateway-10s,60,0.12462752677780463
lan-gateway-10s,60,0.1246677941531771
lan-gateway-10s,60,0.12470806152854957
lan-gateway-10s,60,0.12474832890392204
lan-gateway-10s,60,0.12478859627929452
lan-gateway-10s,60,0.12482886365466699
lan-gateway-10s,60,0.12486913103003947
lan-gateway-10s,60,0.12490939840541193
lan-gateway-10s,60,0.12494966578078441
lan-gateway-10s,60,0.12498993315615688
lan-gateway-10s,60,0.12503020053152936
lan-gateway-10s,60,0.12507046790690182
lan-gateway-10s,60,0.1251107352822743
lan-gateway-10s,60,0.12515100265764678
lan-gateway-10s,60,0.12519127003301925
lan-gateway-10s,60,0.1252315374083917
lan-gateway-10s,60,0.1252718047837642
lan-gateway-10s,60,0.12531207215913667
lan-gateway-10s,60,0.12535233953450914
lan-gateway-10s,60,0.1253926069098816
lan-gateway-10s,60,0.1254328742852541
lan-gateway-10s,60,0.12547314166062656
lan-gateway-10s,60,0.12551340903599903
lan-gateway-10s,60,0.1255536764113715
lan-gateway-10s,60,0.125593943786744
lan-gateway-10s,60,0.12563421116211645
lan-gateway-10s,60,0.12567447853748892
lan-gateway-10s,60,0.1257147459128614
lan-gateway-10s,60,0.12575501328823388
lan-gateway-10s,60,0.12579528066360635
lan-gateway-10s,60,0.1258355480389788
lan-gateway-10s,60,0.1258758154143513
lan-gateway-10s,60,0.12591608278972377
lan-gateway-10s,60,0.12595635016509624
lan-gateway-10s,60,0.1259966175404687
lan-gateway-10s,60,0.1260368849158412
lan-gateway-10s,60,0.12607715229121366
lan-gateway-10s,60,0.12611741966658613
lan-gateway-10s,60,0.1261576870419586
lan-gateway-10s,60,0.1261979544173311
lan-gateway-10s,60,0.12623822179270355
lan-gateway-10s,60,0.12627848916807602
lan-gateway-10s,60,0.12631875654344848
lan-gateway-10s,60,0.12635902391882098
lan-gateway-10s,60,0.12639929129419344
lan-gateway-10s,60,0.1264395586695659
lan-gateway-10s,60,0.1264798260449384
lan-gateway-10s,60,0.12652009342031087
lan-gateway-10s,60,0.12656036079568334
lan-gateway-10s,60,0.1266006281710558
lan-gateway-10s,60,0.1266408955464283
lan-gateway-10s,60,0.12668116292180076
lan-gateway-10s,60,0.12672143029717323
lan-gateway-10s,60,0.1267616976725457
lan-gateway-10s,60,0.12680196504791819
lan-gateway-10s,60,0.12684223242329065
lan-gateway-10s,60,0.12688249979866312
lan-gateway-10s,60,0.12692276717403558
lan-gateway-10s,60,0.12696303454940808
lan-gateway-10s,60,0.12700330192478054
lan-gateway-10s,60,0.127043569300153
lan-gateway-10s,60,0.1270838366755255
lan-gateway-10s,60,0.12712410405089797
lan-gateway-10s,60,0.12716437142627043
lan-gateway-10s,60,0.1272046388016429
lan-gateway-10s,60,0.1272449061770154
lan-gateway-10s,60,0.12728517355238786
lan-gateway-10s,60,0.12732544092776032
lan-gateway-10s,60,0.1273657083031328
lan-gateway-10s,60,0.12740597567850528
lan-gateway-10s,60,0.12744624305387775
lan-gateway-10s,60,0.12748651042925022
lan-gateway-10s,60,0.12752677780462268
lan-gateway-10s,60,0.12756704517999518
lan-gateway-10s,60,0.12760731255536764
lan-gateway-10s,60,0.1276475799307401
lan-gateway-10s,60,0.1276878473061126
lan-gateway-10s,60,0.12772811468148507
lan-gateway-10s,60,0.12776838205685753
lan-gateway-10s,60,0.12780864943223
lan-gateway-10s,60,0.1278489168076025
lan-gateway-10s,60,0.12788918418297496
lan-gateway-10s,60,0.12792945155834742
lan-gateway-10s,60,0.1279697189337199
lan-gateway-10s,60,0.12800998630909238
lan-gateway-10s,60,0.12805025368446485
lan-gateway-10s,60,0.12809052105983731
lan-gateway-10s,60,0.12813078843520978
lan-gateway-10s,60,0.12817105581058227
lan-gateway-10s,60,0.12821132318595474
lan-gateway-10s,60,0.1282515905613272
lan-gateway-10s,60,0.1282918579366997
lan-gateway-10s,60,0.12833212531207217
lan-gateway-10s,60,0.12837239268744463
lan-gateway-10s,60,0.1284126600628171
lan-gateway-10s,60,0.1284529274381896
lan-gateway-10s,60,0.12849319481356206
lan-gateway-10s,60,0.12853346218893452
lan-gateway-10s,60,0.128573729564307
lan-gateway-10s,60,0.12861399693967948
lan-gateway-10s,60,0.12865426431505195
lan-gateway-10s,60,0.1286945316904244
lan-gateway-10s,60,0.12873479906579688
lan-gateway-10s,60,0.12877506644116937
lan-gateway-10s,60,0.12881533381654184
lan-gateway-10s,60,0.1288556011919143
lan-gateway-10s,60,0.1288958685672868
lan-gateway-10s,60,0.12893613594265926
lan-gateway-10s,60,0.12897640331803173
lan-gateway-10s,60,0.1290166706934042
lan-gateway-10s,60,0.1290569380687767
lan-gateway-10s,60,0.12909720544414915
lan-gateway-10s,60,0.12913747281952162
lan-gateway-10s,60,0.1291777401948941
lan-gateway-10s,60,0.12921800757026658
lan-gateway-10s,60,0.12925827494563905
lan-gateway-10s,60,0.1292985423210115
lan-gateway-10s,60,0.12933880969638398
lan-gateway-10s,60,0.12937907707175647
lan-gateway-10s,60,0.12941934444712894
lan-gateway-10s,60,0.1294596118225014
lan-gateway-10s,60,0.1294998791978739
lan-gateway-10s,60,0.12954014657324636
lan-gateway-10s,60,0.12958041394861883
lan-gateway-10s,60,0.1296206813239913
lan-gateway-10s,60,0.1296609486993638
lan-gateway-10s,60,0.12970121607473625
lan-gateway-10s,60,0.12974148345010872
lan-gateway-10s,60,0.12978175082548118
lan-gateway-10s,60,0.12982201820085368
lan-gateway-10s,60,0.12986228557622614
lan-gateway-10s,60,0.1299025529515986
lan-gateway-10s,60,0.12994282032697108
lan-gateway-10s,60,0.12998308770234357
lan-gateway-10s,60,0.13002335507771604
lan-gateway-10s,60,0.1300636224530885
lan-gateway-10s,60,0.130103889828461
lan-gateway-10s,60,0.13014415720383346
lan-gateway-10s,60,0.13018442457920593
lan-gateway-10s,60,0.1302246919545784
lan-gateway-10s,60,0.13026495932995089
lan-gateway-10s,60,0.13030522670532335
lan-gateway-10s,60,0.13034549408069582
lan-gateway-10s,60,0.13038576145606828
lan-gateway-10s,60,0.13042602883144078
lan-gateway-10s,60,0.13046629620681324
lan-gateway-10s,60,0.1305065635821857
lan-gateway-10s,60,0.13054683095755817
lan-gateway-10s,60,0.13058709833293067
lan-gateway-10s,60,0.13062736570830313
lan-gateway-10s,60,0.1306676330836756
lan-gateway-10s,60,0.1307079004590481
lan-gateway-10s,60,0.13074816783442056
lan-gateway-10s,60,0.13078843520979302
lan-gateway-10s,60,0.1308287025851655
lan-gateway-10s,60,0.13086896996053798
lan-gateway-10s,60,0.13090923733591045
lan-gateway-10s,60,0.13094950471128292
lan-gateway-10s,60,0.13098977208665538
lan-gateway-10s,60,0.13103003946202788
lan-gateway-10s,60,0.13107030683740034
lan-gateway-10s,60,0.1311105742127728
lan-gateway-10s,60,0.13115084158814527
lan-gateway-10s,60,0.13119110896351777
lan-gateway-10s,60,0.13123137633889023
lan-gateway-10s,60,0.1312716437142627
lan-gateway-10s,60,0.13131191108963516
lan-gateway-10s,60,0.13135217846500766
lan-gateway-10s,60,0.13139244584038012
lan-gateway-10s,60,0.1314327132157526
lan-gateway-10s,60,0.13147298059112508
lan-gateway-10s,60,0.13151324796649755
lan-gateway-10s,60,0.13155351534187001
lan-gateway-10s,60,0.13159378271724248
lan-gateway-10s,60,0.13163405009261497
lan-gateway-10s,60,0.13167431746798744
lan-gateway-10s,60,0.1317145848433599
lan-gateway-10s,60,0.13175485221873237
lan-gateway-10s,60,0.13179511959410486
lan-gateway-10s,60,0.13183538696947733
lan-gateway-10s,60,0.1318756543448498
lan-gateway-10s,60,0.13191592172022226
lan-gateway-10s,60,0.13195618909559476
lan-gateway-10s,60,0.13199645647096722
lan-gateway-10s,60,0.1320367238463397
lan-gateway-10s,60,0.13207699122171218
lan-gateway-10s,60,0.13211725859708465
lan-gateway-10s,60,0.1321575259724571
lan-gateway-10s,60,0.13219779334782958
lan-gateway-10s,60,0.13223806072320207
lan-gateway-10s,60,0.13227832809857454
lan-gateway-10s,60,0.132318595473947
lan-gateway-10s,60,0.13235886284931947
lan-gateway-10s,60,0.13239913022469196
lan-gateway-10s,60,0.13243939760006443
lan-gateway-10s,60,0.1324796649754369
lan-gateway-10s,60,0.13251993235080936
lan-gateway-10s,60,0.13256019972618185
lan-gateway-10s,60,0.13260046710155432
lan-gateway-10s,60,0.13264073447692679
lan-gateway-10s,60,0.13268100185229928
lan-gateway-10s,60,0.13272126922767175
lan-gateway-10s,60,0.1327615366030442
lan-gateway-10s,60,0.13280180397841668
lan-gateway-10s,60,0.13284207135378917
lan-gateway-10s,60,0.13288233872916164
lan-gateway-10s,60,0.1329226061045341
lan-gateway-10s,60,0.13296287347990657
lan-gateway-10s,60,0.13300314085527906
lan-gateway-10s,60,0.13304340823065153
lan-gateway-10s,60,0.133083675606024
lan-gateway-10s,60,0.13312394298139646
lan-gateway-10s,60,0.13316421035676895
lan-gateway-10s,60,0.13320447773214142
lan-gateway-10s,60,0.13324474510751388
lan-gateway-10s,60,0.13328501248288638
lan-gateway-10s,60,0.13332527985825884
lan-gateway-10s,60,0.1333655472336313
lan-gateway-10s,60,0.13340581460900378
lan-gateway-10s,60,0.13344608198437627
lan-gateway-10s,60,0.13348634935974873
lan-gateway-10s,60,0.1335266167351212
lan-gateway-10s,60,0.13356688411049367
lan-gateway-10s,60,0.13360715148586616
lan-gateway-10s,60,0.13364741886123863
lan-gateway-10s,60,0.1336876862366111
lan-gateway-10s,60,0.13372795361198356
lan-gateway-10s,60,0.13376822098735605
lan-gateway-10s,60,0.13380848836272852
lan-gateway-10s,60,0.13384875573810098
lan-gateway-10s,60,0.13388902311347348
lan-gateway-10s,60,0.13392929048884594
lan-gateway-10s,60,0.1339695578642184
lan-gateway-10s,60,0.13400982523959087
lan-gateway-10s,60,0.13405009261496337
lan-gateway-10s,60,0.13409035999033583
lan-gateway-10s,60,0.1341306273657083
lan-gateway-10s,60,0.13417089474108077
lan-gateway-10s,60,0.13421116211645326
lan-gateway-10s,60,0.13425142949182572
lan-gateway-10s,60,0.1342916968671982
lan-gateway-10s,60,0.13433196424257066
lan-gateway-10s,60,0.13437223161794315
lan-gateway-10s,60,0.13441249899331562
lan-gateway-10s,60,0.13445276636868808
lan-gateway-10s,60,0.13449303374406057
lan-gateway-10s,60,0.13453330111943304
lan-gateway-10s,60,0.1345735684948055
lan-gateway-10s,60,0.13461383587017797
lan-gateway-10s,60,0.13465410324555047
lan-gateway-10s,60,0.13469437062092293
lan-gateway-10s,60,0.1347346379962954
lan-gateway-10s,60,0.13477490537166786
lan-gateway-10s,60,0.13481517274704036
lan-gateway-10s,60,0.13485544012241282
lan-gateway-10s,60,0.1348957074977853
lan-gateway-10s,60,0.13493597487315775
lan-gateway-10s,60,0.13497624224853025
lan-gateway-10s,60,0.13501650962390271
lan-gateway-10s,60,0.13505677699927518
lan-gateway-10s,60,0.13509704437464767
lan-gateway-10s,60,0.13513731175002014
lan-gateway-10s,60,0.1351775791253926
lan-gateway-10s,60,0.13521784650076507
lan-gateway-10s,60,0.13525811387613756
lan-gateway-10s,60,0.13529838125151003
lan-gateway-10s,60,0.1353386486268825
lan-gateway-10s,60,0.13537891600225496
lan-gateway-10s,60,0.13541918337762746
lan-gateway-10s,60,0.13545945075299992
lan-gateway-10s,60,0.1354997181283724
lan-gateway-10s,60,0.13553998550374485
lan-gateway-10s,60,0.13558025287911735
lan-gateway-10s,60,0.1356205202544898
lan-gateway-10s,60,0.13566078762986228
lan-gateway-10s,60,0.13570105500523477
lan-gateway-10s,60,0.13574132238060724
lan-gateway-10s,60,0.1357815897559797
lan-gateway-10s,60,0.13582185713135217
lan-gateway-10s,60,0.13586212450672466
lan-gateway-10s,60,0.13590239188209713
lan-gateway-10s,60,0.1359426592574696
lan-gateway-10s,60,0.13598292663284206
lan-gateway-10s,60,0.13602319400821455
lan-gateway-10s,60,0.13606346138358702
lan-gateway-10s,60,0.13610372875895949
lan-gateway-10s,60,0.13614399613433195
lan-gateway-10s,60,0.13618426350970445
lan-gateway-10s,60,0.1362245308850769
lan-gateway-10s,60,0.13626479826044938
lan-gateway-10s,60,0.13630506563582187
lan-gateway-10s,60,0.13634533301119434
lan-gateway-10s,60,0.1363856003865668
lan-gateway-10s,60,0.13642586776193927
lan-gateway-10s,60,0.13646613513731176
lan-gateway-10s,60,0.13650640251268423
lan-gateway-10s,60,0.1365466698880567
lan-gateway-10s,60,0.13658693726342916
lan-gateway-10s,60,0.13662720463880165
lan-gateway-10s,60,0.13666747201417412
lan-gateway-10s,60,0.13670773938954658
lan-gateway-10s,60,0.13674800676491905
lan-gateway-10s,60,0.13678827414029154
lan-gateway-10s,60,0.136828541515664
lan-gateway-10s,60,0.13686880889103648
lan-gateway-10s,60,0.13690907626640897
lan-gateway-10s,60,0.13694934364178143
lan-gateway-10s,60,0.1369896110171539
lan-gateway-10s,60,0.13702987839252637
lan-gateway-10s,60,0.13707014576789886
lan-gateway-10s,60,0.13711041314327133
lan-gateway-10s,60,0.1371506805186438
lan-gateway-10s,60,0.13719094789401626
lan-gateway-10s,60,0.13723121526938875
lan-gateway-10s,60,0.13727148264476122
lan-gateway-10s,60,0.13731175002013368
lan-gateway-10s,60,0.13735201739550615
lan-gateway-10s,60,0.13739228477087864
lan-gateway-10s,60,0.1374325521462511
lan-gateway-10s,60,0.13747281952162357
lan-gateway-10s,60,0.13751308689699607
lan-gateway-10s,60,0.13755335427236853
lan-gateway-10s,60,0.137593621647741
lan-gateway-10s,60,0.13763388902311346
lan-gateway-10s,60,0.13767415639848596
lan-gateway-10s,60,0.13771442377385842
lan-gateway-10s,60,0.1377546911492309
lan-gateway-10s,60,0.13779495852460336
lan-gateway-10s,60,0.13783522589997585
lan-gateway-10s,60,0.13787549327534832
lan-gateway-10s,60,0.13791576065072078
lan-gateway-10s,60,0.13795602802609325
lan-gateway-10s,60,0.13799629540146574
lan-gateway-10s,60,0.1380365627768382
lan-gateway-10s,60,0.13807683015221067
lan-gateway-10s,60,0.13811709752758317
lan-gateway-10s,60,0.13815736490295563
lan-gateway-10s,60,0.1381976322783281
lan-gateway-10s,60,0.13823789965370056
lan-gateway-10s,60,0.13827816702907306
lan-gateway-10s,60,0.13831843440444552
lan-gateway-10s,60,0.138358701779818
lan-gateway-10s,60,0.13839896915519045
lan-gateway-10s,60,0.13843923653056295
lan-gateway-10s,60,0.1384795039059354
lan-gateway-10s,60,0.13851977128130788
lan-gateway-10s,60,0.13856003865668035
lan-gateway-10s,60,0.13860030603205284
lan-gateway-10s,60,0.1386405734074253
lan-gateway-10s,60,0.13868084078279777
lan-gateway-10s,60,0.13872110815817026
lan-gateway-10s,60,0.13876137553354273
lan-gateway-10s,60,0.1388016429089152
lan-gateway-10s,60,0.13884191028428766
lan-gateway-10s,60,0.13888217765966016
lan-gateway-10s,60,0.13892244503503262
lan-gateway-10s,60,0.1389627124104051
lan-gateway-10s,60,0.13900297978577755
lan-gateway-10s,60,0.13904324716115005
lan-gateway-10s,60,0.1390835145365225
lan-gateway-10s,60,0.13912378191189498
lan-gateway-10s,60,0.13916404928726744
lan-gateway-10s,60,0.13920431666263994
lan-gateway-10s,60,0.1392445840380124
lan-gateway-10s,60,0.13928485141338487
lan-gateway-10s,60,0.13932511878875734
lan-gateway-10s,60,0.13936538616412983
lan-gateway-10s,60,0.1394056535395023
lan-gateway-10s,60,0.13944592091487476
lan-gateway-10s,60,0.13948618829024725
lan-gateway-10s,60,0.13952645566561972
lan-gateway-10s,60,0.13956672304099219
lan-gateway-10s,60,0.13960699041636465
lan-gateway-10s,60,0.13964725779173714
lan-gateway-10s,60,0.1396875251671096
lan-gateway-10s,60,0.13972779254248208
lan-gateway-10s,60,0.13976805991785454
lan-gateway-10s,60,0.13980832729322704
lan-gateway-10s,60,0.1398485946685995
lan-gateway-10s,60,0.13988886204397197
lan-gateway-10s,60,0.13992912941934443
lan-gateway-10s,60,0.13996939679471693
lan-gateway-10s,60,0.1400096641700894
lan-gateway-10s,60,0.14004993154546186
lan-gateway-10s,60,0.14009019892083435
lan-gateway-10s,60,0.14013046629620682
lan-gateway-10s,60,0.14017073367157928
lan-gateway-10s,60,0.14021100104695175
lan-gateway-10s,60,0.14025126842232424
lan-gateway-10s,60,0.1402915357976967
lan-gateway-10s,60,0.14033180317306918
lan-gateway-10s,60,0.14037207054844164
lan-gateway-10s,60,0.14041233792381413
lan-gateway-10s,60,0.1404526052991866
lan-gateway-10s,60,0.14049287267455907
lan-gateway-10s,60,0.14053314004993153
lan-gateway-10s,60,0.14057340742530403
lan-gateway-10s,60,0.1406136748006765
lan-gateway-10s,60,0.14065394217604896
lan-gateway-10s,60,0.14069420955142145
lan-gateway-10s,60,0.14073447692679392
lan-gateway-10s,60,0.14077474430216638
lan-gateway-10s,60,0.14081501167753885
lan-gateway-10s,60,0.14085527905291134
lan-gateway-10s,60,0.1408955464282838
lan-gateway-10s,60,0.14093581380365627
lan-gateway-10s,60,0.14097608117902874
lan-gateway-10s,60,0.14101634855440123
lan-gateway-10s,60,0.1410566159297737
lan-gateway-10s,60,0.14109688330514616
lan-gateway-10s,60,0.14113715068051863
lan-gateway-10s,60,0.14117741805589112
lan-gateway-10s,60,0.1412176854312636
lan-gateway-10s,60,0.14125795280663606
lan-gateway-10s,60,0.14129822018200855
lan-gateway-10s,60,0.14133848755738102
lan-gateway-10s,60,0.14137875493275348
lan-gateway-10s,60,0.14141902230812595
lan-gateway-10s,60,0.14145928968349844
lan-gateway-10s,60,0.1414995570588709
lan-gateway-10s,60,0.14153982443424337
lan-gateway-10s,60,0.14158009180961584
lan-gateway-10s,60,0.14162035918498833
lan-gateway-10s,60,0.1416606265603608
lan-gateway-10s,60,0.14170089393573326
lan-gateway-10s,60,0.14174116131110573
lan-gateway-10s,60,0.14178142868647822
lan-gateway-10s,60,0.1418216960618507
lan-gateway-10s,60,0.14186196343722315
lan-gateway-10s,60,0.14190223081259565
lan-gateway-10s,60,0.1419424981879681
lan-gateway-10s,60,0.14198276556334058
lan-gateway-10s,60,0.14202303293871305
lan-gateway-10s,60,0.14206330031408554
lan-gateway-10s,60,0.142103567689458
lan-gateway-10s,60,0.14214383506483047
lan-gateway-10s,60,0.14218410244020294
lan-gateway-10s,60,0.14222436981557543
lan-gateway-10s,60,0.1422646371909479
lan-gateway-10s,60,0.14230490456632036
lan-gateway-10s,60,0.14234517194169283
lan-gateway-10s,60,0.14238543931706532
lan-gateway-10s,60,0.1424257066924378
lan-gateway-10s,60,0.14246597406781025
lan-gateway-10s,60,0.14250624144318275
lan-gateway-10s,60,0.1425465088185552
lan-gateway-10s,60,0.14258677619392768
lan-gateway-10s,60,0.14262704356930014
lan-gateway-10s,60,0.14266731094467264
lan-gateway-10s,60,0.1427075783200451
lan-gateway-10s,60,0.14274784569541757
lan-gateway-10s,60,0.14278811307079003
lan-gateway-10s,60,0.14282838044616253
lan-gateway-10s,60,0.142868647821535
lan-gateway-10s,60,0.14290891519690746
lan-gateway-10s,60,0.14294918257227993
lan-gateway-10s,60,0.14298944994765242
lan-gateway-10s,60,0.14302971732302489
lan-gateway-10s,60,0.14306998469839735
lan-gateway-10s,60,0.14311025207376984
lan-gateway-10s,60,0.1431505194491423
lan-gateway-10s,60,0.14319078682451478
lan-gateway-10s,60,0.14323105419988724
lan-gateway-10s,60,0.14327132157525974
lan-gateway-10s,60,0.1433115889506322
lan-gateway-10s,60,0.14335185632600467
lan-gateway-10s,60,0.14339212370137713
lan-gateway-10s,60,0.14343239107674963
lan-gateway-10s,60,0.1434726584521221
lan-gateway-10s,60,0.14351292582749456
lan-gateway-10s,60,0.14355319320286702
lan-gateway-10s,60,0.14359346057823952
lan-gateway-10s,60,0.14363372795361198
lan-gateway-10s,60,0.14367399532898445
lan-gateway-10s,60,0.14371426270435694
lan-gateway-10s,60,0.1437545300797294
lan-gateway-10s,60,0.14379479745510187
lan-gateway-10s,60,0.14383506483047434
lan-gateway-10s,60,0.14387533220584683
lan-gateway-10s,60,0.1439155995812193
lan-gateway-10s,60,0.14395586695659177
lan-gateway-10s,60,0.14399613433196423
lan-gateway-10s,60,0.14403640170733673
lan-gateway-10s,60,0.1440766690827092
lan-gateway-10s,60,0.14411693645808166
lan-gateway-10s,60,0.14415720383345412
lan-gateway-10s,60,0.14419747120882662
lan-gateway-10s,60,0.14423773858419908
lan-gateway-10s,60,0.14427800595957155
lan-gateway-10s,60,0.14431827333494404
lan-gateway-10s,60,0.1443585407103165
lan-gateway-10s,60,0.14439880808568897
lan-gateway-10s,60,0.14443907546106144
lan-gateway-10s,60,0.14447934283643393
lan-gateway-10s,60,0.1445196102118064
lan-gateway-10s,60,0.14455987758717886
lan-gateway-10s,60,0.14460014496255133
lan-gateway-10s,60,0.14464041233792382
lan-gateway-10s,60,0.1446806797132963
lan-gateway-10s,60,0.14472094708866876
lan-gateway-10s,60,0.14476121446404122
lan-gateway-10s,60,0.14480148183941371
lan-gateway-10s,60,0.14484174921478618
lan-gateway-10s,60,0.14488201659015865
lan-gateway-10s,60,0.14492228396553114
lan-gateway-10s,60,0.1449625513409036
lan-gateway-10s,60,0.14500281871627607
lan-gateway-10s,60,0.14504308609164854
lan-gateway-10s,60,0.14508335346702103
lan-gateway-10s,60,0.1451236208423935
lan-gateway-10s,60,0.14516388821776596
lan-gateway-10s,60,0.14520415559313843
lan-gateway-10s,60,0.14524442296851092
lan-gateway-10s,60,0.1452846903438834
lan-gateway-10s,60,0.14532495771925585
lan-gateway-10s,60,0.14536522509462832
lan-gateway-10s,60,0.1454054924700008
lan-gateway-10s,60,0.14544575984537328
lan-gateway-10s,60,0.14548602722074575
lan-gateway-10s,60,0.14552629459611824
lan-gateway-10s,60,0.1455665619714907
lan-gateway-10s,60,0.14560682934686317
lan-gateway-10s,60,0.14564709672223564
lan-gateway-10s,60,0.14568736409760813
lan-gateway-10s,60,0.1457276314729806
lan-gateway-10s,60,0.14576789884835306
lan-gateway-10s,60,0.14580816622372553
lan-gateway-10s,60,0.14584843359909802
lan-gateway-10s,60,0.1458887009744705
lan-gateway-10s,60,0.14592896834984295
lan-gateway-10s,60,0.14596923572521542
lan-gateway-10s,60,0.1460095031005879
lan-gateway-10s,60,0.14604977047596038
lan-gateway-10s,60,0.14609003785133284
lan-gateway-10s,60,0.14613030522670534
lan-gateway-10s,60,0.1461705726020778
lan-gateway-10s,60,0.14621083997745027
lan-gateway-10s,60,0.14625110735282273
lan-gateway-10s,60,0.14629137472819523
lan-gateway-10s,60,0.1463316421035677
lan-gateway-10s,60,0.14637190947894016
lan-gateway-10s,60,0.14641217685431263
lan-gateway-10s,60,0.14645244422968512
lan-gateway-10s,60,0.14649271160505759
lan-gateway-10s,60,0.14653297898043005
lan-gateway-10s,60,0.14657324635580252
lan-gateway-10s,60,0.146613513731175
lan-gateway-10s,60,0.14665378110654748
lan-gateway-10s,60,0.14669404848191994
lan-gateway-10s,60,0.14673431585729244
lan-gateway-10s,60,0.1467745832326649
lan-gateway-10s,60,0.14681485060803737
lan-gateway-10s,60,0.14685511798340983
lan-gateway-10s,60,0.14689538535878233
lan-gateway-10s,60,0.1469356527341548
lan-gateway-10s,60,0.14697592010952726
lan-gateway-10s,60,0.14701618748489972
lan-gateway-10s,60,0.14705645486027222
lan-gateway-10s,60,0.14709672223564468
lan-gateway-10s,60,0.14713698961101715
lan-gateway-10s,60,0.14717725698638962
lan-gateway-10s,60,0.1472175243617621
lan-gateway-10s,60,0.14725779173713457
lan-gateway-10s,60,0.14729805911250704
lan-gateway-10s,60,0.1473383264878795
lan-gateway-10s,60,0.147378593863252
lan-gateway-10s,60,0.14741886123862447
lan-gateway-10s,60,0.14745912861399693
lan-gateway-10s,60,0.14749939598936943
lan-gateway-10s,60,0.1475396633647419
lan-gateway-10s,60,0.14757993074011436
lan-gateway-10s,60,0.14762019811548682
lan-gateway-10s,60,0.14766046549085932
lan-gateway-10s,60,0.14770073286623178
lan-gateway-10s,60,0.14774100024160425
lan-gateway-10s,60,0.1477812676169767
lan-gateway-10s,60,0.1478215349923492
lan-gateway-10s,60,0.14786180236772167
lan-gateway-10s,60,0.14790206974309414
lan-gateway-10s,60,0.1479423371184666
lan-gateway-10s,60,0.1479826044938391
lan-gateway-10s,60,0.14802287186921156
lan-gateway-10s,60,0.14806313924458403
lan-gateway-10s,60,0.14810340661995652
lan-gateway-10s,60,0.148143673995329
lan-gateway-10s,60,0.14818394137070146
lan-gateway-10s,60,0.14822420874607392
lan-gateway-10s,60,0.14826447612144641
lan-gateway-10s,60,0.14830474349681888
lan-gateway-10s,60,0.14834501087219135
lan-gateway-10s,60,0.1483852782475638
lan-gateway-10s,60,0.1484255456229363
lan-gateway-10s,60,0.14846581299830877
lan-gateway-10s,60,0.14850608037368124
lan-gateway-10s,60,0.1485463477490537
lan-gateway-10s,60,0.1485866151244262
lan-gateway-10s,60,0.14862688249979866
lan-gateway-10s,60,0.14866714987517113
lan-gateway-10s,60,0.14870741725054362
lan-gateway-10s,60,0.1487476846259161
lan-gateway-10s,60,0.14878795200128855
lan-gateway-10s,60,0.14882821937666102
lan-gateway-10s,60,0.1488684867520335
lan-gateway-10s,60,0.14890875412740598
lan-gateway-10s,60,0.14894902150277844
lan-gateway-10s,60,0.1489892888781509
lan-gateway-10s,60,0.1490295562535234
lan-gateway-10s,60,0.14906982362889587
lan-gateway-10s,60,0.14911009100426834
lan-gateway-10s,60,0.1491503583796408
lan-gateway-10s,60,0.1491906257550133
lan-gateway-10s,60,0.14923089313038576
lan-gateway-10s,60,0.14927116050575823
lan-gateway-10s,60,0.14931142788113072
lan-gateway-10s,60,0.1493516952565032
lan-gateway-10s,60,0.14939196263187565
lan-gateway-10s,60,0.14943223000724812
lan-gateway-10s,60,0.1494724973826206
lan-gateway-10s,60,0.14951276475799308
lan-gateway-10s,60,0.14955303213336554
lan-gateway-10s,60,0.149593299508738
lan-gateway-10s,60,0.1496335668841105
lan-gateway-10s,60,0.14967383425948297
lan-gateway-10s,60,0.14971410163485543
lan-gateway-10s,60,0.1497543690102279
lan-gateway-10s,60,0.1497946363856004
lan-gateway-10s,60,0.14983490376097286
lan-gateway-10s,60,0.14987517113634533
lan-gateway-10s,60,0.14991543851171782
lan-gateway-10s,60,0.14995570588709028
lan-gateway-10s,60,0.14999597326246275
lan-gateway-10s,60,0.15003624063783522
lan-gateway-10s,60,0.1500765080132077
lan-gateway-10s,60,0.15011677538858018
lan-gateway-10s,60,0.15015704276395264
lan-gateway-10s,60,0.1501973101393251
lan-gateway-10s,60,0.1502375775146976
lan-gateway-10s,60,0.15027784489007007
lan-gateway-10s,60,0.15031811226544253
lan-gateway-10s,60,0.150358379640815
lan-gateway-10s,60,0.1503986470161875
lan-gateway-10s,60,0.15043891439155996
lan-gateway-10s,60,0.15047918176693242
lan-gateway-10s,60,0.15051944914230492
lan-gateway-10s,60,0.15055971651767738
lan-gateway-10s,60,0.15059998389304985
lan-gateway-10s,60,0.15064025126842231
lan-gateway-10s,60,0.1506805186437948
lan-gateway-10s,60,0.15072078601916727
lan-gateway-10s,60,0.15076105339453974
lan-gateway-10s,60,0.1508013207699122
lan-gateway-10s,60,0.1508415881452847
lan-gateway-10s,60,0.15088185552065717
lan-gateway-10s,60,0.15092212289602963
lan-gateway-10s,60,0.1509623902714021
lan-gateway-10s,60,0.1510026576467746
lan-gateway-10s,60,0.15104292502214706
lan-gateway-10s,60,0.15108319239751952
lan-gateway-10s,60,0.15112345977289202
lan-gateway-10s,60,0.15116372714826448
lan-gateway-10s,60,0.15120399452363695
lan-gateway-10s,60,0.1512442618990094
lan-gateway-10s,60,0.1512845292743819
lan-gateway-10s,60,0.15132479664975437
lan-gateway-10s,60,0.15136506402512684
lan-gateway-10s,60,0.1514053314004993
lan-gateway-10s,60,0.1514455987758718
lan-gateway-10s,60,0.15148586615124426
lan-gateway-10s,60,0.15152613352661673
lan-gateway-10s,60,0.1515664009019892
lan-gateway-10s,60,0.1516066682773617
lan-gateway-10s,60,0.15164693565273415
lan-gateway-10s,60,0.15168720302810662
lan-gateway-10s,60,0.15172747040347911
lan-gateway-10s,60,0.15176773777885158
lan-gateway-10s,60,0.15180800515422405
lan-gateway-10s,60,0.1518482725295965
lan-gateway-10s,60,0.151888539904969
lan-gateway-10s,60,0.15192880728034147
lan-gateway-10s,60,0.15196907465571394
lan-gateway-10s,60,0.1520093420310864
lan-gateway-10s,60,0.1520496094064589
lan-gateway-10s,60,0.15208987678183136
lan-gateway-10s,60,0.15213014415720383
lan-gateway-10s,60,0.1521704115325763
lan-gateway-10s,60,0.1522106789079488
lan-gateway-10s,60,0.15225094628332125
lan-gateway-10s,60,0.15229121365869372
lan-gateway-10s,60,0.1523314810340662
lan-gateway-10s,60,0.15237174840943868
lan-gateway-10s,60,0.15241201578481114
lan-gateway-10s,60,0.1524522831601836
lan-gateway-10s,60,0.1524925505355561
lan-gateway-10s,60,0.15253281791092857
lan-gateway-10s,60,0.15257308528630104
lan-gateway-10s,60,0.1526133526616735
lan-gateway-10s,60,0.152653620037046
lan-gateway-10s,60,0.15269388741241846
lan-gateway-10s,60,0.15273415478779093
lan-gateway-10s,60,0.1527744221631634
lan-gateway-10s,60,0.15281468953853589
lan-gateway-10s,60,0.15285495691390835
lan-gateway-10s,60,0.15289522428928082
lan-gateway-10s,60,0.1529354916646533
lan-gateway-10s,60,0.15297575904002578
lan-gateway-10s,60,0.15301602641539824
lan-gateway-10s,60,0.1530562937907707
lan-gateway-10s,60,0.1530965611661432
lan-gateway-10s,60,0.15313682854151567
lan-gateway-10s,60,0.15317709591688813
lan-gateway-10s,60,0.1532173632922606
lan-gateway-10s,60,0.1532576306676331
lan-gateway-10s,60,0.15329789804300556
lan-gateway-10s,60,0.15333816541837803
lan-gateway-10s,60,0.1533784327937505
lan-gateway-10s,60,0.15341870016912298
lan-gateway-10s,60,0.15345896754449545
lan-gateway-10s,60,0.15349923491986792
lan-gateway-10s,60,0.1535395022952404
lan-gateway-10s,60,0.15357976967061288
lan-gateway-10s,60,0.15362003704598534
lan-gateway-10s,60,0.1536603044213578
lan-gateway-10s,60,0.1537005717967303
lan-gateway-10s,60,0.15374083917210277
lan-gateway-10s,60,0.15378110654747523
lan-gateway-10s,60,0.1538213739228477
lan-gateway-10s,60,0.1538616412982202
lan-gateway-10s,60,0.15390190867359266
lan-gateway-10s,60,0.15394217604896512
lan-gateway-10s,60,0.1539824434243376
lan-gateway-10s,60,0.15402271079971008
lan-gateway-10s,60,0.15406297817508255
lan-gateway-10s,60,0.15410324555045501
lan-gateway-10s,60,0.1541435129258275
lan-gateway-10s,60,0.15418378030119997
lan-gateway-10s,60,0.15422404767657244
lan-gateway-10s,60,0.1542643150519449
lan-gateway-10s,60,0.1543045824273174
lan-gateway-10s,60,0.15434484980268987
lan-gateway-10s,60,0.15438511717806233
lan-gateway-10s,60,0.1544253845534348
lan-gateway-10s,60,0.1544656519288073
lan-gateway-10s,60,0.15450591930417976
lan-gateway-10s,60,0.15454618667955222
lan-gateway-10s,60,0.1545864540549247
lan-gateway-10s,60,0.15462672143029718
lan-gateway-10s,60,0.15466698880566965
lan-gateway-10s,60,0.1547072561810421
lan-gateway-10s,60,0.1547475235564146
lan-gateway-10s,60,0.15478779093178707
lan-gateway-10s,60,0.15482805830715954
lan-gateway-10s,60,0.154868325682532
lan-gateway-10s,60,0.1549085930579045
lan-gateway-10s,60,0.15494886043327696
lan-gateway-10s,60,0.15498912780864943
lan-gateway-10s,60,0.1550293951840219
lan-gateway-10s,60,0.1550696625593944
lan-gateway-10s,60,0.15510992993476685
lan-gateway-10s,60,0.15515019731013932
lan-gateway-10s,60,0.1551904646855118
lan-gateway-10s,60,0.15523073206088428
lan-gateway-10s,60,0.15527099943625675
lan-gateway-10s,60,0.1553112668116292
lan-gateway-10s,60,0.15535153418700168
lan-gateway-10s,60,0.15539180156237417
lan-gateway-10s,60,0.15543206893774664
lan-gateway-10s,60,0.1554723363131191
lan-gateway-10s,60,0.1555126036884916
lan-gateway-10s,60,0.15555287106386406
lan-gateway-10s,60,0.15559313843923653
lan-gateway-10s,60,0.155633405814609
lan-gateway-10s,60,0.1556736731899815
lan-gateway-10s,60,0.15571394056535395
lan-gateway-10s,60,0.15575420794072642
lan-gateway-10s,60,0.15579447531609888
lan-gateway-10s,60,0.15583474269147138
lan-gateway-10s,60,0.15587501006684384
lan-gateway-10s,60,0.1559152774422163
lan-gateway-10s,60,0.15595554481758878
lan-gateway-10s,60,0.15599581219296127
lan-gateway-10s,60,0.15603607956833374
lan-gateway-10s,60,0.1560763469437062
lan-gateway-10s,60,0.1561166143190787
lan-gateway-10s,60,0.15615688169445116
lan-gateway-10s,60,0.15619714906982363
lan-gateway-10s,60,0.1562374164451961
lan-gateway-10s,60,0.15627768382056859
lan-gateway-10s,60,0.15631795119594105
lan-gateway-10s,60,0.15635821857131352
lan-gateway-10s,60,0.15639848594668598
lan-gateway-10s,60,0.15643875332205848
lan-gateway-10s,60,0.15647902069743094
lan-gateway-10s,60,0.1565192880728034
lan-gateway-10s,60,0.15655955544817587
lan-gateway-10s,60,0.15659982282354837
lan-gateway-10s,60,0.15664009019892083
lan-gateway-10s,60,0.1566803575742933
lan-gateway-10s,60,0.1567206249496658
lan-gateway-10s,60,0.15676089232503826
lan-gateway-10s,60,0.15680115970041072
lan-gateway-10s,60,0.1568414270757832
lan-gateway-10s,60,0.15688169445115568
lan-gateway-10s,60,0.15692196182652815
lan-gateway-10s,60,0.15696222920190062
lan-gateway-10s,60,0.15700249657727308
lan-gateway-10s,60,0.15704276395264558
lan-gateway-10s,60,0.15708303132801804
lan-gateway-10s,60,0.1571232987033905
lan-gateway-10s,60,0.15716356607876297
lan-gateway-10s,60,0.15720383345413547
lan-gateway-10s,60,0.15724410082950793
lan-gateway-10s,60,0.1572843682048804
lan-gateway-10s,60,0.1573246355802529
lan-gateway-10s,60,0.15736490295562536
lan-gateway-10s,60,0.15740517033099782
lan-gateway-10s,60,0.1574454377063703
lan-gateway-10s,60,0.15748570508174278
lan-gateway-10s,60,0.15752597245711525
lan-gateway-10s,60,0.15756623983248771
lan-gateway-10s,60,0.15760650720786018
lan-gateway-10s,60,0.15764677458323267
lan-gateway-10s,60,0.15768704195860514
lan-gateway-10s,60,0.1577273093339776
lan-gateway-10s,60,0.15776757670935007
lan-gateway-10s,60,0.15780784408472256
lan-gateway-10s,60,0.15784811146009503
lan-gateway-10s,60,0.1578883788354675
lan-gateway-10s,60,0.15792864621084
lan-gateway-10s,60,0.15796891358621246
lan-gateway-10s,60,0.15800918096158492
lan-gateway-10s,60,0.1580494483369574
lan-gateway-10s,60,0.15808971571232988
lan-gateway-10s,60,0.15812998308770235
lan-gateway-10s,60,0.1581702504630748
lan-gateway-10s,60,0.15821051783844728
lan-gateway-10s,60,0.15825078521381977
lan-gateway-10s,60,0.15829105258919224
lan-gateway-10s,60,0.1583313199645647
lan-gateway-10s,60,0.15837158733993717
lan-gateway-10s,60,0.15841185471530966
lan-gateway-10s,60,0.15845212209068213
lan-gateway-10s,60,0.1584923894660546
lan-gateway-10s,60,0.1585326568414271
lan-gateway-10s,60,0.15857292421679955
lan-gateway-10s,60,0.15861319159217202
lan-gateway-10s,60,0.1586534589675445
lan-gateway-10s,60,0.15869372634291698
lan-gateway-10s,60,0.15873399371828945
lan-gateway-10s,60,0.1587742610936619
lan-gateway-10s,60,0.15881452846903438
lan-gateway-10s,60,0.15885479584440687
lan-gateway-10s,60,0.15889506321977934
lan-gateway-10s,60,0.1589353305951518
lan-gateway-10s,60,0.15897559797052427
lan-gateway-10s,60,0.15901586534589676
lan-gateway-10s,60,0.15905613272126923
lan-gateway-10s,60,0.1590964000966417
lan-gateway-10s,60,0.1591366674720142
lan-gateway-10s,60,0.15917693484738665
lan-gateway-10s,60,0.15921720222275912
lan-gateway-10s,60,0.15925746959813158
lan-gateway-10s,60,0.15929773697350408
lan-gateway-10s,60,0.15933800434887654
lan-gateway-10s,60,0.159378271724249
lan-gateway-10s,60,0.15941853909962148
lan-gateway-10s,60,0.15945880647499397
lan-gateway-10s,60,0.15949907385036644
lan-gateway-10s,60,0.1595393412257389
lan-gateway-10s,60,0.15957960860111137
lan-gateway-10s,60,0.15961987597648386
lan-gateway-10s,60,0.15966014335185633
lan-gateway-10s,60,0.1597004107272288
lan-gateway-10s,60,0.15974067810260129
lan-gateway-10s,60,0.15978094547797375
lan-gateway-10s,60,0.15982121285334622
lan-gateway-10s,60,0.15986148022871868
lan-gateway-10s,60,0.15990174760409118
lan-gateway-10s,60,0.15994201497946364
lan-gateway-10s,60,0.1599822823548361
lan-gateway-10s,60,0.16002254973020857
lan-gateway-10s,60,0.16006281710558107
lan-gateway-10s,60,0.16010308448095353
lan-gateway-10s,60,0.160143351856326
lan-gateway-10s,60,0.16018361923169847
lan-gateway-10s,60,0.16022388660707096
lan-gateway-10s,60,0.16026415398244342
lan-gateway-10s,60,0.1603044213578159
lan-gateway-10s,60,0.16034468873318838
lan-gateway-10s,60,0.16038495610856085
lan-gateway-10s,60,0.16042522348393332
lan-gateway-10s,60,0.16046549085930578
lan-gateway-10s,60,0.16050575823467828
lan-gateway-10s,60,0.16054602561005074
lan-gateway-10s,60,0.1605862929854232
lan-gateway-10s,60,0.16062656036079567
lan-gateway-10s,60,0.16066682773616817
lan-gateway-10s,60,0.16070709511154063
lan-gateway-10s,60,0.1607473624869131
lan-gateway-10s,60,0.16078762986228556
lan-gateway-10s,60,0.16082789723765806
lan-gateway-10s,60,0.16086816461303052
lan-gateway-10s,60,0.160908431988403
lan-gateway-10s,60,0.16094869936377548
lan-gateway-10s,60,0.16098896673914795
lan-gateway-10s,60,0.16102923411452041
lan-gateway-10s,60,0.16106950148989288
lan-gateway-10s,60,0.16110976886526537
lan-gateway-10s,60,0.16115003624063784
lan-gateway-10s,60,0.1611903036160103
lan-gateway-10s,60,0.16123057099138277
lan-gateway-10s,60,0.16127083836675526
lan-gateway-10s,60,0.16131110574212773
lan-gateway-10s,60,0.1613513731175002
lan-gateway-10s,60,0.16139164049287266
lan-gateway-10s,60,0.16143190786824516
lan-gateway-10s,60,0.16147217524361762
lan-gateway-10s,60,0.1615124426189901
lan-gateway-10s,60,0.16155270999436258
lan-gateway-10s,60,0.16159297736973505
lan-gateway-10s,60,0.1616332447451075
lan-gateway-10s,60,0.16167351212047998
lan-gateway-10s,60,0.16171377949585247
lan-gateway-10s,60,0.16175404687122494
lan-gateway-10s,60,0.1617943142465974
lan-gateway-10s,60,0.16183458162196987
lan-gateway-10s,60,0.16187484899734236
lan-gateway-10s,60,0.16191511637271483
lan-gateway-10s,60,0.1619553837480873
lan-gateway-10s,60,0.16199565112345976
lan-gateway-10s,60,0.16203591849883225
lan-gateway-10s,60,0.16207618587420472
lan-gateway-10s,60,0.16211645324957719
lan-gateway-10s,60,0.16215672062494968
lan-gateway-10s,60,0.16219698800032215
lan-gateway-10s,60,0.1622372553756946
lan-gateway-10s,60,0.16227752275106708
lan-gateway-10s,60,0.16231779012643957
lan-gateway-10s,60,0.16235805750181204
lan-gateway-10s,60,0.1623983248771845
lan-gateway-10s,60,0.16243859225255697
lan-gateway-10s,60,0.16247885962792946
lan-gateway-10s,60,0.16251912700330193
lan-gateway-10s,60,0.1625593943786744
lan-gateway-10s,60,0.16259966175404686
lan-gateway-10s,60,0.16263992912941935
lan-gateway-10s,60,0.16268019650479182
lan-gateway-10s,60,0.16272046388016428
lan-gateway-10s,60,0.16276073125553675
lan-gateway-10s,60,0.16280099863090924
lan-gateway-10s,60,0.1628412660062817
lan-gateway-10s,60,0.16288153338165418
lan-gateway-10s,60,0.16292180075702667
lan-gateway-10s,60,0.16296206813239913
lan-gateway-10s,60,0.1630023355077716
lan-gateway-10s,60,0.16304260288314407
lan-gateway-10s,60,0.16308287025851656
lan-gateway-10s,60,0.16312313763388903
lan-gateway-10s,60,0.1631634050092615
lan-gateway-10s,60,0.16320367238463396
lan-gateway-10s,60,0.16324393976000645
lan-gateway-10s,60,0.16328420713537892
lan-gateway-10s,60,0.16332447451075138
lan-gateway-10s,60,0.16336474188612385
lan-gateway-10s,60,0.16340500926149634
lan-gateway-10s,60,0.1634452766368688
lan-gateway-10s,60,0.16348554401224127
lan-gateway-10s,60,0.16352581138761377
lan-gateway-10s,60,0.16356607876298623
lan-gateway-10s,60,0.1636063461383587
lan-gateway-10s,60,0.16364661351373117
lan-gateway-10s,60,0.16368688088910366
lan-gateway-10s,60,0.16372714826447612
lan-gateway-10s,60,0.1637674156398486
lan-gateway-10s,60,0.16380768301522106
lan-gateway-10s,60,0.16384795039059355
lan-gateway-10s,60,0.16388821776596602
lan-gateway-10s,60,0.16392848514133848
lan-gateway-10s,60,0.16396875251671095
lan-gateway-10s,60,0.16400901989208344
lan-gateway-10s,60,0.1640492872674559
lan-gateway-10s,60,0.16408955464282837
lan-gateway-10s,60,0.16412982201820087
lan-gateway-10s,60,0.16417008939357333
lan-gateway-10s,60,0.1642103567689458
lan-gateway-10s,60,0.16425062414431826
lan-gateway-10s,60,0.16429089151969076
lan-gateway-10s,60,0.16433115889506322
lan-gateway-10s,60,0.1643714262704357
lan-gateway-10s,60,0.16441169364580815
lan-gateway-10s,60,0.16445196102118065
lan-gateway-10s,60,0.16449222839655311
lan-gateway-10s,60,0.16453249577192558
lan-gateway-10s,60,0.16457276314729805
lan-gateway-10s,60,0.16461303052267054
lan-gateway-10s,60,0.164653297898043
lan-gateway-10s,60,0.16469356527341547
lan-gateway-10s,60,0.16473383264878796
lan-gateway-10s,60,0.16477410002416043
lan-gateway-10s,60,0.1648143673995329
lan-gateway-10s,60,0.16485463477490536
lan-gateway-10s,60,0.16489490215027786
lan-gateway-10s,60,0.16493516952565032
lan-gateway-10s,60,0.1649754369010228
lan-gateway-10s,60,0.16501570427639525
lan-gateway-10s,60,0.16505597165176775
lan-gateway-10s,60,0.1650962390271402
lan-gateway-10s,60,0.16513650640251268
lan-gateway-10s,60,0.16517677377788514
lan-gateway-10s,60,0.16521704115325764
lan-gateway-10s,60,0.1652573085286301
lan-gateway-10s,60,0.16529757590400257
lan-gateway-10s,60,0.16533784327937506
lan-gateway-10s,60,0.16537811065474753
lan-gateway-10s,60,0.16541837803012
lan-gateway-10s,60,0.16545864540549246
lan-gateway-10s,60,0.16549891278086495
lan-gateway-10s,60,0.16553918015623742
lan-gateway-10s,60,0.16557944753160989
lan-gateway-10s,60,0.16561971490698235
lan-gateway-10s,60,0.16565998228235485
lan-gateway-10s,60,0.1657002496577273
lan-gateway-10s,60,0.16574051703309978
lan-gateway-10s,60,0.16578078440847224
lan-gateway-10s,60,0.16582105178384474
lan-gateway-10s,60,0.1658613191592172
lan-gateway-10s,60,0.16590158653458967
lan-gateway-10s,60,0.16594185390996216
lan-gateway-10s,60,0.16598212128533463
lan-gateway-10s,60,0.1660223886607071
lan-gateway-10s,60,0.16606265603607956
lan-gateway-10s,60,0.16610292341145205
lan-gateway-10s,60,0.16614319078682452
lan-gateway-10s,60,0.16618345816219698
lan-gateway-10s,60,0.16622372553756945
lan-gateway-10s,60,0.16626399291294194
lan-gateway-10s,60,0.1663042602883144
lan-gateway-10s,60,0.16634452766368688
lan-gateway-10s,60,0.16638479503905934
lan-gateway-10s,60,0.16642506241443183
lan-gateway-10s,60,0.1664653297898043
lan-gateway-10s,60,0.16650559716517677
lan-gateway-10s,60,0.16654586454054926
lan-gateway-10s,60,0.16658613191592173
lan-gateway-10s,60,0.1666263992912942
lan-gateway-10s,60,0.16666666666666666
lan-gateway-10s,60,0.16670693404203915
lan-gateway-10s,60,0.16674720141741162
lan-gateway-10s,60,0.16678746879278408
lan-gateway-10s,60,0.16682773616815655
lan-gateway-10s,60,0.16686800354352904
lan-gateway-10s,60,0.1669082709189015
lan-gateway-10s,60,0.16694853829427397
lan-gateway-10s,60,0.16698880566964644
lan-gateway-10s,60,0.16702907304501893
lan-gateway-10s,60,0.1670693404203914
lan-gateway-10s,60,0.16710960779576386
lan-gateway-10s,60,0.16714987517113636
lan-gateway-10s,60,0.16719014254650882
lan-gateway-10s,60,0.1672304099218813
lan-gateway-10s,60,0.16727067729725376
lan-gateway-10s,60,0.16731094467262625
lan-gateway-10s,60,0.16735121204799872
lan-gateway-10s,60,0.16739147942337118
lan-gateway-10s,60,0.16743174679874365
lan-gateway-10s,60,0.16747201417411614
lan-gateway-10s,60,0.1675122815494886
lan-gateway-10s,60,0.16755254892486107
lan-gateway-10s,60,0.16759281630023354
lan-gateway-10s,60,0.16763308367560603
lan-gateway-10s,60,0.1676733510509785
lan-gateway-10s,60,0.16771361842635096
lan-gateway-10s,60,0.16775388580172346
lan-gateway-10s,60,0.16779415317709592
lan-gateway-10s,60,0.1678344205524684
lan-gateway-10s,60,0.16787468792784085
lan-gateway-10s,60,0.16791495530321335
lan-gateway-10s,60,0.1679552226785858
lan-gateway-10s,60,0.16799549005395828
lan-gateway-10s,60,0.16803575742933075
lan-gateway-10s,60,0.16807602480470324
lan-gateway-10s,60,0.1681162921800757
lan-gateway-10s,60,0.16815655955544817
lan-gateway-10s,60,0.16819682693082064
lan-gateway-10s,60,0.16823709430619313
lan-gateway-10s,60,0.1682773616815656
lan-gateway-10s,60,0.16831762905693806
lan-gateway-10s,60,0.16835789643231056
lan-gateway-10s,60,0.16839816380768302
lan-gateway-10s,60,0.1684384311830555
lan-gateway-10s,60,0.16847869855842795
lan-gateway-10s,60,0.16851896593380045
lan-gateway-10s,60,0.1685592333091729
lan-gateway-10s,60,0.16859950068454538
lan-gateway-10s,60,0.16863976805991784
lan-gateway-10s,60,0.16868003543529034
lan-gateway-10s,60,0.1687203028106628
lan-gateway-10s,60,0.16876057018603527
lan-gateway-10s,60,0.16880083756140773
lan-gateway-10s,60,0.16884110493678023
lan-gateway-10s,60,0.1688813723121527
lan-gateway-10s,60,0.16892163968752516
lan-gateway-10s,60,0.16896190706289765
lan-gateway-10s,60,0.16900217443827012
lan-gateway-10s,60,0.16904244181364259
lan-gateway-10s,60,0.16908270918901505
lan-gateway-10s,60,0.16912297656438754
lan-gateway-10s,60,0.16916324393976
lan-gateway-10s,60,0.16920351131513248
lan-gateway-10s,60,0.16924377869050494
lan-gateway-10s,60,0.16928404606587744
lan-gateway-10s,60,0.1693243134412499
lan-gateway-10s,60,0.16936458081662237
lan-gateway-10s,60,0.16940484819199483
lan-gateway-10s,60,0.16944511556736733
lan-gateway-10s,60,0.1694853829427398
lan-gateway-10s,60,0.16952565031811226
lan-gateway-10s,60,0.16956591769348475
lan-gateway-10s,60,0.16960618506885722
lan-gateway-10s,60,0.16964645244422968
lan-gateway-10s,60,0.16968671981960215
lan-gateway-10s,60,0.16972698719497464
lan-gateway-10s,60,0.1697672545703471
lan-gateway-10s,60,0.16980752194571958
lan-gateway-10s,60,0.16984778932109204
lan-gateway-10s,60,0.16988805669646453
lan-gateway-10s,60,0.169928324071837
lan-gateway-10s,60,0.16996859144720947
lan-gateway-10s,60,0.17000885882258193
lan-gateway-10s,60,0.17004912619795443
lan-gateway-10s,60,0.1700893935733269
lan-gateway-10s,60,0.17012966094869936
lan-gateway-10s,60,0.17016992832407185
lan-gateway-10s,60,0.17021019569944432
lan-gateway-10s,60,0.17025046307481678
lan-gateway-10s,60,0.17029073045018925
lan-gateway-10s,60,0.17033099782556174
lan-gateway-10s,60,0.1703712652009342
lan-gateway-10s,60,0.17041153257630667
lan-gateway-10s,60,0.17045179995167914
lan-gateway-10s,60,0.17049206732705163
lan-gateway-10s,60,0.1705323347024241
lan-gateway-10s,60,0.17057260207779656
lan-gateway-10s,60,0.17061286945316903
lan-gateway-10s,60,0.17065313682854152
lan-gateway-10s,60,0.170693404203914
lan-gateway-10s,60,0.17073367157928646
lan-gateway-10s,60,0.17077393895465892
lan-gateway-10s,60,0.17081420633003142
lan-gateway-10s,60,0.17085447370540388
lan-gateway-10s,60,0.17089474108077635
lan-gateway-10s,60,0.17093500845614884
lan-gateway-10s,60,0.1709752758315213
lan-gateway-10s,60,0.17101554320689377
lan-gateway-10s,60,0.17105581058226624
lan-gateway-10s,60,0.17109607795763873
lan-gateway-10s,60,0.1711363453330112
lan-gateway-10s,60,0.17117661270838366
lan-gateway-10s,60,0.17121688008375613
lan-gateway-10s,60,0.17125714745912862
lan-gateway-10s,60,0.1712974148345011
lan-gateway-10s,60,0.17133768220987355
lan-gateway-10s,60,0.17137794958524602
lan-gateway-10s,60,0.1714182169606185
lan-gateway-10s,60,0.17145848433599098
lan-gateway-10s,60,0.17149875171136345
lan-gateway-10s,60,0.17153901908673594
lan-gateway-10s,60,0.1715792864621084
lan-gateway-10s,60,0.17161955383748087
lan-gateway-10s,60,0.17165982121285334
lan-gateway-10s,60,0.17170008858822583
lan-gateway-10s,60,0.1717403559635983
lan-gateway-10s,60,0.17178062333897076
lan-gateway-10s,60,0.17182089071434323
lan-gateway-10s,60,0.17186115808971572
lan-gateway-10s,60,0.1719014254650882
lan-gateway-10s,60,0.17194169284046065
lan-gateway-10s,60,0.17198196021583312
lan-gateway-10s,60,0.1720222275912056
lan-gateway-10s,60,0.17206249496657808
lan-gateway-10s,60,0.17210276234195054
lan-gateway-10s,60,0.17214302971732304
lan-gateway-10s,60,0.1721832970926955
lan-gateway-10s,60,0.17222356446806797
lan-gateway-10s,60,0.17226383184344043
lan-gateway-10s,60,0.17230409921881293
lan-gateway-10s,60,0.1723443665941854
lan-gateway-10s,60,0.17238463396955786
lan-gateway-10s,60,0.17242490134493033
lan-gateway-10s,60,0.17246516872030282
lan-gateway-10s,60,0.17250543609567529
lan-gateway-10s,60,0.17254570347104775
lan-gateway-10s,60,0.17258597084642022
lan-gateway-10s,60,0.1726262382217927
lan-gateway-10s,60,0.17266650559716518
lan-gateway-10s,60,0.17270677297253764
lan-gateway-10s,60,0.17274704034791014
lan-gateway-10s,60,0.1727873077232826
lan-gateway-10s,60,0.17282757509865507
lan-gateway-10s,60,0.17286784247402753
lan-gateway-10s,60,0.17290810984940003
lan-gateway-10s,60,0.1729483772247725
lan-gateway-10s,60,0.17298864460014496
lan-gateway-10s,60,0.17302891197551742
lan-gateway-10s,60,0.17306917935088992
lan-gateway-10s,60,0.17310944672626238
lan-gateway-10s,60,0.17314971410163485
lan-gateway-10s,60,0.17318998147700732
lan-gateway-10s,60,0.1732302488523798
lan-gateway-10s,60,0.17327051622775227
lan-gateway-10s,60,0.17331078360312474
lan-gateway-10s,60,0.17335105097849723
lan-gateway-10s,60,0.1733913183538697
lan-gateway-10s,60,0.17343158572924217
lan-gateway-10s,60,0.17347185310461463
lan-gateway-10s,60,0.17351212047998713
lan-gateway-10s,60,0.1735523878553596
lan-gateway-10s,60,0.17359265523073206
lan-gateway-10s,60,0.17363292260610452
lan-gateway-10s,60,0.17367318998147702
lan-gateway-10s,60,0.17371345735684948
lan-gateway-10s,60,0.17375372473222195
lan-gateway-10s,60,0.1737939921075944
lan-gateway-10s,60,0.1738342594829669
lan-gateway-10s,60,0.17387452685833937
lan-gateway-10s,60,0.17391479423371184
lan-gateway-10s,60,0.17395506160908433
lan-gateway-10s,60,0.1739953289844568
lan-gateway-10s,60,0.17403559635982926
lan-gateway-10s,60,0.17407586373520173
lan-gateway-10s,60,0.17411613111057422
lan-gateway-10s,60,0.1741563984859467
lan-gateway-10s,60,0.17419666586131916
lan-gateway-10s,60,0.17423693323669162
lan-gateway-10s,60,0.17427720061206411
lan-gateway-10s,60,0.17431746798743658
lan-gateway-10s,60,0.17435773536280905
lan-gateway-10s,60,0.1743980027381815
lan-gateway-10s,60,0.174438270113554
lan-gateway-10s,60,0.17447853748892647
lan-gateway-10s,60,0.17451880486429894
lan-gateway-10s,60,0.17455907223967143
lan-gateway-10s,60,0.1745993396150439
lan-gateway-10s,60,0.17463960699041636
lan-gateway-10s,60,0.17467987436578883
lan-gateway-10s,60,0.17472014174116132
lan-gateway-10s,60,0.1747604091165338
lan-gateway-10s,60,0.17480067649190625
lan-gateway-10s,60,0.17484094386727872
lan-gateway-10s,60,0.1748812112426512
lan-gateway-10s,60,0.17492147861802368
lan-gateway-10s,60,0.17496174599339614
lan-gateway-10s,60,0.1750020133687686
lan-gateway-10s,60,0.1750422807441411
lan-gateway-10s,60,0.17508254811951357
lan-gateway-10s,60,0.17512281549488604
lan-gateway-10s,60,0.17516308287025853
lan-gateway-10s,60,0.175203350245631
lan-gateway-10s,60,0.17524361762100346
lan-gateway-10s,60,0.17528388499637593
lan-gateway-10s,60,0.17532415237174842
lan-gateway-10s,60,0.1753644197471209
lan-gateway-10s,60,0.17540468712249335
lan-gateway-10s,60,0.17544495449786582
lan-gateway-10s,60,0.1754852218732383
lan-gateway-10s,60,0.17552548924861078
lan-gateway-10s,60,0.17556575662398324
lan-gateway-10s,60,0.1756060239993557
lan-gateway-10s,60,0.1756462913747282
lan-gateway-10s,60,0.17568655875010067
lan-gateway-10s,60,0.17572682612547313
lan-gateway-10s,60,0.17576709350084563
lan-gateway-10s,60,0.1758073608762181
lan-gateway-10s,60,0.17584762825159056
lan-gateway-10s,60,0.17588789562696303
lan-gateway-10s,60,0.17592816300233552
lan-gateway-10s,60,0.17596843037770799
lan-gateway-10s,60,0.17600869775308045
lan-gateway-10s,60,0.17604896512845292
lan-gateway-10s,60,0.1760892325038254
lan-gateway-10s,60,0.17612949987919788
lan-gateway-10s,60,0.17616976725457034
lan-gateway-10s,60,0.1762100346299428
lan-gateway-10s,60,0.1762503020053153
lan-gateway-10s,60,0.17629056938068777
lan-gateway-10s,60,0.17633083675606023
lan-gateway-10s,60,0.17637110413143273
lan-gateway-10s,60,0.1764113715068052
lan-gateway-10s,60,0.17645163888217766
lan-gateway-10s,60,0.17649190625755012
lan-gateway-10s,60,0.17653217363292262
lan-gateway-10s,60,0.17657244100829508
lan-gateway-10s,60,0.17661270838366755
lan-gateway-10s,60,0.17665297575904002
lan-gateway-10s,60,0.1766932431344125
lan-gateway-10s,60,0.17673351050978497
lan-gateway-10s,60,0.17677377788515744
lan-gateway-10s,60,0.1768140452605299
lan-gateway-10s,60,0.1768543126359024
lan-gateway-10s,60,0.17689458001127487
lan-gateway-10s,60,0.17693484738664733
lan-gateway-10s,60,0.17697511476201983
lan-gateway-10s,60,0.1770153821373923
lan-gateway-10s,60,0.17705564951276476
lan-gateway-10s,60,0.17709591688813722
lan-gateway-10s,60,0.17713618426350972
lan-gateway-10s,60,0.17717645163888218
lan-gateway-10s,60,0.17721671901425465
lan-gateway-10s,60,0.1772569863896271
lan-gateway-10s,60,0.1772972537649996
lan-gateway-10s,60,0.17733752114037207
lan-gateway-10s,60,0.17737778851574454
lan-gateway-10s,60,0.177418055891117
lan-gateway-10s,60,0.1774583232664895
lan-gateway-10s,60,0.17749859064186196
lan-gateway-10s,60,0.17753885801723443
lan-gateway-10s,60,0.17757912539260692
lan-gateway-10s,60,0.1776193927679794
lan-gateway-10s,60,0.17765966014335186
lan-gateway-10s,60,0.17769992751872432
lan-gateway-10s,60,0.17774019489409681
lan-gateway-10s,60,0.17778046226946928
lan-gateway-10s,60,0.17782072964484175
lan-gateway-10s,60,0.1778609970202142
lan-gateway-10s,60,0.1779012643955867
lan-gateway-10s,60,0.17794153177095917
lan-gateway-10s,60,0.17798179914633164
lan-gateway-10s,60,0.1780220665217041
lan-gateway-10s,60,0.1780623338970766
lan-gateway-10s,60,0.17810260127244906
lan-gateway-10s,60,0.17814286864782153
lan-gateway-10s,60,0.17818313602319402
lan-gateway-10s,60,0.1782234033985665
lan-gateway-10s,60,0.17826367077393895
lan-gateway-10s,60,0.17830393814931142
lan-gateway-10s,60,0.1783442055246839
lan-gateway-10s,60,0.17838447290005638
lan-gateway-10s,60,0.17842474027542884
lan-gateway-10s,60,0.1784650076508013
lan-gateway-10s,60,0.1785052750261738
lan-gateway-10s,60,0.17854554240154627
lan-gateway-10s,60,0.17858580977691874
lan-gateway-10s,60,0.1786260771522912
lan-gateway-10s,60,0.1786663445276637
lan-gateway-10s,60,0.17870661190303616
lan-gateway-10s,60,0.17874687927840863
lan-gateway-10s,60,0.1787871466537811
lan-gateway-10s,60,0.1788274140291536
lan-gateway-10s,60,0.17886768140452605
lan-gateway-10s,60,0.17890794877989852
lan-gateway-10s,60,0.178948216155271
lan-gateway-10s,60,0.17898848353064348
lan-gateway-10s,60,0.17902875090601594
lan-gateway-10s,60,0.1790690182813884
lan-gateway-10s,60,0.1791092856567609
lan-gateway-10s,60,0.17914955303213337
lan-gateway-10s,60,0.17918982040750583
lan-gateway-10s,60,0.1792300877828783
lan-gateway-10s,60,0.1792703551582508
lan-gateway-10s,60,0.17931062253362326
lan-gateway-10s,60,0.17935088990899573
lan-gateway-10s,60,0.1793911572843682
lan-gateway-10s,60,0.17943142465974068
lan-gateway-10s,60,0.17947169203511315
lan-gateway-10s,60,0.17951195941048562
lan-gateway-10s,60,0.1795522267858581
lan-gateway-10s,60,0.17959249416123058
lan-gateway-10s,60,0.17963276153660304
lan-gateway-10s,60,0.1796730289119755
lan-gateway-10s,60,0.179713296287348
lan-gateway-10s,60,0.17975356366272047
lan-gateway-10s,60,0.17979383103809293
lan-gateway-10s,60,0.1798340984134654
lan-gateway-10s,60,0.1798743657888379
lan-gateway-10s,60,0.17991463316421036
lan-gateway-10s,60,0.17995490053958282
lan-gateway-10s,60,0.1799951679149553
lan-gateway-10s,60,0.18003543529032778
lan-gateway-10s,60,0.18007570266570025
lan-gateway-10s,60,0.18011597004107271
lan-gateway-10s,60,0.1801562374164452
lan-gateway-10s,60,0.18019650479181767
lan-gateway-10s,60,0.18023677216719014
lan-gateway-10s,60,0.1802770395425626
lan-gateway-10s,60,0.1803173069179351
lan-gateway-10s,60,0.18035757429330757
lan-gateway-10s,60,0.18039784166868003
lan-gateway-10s,60,0.1804381090440525
lan-gateway-10s,60,0.180478376419425
lan-gateway-10s,60,0.18051864379479746
lan-gateway-10s,60,0.18055891117016992
lan-gateway-10s,60,0.1805991785455424
lan-gateway-10s,60,0.18063944592091488
lan-gateway-10s,60,0.18067971329628735
lan-gateway-10s,60,0.1807199806716598
lan-gateway-10s,60,0.1807602480470323
lan-gateway-10s,60,0.18080051542240477
lan-gateway-10s,60,0.18084078279777724
lan-gateway-10s,60,0.1808810501731497
lan-gateway-10s,60,0.1809213175485222
lan-gateway-10s,60,0.18096158492389466
lan-gateway-10s,60,0.18100185229926713
lan-gateway-10s,60,0.1810421196746396
lan-gateway-10s,60,0.1810823870500121
lan-gateway-10s,60,0.18112265442538455
lan-gateway-10s,60,0.18116292180075702
lan-gateway-10s,60,0.1812031891761295
lan-gateway-10s,60,0.18124345655150198
lan-gateway-10s,60,0.18128372392687445
lan-gateway-10s,60,0.1813239913022469
lan-gateway-10s,60,0.1813642586776194
lan-gateway-10s,60,0.18140452605299187
lan-gateway-10s,60,0.18144479342836434
lan-gateway-10s,60,0.1814850608037368
lan-gateway-10s,60,0.1815253281791093
lan-gateway-10s,60,0.18156559555448176
lan-gateway-10s,60,0.18160586292985423
lan-gateway-10s,60,0.1816461303052267
lan-gateway-10s,60,0.1816863976805992
lan-gateway-10s,60,0.18172666505597165
lan-gateway-10s,60,0.18176693243134412
lan-gateway-10s,60,0.18180719980671659
lan-gateway-10s,60,0.18184746718208908
lan-gateway-10s,60,0.18188773455746154
lan-gateway-10s,60,0.181928001932834
lan-gateway-10s,60,0.1819682693082065
lan-gateway-10s,60,0.18200853668357897
lan-gateway-10s,60,0.18204880405895144
lan-gateway-10s,60,0.1820890714343239
lan-gateway-10s,60,0.1821293388096964
lan-gateway-10s,60,0.18216960618506886
lan-gateway-10s,60,0.18220987356044133
lan-gateway-10s,60,0.1822501409358138
lan-gateway-10s,60,0.18229040831118629
lan-gateway-10s,60,0.18233067568655875
lan-gateway-10s,60,0.18237094306193122
lan-gateway-10s,60,0.18241121043730368
lan-gateway-10s,60,0.18245147781267618
lan-gateway-10s,60,0.18249174518804864
lan-gateway-10s,60,0.1825320125634211
lan-gateway-10s,60,0.1825722799387936
lan-gateway-10s,60,0.18261254731416607
lan-gateway-10s,60,0.18265281468953853
lan-gateway-10s,60,0.182693082064911
lan-gateway-10s,60,0.1827333494402835
lan-gateway-10s,60,0.18277361681565596
lan-gateway-10s,60,0.18281388419102843
lan-gateway-10s,60,0.1828541515664009
lan-gateway-10s,60,0.18289441894177338
lan-gateway-10s,60,0.18293468631714585
lan-gateway-10s,60,0.18297495369251832
lan-gateway-10s,60,0.18301522106789078
lan-gateway-10s,60,0.18305548844326328
lan-gateway-10s,60,0.18309575581863574
lan-gateway-10s,60,0.1831360231940082
lan-gateway-10s,60,0.1831762905693807
lan-gateway-10s,60,0.18321655794475317
lan-gateway-10s,60,0.18325682532012563
lan-gateway-10s,60,0.1832970926954981
lan-gateway-10s,60,0.1833373600708706
lan-gateway-10s,60,0.18337762744624306
lan-gateway-10s,60,0.18341789482161552
lan-gateway-10s,60,0.183458162196988
lan-gateway-10s,60,0.18349842957236048
lan-gateway-10s,60,0.18353869694773295
lan-gateway-10s,60,0.18357896432310541
lan-gateway-10s,60,0.18361923169847788
lan-gateway-10s,60,0.18365949907385037
lan-gateway-10s,60,0.18369976644922284
lan-gateway-10s,60,0.1837400338245953
lan-gateway-10s,60,0.1837803011999678
lan-gateway-10s,60,0.18382056857534027
lan-gateway-10s,60,0.18386083595071273
lan-gateway-10s,60,0.1839011033260852
lan-gateway-10s,60,0.1839413707014577
lan-gateway-10s,60,0.18398163807683016
lan-gateway-10s,60,0.18402190545220262
lan-gateway-10s,60,0.1840621728275751
lan-gateway-10s,60,0.18410244020294758
lan-gateway-10s,60,0.18414270757832005
lan-gateway-10s,60,0.1841829749536925
lan-gateway-10s,60,0.18422324232906498
lan-gateway-10s,60,0.18426350970443747
lan-gateway-10s,60,0.18430377707980994
lan-gateway-10s,60,0.1843440444551824
lan-gateway-10s,60,0.1843843118305549
lan-gateway-10s,60,0.18442457920592736
lan-gateway-10s,60,0.18446484658129983
lan-gateway-10s,60,0.1845051139566723
lan-gateway-10s,60,0.1845453813320448
lan-gateway-10s,60,0.18458564870741725
lan-gateway-10s,60,0.18462591608278972
lan-gateway-10s,60,0.1846661834581622
lan-gateway-10s,60,0.18470645083353468
lan-gateway-10s,60,0.18474671820890715
lan-gateway-10s,60,0.1847869855842796
lan-gateway-10s,60,0.18482725295965208
lan-gateway-10s,60,0.18486752033502457
lan-gateway-10s,60,0.18490778771039704
lan-gateway-10s,60,0.1849480550857695
lan-gateway-10s,60,0.184988322461142
lan-gateway-10s,60,0.18502858983651446
lan-gateway-10s,60,0.18506885721188693
lan-gateway-10s,60,0.1851091245872594
lan-gateway-10s,60,0.1851493919626319
lan-gateway-10s,60,0.18518965933800435
lan-gateway-10s,60,0.18522992671337682
lan-gateway-10s,60,0.18527019408874928
lan-gateway-10s,60,0.18531046146412178
lan-gateway-10s,60,0.18535072883949424
lan-gateway-10s,60,0.1853909962148667
lan-gateway-10s,60,0.18543126359023918
lan-gateway-10s,60,0.18547153096561167
lan-gateway-10s,60,0.18551179834098414
lan-gateway-10s,60,0.1855520657163566
lan-gateway-10s,60,0.1855923330917291
lan-gateway-10s,60,0.18563260046710156
lan-gateway-10s,60,0.18567286784247403
lan-gateway-10s,60,0.1857131352178465
lan-gateway-10s,60,0.18575340259321899
lan-gateway-10s,60,0.18579366996859145
lan-gateway-10s,60,0.18583393734396392
lan-gateway-10s,60,0.18587420471933638
lan-gateway-10s,60,0.18591447209470888
lan-gateway-10s,60,0.18595473947008134
lan-gateway-10s,60,0.1859950068454538
lan-gateway-10s,60,0.18603527422082627
lan-gateway-10s,60,0.18607554159619877
lan-gateway-10s,60,0.18611580897157123
lan-gateway-10s,60,0.1861560763469437
lan-gateway-10s,60,0.1861963437223162
lan-gateway-10s,60,0.18623661109768866
lan-gateway-10s,60,0.18627687847306112
lan-gateway-10s,60,0.1863171458484336
lan-gateway-10s,60,0.18635741322380608
lan-gateway-10s,60,0.18639768059917855
lan-gateway-10s,60,0.18643794797455102
lan-gateway-10s,60,0.18647821534992348
lan-gateway-10s,60,0.18651848272529598
lan-gateway-10s,60,0.18655875010066844
lan-gateway-10s,60,0.1865990174760409
lan-gateway-10s,60,0.18663928485141337
lan-gateway-10s,60,0.18667955222678587
lan-gateway-10s,60,0.18671981960215833
lan-gateway-10s,60,0.1867600869775308
lan-gateway-10s,60,0.18680035435290326
lan-gateway-10s,60,0.18684062172827576
lan-gateway-10s,60,0.18688088910364822
lan-gateway-10s,60,0.1869211564790207
lan-gateway-10s,60,0.18696142385439318
lan-gateway-10s,60,0.18700169122976565
lan-gateway-10s,60,0.18704195860513811
lan-gateway-10s,60,0.18708222598051058
lan-gateway-10s,60,0.18712249335588307
lan-gateway-10s,60,0.18716276073125554
lan-gateway-10s,60,0.187203028106628
lan-gateway-10s,60,0.18724329548200047
lan-gateway-10s,60,0.18728356285737296
lan-gateway-10s,60,0.18732383023274543
lan-gateway-10s,60,0.1873640976081179
lan-gateway-10s,60,0.18740436498349036
lan-gateway-10s,60,0.18744463235886286
lan-gateway-10s,60,0.18748489973423532
lan-gateway-10s,60,0.1875251671096078
lan-gateway-10s,60,0.18756543448498028
lan-gateway-10s,60,0.18760570186035275
lan-gateway-10s,60,0.1876459692357252
lan-gateway-10s,60,0.18768623661109768
lan-gateway-10s,60,0.18772650398647017
lan-gateway-10s,60,0.18776677136184264
lan-gateway-10s,60,0.1878070387372151
lan-gateway-10s,60,0.18784730611258757
lan-gateway-10s,60,0.18788757348796006
lan-gateway-10s,60,0.18792784086333253
lan-gateway-10s,60,0.187968108238705
lan-gateway-10s,60,0.18800837561407746
lan-gateway-10s,60,0.18804864298944995
lan-gateway-10s,60,0.18808891036482242
lan-gateway-10s,60,0.1881291777401949
lan-gateway-10s,60,0.18816944511556738
lan-gateway-10s,60,0.18820971249093985
lan-gateway-10s,60,0.1882499798663123
lan-gateway-10s,60,0.18829024724168478
lan-gateway-10s,60,0.18833051461705727
lan-gateway-10s,60,0.18837078199242974
lan-gateway-10s,60,0.1884110493678022
lan-gateway-10s,60,0.18845131674317467
lan-gateway-10s,60,0.18849158411854716
lan-gateway-10s,60,0.18853185149391963
lan-gateway-10s,60,0.1885721188692921
lan-gateway-10s,60,0.18861238624466456
lan-gateway-10s,60,0.18865265362003705
lan-gateway-10s,60,0.18869292099540952
lan-gateway-10s,60,0.18873318837078198
lan-gateway-10s,60,0.18877345574615448
lan-gateway-10s,60,0.18881372312152694
lan-gateway-10s,60,0.1888539904968994
lan-gateway-10s,60,0.18889425787227188
lan-gateway-10s,60,0.18893452524764437
lan-gateway-10s,60,0.18897479262301684
lan-gateway-10s,60,0.1890150599983893
lan-gateway-10s,60,0.18905532737376177
lan-gateway-10s,60,0.18909559474913426
lan-gateway-10s,60,0.18913586212450673
lan-gateway-10s,60,0.1891761294998792
lan-gateway-10s,60,0.18921639687525166
lan-gateway-10s,60,0.18925666425062415
lan-gateway-10s,60,0.18929693162599662
lan-gateway-10s,60,0.18933719900136908
lan-gateway-10s,60,0.18937746637674158
lan-gateway-10s,60,0.18941773375211404
lan-gateway-10s,60,0.1894580011274865
lan-gateway-10s,60,0.18949826850285897
lan-gateway-10s,60,0.18953853587823147
lan-gateway-10s,60,0.18957880325360393
lan-gateway-10s,60,0.1896190706289764
lan-gateway-10s,60,0.18965933800434887
lan-gateway-10s,60,0.18969960537972136
lan-gateway-10s,60,0.18973987275509382
lan-gateway-10s,60,0.1897801401304663
lan-gateway-10s,60,0.18982040750583876
lan-gateway-10s,60,0.18986067488121125
lan-gateway-10s,60,0.18990094225658372
lan-gateway-10s,60,0.18994120963195618
lan-gateway-10s,60,0.18998147700732868
lan-gateway-10s,60,0.19002174438270114
lan-gateway-10s,60,0.1900620117580736
lan-gateway-10s,60,0.19010227913344607
lan-gateway-10s,60,0.19014254650881857
lan-gateway-10s,60,0.19018281388419103
lan-gateway-10s,60,0.1902230812595635
lan-gateway-10s,60,0.19026334863493596
lan-gateway-10s,60,0.19030361601030846
lan-gateway-10s,60,0.19034388338568092
lan-gateway-10s,60,0.1903841507610534
lan-gateway-10s,60,0.19042441813642585
lan-gateway-10s,60,0.19046468551179835
lan-gateway-10s,60,0.19050495288717081
lan-gateway-10s,60,0.19054522026254328
lan-gateway-10s,60,0.19058548763791577
lan-gateway-10s,60,0.19062575501328824
lan-gateway-10s,60,0.1906660223886607
lan-gateway-10s,60,0.19070628976403317
lan-gateway-10s,60,0.19074655713940566
lan-gateway-10s,60,0.19078682451477813
lan-gateway-10s,60,0.1908270918901506
lan-gateway-10s,60,0.19086735926552306
lan-gateway-10s,60,0.19090762664089556
lan-gateway-10s,60,0.19094789401626802
lan-gateway-10s,60,0.1909881613916405
lan-gateway-10s,60,0.19102842876701295
lan-gateway-10s,60,0.19106869614238545
lan-gateway-10s,60,0.1911089635177579
lan-gateway-10s,60,0.19114923089313038
lan-gateway-10s,60,0.19118949826850287
lan-gateway-10s,60,0.19122976564387534
lan-gateway-10s,60,0.1912700330192478
lan-gateway-10s,60,0.19131030039462027
lan-gateway-10s,60,0.19135056776999276
lan-gateway-10s,60,0.19139083514536523
lan-gateway-10s,60,0.1914311025207377
lan-gateway-10s,60,0.19147136989611016
lan-gateway-10s,60,0.19151163727148265
lan-gateway-10s,60,0.19155190464685512
lan-gateway-10s,60,0.19159217202222759
lan-gateway-10s,60,0.19163243939760005
lan-gateway-10s,60,0.19167270677297255
lan-gateway-10s,60,0.191712974148345
lan-gateway-10s,60,0.19175324152371748
lan-gateway-10s,60,0.19179350889908997
lan-gateway-10s,60,0.19183377627446244
lan-gateway-10s,60,0.1918740436498349
lan-gateway-10s,60,0.19191431102520737
lan-gateway-10s,60,0.19195457840057986
lan-gateway-10s,60,0.19199484577595233
lan-gateway-10s,60,0.1920351131513248
lan-gateway-10s,60,0.19207538052669726
lan-gateway-10s,60,0.19211564790206975
lan-gateway-10s,60,0.19215591527744222
lan-gateway-10s,60,0.19219618265281468
lan-gateway-10s,60,0.19223645002818715
lan-gateway-10s,60,0.19227671740355964
lan-gateway-10s,60,0.1923169847789321
lan-gateway-10s,60,0.19235725215430458
lan-gateway-10s,60,0.19239751952967707
lan-gateway-10s,60,0.19243778690504953
lan-gateway-10s,60,0.192478054280422
lan-gateway-10s,60,0.19251832165579447
lan-gateway-10s,60,0.19255858903116696
lan-gateway-10s,60,0.19259885640653943
lan-gateway-10s,60,0.1926391237819119
lan-gateway-10s,60,0.19267939115728436
lan-gateway-10s,60,0.19271965853265685
lan-gateway-10s,60,0.19275992590802932
lan-gateway-10s,60,0.19280019328340178
lan-gateway-10s,60,0.19284046065877425
lan-gateway-10s,60,0.19288072803414674
lan-gateway-10s,60,0.1929209954095192
lan-gateway-10s,60,0.19296126278489167
lan-gateway-10s,60,0.19300153016026417
lan-gateway-10s,60,0.19304179753563663
lan-gateway-10s,60,0.1930820649110091
lan-gateway-10s,60,0.19312233228638157
lan-gateway-10s,60,0.19316259966175406
lan-gateway-10s,60,0.19320286703712652
lan-gateway-10s,60,0.193243134412499
lan-gateway-10s,60,0.19328340178787146
lan-gateway-10s,60,0.19332366916324395
lan-gateway-10s,60,0.19336393653861642
lan-gateway-10s,60,0.19340420391398888
lan-gateway-10s,60,0.19344447128936135
lan-gateway-10s,60,0.19348473866473384
lan-gateway-10s,60,0.1935250060401063
lan-gateway-10s,60,0.19356527341547877
lan-gateway-10s,60,0.19360554079085127
lan-gateway-10s,60,0.19364580816622373
lan-gateway-10s,60,0.1936860755415962
lan-gateway-10s,60,0.19372634291696866
lan-gateway-10s,60,0.19376661029234116
lan-gateway-10s,60,0.19380687766771362
lan-gateway-10s,60,0.1938471450430861
lan-gateway-10s,60,0.19388741241845855
lan-gateway-10s,60,0.19392767979383105
lan-gateway-10s,60,0.19396794716920351
lan-gateway-10s,60,0.19400821454457598
lan-gateway-10s,60,0.19404848191994845
lan-gateway-10s,60,0.19408874929532094
lan-gateway-10s,60,0.1941290166706934
lan-gateway-10s,60,0.19416928404606587
lan-gateway-10s,60,0.19420955142143836
lan-gateway-10s,60,0.19424981879681083
lan-gateway-10s,60,0.1942900861721833
lan-gateway-10s,60,0.19433035354755576
lan-gateway-10s,60,0.19437062092292826
lan-gateway-10s,60,0.19441088829830072
lan-gateway-10s,60,0.1944511556736732
lan-gateway-10s,60,0.19449142304904565
lan-gateway-10s,60,0.19453169042441815
lan-gateway-10s,60,0.1945719577997906
lan-gateway-10s,60,0.19461222517516308
lan-gateway-10s,60,0.19465249255053554
lan-gateway-10s,60,0.19469275992590804
lan-gateway-10s,60,0.1947330273012805
lan-gateway-10s,60,0.19477329467665297
lan-gateway-10s,60,0.19481356205202544
lan-gateway-10s,60,0.19485382942739793
lan-gateway-10s,60,0.1948940968027704
lan-gateway-10s,60,0.19493436417814286
lan-gateway-10s,60,0.19497463155351535
lan-gateway-10s,60,0.19501489892888782
lan-gateway-10s,60,0.19505516630426029
lan-gateway-10s,60,0.19509543367963275
lan-gateway-10s,60,0.19513570105500525
lan-gateway-10s,60,0.1951759684303777
lan-gateway-10s,60,0.19521623580575018
lan-gateway-10s,60,0.19525650318112264
lan-gateway-10s,60,0.19529677055649514
lan-gateway-10s,60,0.1953370379318676
lan-gateway-10s,60,0.19537730530724007
lan-gateway-10s,60,0.19541757268261253
lan-gateway-10s,60,0.19545784005798503
lan-gateway-10s,60,0.1954981074333575
lan-gateway-10s,60,0.19553837480872996
lan-gateway-10s,60,0.19557864218410245
lan-gateway-10s,60,0.19561890955947492
lan-gateway-10s,60,0.19565917693484738
lan-gateway-10s,60,0.19569944431021985
lan-gateway-10s,60,0.19573971168559234
lan-gateway-10s,60,0.1957799790609648
lan-gateway-10s,60,0.19582024643633728
lan-gateway-10s,60,0.19586051381170974
lan-gateway-10s,60,0.19590078118708223
lan-gateway-10s,60,0.1959410485624547
lan-gateway-10s,60,0.19598131593782717
lan-gateway-10s,60,0.19602158331319963
lan-gateway-10s,60,0.19606185068857213
lan-gateway-10s,60,0.1961021180639446
lan-gateway-10s,60,0.19614238543931706
lan-gateway-10s,60,0.19618265281468955
lan-gateway-10s,60,0.19622292019006202
lan-gateway-10s,60,0.19626318756543448
lan-gateway-10s,60,0.19630345494080695
lan-gateway-10s,60,0.19634372231617944
lan-gateway-10s,60,0.1963839896915519
lan-gateway-10s,60,0.19642425706692437
lan-gateway-10s,60,0.19646452444229684
lan-gateway-10s,60,0.19650479181766933
lan-gateway-10s,60,0.1965450591930418
lan-gateway-10s,60,0.19658532656841426
lan-gateway-10s,60,0.19662559394378673
lan-gateway-10s,60,0.19666586131915922
lan-gateway-10s,60,0.1967061286945317
lan-gateway-10s,60,0.19674639606990416
lan-gateway-10s,60,0.19678666344527665
lan-gateway-10s,60,0.19682693082064912
lan-gateway-10s,60,0.19686719819602158
lan-gateway-10s,60,0.19690746557139405
lan-gateway-10s,60,0.19694773294676654
lan-gateway-10s,60,0.196988000322139
lan-gateway-10s,60,0.19702826769751147
lan-gateway-10s,60,0.19706853507288394
lan-gateway-10s,60,0.19710880244825643
lan-gateway-10s,60,0.1971490698236289
lan-gateway-10s,60,0.19718933719900136
lan-gateway-10s,60,0.19722960457437383
lan-gateway-10s,60,0.19726987194974632
lan-gateway-10s,60,0.1973101393251188
lan-gateway-10s,60,0.19735040670049125
lan-gateway-10s,60,0.19739067407586375
lan-gateway-10s,60,0.1974309414512362
lan-gateway-10s,60,0.19747120882660868
lan-gateway-10s,60,0.19751147620198115
lan-gateway-10s,60,0.19755174357735364
lan-gateway-10s,60,0.1975920109527261
lan-gateway-10s,60,0.19763227832809857
lan-gateway-10s,60,0.19767254570347104
lan-gateway-10s,60,0.19771281307884353
lan-gateway-10s,60,0.197753080454216
lan-gateway-10s,60,0.19779334782958846
lan-gateway-10s,60,0.19783361520496093
lan-gateway-10s,60,0.19787388258033342
lan-gateway-10s,60,0.1979141499557059
lan-gateway-10s,60,0.19795441733107835
lan-gateway-10s,60,0.19799468470645085
lan-gateway-10s,60,0.1980349520818233
lan-gateway-10s,60,0.19807521945719578
lan-gateway-10s,60,0.19811548683256824
lan-gateway-10s,60,0.19815575420794074
lan-gateway-10s,60,0.1981960215833132
lan-gateway-10s,60,0.19823628895868567
lan-gateway-10s,60,0.19827655633405813
lan-gateway-10s,60,0.19831682370943063
lan-gateway-10s,60,0.1983570910848031
lan-gateway-10s,60,0.19839735846017556
lan-gateway-10s,60,0.19843762583554803
lan-gateway-10s,60,0.19847789321092052
lan-gateway-10s,60,0.19851816058629299
lan-gateway-10s,60,0.19855842796166545
lan-gateway-10s,60,0.19859869533703794
lan-gateway-10s,60,0.1986389627124104
lan-gateway-10s,60,0.19867923008778288
lan-gateway-10s,60,0.19871949746315534
lan-gateway-10s,60,0.19875976483852784
lan-gateway-10s,60,0.1988000322139003
lan-gateway-10s,60,0.19884029958927277
lan-gateway-10s,60,0.19888056696464523
lan-gateway-10s,60,0.19892083434001773
lan-gateway-10s,60,0.1989611017153902
lan-gateway-10s,60,0.19900136909076266
lan-gateway-10s,60,0.19904163646613512
lan-gateway-10s,60,0.19908190384150762
lan-gateway-10s,60,0.19912217121688008
lan-gateway-10s,60,0.19916243859225255
lan-gateway-10s,60,0.19920270596762504
lan-gateway-10s,60,0.1992429733429975
lan-gateway-10s,60,0.19928324071836997
lan-gateway-10s,60,0.19932350809374244
lan-gateway-10s,60,0.19936377546911493
lan-gateway-10s,60,0.1994040428444874
lan-gateway-10s,60,0.19944431021985987
lan-gateway-10s,60,0.19948457759523233
lan-gateway-10s,60,0.19952484497060483
lan-gateway-10s,60,0.1995651123459773
lan-gateway-10s,60,0.19960537972134976
lan-gateway-10s,60,0.19964564709672222
lan-gateway-10s,60,0.19968591447209472
lan-gateway-10s,60,0.19972618184746718
lan-gateway-10s,60,0.19976644922283965
lan-gateway-10s,60,0.19980671659821214
lan-gateway-10s,60,0.1998469839735846
lan-gateway-10s,60,0.19988725134895707
lan-gateway-10s,60,0.19992751872432954
lan-gateway-10s,60,0.19996778609970203
lan-gateway-10s,60,0.2000080534750745
lan-gateway-10s,60,0.20004832085044696
lan-gateway-10s,60,0.20008858822581943
lan-gateway-10s,60,0.20012885560119192
lan-gateway-10s,60,0.2001691229765644
lan-gateway-10s,60,0.20020939035193686
lan-gateway-10s,60,0.20024965772730932
lan-gateway-10s,60,0.20028992510268182
lan-gateway-10s,60,0.20033019247805428
lan-gateway-10s,60,0.20037045985342675
lan-gateway-10s,60,0.20041072722879924
lan-gateway-10s,60,0.2004509946041717
lan-gateway-10s,60,0.20049126197954417
lan-gateway-10s,60,0.20053152935491664
lan-gateway-10s,60,0.20057179673028913
lan-gateway-10s,60,0.2006120641056616
lan-gateway-10s,60,0.20065233148103406
lan-gateway-10s,60,0.20069259885640653
lan-gateway-10s,60,0.20073286623177902
lan-gateway-10s,60,0.2007731336071515
lan-gateway-10s,60,0.20081340098252395
lan-gateway-10s,60,0.20085366835789642
lan-gateway-10s,60,0.2008939357332689
lan-gateway-10s,60,0.20093420310864138
lan-gateway-10s,60,0.20097447048401385
lan-gateway-10s,60,0.20101473785938634
lan-gateway-10s,60,0.2010550052347588
lan-gateway-10s,60,0.20109527261013127
lan-gateway-10s,60,0.20113553998550374
lan-gateway-10s,60,0.20117580736087623
lan-gateway-10s,60,0.2012160747362487
lan-gateway-10s,60,0.20125634211162116
lan-gateway-10s,60,0.20129660948699363
lan-gateway-10s,60,0.20133687686236612
lan-gateway-10s,60,0.2013771442377386
lan-gateway-10s,60,0.20141741161311105
lan-gateway-10s,60,0.20145767898848352
lan-gateway-10s,60,0.201497946363856
lan-gateway-10s,60,0.20153821373922848
lan-gateway-10s,60,0.20157848111460094
lan-gateway-10s,60,0.20161874848997344
lan-gateway-10s,60,0.2016590158653459
lan-gateway-10s,60,0.20169928324071837
lan-gateway-10s,60,0.20173955061609083
lan-gateway-10s,60,0.20177981799146333
lan-gateway-10s,60,0.2018200853668358
lan-gateway-10s,60,0.20186035274220826
lan-gateway-10s,60,0.20190062011758073
lan-gateway-10s,60,0.20194088749295322
lan-gateway-10s,60,0.20198115486832569
lan-gateway-10s,60,0.20202142224369815
lan-gateway-10s,60,0.20206168961907062
lan-gateway-10s,60,0.2021019569944431
lan-gateway-10s,60,0.20214222436981558
lan-gateway-10s,60,0.20218249174518804
lan-gateway-10s,60,0.20222275912056054
lan-gateway-10s,60,0.202263026495933
lan-gateway-10s,60,0.20230329387130547
lan-gateway-10s,60,0.20234356124667793
lan-gateway-10s,60,0.20238382862205043
lan-gateway-10s,60,0.2024240959974229
lan-gateway-10s,60,0.20246436337279536
lan-gateway-10s,60,0.20250463074816782
lan-gateway-10s,60,0.20254489812354032
lan-gateway-10s,60,0.20258516549891278
lan-gateway-10s,60,0.20262543287428525
lan-gateway-10s,60,0.20266570024965772
lan-gateway-10s,60,0.2027059676250302
lan-gateway-10s,60,0.20274623500040267
lan-gateway-10s,60,0.20278650237577514
lan-gateway-10s,60,0.2028267697511476
lan-gateway-10s,60,0.2028670371265201
lan-gateway-10s,60,0.20290730450189257
lan-gateway-10s,60,0.20294757187726503
lan-gateway-10s,60,0.20298783925263753
lan-gateway-10s,60,0.20302810662801
lan-gateway-10s,60,0.20306837400338246
lan-gateway-10s,60,0.20310864137875492
lan-gateway-10s,60,0.20314890875412742
lan-gateway-10s,60,0.20318917612949988
lan-gateway-10s,60,0.20322944350487235
lan-gateway-10s,60,0.2032697108802448
lan-gateway-10s,60,0.2033099782556173
lan-gateway-10s,60,0.20335024563098977
lan-gateway-10s,60,0.20339051300636224
lan-gateway-10s,60,0.2034307803817347
lan-gateway-10s,60,0.2034710477571072
lan-gateway-10s,60,0.20351131513247966
lan-gateway-10s,60,0.20355158250785213
lan-gateway-10s,60,0.20359184988322462
lan-gateway-10s,60,0.2036321172585971
lan-gateway-10s,60,0.20367238463396956
lan-gateway-10s,60,0.20371265200934202
lan-gateway-10s,60,0.20375291938471451
lan-gateway-10s,60,0.20379318676008698
lan-gateway-10s,60,0.20383345413545945
lan-gateway-10s,60,0.2038737215108319
lan-gateway-10s,60,0.2039139888862044
lan-gateway-10s,60,0.20395425626157687
lan-gateway-10s,60,0.20399452363694934
lan-gateway-10s,60,0.2040347910123218
lan-gateway-10s,60,0.2040750583876943
lan-gateway-10s,60,0.20411532576306676
lan-gateway-10s,60,0.20415559313843923
lan-gateway-10s,60,0.20419586051381172
lan-gateway-10s,60,0.2042361278891842
lan-gateway-10s,60,0.20427639526455665
lan-gateway-10s,60,0.20431666263992912
lan-gateway-10s,60,0.2043569300153016
lan-gateway-10s,60,0.20439719739067408
lan-gateway-10s,60,0.20443746476604654
lan-gateway-10s,60,0.204477732141419
lan-gateway-10s,60,0.2045179995167915
lan-gateway-10s,60,0.20455826689216397
lan-gateway-10s,60,0.20459853426753644
lan-gateway-10s,60,0.2046388016429089
lan-gateway-10s,60,0.2046790690182814
lan-gateway-10s,60,0.20471933639365386
lan-gateway-10s,60,0.20475960376902633
lan-gateway-10s,60,0.20479987114439882
lan-gateway-10s,60,0.2048401385197713
lan-gateway-10s,60,0.20488040589514375
lan-gateway-10s,60,0.20492067327051622
lan-gateway-10s,60,0.2049609406458887
lan-gateway-10s,60,0.20500120802126118
lan-gateway-10s,60,0.20504147539663364
lan-gateway-10s,60,0.2050817427720061
lan-gateway-10s,60,0.2051220101473786
lan-gateway-10s,60,0.20516227752275107
lan-gateway-10s,60,0.20520254489812353
lan-gateway-10s,60,0.205242812273496
lan-gateway-10s,60,0.2052830796488685
lan-gateway-10s,60,0.20532334702424096
lan-gateway-10s,60,0.20536361439961343
lan-gateway-10s,60,0.20540388177498592
lan-gateway-10s,60,0.20544414915035838
lan-gateway-10s,60,0.20548441652573085
lan-gateway-10s,60,0.20552468390110332
lan-gateway-10s,60,0.2055649512764758
lan-gateway-10s,60,0.20560521865184828
lan-gateway-10s,60,0.20564548602722074
lan-gateway-10s,60,0.2056857534025932
lan-gateway-10s,60,0.2057260207779657
lan-gateway-10s,60,0.20576628815333817
lan-gateway-10s,60,0.20580655552871063
lan-gateway-10s,60,0.2058468229040831
lan-gateway-10s,60,0.2058870902794556
lan-gateway-10s,60,0.20592735765482806
lan-gateway-10s,60,0.20596762503020052
lan-gateway-10s,60,0.20600789240557302
lan-gateway-10s,60,0.20604815978094548
lan-gateway-10s,60,0.20608842715631795
lan-gateway-10s,60,0.20612869453169042
lan-gateway-10s,60,0.2061689619070629
lan-gateway-10s,60,0.20620922928243537
lan-gateway-10s,60,0.20624949665780784
lan-gateway-10s,60,0.2062897640331803
lan-gateway-10s,60,0.2063300314085528
lan-gateway-10s,60,0.20637029878392527
lan-gateway-10s,60,0.20641056615929773
lan-gateway-10s,60,0.2064508335346702
lan-gateway-10s,60,0.2064911009100427
lan-gateway-10s,60,0.20653136828541516
lan-gateway-10s,60,0.20657163566078762
lan-gateway-10s,60,0.20661190303616012
lan-gateway-10s,60,0.20665217041153258
lan-gateway-10s,60,0.20669243778690505
lan-gateway-10s,60,0.2067327051622775
lan-gateway-10s,60,0.20677297253765
lan-gateway-10s,60,0.20681323991302247
lan-gateway-10s,60,0.20685350728839494
lan-gateway-10s,60,0.2068937746637674
lan-gateway-10s,60,0.2069340420391399
lan-gateway-10s,60,0.20697430941451236
lan-gateway-10s,60,0.20701457678988483
lan-gateway-10s,60,0.2070548441652573
lan-gateway-10s,60,0.2070951115406298
lan-gateway-10s,60,0.20713537891600226
lan-gateway-10s,60,0.20717564629137472
lan-gateway-10s,60,0.20721591366674721
lan-gateway-10s,60,0.20725618104211968
lan-gateway-10s,60,0.20729644841749215
lan-gateway-10s,60,0.2073367157928646
lan-gateway-10s,60,0.2073769831682371
lan-gateway-10s,60,0.20741725054360957
lan-gateway-10s,60,0.20745751791898204
lan-gateway-10s,60,0.2074977852943545
lan-gateway-10s,60,0.207538052669727
lan-gateway-10s,60,0.20757832004509946
lan-gateway-10s,60,0.20761858742047193
lan-gateway-10s,60,0.2076588547958444
lan-gateway-10s,60,0.2076991221712169
lan-gateway-10s,60,0.20773938954658935
lan-gateway-10s,60,0.20777965692196182
lan-gateway-10s,60,0.2078199242973343
lan-gateway-10s,60,0.20786019167270678
lan-gateway-10s,60,0.20790045904807924
lan-gateway-10s,60,0.2079407264234517
lan-gateway-10s,60,0.2079809937988242
lan-gateway-10s,60,0.20802126117419667
lan-gateway-10s,60,0.20806152854956914
lan-gateway-10s,60,0.2081017959249416
lan-gateway-10s,60,0.2081420633003141
lan-gateway-10s,60,0.20818233067568656
lan-gateway-10s,60,0.20822259805105903
lan-gateway-10s,60,0.2082628654264315
lan-gateway-10s,60,0.208303132801804
lan-gateway-10s,60,0.20834340017717645
lan-gateway-10s,60,0.20838366755254892
lan-gateway-10s,60,0.2084239349279214
lan-gateway-10s,60,0.20846420230329388
lan-gateway-10s,60,0.20850446967866634
lan-gateway-10s,60,0.2085447370540388
lan-gateway-10s,60,0.2085850044294113
lan-gateway-10s,60,0.20862527180478377
lan-gateway-10s,60,0.20866553918015623
lan-gateway-10s,60,0.2087058065555287
lan-gateway-10s,60,0.2087460739309012
lan-gateway-10s,60,0.20878634130627366
lan-gateway-10s,60,0.20882660868164613
lan-gateway-10s,60,0.2088668760570186
lan-gateway-10s,60,0.20890714343239108
lan-gateway-10s,60,0.20894741080776355
lan-gateway-10s,60,0.20898767818313602
lan-gateway-10s,60,0.2090279455585085
lan-gateway-10s,60,0.20906821293388098
lan-gateway-10s,60,0.20910848030925344
lan-gateway-10s,60,0.2091487476846259
lan-gateway-10s,60,0.2091890150599984
lan-gateway-10s,60,0.20922928243537087
lan-gateway-10s,60,0.20926954981074333
lan-gateway-10s,60,0.2093098171861158
lan-gateway-10s,60,0.2093500845614883
lan-gateway-10s,60,0.20939035193686076
lan-gateway-10s,60,0.20943061931223322
lan-gateway-10s,60,0.2094708866876057
lan-gateway-10s,60,0.20951115406297818
lan-gateway-10s,60,0.20955142143835065
lan-gateway-10s,60,0.20959168881372311
lan-gateway-10s,60,0.2096319561890956
lan-gateway-10s,60,0.20967222356446807
lan-gateway-10s,60,0.20971249093984054
lan-gateway-10s,60,0.209752758315213
lan-gateway-10s,60,0.2097930256905855
lan-gateway-10s,60,0.20983329306595797
lan-gateway-10s,60,0.20987356044133043
lan-gateway-10s,60,0.2099138278167029
lan-gateway-10s,60,0.2099540951920754
lan-gateway-10s,60,0.20999436256744786
lan-gateway-10s,60,0.21003462994282032
lan-gateway-10s,60,0.2100748973181928
lan-gateway-10s,60,0.21011516469356528
lan-gateway-10s,60,0.21015543206893775
lan-gateway-10s,60,0.2101956994443102
lan-gateway-10s,60,0.2102359668196827
lan-gateway-10s,60,0.21027623419505517
lan-gateway-10s,60,0.21031650157042764
lan-gateway-10s,60,0.2103567689458001
lan-gateway-10s,60,0.2103970363211726
lan-gateway-10s,60,0.21043730369654506
lan-gateway-10s,60,0.21047757107191753
lan-gateway-10s,60,0.21051783844729
lan-gateway-10s,60,0.2105581058226625
lan-gateway-10s,60,0.21059837319803495
lan-gateway-10s,60,0.21063864057340742
lan-gateway-10s,60,0.2106789079487799
lan-gateway-10s,60,0.21071917532415238
lan-gateway-10s,60,0.21075944269952485
lan-gateway-10s,60,0.2107997100748973
lan-gateway-10s,60,0.21083997745026978
lan-gateway-10s,60,0.21088024482564227
lan-gateway-10s,60,0.21092051220101474
lan-gateway-10s,60,0.2109607795763872
lan-gateway-10s,60,0.2110010469517597
lan-gateway-10s,60,0.21104131432713216
lan-gateway-10s,60,0.21108158170250463
lan-gateway-10s,60,0.2111218490778771
lan-gateway-10s,60,0.2111621164532496
lan-gateway-10s,60,0.21120238382862205
lan-gateway-10s,60,0.21124265120399452
lan-gateway-10s,60,0.21128291857936699
lan-gateway-10s,60,0.21132318595473948
lan-gateway-10s,60,0.21136345333011194
lan-gateway-10s,60,0.2114037207054844
lan-gateway-10s,60,0.21144398808085688
lan-gateway-10s,60,0.21148425545622937
lan-gateway-10s,60,0.21152452283160184
lan-gateway-10s,60,0.2115647902069743
lan-gateway-10s,60,0.2116050575823468
lan-gateway-10s,60,0.21164532495771926
lan-gateway-10s,60,0.21168559233309173
lan-gateway-10s,60,0.2117258597084642
lan-gateway-10s,60,0.21176612708383669
lan-gateway-10s,60,0.21180639445920915
lan-gateway-10s,60,0.21184666183458162
lan-gateway-10s,60,0.21188692920995408
lan-gateway-10s,60,0.21192719658532658
lan-gateway-10s,60,0.21196746396069904
lan-gateway-10s,60,0.2120077313360715
lan-gateway-10s,60,0.21204799871144397
lan-gateway-10s,60,0.21208826608681647
lan-gateway-10s,60,0.21212853346218893
lan-gateway-10s,60,0.2121688008375614
lan-gateway-10s,60,0.2122090682129339
lan-gateway-10s,60,0.21224933558830636
lan-gateway-10s,60,0.21228960296367883
lan-gateway-10s,60,0.2123298703390513
lan-gateway-10s,60,0.21237013771442378
lan-gateway-10s,60,0.21241040508979625
lan-gateway-10s,60,0.21245067246516872
lan-gateway-10s,60,0.21249093984054118
lan-gateway-10s,60,0.21253120721591368
lan-gateway-10s,60,0.21257147459128614
lan-gateway-10s,60,0.2126117419666586
lan-gateway-10s,60,0.21265200934203107
lan-gateway-10s,60,0.21269227671740357
lan-gateway-10s,60,0.21273254409277603
lan-gateway-10s,60,0.2127728114681485
lan-gateway-10s,60,0.212813078843521
lan-gateway-10s,60,0.21285334621889346
lan-gateway-10s,60,0.21289361359426592
lan-gateway-10s,60,0.2129338809696384
lan-gateway-10s,60,0.21297414834501088
lan-gateway-10s,60,0.21301441572038335
lan-gateway-10s,60,0.21305468309575581
lan-gateway-10s,60,0.21309495047112828
lan-gateway-10s,60,0.21313521784650077
lan-gateway-10s,60,0.21317548522187324
lan-gateway-10s,60,0.2132157525972457
lan-gateway-10s,60,0.21325601997261817
lan-gateway-10s,60,0.21329628734799067
lan-gateway-10s,60,0.21333655472336313
lan-gateway-10s,60,0.2133768220987356
lan-gateway-10s,60,0.2134170894741081
lan-gateway-10s,60,0.21345735684948056
lan-gateway-10s,60,0.21349762422485302
lan-gateway-10s,60,0.2135378916002255
lan-gateway-10s,60,0.21357815897559798
lan-gateway-10s,60,0.21361842635097045
lan-gateway-10s,60,0.2136586937263429
lan-gateway-10s,60,0.21369896110171538
lan-gateway-10s,60,0.21373922847708787
lan-gateway-10s,60,0.21377949585246034
lan-gateway-10s,60,0.2138197632278328
lan-gateway-10s,60,0.21386003060320527
lan-gateway-10s,60,0.21390029797857776
lan-gateway-10s,60,0.21394056535395023
lan-gateway-10s,60,0.2139808327293227
lan-gateway-10s,60,0.2140211001046952
lan-gateway-10s,60,0.21406136748006765
lan-gateway-10s,60,0.21410163485544012
lan-gateway-10s,60,0.2141419022308126
lan-gateway-10s,60,0.21418216960618508
lan-gateway-10s,60,0.21422243698155755
lan-gateway-10s,60,0.21426270435693
lan-gateway-10s,60,0.21430297173230248
lan-gateway-10s,60,0.21434323910767497
lan-gateway-10s,60,0.21438350648304744
lan-gateway-10s,60,0.2144237738584199
lan-gateway-10s,60,0.21446404123379237
lan-gateway-10s,60,0.21450430860916486
lan-gateway-10s,60,0.21454457598453733
lan-gateway-10s,60,0.2145848433599098
lan-gateway-10s,60,0.2146251107352823
lan-gateway-10s,60,0.21466537811065475
lan-gateway-10s,60,0.21470564548602722
lan-gateway-10s,60,0.21474591286139968
lan-gateway-10s,60,0.21478618023677218
lan-gateway-10s,60,0.21482644761214464
lan-gateway-10s,60,0.2148667149875171
lan-gateway-10s,60,0.21490698236288958
lan-gateway-10s,60,0.21494724973826207
lan-gateway-10s,60,0.21498751711363454
lan-gateway-10s,60,0.215027784489007
lan-gateway-10s,60,0.21506805186437947
lan-gateway-10s,60,0.21510831923975196
lan-gateway-10s,60,0.21514858661512443
lan-gateway-10s,60,0.2151888539904969
lan-gateway-10s,60,0.21522912136586939
lan-gateway-10s,60,0.21526938874124185
lan-gateway-10s,60,0.21530965611661432
lan-gateway-10s,60,0.21534992349198678
lan-gateway-10s,60,0.21539019086735928
lan-gateway-10s,60,0.21543045824273174
lan-gateway-10s,60,0.2154707256181042
lan-gateway-10s,60,0.21551099299347667
lan-gateway-10s,60,0.21555126036884917
lan-gateway-10s,60,0.21559152774422163
lan-gateway-10s,60,0.2156317951195941
lan-gateway-10s,60,0.21567206249496657
lan-gateway-10s,60,0.21571232987033906
lan-gateway-10s,60,0.21575259724571152
lan-gateway-10s,60,0.215792864621084
lan-gateway-10s,60,0.21583313199645648
lan-gateway-10s,60,0.21587339937182895
lan-gateway-10s,60,0.21591366674720142
lan-gateway-10s,60,0.21595393412257388
lan-gateway-10s,60,0.21599420149794638
lan-gateway-10s,60,0.21603446887331884
lan-gateway-10s,60,0.2160747362486913
lan-gateway-10s,60,0.21611500362406377
lan-gateway-10s,60,0.21615527099943627
lan-gateway-10s,60,0.21619553837480873
lan-gateway-10s,60,0.2162358057501812
lan-gateway-10s,60,0.21627607312555366
lan-gateway-10s,60,0.21631634050092616
lan-gateway-10s,60,0.21635660787629862
lan-gateway-10s,60,0.2163968752516711
lan-gateway-10s,60,0.21643714262704358
lan-gateway-10s,60,0.21647741000241605
lan-gateway-10s,60,0.21651767737778851
lan-gateway-10s,60,0.21655794475316098
lan-gateway-10s,60,0.21659821212853347
lan-gateway-10s,60,0.21663847950390594
lan-gateway-10s,60,0.2166787468792784
lan-gateway-10s,60,0.21671901425465087
lan-gateway-10s,60,0.21675928163002336
lan-gateway-10s,60,0.21679954900539583
lan-gateway-10s,60,0.2168398163807683
lan-gateway-10s,60,0.21688008375614076
lan-gateway-10s,60,0.21692035113151326
lan-gateway-10s,60,0.21696061850688572
lan-gateway-10s,60,0.2170008858822582
lan-gateway-10s,60,0.21704115325763068
lan-gateway-10s,60,0.21708142063300315
lan-gateway-10s,60,0.2171216880083756
lan-gateway-10s,60,0.21716195538374808
lan-gateway-10s,60,0.21720222275912057
lan-gateway-10s,60,0.21724249013449304
lan-gateway-10s,60,0.2172827575098655
lan-gateway-10s,60,0.21732302488523797
lan-gateway-10s,60,0.21736329226061046
lan-gateway-10s,60,0.21740355963598293
lan-gateway-10s,60,0.2174438270113554
lan-gateway-10s,60,0.21748409438672786
lan-gateway-10s,60,0.21752436176210035
lan-gateway-10s,60,0.21756462913747282
lan-gateway-10s,60,0.21760489651284529
lan-gateway-10s,60,0.21764516388821778
lan-gateway-10s,60,0.21768543126359025
lan-gateway-10s,60,0.2177256986389627
lan-gateway-10s,60,0.21776596601433518
lan-gateway-10s,60,0.21780623338970767
lan-gateway-10s,60,0.21784650076508014
lan-gateway-10s,60,0.2178867681404526
lan-gateway-10s,60,0.21792703551582507
lan-gateway-10s,60,0.21796730289119756
lan-gateway-10s,60,0.21800757026657003
lan-gateway-10s,60,0.2180478376419425
lan-gateway-10s,60,0.21808810501731496
lan-gateway-10s,60,0.21812837239268745
lan-gateway-10s,60,0.21816863976805992
lan-gateway-10s,60,0.21820890714343238
lan-gateway-10s,60,0.21824917451880488
lan-gateway-10s,60,0.21828944189417734
lan-gateway-10s,60,0.2183297092695498
lan-gateway-10s,60,0.21836997664492228
lan-gateway-10s,60,0.21841024402029477
lan-gateway-10s,60,0.21845051139566724
lan-gateway-10s,60,0.2184907787710397
lan-gateway-10s,60,0.21853104614641217
lan-gateway-10s,60,0.21857131352178466
lan-gateway-10s,60,0.21861158089715713
lan-gateway-10s,60,0.2186518482725296
lan-gateway-10s,60,0.21869211564790206
lan-gateway-10s,60,0.21873238302327455
lan-gateway-10s,60,0.21877265039864702
lan-gateway-10s,60,0.21881291777401948
lan-gateway-10s,60,0.21885318514939195
lan-gateway-10s,60,0.21889345252476444
lan-gateway-10s,60,0.2189337199001369
lan-gateway-10s,60,0.21897398727550937
lan-gateway-10s,60,0.21901425465088187
lan-gateway-10s,60,0.21905452202625433
lan-gateway-10s,60,0.2190947894016268
lan-gateway-10s,60,0.21913505677699927
lan-gateway-10s,60,0.21917532415237176
lan-gateway-10s,60,0.21921559152774422
lan-gateway-10s,60,0.2192558589031167
lan-gateway-10s,60,0.21929612627848916
lan-gateway-10s,60,0.21933639365386165
lan-gateway-10s,60,0.21937666102923412
lan-gateway-10s,60,0.21941692840460658
lan-gateway-10s,60,0.21945719577997905
lan-gateway-10s,60,0.21949746315535154
lan-gateway-10s,60,0.219537730530724
lan-gateway-10s,60,0.21957799790609647
lan-gateway-10s,60,0.21961826528146897
lan-gateway-10s,60,0.21965853265684143
lan-gateway-10s,60,0.2196988000322139
lan-gateway-10s,60,0.21973906740758636
lan-gateway-10s,60,0.21977933478295886
lan-gateway-10s,60,0.21981960215833132
lan-gateway-10s,60,0.2198598695337038
lan-gateway-10s,60,0.21990013690907625
lan-gateway-10s,60,0.21994040428444875
lan-gateway-10s,60,0.21998067165982121
lan-gateway-10s,60,0.22002093903519368
lan-gateway-10s,60,0.22006120641056615
lan-gateway-10s,60,0.22010147378593864
lan-gateway-10s,60,0.2201417411613111
lan-gateway-10s,60,0.22018200853668357
lan-gateway-10s,60,0.22022227591205606
lan-gateway-10s,60,0.22026254328742853
lan-gateway-10s,60,0.220302810662801
lan-gateway-10s,60,0.22034307803817346
lan-gateway-10s,60,0.22038334541354596
lan-gateway-10s,60,0.22042361278891842
lan-gateway-10s,60,0.2204638801642909
lan-gateway-10s,60,0.22050414753966335
lan-gateway-10s,60,0.22054441491503585
lan-gateway-10s,60,0.2205846822904083
lan-gateway-10s,60,0.22062494966578078
lan-gateway-10s,60,0.22066521704115324
lan-gateway-10s,60,0.22070548441652574
lan-gateway-10s,60,0.2207457517918982
lan-gateway-10s,60,0.22078601916727067
lan-gateway-10s,60,0.22082628654264316
lan-gateway-10s,60,0.22086655391801563
lan-gateway-10s,60,0.2209068212933881
lan-gateway-10s,60,0.22094708866876056
lan-gateway-10s,60,0.22098735604413305
lan-gateway-10s,60,0.22102762341950552
lan-gateway-10s,60,0.22106789079487799
lan-gateway-10s,60,0.22110815817025045
lan-gateway-10s,60,0.22114842554562295
lan-gateway-10s,60,0.2211886929209954
lan-gateway-10s,60,0.22122896029636788
lan-gateway-10s,60,0.22126922767174034
lan-gateway-10s,60,0.22130949504711284
lan-gateway-10s,60,0.2213497624224853
lan-gateway-10s,60,0.22139002979785777
lan-gateway-10s,60,0.22143029717323026
lan-gateway-10s,60,0.22147056454860273
lan-gateway-10s,60,0.2215108319239752
lan-gateway-10s,60,0.22155109929934766
lan-gateway-10s,60,0.22159136667472015
lan-gateway-10s,60,0.22163163405009262
lan-gateway-10s,60,0.22167190142546508
lan-gateway-10s,60,0.22171216880083755
lan-gateway-10s,60,0.22175243617621004
lan-gateway-10s,60,0.2217927035515825
lan-gateway-10s,60,0.22183297092695498
lan-gateway-10s,60,0.22187323830232744
lan-gateway-10s,60,0.22191350567769993
lan-gateway-10s,60,0.2219537730530724
lan-gateway-10s,60,0.22199404042844487
lan-gateway-10s,60,0.22203430780381736
lan-gateway-10s,60,0.22207457517918983
lan-gateway-10s,60,0.2221148425545623
lan-gateway-10s,60,0.22215510992993476
lan-gateway-10s,60,0.22219537730530725
lan-gateway-10s,60,0.22223564468067972
lan-gateway-10s,60,0.22227591205605218
lan-gateway-10s,60,0.22231617943142465
lan-gateway-10s,60,0.22235644680679714
lan-gateway-10s,60,0.2223967141821696
lan-gateway-10s,60,0.22243698155754207
lan-gateway-10s,60,0.22247724893291454
lan-gateway-10s,60,0.22251751630828703
lan-gateway-10s,60,0.2225577836836595
lan-gateway-10s,60,0.22259805105903196
lan-gateway-10s,60,0.22263831843440446
lan-gateway-10s,60,0.22267858580977692
lan-gateway-10s,60,0.2227188531851494
lan-gateway-10s,60,0.22275912056052186
lan-gateway-10s,60,0.22279938793589435
lan-gateway-10s,60,0.22283965531126682
lan-gateway-10s,60,0.22287992268663928
lan-gateway-10s,60,0.22292019006201175
lan-gateway-10s,60,0.22296045743738424
lan-gateway-10s,60,0.2230007248127567
lan-gateway-10s,60,0.22304099218812917
lan-gateway-10s,60,0.22308125956350164
lan-gateway-10s,60,0.22312152693887413
lan-gateway-10s,60,0.2231617943142466
lan-gateway-10s,60,0.22320206168961906
lan-gateway-10s,60,0.22324232906499156
lan-gateway-10s,60,0.22328259644036402
lan-gateway-10s,60,0.2233228638157365
lan-gateway-10s,60,0.22336313119110895
lan-gateway-10s,60,0.22340339856648145
lan-gateway-10s,60,0.22344366594185391
lan-gateway-10s,60,0.22348393331722638
lan-gateway-10s,60,0.22352420069259885
lan-gateway-10s,60,0.22356446806797134
lan-gateway-10s,60,0.2236047354433438
lan-gateway-10s,60,0.22364500281871627
lan-gateway-10s,60,0.22368527019408874
lan-gateway-10s,60,0.22372553756946123
lan-gateway-10s,60,0.2237658049448337
lan-gateway-10s,60,0.22380607232020616
lan-gateway-10s,60,0.22384633969557866
lan-gateway-10s,60,0.22388660707095112
lan-gateway-10s,60,0.2239268744463236
lan-gateway-10s,60,0.22396714182169605
lan-gateway-10s,60,0.22400740919706855
lan-gateway-10s,60,0.224047676572441
lan-gateway-10s,60,0.22408794394781348
lan-gateway-10s,60,0.22412821132318594
lan-gateway-10s,60,0.22416847869855844
lan-gateway-10s,60,0.2242087460739309
lan-gateway-10s,60,0.22424901344930337
lan-gateway-10s,60,0.22428928082467584
lan-gateway-10s,60,0.22432954820004833
lan-gateway-10s,60,0.2243698155754208
lan-gateway-10s,60,0.22441008295079326
lan-gateway-10s,60,0.22445035032616575
lan-gateway-10s,60,0.22449061770153822
lan-gateway-10s,60,0.22453088507691069
lan-gateway-10s,60,0.22457115245228315
lan-gateway-10s,60,0.22461141982765565
lan-gateway-10s,60,0.2246516872030281
lan-gateway-10s,60,0.22469195457840058
lan-gateway-10s,60,0.22473222195377304
lan-gateway-10s,60,0.22477248932914554
lan-gateway-10s,60,0.224812756704518
lan-gateway-10s,60,0.22485302407989047
lan-gateway-10s,60,0.22489329145526293
lan-gateway-10s,60,0.22493355883063543
lan-gateway-10s,60,0.2249738262060079
lan-gateway-10s,60,0.22501409358138036
lan-gateway-10s,60,0.22505436095675285
lan-gateway-10s,60,0.22509462833212532
lan-gateway-10s,60,0.22513489570749778
lan-gateway-10s,60,0.22517516308287025
lan-gateway-10s,60,0.22521543045824274
lan-gateway-10s,60,0.2252556978336152
lan-gateway-10s,60,0.22529596520898768
lan-gateway-10s,60,0.22533623258436014
lan-gateway-10s,60,0.22537649995973263
lan-gateway-10s,60,0.2254167673351051
lan-gateway-10s,60,0.22545703471047757
lan-gateway-10s,60,0.22549730208585003
lan-gateway-10s,60,0.22553756946122253
lan-gateway-10s,60,0.225577836836595
lan-gateway-10s,60,0.22561810421196746
lan-gateway-10s,60,0.22565837158733995
lan-gateway-10s,60,0.22569863896271242
lan-gateway-10s,60,0.22573890633808488
lan-gateway-10s,60,0.22577917371345735
lan-gateway-10s,60,0.22581944108882984
lan-gateway-10s,60,0.2258597084642023
lan-gateway-10s,60,0.22589997583957477
lan-gateway-10s,60,0.22594024321494724
lan-gateway-10s,60,0.22598051059031973
lan-gateway-10s,60,0.2260207779656922
lan-gateway-10s,60,0.22606104534106466
lan-gateway-10s,60,0.22610131271643713
lan-gateway-10s,60,0.22614158009180962
lan-gateway-10s,60,0.2261818474671821
lan-gateway-10s,60,0.22622211484255456
lan-gateway-10s,60,0.22626238221792702
lan-gateway-10s,60,0.22630264959329952
lan-gateway-10s,60,0.22634291696867198
lan-gateway-10s,60,0.22638318434404445
lan-gateway-10s,60,0.22642345171941694
lan-gateway-10s,60,0.2264637190947894
lan-gateway-10s,60,0.22650398647016187
lan-gateway-10s,60,0.22654425384553434
lan-gateway-10s,60,0.22658452122090683
lan-gateway-10s,60,0.2266247885962793
lan-gateway-10s,60,0.22666505597165176
lan-gateway-10s,60,0.22670532334702423
lan-gateway-10s,60,0.22674559072239672
lan-gateway-10s,60,0.2267858580977692
lan-gateway-10s,60,0.22682612547314165
lan-gateway-10s,60,0.22686639284851412
lan-gateway-10s,60,0.2269066602238866
lan-gateway-10s,60,0.22694692759925908
lan-gateway-10s,60,0.22698719497463155
lan-gateway-10s,60,0.22702746235000404
lan-gateway-10s,60,0.2270677297253765
lan-gateway-10s,60,0.22710799710074897
lan-gateway-10s,60,0.22714826447612144
lan-gateway-10s,60,0.22718853185149393
lan-gateway-10s,60,0.2272287992268664
lan-gateway-10s,60,0.22726906660223886
lan-gateway-10s,60,0.22730933397761133
lan-gateway-10s,60,0.22734960135298382
lan-gateway-10s,60,0.2273898687283563
lan-gateway-10s,60,0.22743013610372875
lan-gateway-10s,60,0.22747040347910122
lan-gateway-10s,60,0.2275106708544737
lan-gateway-10s,60,0.22755093822984618
lan-gateway-10s,60,0.22759120560521864
lan-gateway-10s,60,0.22763147298059114
lan-gateway-10s,60,0.2276717403559636
lan-gateway-10s,60,0.22771200773133607
lan-gateway-10s,60,0.22775227510670853
lan-gateway-10s,60,0.22779254248208103
lan-gateway-10s,60,0.2278328098574535
lan-gateway-10s,60,0.22787307723282596
lan-gateway-10s,60,0.22791334460819843
lan-gateway-10s,60,0.22795361198357092
lan-gateway-10s,60,0.22799387935894339
lan-gateway-10s,60,0.22803414673431585
lan-gateway-10s,60,0.22807441410968832
lan-gateway-10s,60,0.2281146814850608
lan-gateway-10s,60,0.22815494886043328
lan-gateway-10s,60,0.22819521623580574
lan-gateway-10s,60,0.22823548361117824
lan-gateway-10s,60,0.2282757509865507
lan-gateway-10s,60,0.22831601836192317
lan-gateway-10s,60,0.22835628573729563
lan-gateway-10s,60,0.22839655311266813
lan-gateway-10s,60,0.2284368204880406
lan-gateway-10s,60,0.22847708786341306
lan-gateway-10s,60,0.22851735523878552
lan-gateway-10s,60,0.22855762261415802
lan-gateway-10s,60,0.22859788998953048
lan-gateway-10s,60,0.22863815736490295
lan-gateway-10s,60,0.22867842474027542
lan-gateway-10s,60,0.2287186921156479
lan-gateway-10s,60,0.22875895949102037
lan-gateway-10s,60,0.22879922686639284
lan-gateway-10s,60,0.22883949424176533
lan-gateway-10s,60,0.2288797616171378
lan-gateway-10s,60,0.22892002899251027
lan-gateway-10s,60,0.22896029636788273
lan-gateway-10s,60,0.22900056374325523
lan-gateway-10s,60,0.2290408311186277
lan-gateway-10s,60,0.22908109849400016
lan-gateway-10s,60,0.22912136586937262
lan-gateway-10s,60,0.22916163324474512
lan-gateway-10s,60,0.22920190062011758
lan-gateway-10s,60,0.22924216799549005
lan-gateway-10s,60,0.22928243537086251
lan-gateway-10s,60,0.229322702746235
lan-gateway-10s,60,0.22936297012160747
lan-gateway-10s,60,0.22940323749697994
lan-gateway-10s,60,0.22944350487235243
lan-gateway-10s,60,0.2294837722477249
lan-gateway-10s,60,0.22952403962309736
lan-gateway-10s,60,0.22956430699846983
lan-gateway-10s,60,0.22960457437384232
lan-gateway-10s,60,0.2296448417492148
lan-gateway-10s,60,0.22968510912458726
lan-gateway-10s,60,0.22972537649995972
lan-gateway-10s,60,0.22976564387533222
lan-gateway-10s,60,0.22980591125070468
lan-gateway-10s,60,0.22984617862607715
lan-gateway-10s,60,0.2298864460014496
lan-gateway-10s,60,0.2299267133768221
lan-gateway-10s,60,0.22996698075219457
lan-gateway-10s,60,0.23000724812756704
lan-gateway-10s,60,0.23004751550293953
lan-gateway-10s,60,0.230087782878312
lan-gateway-10s,60,0.23012805025368446
lan-gateway-10s,60,0.23016831762905693
lan-gateway-10s,60,0.23020858500442942
lan-gateway-10s,60,0.2302488523798019
lan-gateway-10s,60,0.23028911975517435
lan-gateway-10s,60,0.23032938713054682
lan-gateway-10s,60,0.2303696545059193
lan-gateway-10s,60,0.23040992188129178
lan-gateway-10s,60,0.23045018925666425
lan-gateway-10s,60,0.2304904566320367
lan-gateway-10s,60,0.2305307240074092
lan-gateway-10s,60,0.23057099138278167
lan-gateway-10s,60,0.23061125875815414
lan-gateway-10s,60,0.23065152613352663
lan-gateway-10s,60,0.2306917935088991
lan-gateway-10s,60,0.23073206088427156
lan-gateway-10s,60,0.23077232825964403
lan-gateway-10s,60,0.23081259563501652
lan-gateway-10s,60,0.230852863010389
lan-gateway-10s,60,0.23089313038576145
lan-gateway-10s,60,0.23093339776113392
lan-gateway-10s,60,0.2309736651365064
lan-gateway-10s,60,0.23101393251187888
lan-gateway-10s,60,0.23105419988725134
lan-gateway-10s,60,0.2310944672626238
lan-gateway-10s,60,0.2311347346379963
lan-gateway-10s,60,0.23117500201336877
lan-gateway-10s,60,0.23121526938874123
lan-gateway-10s,60,0.23125553676411373
lan-gateway-10s,60,0.2312958041394862
lan-gateway-10s,60,0.23133607151485866
lan-gateway-10s,60,0.23137633889023113
lan-gateway-10s,60,0.23141660626560362
lan-gateway-10s,60,0.23145687364097609
lan-gateway-10s,60,0.23149714101634855
lan-gateway-10s,60,0.23153740839172102
lan-gateway-10s,60,0.2315776757670935
lan-gateway-10s,60,0.23161794314246598
lan-gateway-10s,60,0.23165821051783844
lan-gateway-10s,60,0.2316984778932109
lan-gateway-10s,60,0.2317387452685834
lan-gateway-10s,60,0.23177901264395587
lan-gateway-10s,60,0.23181928001932833
lan-gateway-10s,60,0.23185954739470083
lan-gateway-10s,60,0.2318998147700733
lan-gateway-10s,60,0.23194008214544576
lan-gateway-10s,60,0.23198034952081822
lan-gateway-10s,60,0.23202061689619072
lan-gateway-10s,60,0.23206088427156318
lan-gateway-10s,60,0.23210115164693565
lan-gateway-10s,60,0.23214141902230812
lan-gateway-10s,60,0.2321816863976806
lan-gateway-10s,60,0.23222195377305307
lan-gateway-10s,60,0.23226222114842554
lan-gateway-10s,60,0.232302488523798
lan-gateway-10s,60,0.2323427558991705
lan-gateway-10s,60,0.23238302327454297
lan-gateway-10s,60,0.23242329064991543
lan-gateway-10s,60,0.23246355802528793
lan-gateway-10s,60,0.2325038254006604
lan-gateway-10s,60,0.23254409277603286
lan-gateway-10s,60,0.23258436015140532
lan-gateway-10s,60,0.23262462752677782
lan-gateway-10s,60,0.23266489490215028
lan-gateway-10s,60,0.23270516227752275
lan-gateway-10s,60,0.2327454296528952
lan-gateway-10s,60,0.2327856970282677
lan-gateway-10s,60,0.23282596440364017
lan-gateway-10s,60,0.23286623177901264
lan-gateway-10s,60,0.2329064991543851
lan-gateway-10s,60,0.2329467665297576
lan-gateway-10s,60,0.23298703390513006
lan-gateway-10s,60,0.23302730128050253
lan-gateway-10s,60,0.23306756865587502
lan-gateway-10s,60,0.2331078360312475
lan-gateway-10s,60,0.23314810340661996
lan-gateway-10s,60,0.23318837078199242
lan-gateway-10s,60,0.23322863815736491
lan-gateway-10s,60,0.23326890553273738
lan-gateway-10s,60,0.23330917290810985
lan-gateway-10s,60,0.2333494402834823
lan-gateway-10s,60,0.2333897076588548
lan-gateway-10s,60,0.23342997503422727
lan-gateway-10s,60,0.23347024240959974
lan-gateway-10s,60,0.2335105097849722
lan-gateway-10s,60,0.2335507771603447
lan-gateway-10s,60,0.23359104453571716
lan-gateway-10s,60,0.23363131191108963
lan-gateway-10s,60,0.23367157928646212
lan-gateway-10s,60,0.2337118466618346
lan-gateway-10s,60,0.23375211403720705
lan-gateway-10s,60,0.23379238141257952
lan-gateway-10s,60,0.233832648787952
lan-gateway-10s,60,0.23387291616332448
lan-gateway-10s,60,0.23391318353869694
lan-gateway-10s,60,0.2339534509140694
lan-gateway-10s,60,0.2339937182894419
lan-gateway-10s,60,0.23403398566481437
lan-gateway-10s,60,0.23407425304018684
lan-gateway-10s,60,0.2341145204155593
lan-gateway-10s,60,0.2341547877909318
lan-gateway-10s,60,0.23419505516630426
lan-gateway-10s,60,0.23423532254167673
lan-gateway-10s,60,0.2342755899170492
lan-gateway-10s,60,0.2343158572924217
lan-gateway-10s,60,0.23435612466779415
lan-gateway-10s,60,0.23439639204316662
lan-gateway-10s,60,0.2344366594185391
lan-gateway-10s,60,0.23447692679391158
lan-gateway-10s,60,0.23451719416928404
lan-gateway-10s,60,0.2345574615446565
lan-gateway-10s,60,0.234597728920029
lan-gateway-10s,60,0.23463799629540147
lan-gateway-10s,60,0.23467826367077393
lan-gateway-10s,60,0.2347185310461464
lan-gateway-10s,60,0.2347587984215189
lan-gateway-10s,60,0.23479906579689136
lan-gateway-10s,60,0.23483933317226383
lan-gateway-10s,60,0.2348796005476363
lan-gateway-10s,60,0.23491986792300878
lan-gateway-10s,60,0.23496013529838125
lan-gateway-10s,60,0.23500040267375372
lan-gateway-10s,60,0.2350406700491262
lan-gateway-10s,60,0.23508093742449868
lan-gateway-10s,60,0.23512120479987114
lan-gateway-10s,60,0.2351614721752436
lan-gateway-10s,60,0.2352017395506161
lan-gateway-10s,60,0.23524200692598857
lan-gateway-10s,60,0.23528227430136103
lan-gateway-10s,60,0.2353225416767335
lan-gateway-10s,60,0.235362809052106
lan-gateway-10s,60,0.23540307642747846
lan-gateway-10s,60,0.23544334380285092
lan-gateway-10s,60,0.2354836111782234
lan-gateway-10s,60,0.23552387855359588
lan-gateway-10s,60,0.23556414592896835
lan-gateway-10s,60,0.23560441330434082
lan-gateway-10s,60,0.2356446806797133
lan-gateway-10s,60,0.23568494805508577
lan-gateway-10s,60,0.23572521543045824
lan-gateway-10s,60,0.2357654828058307
lan-gateway-10s,60,0.2358057501812032
lan-gateway-10s,60,0.23584601755657567
lan-gateway-10s,60,0.23588628493194813
lan-gateway-10s,60,0.2359265523073206
lan-gateway-10s,60,0.2359668196826931
lan-gateway-10s,60,0.23600708705806556
lan-gateway-10s,60,0.23604735443343802
lan-gateway-10s,60,0.2360876218088105
lan-gateway-10s,60,0.23612788918418298
lan-gateway-10s,60,0.23616815655955545
lan-gateway-10s,60,0.2362084239349279
lan-gateway-10s,60,0.2362486913103004
lan-gateway-10s,60,0.23628895868567287
lan-gateway-10s,60,0.23632922606104534
lan-gateway-10s,60,0.2363694934364178
lan-gateway-10s,60,0.2364097608117903
lan-gateway-10s,60,0.23645002818716276
lan-gateway-10s,60,0.23649029556253523
lan-gateway-10s,60,0.2365305629379077
lan-gateway-10s,60,0.2365708303132802
lan-gateway-10s,60,0.23661109768865266
lan-gateway-10s,60,0.23665136506402512
lan-gateway-10s,60,0.2366916324393976
lan-gateway-10s,60,0.23673189981477008
lan-gateway-10s,60,0.23677216719014255
lan-gateway-10s,60,0.236812434565515
lan-gateway-10s,60,0.2368527019408875
lan-gateway-10s,60,0.23689296931625997
lan-gateway-10s,60,0.23693323669163244
lan-gateway-10s,60,0.2369735040670049
lan-gateway-10s,60,0.2370137714423774
lan-gateway-10s,60,0.23705403881774986
lan-gateway-10s,60,0.23709430619312233
lan-gateway-10s,60,0.2371345735684948
lan-gateway-10s,60,0.2371748409438673
lan-gateway-10s,60,0.23721510831923975
lan-gateway-10s,60,0.23725537569461222
lan-gateway-10s,60,0.23729564306998469
lan-gateway-10s,60,0.23733591044535718
lan-gateway-10s,60,0.23737617782072964
lan-gateway-10s,60,0.2374164451961021
lan-gateway-10s,60,0.2374567125714746
lan-gateway-10s,60,0.23749697994684707
lan-gateway-10s,60,0.23753724732221954
lan-gateway-10s,60,0.237577514697592
lan-gateway-10s,60,0.2376177820729645
lan-gateway-10s,60,0.23765804944833696
lan-gateway-10s,60,0.23769831682370943
lan-gateway-10s,60,0.2377385841990819
lan-gateway-10s,60,0.2377788515744544
lan-gateway-10s,60,0.23781911894982685
lan-gateway-10s,60,0.23785938632519932
lan-gateway-10s,60,0.23789965370057178
lan-gateway-10s,60,0.23793992107594428
lan-gateway-10s,60,0.23798018845131674
lan-gateway-10s,60,0.2380204558266892
lan-gateway-10s,60,0.2380607232020617
lan-gateway-10s,60,0.23810099057743417
lan-gateway-10s,60,0.23814125795280663
lan-gateway-10s,60,0.2381815253281791
lan-gateway-10s,60,0.2382217927035516
lan-gateway-10s,60,0.23826206007892406
lan-gateway-10s,60,0.23830232745429653
lan-gateway-10s,60,0.238342594829669
lan-gateway-10s,60,0.23838286220504148
lan-gateway-10s,60,0.23842312958041395
lan-gateway-10s,60,0.23846339695578642
lan-gateway-10s,60,0.23850366433115888
lan-gateway-10s,60,0.23854393170653138
lan-gateway-10s,60,0.23858419908190384
lan-gateway-10s,60,0.2386244664572763
lan-gateway-10s,60,0.2386647338326488
lan-gateway-10s,60,0.23870500120802127
lan-gateway-10s,60,0.23874526858339373
lan-gateway-10s,60,0.2387855359587662
lan-gateway-10s,60,0.2388258033341387
lan-gateway-10s,60,0.23886607070951116
lan-gateway-10s,60,0.23890633808488362
lan-gateway-10s,60,0.2389466054602561
lan-gateway-10s,60,0.23898687283562858
lan-gateway-10s,60,0.23902714021100105
lan-gateway-10s,60,0.23906740758637351
lan-gateway-10s,60,0.23910767496174598
lan-gateway-10s,60,0.23914794233711847
lan-gateway-10s,60,0.23918820971249094
lan-gateway-10s,60,0.2392284770878634
lan-gateway-10s,60,0.2392687444632359
lan-gateway-10s,60,0.23930901183860837
lan-gateway-10s,60,0.23934927921398083
lan-gateway-10s,60,0.2393895465893533
lan-gateway-10s,60,0.2394298139647258
lan-gateway-10s,60,0.23947008134009826
lan-gateway-10s,60,0.23951034871547072
lan-gateway-10s,60,0.2395506160908432
lan-gateway-10s,60,0.23959088346621568
lan-gateway-10s,60,0.23963115084158815
lan-gateway-10s,60,0.2396714182169606
lan-gateway-10s,60,0.23971168559233308
lan-gateway-10s,60,0.23975195296770557
lan-gateway-10s,60,0.23979222034307804
lan-gateway-10s,60,0.2398324877184505
lan-gateway-10s,60,0.239872755093823
lan-gateway-10s,60,0.23991302246919546
lan-gateway-10s,60,0.23995328984456793
lan-gateway-10s,60,0.2399935572199404
lan-gateway-10s,60,0.2400338245953129
lan-gateway-10s,60,0.24007409197068535
lan-gateway-10s,60,0.24011435934605782
lan-gateway-10s,60,0.2401546267214303
lan-gateway-10s,60,0.24019489409680278
lan-gateway-10s,60,0.24023516147217525
lan-gateway-10s,60,0.2402754288475477
lan-gateway-10s,60,0.24031569622292018
lan-gateway-10s,60,0.24035596359829267
lan-gateway-10s,60,0.24039623097366514
lan-gateway-10s,60,0.2404364983490376
lan-gateway-10s,60,0.2404767657244101
lan-gateway-10s,60,0.24051703309978256
lan-gateway-10s,60,0.24055730047515503
lan-gateway-10s,60,0.2405975678505275
lan-gateway-10s,60,0.2406378352259
lan-gateway-10s,60,0.24067810260127245
lan-gateway-10s,60,0.24071836997664492
lan-gateway-10s,60,0.24075863735201739
lan-gateway-10s,60,0.24079890472738988
lan-gateway-10s,60,0.24083917210276234
lan-gateway-10s,60,0.2408794394781348
lan-gateway-10s,60,0.24091970685350728
lan-gateway-10s,60,0.24095997422887977
lan-gateway-10s,60,0.24100024160425224
lan-gateway-10s,60,0.2410405089796247
lan-gateway-10s,60,0.2410807763549972
lan-gateway-10s,60,0.24112104373036966
lan-gateway-10s,60,0.24116131110574213
lan-gateway-10s,60,0.2412015784811146
lan-gateway-10s,60,0.24124184585648709
lan-gateway-10s,60,0.24128211323185955
lan-gateway-10s,60,0.24132238060723202
lan-gateway-10s,60,0.24136264798260448
lan-gateway-10s,60,0.24140291535797698
lan-gateway-10s,60,0.24144318273334944
lan-gateway-10s,60,0.2414834501087219
lan-gateway-10s,60,0.24152371748409437
lan-gateway-10s,60,0.24156398485946687
lan-gateway-10s,60,0.24160425223483933
lan-gateway-10s,60,0.2416445196102118
lan-gateway-10s,60,0.2416847869855843
lan-gateway-10s,60,0.24172505436095676
lan-gateway-10s,60,0.24176532173632923
lan-gateway-10s,60,0.2418055891117017
lan-gateway-10s,60,0.24184585648707418
lan-gateway-10s,60,0.24188612386244665
lan-gateway-10s,60,0.24192639123781912
lan-gateway-10s,60,0.24196665861319158
lan-gateway-10s,60,0.24200692598856408
lan-gateway-10s,60,0.24204719336393654
lan-gateway-10s,60,0.242087460739309
lan-gateway-10s,60,0.24212772811468147
lan-gateway-10s,60,0.24216799549005397
lan-gateway-10s,60,0.24220826286542643
lan-gateway-10s,60,0.2422485302407989
lan-gateway-10s,60,0.24228879761617136
lan-gateway-10s,60,0.24232906499154386
lan-gateway-10s,60,0.24236933236691632
lan-gateway-10s,60,0.2424095997422888
lan-gateway-10s,60,0.24244986711766128
lan-gateway-10s,60,0.24249013449303375
lan-gateway-10s,60,0.24253040186840621
lan-gateway-10s,60,0.24257066924377868
lan-gateway-10s,60,0.24261093661915117
lan-gateway-10s,60,0.24265120399452364
lan-gateway-10s,60,0.2426914713698961
lan-gateway-10s,60,0.24273173874526857
lan-gateway-10s,60,0.24277200612064107
lan-gateway-10s,60,0.24281227349601353
lan-gateway-10s,60,0.242852540871386
lan-gateway-10s,60,0.24289280824675846
lan-gateway-10s,60,0.24293307562213096
lan-gateway-10s,60,0.24297334299750342
lan-gateway-10s,60,0.2430136103728759
lan-gateway-10s,60,0.24305387774824838
lan-gateway-10s,60,0.24309414512362085
lan-gateway-10s,60,0.2431344124989933
lan-gateway-10s,60,0.24317467987436578
lan-gateway-10s,60,0.24321494724973827
lan-gateway-10s,60,0.24325521462511074
lan-gateway-10s,60,0.2432954820004832
lan-gateway-10s,60,0.24333574937585567
lan-gateway-10s,60,0.24337601675122816
lan-gateway-10s,60,0.24341628412660063
lan-gateway-10s,60,0.2434565515019731
lan-gateway-10s,60,0.24349681887734556
lan-gateway-10s,60,0.24353708625271805
lan-gateway-10s,60,0.24357735362809052
lan-gateway-10s,60,0.243617621003463
lan-gateway-10s,60,0.24365788837883548
lan-gateway-10s,60,0.24369815575420795
lan-gateway-10s,60,0.2437384231295804
lan-gateway-10s,60,0.24377869050495288
lan-gateway-10s,60,0.24381895788032537
lan-gateway-10s,60,0.24385922525569784
lan-gateway-10s,60,0.2438994926310703
lan-gateway-10s,60,0.24393976000644277
lan-gateway-10s,60,0.24398002738181526
lan-gateway-10s,60,0.24402029475718773
lan-gateway-10s,60,0.2440605621325602
lan-gateway-10s,60,0.24410082950793266
lan-gateway-10s,60,0.24414109688330515
lan-gateway-10s,60,0.24418136425867762
lan-gateway-10s,60,0.24422163163405008
lan-gateway-10s,60,0.24426189900942258
lan-gateway-10s,60,0.24430216638479504
lan-gateway-10s,60,0.2443424337601675
lan-gateway-10s,60,0.24438270113553998
lan-gateway-10s,60,0.24442296851091247
lan-gateway-10s,60,0.24446323588628494
lan-gateway-10s,60,0.2445035032616574
lan-gateway-10s,60,0.24454377063702987
lan-gateway-10s,60,0.24458403801240236
lan-gateway-10s,60,0.24462430538777483
lan-gateway-10s,60,0.2446645727631473
lan-gateway-10s,60,0.24470484013851976
lan-gateway-10s,60,0.24474510751389225
lan-gateway-10s,60,0.24478537488926472
lan-gateway-10s,60,0.24482564226463718
lan-gateway-10s,60,0.24486590964000968
lan-gateway-10s,60,0.24490617701538214
lan-gateway-10s,60,0.2449464443907546
lan-gateway-10s,60,0.24498671176612707
lan-gateway-10s,60,0.24502697914149957
lan-gateway-10s,60,0.24506724651687203
lan-gateway-10s,60,0.2451075138922445
lan-gateway-10s,60,0.24514778126761697
lan-gateway-10s,60,0.24518804864298946
lan-gateway-10s,60,0.24522831601836192
lan-gateway-10s,60,0.2452685833937344
lan-gateway-10s,60,0.24530885076910686
lan-gateway-10s,60,0.24534911814447935
lan-gateway-10s,60,0.24538938551985182
lan-gateway-10s,60,0.24542965289522428
lan-gateway-10s,60,0.24546992027059678
lan-gateway-10s,60,0.24551018764596924
lan-gateway-10s,60,0.2455504550213417
lan-gateway-10s,60,0.24559072239671417
lan-gateway-10s,60,0.24563098977208667
lan-gateway-10s,60,0.24567125714745913
lan-gateway-10s,60,0.2457115245228316
lan-gateway-10s,60,0.24575179189820406
lan-gateway-10s,60,0.24579205927357656
lan-gateway-10s,60,0.24583232664894902
lan-gateway-10s,60,0.2458725940243215
lan-gateway-10s,60,0.24591286139969395
lan-gateway-10s,60,0.24595312877506645
lan-gateway-10s,60,0.24599339615043891
lan-gateway-10s,60,0.24603366352581138
lan-gateway-10s,60,0.24607393090118387
lan-gateway-10s,60,0.24611419827655634
lan-gateway-10s,60,0.2461544656519288
lan-gateway-10s,60,0.24619473302730127
lan-gateway-10s,60,0.24623500040267376
lan-gateway-10s,60,0.24627526777804623
lan-gateway-10s,60,0.2463155351534187
lan-gateway-10s,60,0.24635580252879116
lan-gateway-10s,60,0.24639606990416366
lan-gateway-10s,60,0.24643633727953612
lan-gateway-10s,60,0.2464766046549086
lan-gateway-10s,60,0.24651687203028105
lan-gateway-10s,60,0.24655713940565355
lan-gateway-10s,60,0.246597406781026
lan-gateway-10s,60,0.24663767415639848
lan-gateway-10s,60,0.24667794153177097
lan-gateway-10s,60,0.24671820890714344
lan-gateway-10s,60,0.2467584762825159
lan-gateway-10s,60,0.24679874365788837
lan-gateway-10s,60,0.24683901103326086
lan-gateway-10s,60,0.24687927840863333
lan-gateway-10s,60,0.2469195457840058
lan-gateway-10s,60,0.24695981315937826
lan-gateway-10s,60,0.24700008053475075
lan-gateway-10s,60,0.24704034791012322
lan-gateway-10s,60,0.24708061528549569
lan-gateway-10s,60,0.24712088266086815
lan-gateway-10s,60,0.24716115003624065
lan-gateway-10s,60,0.2472014174116131
lan-gateway-10s,60,0.24724168478698558
lan-gateway-10s,60,0.24728195216235807
lan-gateway-10s,60,0.24732221953773054
lan-gateway-10s,60,0.247362486913103
lan-gateway-10s,60,0.24740275428847547
lan-gateway-10s,60,0.24744302166384796
lan-gateway-10s,60,0.24748328903922043
lan-gateway-10s,60,0.2475235564145929
lan-gateway-10s,60,0.24756382378996536
lan-gateway-10s,60,0.24760409116533785
lan-gateway-10s,60,0.24764435854071032
lan-gateway-10s,60,0.24768462591608278
lan-gateway-10s,60,0.24772489329145525
lan-gateway-10s,60,0.24776516066682774
lan-gateway-10s,60,0.2478054280422002
lan-gateway-10s,60,0.24784569541757268
lan-gateway-10s,60,0.24788596279294517
lan-gateway-10s,60,0.24792623016831764
lan-gateway-10s,60,0.2479664975436901
lan-gateway-10s,60,0.24800676491906257
lan-gateway-10s,60,0.24804703229443506
lan-gateway-10s,60,0.24808729966980753
lan-gateway-10s,60,0.24812756704518
lan-gateway-10s,60,0.24816783442055246
lan-gateway-10s,60,0.24820810179592495
lan-gateway-10s,60,0.24824836917129742
lan-gateway-10s,60,0.24828863654666988
lan-gateway-10s,60,0.24832890392204235
lan-gateway-10s,60,0.24836917129741484
lan-gateway-10s,60,0.2484094386727873
lan-gateway-10s,60,0.24844970604815977
lan-gateway-10s,60,0.24848997342353227
lan-gateway-10s,60,0.24853024079890473
lan-gateway-10s,60,0.2485705081742772
lan-gateway-10s,60,0.24861077554964967
lan-gateway-10s,60,0.24865104292502216
lan-gateway-10s,60,0.24869131030039462
lan-gateway-10s,60,0.2487315776757671
lan-gateway-10s,60,0.24877184505113956
lan-gateway-10s,60,0.24881211242651205
lan-gateway-10s,60,0.24885237980188452
lan-gateway-10s,60,0.24889264717725698
lan-gateway-10s,60,0.24893291455262945
lan-gateway-10s,60,0.24897318192800194
lan-gateway-10s,60,0.2490134493033744
lan-gateway-10s,60,0.24905371667874687
lan-gateway-10s,60,0.24909398405411937
lan-gateway-10s,60,0.24913425142949183
lan-gateway-10s,60,0.2491745188048643
lan-gateway-10s,60,0.24921478618023676
lan-gateway-10s,60,0.24925505355560926
lan-gateway-10s,60,0.24929532093098172
lan-gateway-10s,60,0.2493355883063542
lan-gateway-10s,60,0.24937585568172665
lan-gateway-10s,60,0.24941612305709915
lan-gateway-10s,60,0.24945639043247161
lan-gateway-10s,60,0.24949665780784408
lan-gateway-10s,60,0.24953692518321655
lan-gateway-10s,60,0.24957719255858904
lan-gateway-10s,60,0.2496174599339615
lan-gateway-10s,60,0.24965772730933397
lan-gateway-10s,60,0.24969799468470646
lan-gateway-10s,60,0.24973826206007893
lan-gateway-10s,60,0.2497785294354514
lan-gateway-10s,60,0.24981879681082386
lan-gateway-10s,60,0.24985906418619636
lan-gateway-10s,60,0.24989933156156882
lan-gateway-10s,60,0.2499395989369413
lan-gateway-10s,60,0.24997986631231375
lan-gateway-10s,60,0.2500201336876862
lan-gateway-10s,60,0.2500604010630587
lan-gateway-10s,60,0.2501006684384312
lan-gateway-10s,60,0.25014093581380364
lan-gateway-10s,60,0.25018120318917614
lan-gateway-10s,60,0.2502214705645486
lan-gateway-10s,60,0.25026173793992107
lan-gateway-10s,60,0.25030200531529356
lan-gateway-10s,60,0.250342272690666
lan-gateway-10s,60,0.2503825400660385
lan-gateway-10s,60,0.250422807441411
lan-gateway-10s,60,0.2504630748167834
lan-gateway-10s,60,0.2505033421921559
lan-gateway-10s,60,0.2505436095675284
lan-gateway-10s,60,0.25058387694290085
lan-gateway-10s,60,0.25062414431827335
lan-gateway-10s,60,0.2506644116936458
lan-gateway-10s,60,0.2507046790690183
lan-gateway-10s,60,0.25074494644439077
lan-gateway-10s,60,0.2507852138197632
lan-gateway-10s,60,0.2508254811951357
lan-gateway-10s,60,0.2508657485705082
lan-gateway-10s,60,0.25090601594588063
lan-gateway-10s,60,0.2509462833212531
lan-gateway-10s,60,0.2509865506966256
lan-gateway-10s,60,0.25102681807199806
lan-gateway-10s,60,0.25106708544737055
lan-gateway-10s,60,0.251107352822743
lan-gateway-10s,60,0.2511476201981155
lan-gateway-10s,60,0.251187887573488
lan-gateway-10s,60,0.2512281549488604
lan-gateway-10s,60,0.2512684223242329
lan-gateway-10s,60,0.2513086896996054
lan-gateway-10s,60,0.25134895707497784
lan-gateway-10s,60,0.25138922445035033
lan-gateway-10s,60,0.2514294918257228
lan-gateway-10s,60,0.25146975920109527
lan-gateway-10s,60,0.25151002657646776
lan-gateway-10s,60,0.2515502939518402
lan-gateway-10s,60,0.2515905613272127
lan-gateway-10s,60,0.2516308287025852
lan-gateway-10s,60,0.2516710960779576
lan-gateway-10s,60,0.2517113634533301
lan-gateway-10s,60,0.2517516308287026
lan-gateway-10s,60,0.25179189820407505
lan-gateway-10s,60,0.25183216557944754
lan-gateway-10s,60,0.25187243295482
lan-gateway-10s,60,0.2519127003301925
lan-gateway-10s,60,0.25195296770556497
lan-gateway-10s,60,0.2519932350809374
lan-gateway-10s,60,0.2520335024563099
lan-gateway-10s,60,0.2520737698316824
lan-gateway-10s,60,0.25211403720705483
lan-gateway-10s,60,0.2521543045824273
lan-gateway-10s,60,0.2521945719577998
lan-gateway-10s,60,0.25223483933317226
lan-gateway-10s,60,0.25227510670854475
lan-gateway-10s,60,0.2523153740839172
lan-gateway-10s,60,0.2523556414592897
lan-gateway-10s,60,0.2523959088346622
lan-gateway-10s,60,0.2524361762100346
lan-gateway-10s,60,0.2524764435854071
lan-gateway-10s,60,0.2525167109607796
lan-gateway-10s,60,0.25255697833615204
lan-gateway-10s,60,0.25259724571152453
lan-gateway-10s,60,0.25263751308689697
lan-gateway-10s,60,0.25267778046226946
lan-gateway-10s,60,0.25271804783764196
lan-gateway-10s,60,0.2527583152130144
lan-gateway-10s,60,0.2527985825883869
lan-gateway-10s,60,0.2528388499637594
lan-gateway-10s,60,0.2528791173391318
lan-gateway-10s,60,0.2529193847145043
lan-gateway-10s,60,0.2529596520898768
lan-gateway-10s,60,0.25299991946524925
lan-gateway-10s,60,0.25304018684062174
lan-gateway-10s,60,0.2530804542159942
lan-gateway-10s,60,0.25312072159136667
lan-gateway-10s,60,0.25316098896673916
lan-gateway-10s,60,0.2532012563421116
lan-gateway-10s,60,0.2532415237174841
lan-gateway-10s,60,0.2532817910928566
lan-gateway-10s,60,0.253322058468229
lan-gateway-10s,60,0.2533623258436015
lan-gateway-10s,60,0.253402593218974
lan-gateway-10s,60,0.25344286059434645
lan-gateway-10s,60,0.25348312796971895
lan-gateway-10s,60,0.2535233953450914
lan-gateway-10s,60,0.2535636627204639
lan-gateway-10s,60,0.25360393009583637
lan-gateway-10s,60,0.2536441974712088
lan-gateway-10s,60,0.2536844648465813
lan-gateway-10s,60,0.2537247322219538
lan-gateway-10s,60,0.25376499959732624
lan-gateway-10s,60,0.25380526697269873
lan-gateway-10s,60,0.25384553434807117
lan-gateway-10s,60,0.25388580172344366
lan-gateway-10s,60,0.25392606909881615
lan-gateway-10s,60,0.2539663364741886
lan-gateway-10s,60,0.2540066038495611
lan-gateway-10s,60,0.2540468712249336
lan-gateway-10s,60,0.254087138600306
lan-gateway-10s,60,0.2541274059756785
lan-gateway-10s,60,0.254167673351051
lan-gateway-10s,60,0.25420794072642344
lan-gateway-10s,60,0.25424820810179594
lan-gateway-10s,60,0.2542884754771684
lan-gateway-10s,60,0.25432874285254087
lan-gateway-10s,60,0.25436901022791336
lan-gateway-10s,60,0.2544092776032858
lan-gateway-10s,60,0.2544495449786583
lan-gateway-10s,60,0.2544898123540308
lan-gateway-10s,60,0.2545300797294032
lan-gateway-10s,60,0.2545703471047757
lan-gateway-10s,60,0.25461061448014816
lan-gateway-10s,60,0.25465088185552065
lan-gateway-10s,60,0.25469114923089314
lan-gateway-10s,60,0.2547314166062656
lan-gateway-10s,60,0.2547716839816381
lan-gateway-10s,60,0.25481195135701057
lan-gateway-10s,60,0.254852218732383
lan-gateway-10s,60,0.2548924861077555
lan-gateway-10s,60,0.254932753483128
lan-gateway-10s,60,0.25497302085850043
lan-gateway-10s,60,0.2550132882338729
lan-gateway-10s,60,0.25505355560924536
lan-gateway-10s,60,0.25509382298461786
lan-gateway-10s,60,0.25513409035999035
lan-gateway-10s,60,0.2551743577353628
lan-gateway-10s,60,0.2552146251107353
lan-gateway-10s,60,0.2552548924861078
lan-gateway-10s,60,0.2552951598614802
lan-gateway-10s,60,0.2553354272368527
lan-gateway-10s,60,0.2553756946122252
lan-gateway-10s,60,0.25541596198759764
lan-gateway-10s,60,0.25545622936297013
lan-gateway-10s,60,0.25549649673834257
lan-gateway-10s,60,0.25553676411371506
lan-gateway-10s,60,0.25557703148908756
lan-gateway-10s,60,0.25561729886446
lan-gateway-10s,60,0.2556575662398325
lan-gateway-10s,60,0.255697833615205
lan-gateway-10s,60,0.2557381009905774
lan-gateway-10s,60,0.2557783683659499
lan-gateway-10s,60,0.25581863574132235
lan-gateway-10s,60,0.25585890311669485
lan-gateway-10s,60,0.25589917049206734
lan-gateway-10s,60,0.2559394378674398
lan-gateway-10s,60,0.25597970524281227
lan-gateway-10s,60,0.25601997261818477
lan-gateway-10s,60,0.2560602399935572
lan-gateway-10s,60,0.2561005073689297
lan-gateway-10s,60,0.2561407747443022
lan-gateway-10s,60,0.25618104211967463
lan-gateway-10s,60,0.2562213094950471
lan-gateway-10s,60,0.25626157687041956
lan-gateway-10s,60,0.25630184424579205
lan-gateway-10s,60,0.25634211162116455
lan-gateway-10s,60,0.256382378996537
lan-gateway-10s,60,0.2564226463719095
lan-gateway-10s,60,0.256462913747282
lan-gateway-10s,60,0.2565031811226544
lan-gateway-10s,60,0.2565434484980269
lan-gateway-10s,60,0.2565837158733994
lan-gateway-10s,60,0.25662398324877184
lan-gateway-10s,60,0.25666425062414433
lan-gateway-10s,60,0.25670451799951677
lan-gateway-10s,60,0.25674478537488926
lan-gateway-10s,60,0.25678505275026176
lan-gateway-10s,60,0.2568253201256342
lan-gateway-10s,60,0.2568655875010067
lan-gateway-10s,60,0.2569058548763792
lan-gateway-10s,60,0.2569461222517516
lan-gateway-10s,60,0.2569863896271241
lan-gateway-10s,60,0.25702665700249655
lan-gateway-10s,60,0.25706692437786904
lan-gateway-10s,60,0.25710719175324154
lan-gateway-10s,60,0.257147459128614
lan-gateway-10s,60,0.25718772650398647
lan-gateway-10s,60,0.25722799387935896
lan-gateway-10s,60,0.2572682612547314
lan-gateway-10s,60,0.2573085286301039
lan-gateway-10s,60,0.2573487960054764
lan-gateway-10s,60,0.2573890633808488
lan-gateway-10s,60,0.2574293307562213
lan-gateway-10s,60,0.25746959813159376
lan-gateway-10s,60,0.25750986550696625
lan-gateway-10s,60,0.25755013288233874
lan-gateway-10s,60,0.2575904002577112
lan-gateway-10s,60,0.2576306676330837
lan-gateway-10s,60,0.25767093500845617
lan-gateway-10s,60,0.2577112023838286
lan-gateway-10s,60,0.2577514697592011
lan-gateway-10s,60,0.2577917371345736
lan-gateway-10s,60,0.25783200450994603
lan-gateway-10s,60,0.2578722718853185
lan-gateway-10s,60,0.25791253926069097
lan-gateway-10s,60,0.25795280663606346
lan-gateway-10s,60,0.25799307401143595
lan-gateway-10s,60,0.2580333413868084
lan-gateway-10s,60,0.2580736087621809
lan-gateway-10s,60,0.2581138761375534
lan-gateway-10s,60,0.2581541435129258
lan-gateway-10s,60,0.2581944108882983
lan-gateway-10s,60,0.25823467826367075
lan-gateway-10s,60,0.25827494563904324
lan-gateway-10s,60,0.25831521301441573
lan-gateway-10s,60,0.2583554803897882
lan-gateway-10s,60,0.25839574776516067
lan-gateway-10s,60,0.25843601514053316
lan-gateway-10s,60,0.2584762825159056
lan-gateway-10s,60,0.2585165498912781
lan-gateway-10s,60,0.2585568172666506
lan-gateway-10s,60,0.258597084642023
lan-gateway-10s,60,0.2586373520173955
lan-gateway-10s,60,0.25867761939276795
lan-gateway-10s,60,0.25871788676814045
lan-gateway-10s,60,0.25875815414351294
lan-gateway-10s,60,0.2587984215188854
lan-gateway-10s,60,0.2588386888942579
lan-gateway-10s,60,0.25887895626963037
lan-gateway-10s,60,0.2589192236450028
lan-gateway-10s,60,0.2589594910203753
lan-gateway-10s,60,0.2589997583957478
lan-gateway-10s,60,0.25904002577112023
lan-gateway-10s,60,0.2590802931464927
lan-gateway-10s,60,0.25912056052186516
lan-gateway-10s,60,0.25916082789723766
lan-gateway-10s,60,0.25920109527261015
lan-gateway-10s,60,0.2592413626479826
lan-gateway-10s,60,0.2592816300233551
lan-gateway-10s,60,0.2593218973987276
lan-gateway-10s,60,0.2593621647741
lan-gateway-10s,60,0.2594024321494725
lan-gateway-10s,60,0.25944269952484494
lan-gateway-10s,60,0.25948296690021744
lan-gateway-10s,60,0.25952323427558993
lan-gateway-10s,60,0.25956350165096237
lan-gateway-10s,60,0.25960376902633486
lan-gateway-10s,60,0.25964403640170736
lan-gateway-10s,60,0.2596843037770798
lan-gateway-10s,60,0.2597245711524523
lan-gateway-10s,60,0.2597648385278248
lan-gateway-10s,60,0.2598051059031972
lan-gateway-10s,60,0.2598453732785697
lan-gateway-10s,60,0.25988564065394215
lan-gateway-10s,60,0.25992590802931465
lan-gateway-10s,60,0.25996617540468714
lan-gateway-10s,60,0.2600064427800596
lan-gateway-10s,60,0.26004671015543207
lan-gateway-10s,60,0.26008697753080456
lan-gateway-10s,60,0.260127244906177
lan-gateway-10s,60,0.2601675122815495
lan-gateway-10s,60,0.260207779656922
lan-gateway-10s,60,0.2602480470322944
lan-gateway-10s,60,0.2602883144076669
lan-gateway-10s,60,0.26032858178303936
lan-gateway-10s,60,0.26036884915841185
lan-gateway-10s,60,0.26040911653378435
lan-gateway-10s,60,0.2604493839091568
lan-gateway-10s,60,0.2604896512845293
lan-gateway-10s,60,0.26052991865990177
lan-gateway-10s,60,0.2605701860352742
lan-gateway-10s,60,0.2606104534106467
lan-gateway-10s,60,0.26065072078601914
lan-gateway-10s,60,0.26069098816139163
lan-gateway-10s,60,0.26073125553676413
lan-gateway-10s,60,0.26077152291213657
lan-gateway-10s,60,0.26081179028750906
lan-gateway-10s,60,0.26085205766288155
lan-gateway-10s,60,0.260892325038254
lan-gateway-10s,60,0.2609325924136265
lan-gateway-10s,60,0.260972859788999
lan-gateway-10s,60,0.2610131271643714
lan-gateway-10s,60,0.2610533945397439
lan-gateway-10s,60,0.26109366191511635
lan-gateway-10s,60,0.26113392929048884
lan-gateway-10s,60,0.26117419666586134
lan-gateway-10s,60,0.2612144640412338
lan-gateway-10s,60,0.26125473141660627
lan-gateway-10s,60,0.26129499879197876
lan-gateway-10s,60,0.2613352661673512
lan-gateway-10s,60,0.2613755335427237
lan-gateway-10s,60,0.2614158009180962
lan-gateway-10s,60,0.2614560682934686
lan-gateway-10s,60,0.2614963356688411
lan-gateway-10s,60,0.26153660304421356
lan-gateway-10s,60,0.26157687041958605
lan-gateway-10s,60,0.26161713779495854
lan-gateway-10s,60,0.261657405170331
lan-gateway-10s,60,0.2616976725457035
lan-gateway-10s,60,0.26173793992107597
lan-gateway-10s,60,0.2617782072964484
lan-gateway-10s,60,0.2618184746718209
lan-gateway-10s,60,0.26185874204719334
lan-gateway-10s,60,0.26189900942256583
lan-gateway-10s,60,0.2619392767979383
lan-gateway-10s,60,0.26197954417331076
lan-gateway-10s,60,0.26201981154868326
lan-gateway-10s,60,0.26206007892405575
lan-gateway-10s,60,0.2621003462994282
lan-gateway-10s,60,0.2621406136748007
lan-gateway-10s,60,0.2621808810501732
lan-gateway-10s,60,0.2622211484255456
lan-gateway-10s,60,0.2622614158009181
lan-gateway-10s,60,0.26230168317629055
lan-gateway-10s,60,0.26234195055166304
lan-gateway-10s,60,0.26238221792703553
lan-gateway-10s,60,0.26242248530240797
lan-gateway-10s,60,0.26246275267778046
lan-gateway-10s,60,0.26250302005315296
lan-gateway-10s,60,0.2625432874285254
lan-gateway-10s,60,0.2625835548038979
lan-gateway-10s,60,0.2626238221792703
lan-gateway-10s,60,0.2626640895546428
lan-gateway-10s,60,0.2627043569300153
lan-gateway-10s,60,0.26274462430538775
lan-gateway-10s,60,0.26278489168076025
lan-gateway-10s,60,0.26282515905613274
lan-gateway-10s,60,0.2628654264315052
lan-gateway-10s,60,0.26290569380687767
lan-gateway-10s,60,0.26294596118225017
lan-gateway-10s,60,0.2629862285576226
lan-gateway-10s,60,0.2630264959329951
lan-gateway-10s,60,0.26306676330836753
lan-gateway-10s,60,0.26310703068374003
lan-gateway-10s,60,0.2631472980591125
lan-gateway-10s,60,0.26318756543448496
lan-gateway-10s,60,0.26322783280985745
lan-gateway-10s,60,0.26326810018522995
lan-gateway-10s,60,0.2633083675606024
lan-gateway-10s,60,0.2633486349359749
lan-gateway-10s,60,0.2633889023113474
lan-gateway-10s,60,0.2634291696867198
lan-gateway-10s,60,0.2634694370620923
lan-gateway-10s,60,0.26350970443746474
lan-gateway-10s,60,0.26354997181283724
lan-gateway-10s,60,0.26359023918820973
lan-gateway-10s,60,0.26363050656358217
lan-gateway-10s,60,0.26367077393895466
lan-gateway-10s,60,0.26371104131432715
lan-gateway-10s,60,0.2637513086896996
lan-gateway-10s,60,0.2637915760650721
lan-gateway-10s,60,0.2638318434404445
lan-gateway-10s,60,0.263872110815817
lan-gateway-10s,60,0.2639123781911895
lan-gateway-10s,60,0.26395264556656195
lan-gateway-10s,60,0.26399291294193444
lan-gateway-10s,60,0.26403318031730694
lan-gateway-10s,60,0.2640734476926794
lan-gateway-10s,60,0.26411371506805187
lan-gateway-10s,60,0.26415398244342436
lan-gateway-10s,60,0.2641942498187968
lan-gateway-10s,60,0.2642345171941693
lan-gateway-10s,60,0.26427478456954173
lan-gateway-10s,60,0.2643150519449142
lan-gateway-10s,60,0.2643553193202867
lan-gateway-10s,60,0.26439558669565916
lan-gateway-10s,60,0.26443585407103165
lan-gateway-10s,60,0.26447612144640414
lan-gateway-10s,60,0.2645163888217766
lan-gateway-10s,60,0.2645566561971491
lan-gateway-10s,60,0.26459692357252157
lan-gateway-10s,60,0.264637190947894
lan-gateway-10s,60,0.2646774583232665
lan-gateway-10s,60,0.26471772569863894
lan-gateway-10s,60,0.26475799307401143
lan-gateway-10s,60,0.2647982604493839
lan-gateway-10s,60,0.26483852782475636
lan-gateway-10s,60,0.26487879520012886
lan-gateway-10s,60,0.26491906257550135
lan-gateway-10s,60,0.2649593299508738
lan-gateway-10s,60,0.2649995973262463
lan-gateway-10s,60,0.2650398647016187
lan-gateway-10s,60,0.2650801320769912
lan-gateway-10s,60,0.2651203994523637
lan-gateway-10s,60,0.26516066682773615
lan-gateway-10s,60,0.26520093420310864
lan-gateway-10s,60,0.26524120157848113
lan-gateway-10s,60,0.26528146895385357
lan-gateway-10s,60,0.26532173632922607
lan-gateway-10s,60,0.26536200370459856
lan-gateway-10s,60,0.265402271079971
lan-gateway-10s,60,0.2654425384553435
lan-gateway-10s,60,0.26548280583071593
lan-gateway-10s,60,0.2655230732060884
lan-gateway-10s,60,0.2655633405814609
lan-gateway-10s,60,0.26560360795683335
lan-gateway-10s,60,0.26564387533220585
lan-gateway-10s,60,0.26568414270757834
lan-gateway-10s,60,0.2657244100829508
lan-gateway-10s,60,0.2657646774583233
lan-gateway-10s,60,0.26580494483369577
lan-gateway-10s,60,0.2658452122090682
lan-gateway-10s,60,0.2658854795844407
lan-gateway-10s,60,0.26592574695981314
lan-gateway-10s,60,0.26596601433518563
lan-gateway-10s,60,0.2660062817105581
lan-gateway-10s,60,0.26604654908593056
lan-gateway-10s,60,0.26608681646130306
lan-gateway-10s,60,0.26612708383667555
lan-gateway-10s,60,0.266167351212048
lan-gateway-10s,60,0.2662076185874205
lan-gateway-10s,60,0.2662478859627929
lan-gateway-10s,60,0.2662881533381654
lan-gateway-10s,60,0.2663284207135379
lan-gateway-10s,60,0.26636868808891034
lan-gateway-10s,60,0.26640895546428284
lan-gateway-10s,60,0.26644922283965533
lan-gateway-10s,60,0.26648949021502777
lan-gateway-10s,60,0.26652975759040026
lan-gateway-10s,60,0.26657002496577276
lan-gateway-10s,60,0.2666102923411452
lan-gateway-10s,60,0.2666505597165177
lan-gateway-10s,60,0.2666908270918901
lan-gateway-10s,60,0.2667310944672626
lan-gateway-10s,60,0.2667713618426351
lan-gateway-10s,60,0.26681162921800755
lan-gateway-10s,60,0.26685189659338004
lan-gateway-10s,60,0.26689216396875254
lan-gateway-10s,60,0.266932431344125
lan-gateway-10s,60,0.26697269871949747
lan-gateway-10s,60,0.26701296609486996
lan-gateway-10s,60,0.2670532334702424
lan-gateway-10s,60,0.2670935008456149
lan-gateway-10s,60,0.26713376822098733
lan-gateway-10s,60,0.2671740355963598
lan-gateway-10s,60,0.2672143029717323
lan-gateway-10s,60,0.26725457034710476
lan-gateway-10s,60,0.26729483772247725
lan-gateway-10s,60,0.26733510509784975
lan-gateway-10s,60,0.2673753724732222
lan-gateway-10s,60,0.2674156398485947
lan-gateway-10s,60,0.2674559072239671
lan-gateway-10s,60,0.2674961745993396
lan-gateway-10s,60,0.2675364419747121
lan-gateway-10s,60,0.26757670935008454
lan-gateway-10s,60,0.26761697672545703
lan-gateway-10s,60,0.26765724410082953
lan-gateway-10s,60,0.26769751147620197
lan-gateway-10s,60,0.26773777885157446
lan-gateway-10s,60,0.26777804622694695
lan-gateway-10s,60,0.2678183136023194
lan-gateway-10s,60,0.2678585809776919
lan-gateway-10s,60,0.2678988483530643
lan-gateway-10s,60,0.2679391157284368
lan-gateway-10s,60,0.2679793831038093
lan-gateway-10s,60,0.26801965047918175
lan-gateway-10s,60,0.26805991785455424
lan-gateway-10s,60,0.26810018522992674
lan-gateway-10s,60,0.2681404526052992
lan-gateway-10s,60,0.26818071998067167
lan-gateway-10s,60,0.26822098735604416
lan-gateway-10s,60,0.2682612547314166
lan-gateway-10s,60,0.2683015221067891
lan-gateway-10s,60,0.26834178948216153
lan-gateway-10s,60,0.268382056857534
lan-gateway-10s,60,0.2684223242329065
lan-gateway-10s,60,0.26846259160827896
lan-gateway-10s,60,0.26850285898365145
lan-gateway-10s,60,0.26854312635902394
lan-gateway-10s,60,0.2685833937343964
lan-gateway-10s,60,0.2686236611097689
lan-gateway-10s,60,0.2686639284851413
lan-gateway-10s,60,0.2687041958605138
lan-gateway-10s,60,0.2687444632358863
lan-gateway-10s,60,0.26878473061125874
lan-gateway-10s,60,0.26882499798663123
lan-gateway-10s,60,0.2688652653620037
lan-gateway-10s,60,0.26890553273737616
lan-gateway-10s,60,0.26894580011274866
lan-gateway-10s,60,0.26898606748812115
lan-gateway-10s,60,0.2690263348634936
lan-gateway-10s,60,0.2690666022388661
lan-gateway-10s,60,0.2691068696142385
lan-gateway-10s,60,0.269147136989611
lan-gateway-10s,60,0.2691874043649835
lan-gateway-10s,60,0.26922767174035594
lan-gateway-10s,60,0.26926793911572844
lan-gateway-10s,60,0.26930820649110093
lan-gateway-10s,60,0.26934847386647337
lan-gateway-10s,60,0.26938874124184586
lan-gateway-10s,60,0.26942900861721836
lan-gateway-10s,60,0.2694692759925908
lan-gateway-10s,60,0.2695095433679633
lan-gateway-10s,60,0.2695498107433357
lan-gateway-10s,60,0.2695900781187082
lan-gateway-10s,60,0.2696303454940807
lan-gateway-10s,60,0.26967061286945315
lan-gateway-10s,60,0.26971088024482565
lan-gateway-10s,60,0.26975114762019814
lan-gateway-10s,60,0.2697914149955706
lan-gateway-10s,60,0.26983168237094307
lan-gateway-10s,60,0.2698719497463155
lan-gateway-10s,60,0.269912217121688
lan-gateway-10s,60,0.2699524844970605
lan-gateway-10s,60,0.26999275187243293
lan-gateway-10s,60,0.27003301924780543
lan-gateway-10s,60,0.2700732866231779
lan-gateway-10s,60,0.27011355399855036
lan-gateway-10s,60,0.27015382137392285
lan-gateway-10s,60,0.27019408874929535
lan-gateway-10s,60,0.2702343561246678
lan-gateway-10s,60,0.2702746235000403
lan-gateway-10s,60,0.2703148908754127
lan-gateway-10s,60,0.2703551582507852
lan-gateway-10s,60,0.2703954256261577
lan-gateway-10s,60,0.27043569300153014
lan-gateway-10s,60,0.27047596037690264
lan-gateway-10s,60,0.27051622775227513
lan-gateway-10s,60,0.27055649512764757
lan-gateway-10s,60,0.27059676250302006
lan-gateway-10s,60,0.2706370298783925
lan-gateway-10s,60,0.270677297253765
lan-gateway-10s,60,0.2707175646291375
lan-gateway-10s,60,0.2707578320045099
lan-gateway-10s,60,0.2707980993798824
lan-gateway-10s,60,0.2708383667552549
lan-gateway-10s,60,0.27087863413062735
lan-gateway-10s,60,0.27091890150599984
lan-gateway-10s,60,0.27095916888137234
lan-gateway-10s,60,0.2709994362567448
lan-gateway-10s,60,0.27103970363211727
lan-gateway-10s,60,0.2710799710074897
lan-gateway-10s,60,0.2711202383828622
lan-gateway-10s,60,0.2711605057582347
lan-gateway-10s,60,0.27120077313360713
lan-gateway-10s,60,0.2712410405089796
lan-gateway-10s,60,0.2712813078843521
lan-gateway-10s,60,0.27132157525972456
lan-gateway-10s,60,0.27136184263509705
lan-gateway-10s,60,0.27140211001046954
lan-gateway-10s,60,0.271442377385842
lan-gateway-10s,60,0.2714826447612145
lan-gateway-10s,60,0.2715229121365869
lan-gateway-10s,60,0.2715631795119594
lan-gateway-10s,60,0.2716034468873319
lan-gateway-10s,60,0.27164371426270434
lan-gateway-10s,60,0.27168398163807683
lan-gateway-10s,60,0.2717242490134493
lan-gateway-10s,60,0.27176451638882176
lan-gateway-10s,60,0.27180478376419426
lan-gateway-10s,60,0.2718450511395667
lan-gateway-10s,60,0.2718853185149392
lan-gateway-10s,60,0.2719255858903117
lan-gateway-10s,60,0.2719658532656841
lan-gateway-10s,60,0.2720061206410566
lan-gateway-10s,60,0.2720463880164291
lan-gateway-10s,60,0.27208665539180155
lan-gateway-10s,60,0.27212692276717404
lan-gateway-10s,60,0.27216719014254653
lan-gateway-10s,60,0.27220745751791897
lan-gateway-10s,60,0.27224772489329147
lan-gateway-10s,60,0.2722879922686639
lan-gateway-10s,60,0.2723282596440364
lan-gateway-10s,60,0.2723685270194089
lan-gateway-10s,60,0.27240879439478133
lan-gateway-10s,60,0.2724490617701538
lan-gateway-10s,60,0.2724893291455263
lan-gateway-10s,60,0.27252959652089875
lan-gateway-10s,60,0.27256986389627125
lan-gateway-10s,60,0.27261013127164374
lan-gateway-10s,60,0.2726503986470162
lan-gateway-10s,60,0.2726906660223887
lan-gateway-10s,60,0.2727309333977611
lan-gateway-10s,60,0.2727712007731336
lan-gateway-10s,60,0.2728114681485061
lan-gateway-10s,60,0.27285173552387854
lan-gateway-10s,60,0.27289200289925103
lan-gateway-10s,60,0.2729322702746235
lan-gateway-10s,60,0.27297253764999596
lan-gateway-10s,60,0.27301280502536845
lan-gateway-10s,60,0.2730530724007409
lan-gateway-10s,60,0.2730933397761134
lan-gateway-10s,60,0.2731336071514859
lan-gateway-10s,60,0.2731738745268583
lan-gateway-10s,60,0.2732141419022308
lan-gateway-10s,60,0.2732544092776033
lan-gateway-10s,60,0.27329467665297574
lan-gateway-10s,60,0.27333494402834824
lan-gateway-10s,60,0.27337521140372073
lan-gateway-10s,60,0.27341547877909317
lan-gateway-10s,60,0.27345574615446566
lan-gateway-10s,60,0.2734960135298381
lan-gateway-10s,60,0.2735362809052106
lan-gateway-10s,60,0.2735765482805831
lan-gateway-10s,60,0.2736168156559555
lan-gateway-10s,60,0.273657083031328
lan-gateway-10s,60,0.2736973504067005
lan-gateway-10s,60,0.27373761778207295
lan-gateway-10s,60,0.27377788515744544
lan-gateway-10s,60,0.27381815253281794
lan-gateway-10s,60,0.2738584199081904
lan-gateway-10s,60,0.27389868728356287
lan-gateway-10s,60,0.2739389546589353
lan-gateway-10s,60,0.2739792220343078
lan-gateway-10s,60,0.2740194894096803
lan-gateway-10s,60,0.27405975678505273
lan-gateway-10s,60,0.2741000241604252
lan-gateway-10s,60,0.2741402915357977
lan-gateway-10s,60,0.27418055891117016
lan-gateway-10s,60,0.27422082628654265
lan-gateway-10s,60,0.2742610936619151
lan-gateway-10s,60,0.2743013610372876
lan-gateway-10s,60,0.2743416284126601
lan-gateway-10s,60,0.2743818957880325
lan-gateway-10s,60,0.274422163163405
lan-gateway-10s,60,0.2744624305387775
lan-gateway-10s,60,0.27450269791414994
lan-gateway-10s,60,0.27454296528952243
lan-gateway-10s,60,0.2745832326648949
lan-gateway-10s,60,0.27462350004026737
lan-gateway-10s,60,0.27466376741563986
lan-gateway-10s,60,0.2747040347910123
lan-gateway-10s,60,0.2747443021663848
lan-gateway-10s,60,0.2747845695417573
lan-gateway-10s,60,0.2748248369171297
lan-gateway-10s,60,0.2748651042925022
lan-gateway-10s,60,0.2749053716678747
lan-gateway-10s,60,0.27494563904324715
lan-gateway-10s,60,0.27498590641861964
lan-gateway-10s,60,0.27502617379399213
lan-gateway-10s,60,0.2750664411693646
lan-gateway-10s,60,0.27510670854473707
lan-gateway-10s,60,0.2751469759201095
lan-gateway-10s,60,0.275187243295482
lan-gateway-10s,60,0.2752275106708545
lan-gateway-10s,60,0.27526777804622693
lan-gateway-10s,60,0.2753080454215994
lan-gateway-10s,60,0.2753483127969719
lan-gateway-10s,60,0.27538858017234435
lan-gateway-10s,60,0.27542884754771685
lan-gateway-10s,60,0.2754691149230893
lan-gateway-10s,60,0.2755093822984618
lan-gateway-10s,60,0.2755496496738343
lan-gateway-10s,60,0.2755899170492067
lan-gateway-10s,60,0.2756301844245792
lan-gateway-10s,60,0.2756704517999517
lan-gateway-10s,60,0.27571071917532414
lan-gateway-10s,60,0.27575098655069663
lan-gateway-10s,60,0.2757912539260691
lan-gateway-10s,60,0.27583152130144156
lan-gateway-10s,60,0.27587178867681406
lan-gateway-10s,60,0.2759120560521865
lan-gateway-10s,60,0.275952323427559
lan-gateway-10s,60,0.2759925908029315
lan-gateway-10s,60,0.2760328581783039
lan-gateway-10s,60,0.2760731255536764
lan-gateway-10s,60,0.2761133929290489
lan-gateway-10s,60,0.27615366030442134
lan-gateway-10s,60,0.27619392767979384
lan-gateway-10s,60,0.27623419505516633
lan-gateway-10s,60,0.27627446243053877
lan-gateway-10s,60,0.27631472980591126
lan-gateway-10s,60,0.2763549971812837
lan-gateway-10s,60,0.2763952645566562
lan-gateway-10s,60,0.2764355319320287
lan-gateway-10s,60,0.2764757993074011
lan-gateway-10s,60,0.2765160666827736
lan-gateway-10s,60,0.2765563340581461
lan-gateway-10s,60,0.27659660143351855
lan-gateway-10s,60,0.27663686880889105
lan-gateway-10s,60,0.2766771361842635
lan-gateway-10s,60,0.276717403559636
lan-gateway-10s,60,0.27675767093500847
lan-gateway-10s,60,0.2767979383103809
lan-gateway-10s,60,0.2768382056857534
lan-gateway-10s,60,0.2768784730611259
lan-gateway-10s,60,0.27691874043649833
lan-gateway-10s,60,0.2769590078118708
lan-gateway-10s,60,0.2769992751872433
lan-gateway-10s,60,0.27703954256261576
lan-gateway-10s,60,0.27707980993798825
lan-gateway-10s,60,0.2771200773133607
lan-gateway-10s,60,0.2771603446887332
lan-gateway-10s,60,0.2772006120641057
lan-gateway-10s,60,0.2772408794394781
lan-gateway-10s,60,0.2772811468148506
lan-gateway-10s,60,0.2773214141902231
lan-gateway-10s,60,0.27736168156559554
lan-gateway-10s,60,0.27740194894096804
lan-gateway-10s,60,0.27744221631634053
lan-gateway-10s,60,0.27748248369171297
lan-gateway-10s,60,0.27752275106708546
lan-gateway-10s,60,0.2775630184424579
lan-gateway-10s,60,0.2776032858178304
lan-gateway-10s,60,0.2776435531932029
lan-gateway-10s,60,0.2776838205685753
lan-gateway-10s,60,0.2777240879439478
lan-gateway-10s,60,0.2777643553193203
lan-gateway-10s,60,0.27780462269469275
lan-gateway-10s,60,0.27784489007006524
lan-gateway-10s,60,0.2778851574454377
lan-gateway-10s,60,0.2779254248208102
lan-gateway-10s,60,0.27796569219618267
lan-gateway-10s,60,0.2780059595715551
lan-gateway-10s,60,0.2780462269469276
lan-gateway-10s,60,0.2780864943223001
lan-gateway-10s,60,0.27812676169767253
lan-gateway-10s,60,0.278167029073045
lan-gateway-10s,60,0.2782072964484175
lan-gateway-10s,60,0.27824756382378996
lan-gateway-10s,60,0.27828783119916245
lan-gateway-10s,60,0.2783280985745349
lan-gateway-10s,60,0.2783683659499074
lan-gateway-10s,60,0.2784086333252799
lan-gateway-10s,60,0.2784489007006523
lan-gateway-10s,60,0.2784891680760248
lan-gateway-10s,60,0.2785294354513973
lan-gateway-10s,60,0.27856970282676974
lan-gateway-10s,60,0.27860997020214223
lan-gateway-10s,60,0.27865023757751467
lan-gateway-10s,60,0.27869050495288716
lan-gateway-10s,60,0.27873077232825966
lan-gateway-10s,60,0.2787710397036321
lan-gateway-10s,60,0.2788113070790046
lan-gateway-10s,60,0.2788515744543771
lan-gateway-10s,60,0.2788918418297495
lan-gateway-10s,60,0.278932109205122
lan-gateway-10s,60,0.2789723765804945
lan-gateway-10s,60,0.27901264395586695
lan-gateway-10s,60,0.27905291133123944
lan-gateway-10s,60,0.2790931787066119
lan-gateway-10s,60,0.27913344608198437
lan-gateway-10s,60,0.27917371345735686
lan-gateway-10s,60,0.2792139808327293
lan-gateway-10s,60,0.2792542482081018
lan-gateway-10s,60,0.2792945155834743
lan-gateway-10s,60,0.27933478295884673
lan-gateway-10s,60,0.2793750503342192
lan-gateway-10s,60,0.2794153177095917
lan-gateway-10s,60,0.27945558508496415
lan-gateway-10s,60,0.27949585246033665
lan-gateway-10s,60,0.2795361198357091
lan-gateway-10s,60,0.2795763872110816
lan-gateway-10s,60,0.27961665458645407
lan-gateway-10s,60,0.2796569219618265
lan-gateway-10s,60,0.279697189337199
lan-gateway-10s,60,0.2797374567125715
lan-gateway-10s,60,0.27977772408794394
lan-gateway-10s,60,0.27981799146331643
lan-gateway-10s,60,0.27985825883868887
lan-gateway-10s,60,0.27989852621406136
lan-gateway-10s,60,0.27993879358943385
lan-gateway-10s,60,0.2799790609648063
lan-gateway-10s,60,0.2800193283401788
lan-gateway-10s,60,0.2800595957155513
lan-gateway-10s,60,0.2800998630909237
lan-gateway-10s,60,0.2801401304662962
lan-gateway-10s,60,0.2801803978416687
lan-gateway-10s,60,0.28022066521704114
lan-gateway-10s,60,0.28026093259241364
lan-gateway-10s,60,0.2803011999677861
lan-gateway-10s,60,0.28034146734315857
lan-gateway-10s,60,0.28038173471853106
lan-gateway-10s,60,0.2804220020939035
lan-gateway-10s,60,0.280462269469276
lan-gateway-10s,60,0.2805025368446485
lan-gateway-10s,60,0.2805428042200209
lan-gateway-10s,60,0.2805830715953934
lan-gateway-10s,60,0.2806233389707659
lan-gateway-10s,60,0.28066360634613835
lan-gateway-10s,60,0.28070387372151084
lan-gateway-10s,60,0.2807441410968833
lan-gateway-10s,60,0.2807844084722558
lan-gateway-10s,60,0.28082467584762827
lan-gateway-10s,60,0.2808649432230007
lan-gateway-10s,60,0.2809052105983732
lan-gateway-10s,60,0.2809454779737457
lan-gateway-10s,60,0.28098574534911813
lan-gateway-10s,60,0.2810260127244906
lan-gateway-10s,60,0.28106628009986306
lan-gateway-10s,60,0.28110654747523556
lan-gateway-10s,60,0.28114681485060805
lan-gateway-10s,60,0.2811870822259805
lan-gateway-10s,60,0.281227349601353
lan-gateway-10s,60,0.2812676169767255
lan-gateway-10s,60,0.2813078843520979
lan-gateway-10s,60,0.2813481517274704
lan-gateway-10s,60,0.2813884191028429
lan-gateway-10s,60,0.28142868647821534
lan-gateway-10s,60,0.28146895385358783
lan-gateway-10s,60,0.28150922122896027
lan-gateway-10s,60,0.28154948860433276
lan-gateway-10s,60,0.28158975597970526
lan-gateway-10s,60,0.2816300233550777
lan-gateway-10s,60,0.2816702907304502
lan-gateway-10s,60,0.2817105581058227
lan-gateway-10s,60,0.2817508254811951
lan-gateway-10s,60,0.2817910928565676
lan-gateway-10s,60,0.2818313602319401
lan-gateway-10s,60,0.28187162760731255
lan-gateway-10s,60,0.28191189498268504
lan-gateway-10s,60,0.2819521623580575
lan-gateway-10s,60,0.28199242973343
lan-gateway-10s,60,0.28203269710880247
lan-gateway-10s,60,0.2820729644841749
lan-gateway-10s,60,0.2821132318595474
lan-gateway-10s,60,0.2821534992349199
lan-gateway-10s,60,0.28219376661029233
lan-gateway-10s,60,0.2822340339856648
lan-gateway-10s,60,0.28227430136103726
lan-gateway-10s,60,0.28231456873640975
lan-gateway-10s,60,0.28235483611178225
lan-gateway-10s,60,0.2823951034871547
lan-gateway-10s,60,0.2824353708625272
lan-gateway-10s,60,0.2824756382378997
lan-gateway-10s,60,0.2825159056132721
lan-gateway-10s,60,0.2825561729886446
lan-gateway-10s,60,0.2825964403640171
lan-gateway-10s,60,0.28263670773938954
lan-gateway-10s,60,0.28267697511476203
lan-gateway-10s,60,0.28271724249013447
lan-gateway-10s,60,0.28275750986550696
lan-gateway-10s,60,0.28279777724087946
lan-gateway-10s,60,0.2828380446162519
lan-gateway-10s,60,0.2828783119916244
lan-gateway-10s,60,0.2829185793669969
lan-gateway-10s,60,0.2829588467423693
lan-gateway-10s,60,0.2829991141177418
lan-gateway-10s,60,0.2830393814931143
lan-gateway-10s,60,0.28307964886848674
lan-gateway-10s,60,0.28311991624385924
lan-gateway-10s,60,0.2831601836192317
lan-gateway-10s,60,0.28320045099460417
lan-gateway-10s,60,0.28324071836997666
lan-gateway-10s,60,0.2832809857453491
lan-gateway-10s,60,0.2833212531207216
lan-gateway-10s,60,0.2833615204960941
lan-gateway-10s,60,0.2834017878714665
lan-gateway-10s,60,0.283442055246839
lan-gateway-10s,60,0.28348232262221146
lan-gateway-10s,60,0.28352258999758395
lan-gateway-10s,60,0.28356285737295645
lan-gateway-10s,60,0.2836031247483289
lan-gateway-10s,60,0.2836433921237014
lan-gateway-10s,60,0.28368365949907387
lan-gateway-10s,60,0.2837239268744463
lan-gateway-10s,60,0.2837641942498188
lan-gateway-10s,60,0.2838044616251913
lan-gateway-10s,60,0.28384472900056373
lan-gateway-10s,60,0.2838849963759362
lan-gateway-10s,60,0.28392526375130867
lan-gateway-10s,60,0.28396553112668116
lan-gateway-10s,60,0.28400579850205365
lan-gateway-10s,60,0.2840460658774261
lan-gateway-10s,60,0.2840863332527986
lan-gateway-10s,60,0.2841266006281711
lan-gateway-10s,60,0.2841668680035435
lan-gateway-10s,60,0.284207135378916
lan-gateway-10s,60,0.2842474027542885
lan-gateway-10s,60,0.28428767012966094
lan-gateway-10s,60,0.28432793750503343
lan-gateway-10s,60,0.2843682048804059
lan-gateway-10s,60,0.28440847225577837
lan-gateway-10s,60,0.28444873963115086
lan-gateway-10s,60,0.2844890070065233
lan-gateway-10s,60,0.2845292743818958
lan-gateway-10s,60,0.2845695417572683
lan-gateway-10s,60,0.2846098091326407
lan-gateway-10s,60,0.2846500765080132
lan-gateway-10s,60,0.28469034388338565
lan-gateway-10s,60,0.28473061125875815
lan-gateway-10s,60,0.28477087863413064
lan-gateway-10s,60,0.2848111460095031
lan-gateway-10s,60,0.2848514133848756
lan-gateway-10s,60,0.28489168076024807
lan-gateway-10s,60,0.2849319481356205
lan-gateway-10s,60,0.284972215510993
lan-gateway-10s,60,0.2850124828863655
lan-gateway-10s,60,0.28505275026173793
lan-gateway-10s,60,0.2850930176371104
lan-gateway-10s,60,0.28513328501248286
lan-gateway-10s,60,0.28517355238785536
lan-gateway-10s,60,0.28521381976322785
lan-gateway-10s,60,0.2852540871386003
lan-gateway-10s,60,0.2852943545139728
lan-gateway-10s,60,0.2853346218893453
lan-gateway-10s,60,0.2853748892647177
lan-gateway-10s,60,0.2854151566400902
lan-gateway-10s,60,0.2854554240154627
lan-gateway-10s,60,0.28549569139083514
lan-gateway-10s,60,0.28553595876620763
lan-gateway-10s,60,0.28557622614158007
lan-gateway-10s,60,0.28561649351695256
lan-gateway-10s,60,0.28565676089232506
lan-gateway-10s,60,0.2856970282676975
lan-gateway-10s,60,0.28573729564307
lan-gateway-10s,60,0.2857775630184425
lan-gateway-10s,60,0.2858178303938149
lan-gateway-10s,60,0.2858580977691874
lan-gateway-10s,60,0.28589836514455985
lan-gateway-10s,60,0.28593863251993235
lan-gateway-10s,60,0.28597889989530484
lan-gateway-10s,60,0.2860191672706773
lan-gateway-10s,60,0.28605943464604977
lan-gateway-10s,60,0.28609970202142226
lan-gateway-10s,60,0.2861399693967947
lan-gateway-10s,60,0.2861802367721672
lan-gateway-10s,60,0.2862205041475397
lan-gateway-10s,60,0.2862607715229121
lan-gateway-10s,60,0.2863010388982846
lan-gateway-10s,60,0.28634130627365706
lan-gateway-10s,60,0.28638157364902955
lan-gateway-10s,60,0.28642184102440205
lan-gateway-10s,60,0.2864621083997745
lan-gateway-10s,60,0.286502375775147
lan-gateway-10s,60,0.28654264315051947
lan-gateway-10s,60,0.2865829105258919
lan-gateway-10s,60,0.2866231779012644
lan-gateway-10s,60,0.28666344527663684
lan-gateway-10s,60,0.28670371265200933
lan-gateway-10s,60,0.28674398002738183
lan-gateway-10s,60,0.28678424740275427
lan-gateway-10s,60,0.28682451477812676
lan-gateway-10s,60,0.28686478215349925
lan-gateway-10s,60,0.2869050495288717
lan-gateway-10s,60,0.2869453169042442
lan-gateway-10s,60,0.2869855842796167
lan-gateway-10s,60,0.2870258516549891
lan-gateway-10s,60,0.2870661190303616
lan-gateway-10s,60,0.28710638640573405
lan-gateway-10s,60,0.28714665378110654
lan-gateway-10s,60,0.28718692115647904
lan-gateway-10s,60,0.2872271885318515
lan-gateway-10s,60,0.28726745590722397
lan-gateway-10s,60,0.28730772328259646
lan-gateway-10s,60,0.2873479906579689
lan-gateway-10s,60,0.2873882580333414
lan-gateway-10s,60,0.2874285254087139
lan-gateway-10s,60,0.2874687927840863
lan-gateway-10s,60,0.2875090601594588
lan-gateway-10s,60,0.28754932753483126
lan-gateway-10s,60,0.28758959491020375
lan-gateway-10s,60,0.28762986228557624
lan-gateway-10s,60,0.2876701296609487
lan-gateway-10s,60,0.2877103970363212
lan-gateway-10s,60,0.28775066441169367
lan-gateway-10s,60,0.2877909317870661
lan-gateway-10s,60,0.2878311991624386
lan-gateway-10s,60,0.28787146653781104
lan-gateway-10s,60,0.28791173391318353
lan-gateway-10s,60,0.287952001288556
lan-gateway-10s,60,0.28799226866392846
lan-gateway-10s,60,0.28803253603930096
lan-gateway-10s,60,0.28807280341467345
lan-gateway-10s,60,0.2881130707900459
lan-gateway-10s,60,0.2881533381654184
lan-gateway-10s,60,0.2881936055407909
lan-gateway-10s,60,0.2882338729161633
lan-gateway-10s,60,0.2882741402915358
lan-gateway-10s,60,0.28831440766690825
lan-gateway-10s,60,0.28835467504228074
lan-gateway-10s,60,0.28839494241765323
lan-gateway-10s,60,0.28843520979302567
lan-gateway-10s,60,0.28847547716839816
lan-gateway-10s,60,0.28851574454377066
lan-gateway-10s,60,0.2885560119191431
lan-gateway-10s,60,0.2885962792945156
lan-gateway-10s,60,0.2886365466698881
lan-gateway-10s,60,0.2886768140452605
lan-gateway-10s,60,0.288717081420633
lan-gateway-10s,60,0.28875734879600545
lan-gateway-10s,60,0.28879761617137795
lan-gateway-10s,60,0.28883788354675044
lan-gateway-10s,60,0.2888781509221229
lan-gateway-10s,60,0.28891841829749537
lan-gateway-10s,60,0.28895868567286787
lan-gateway-10s,60,0.2889989530482403
lan-gateway-10s,60,0.2890392204236128
lan-gateway-10s,60,0.28907948779898524
lan-gateway-10s,60,0.28911975517435773
lan-gateway-10s,60,0.2891600225497302
lan-gateway-10s,60,0.28920028992510266
lan-gateway-10s,60,0.28924055730047515
lan-gateway-10s,60,0.28928082467584765
lan-gateway-10s,60,0.2893210920512201
lan-gateway-10s,60,0.2893613594265926
lan-gateway-10s,60,0.2894016268019651
lan-gateway-10s,60,0.2894418941773375
lan-gateway-10s,60,0.28948216155271
lan-gateway-10s,60,0.28952242892808244
lan-gateway-10s,60,0.28956269630345494
lan-gateway-10s,60,0.28960296367882743
lan-gateway-10s,60,0.28964323105419987
lan-gateway-10s,60,0.28968349842957236
lan-gateway-10s,60,0.28972376580494485
lan-gateway-10s,60,0.2897640331803173
lan-gateway-10s,60,0.2898043005556898
lan-gateway-10s,60,0.2898445679310623
lan-gateway-10s,60,0.2898848353064347
lan-gateway-10s,60,0.2899251026818072
lan-gateway-10s,60,0.28996537005717965
lan-gateway-10s,60,0.29000563743255214
lan-gateway-10s,60,0.29004590480792464
lan-gateway-10s,60,0.2900861721832971
lan-gateway-10s,60,0.29012643955866957
lan-gateway-10s,60,0.29016670693404206
lan-gateway-10s,60,0.2902069743094145
lan-gateway-10s,60,0.290247241684787
lan-gateway-10s,60,0.29028750906015943
lan-gateway-10s,60,0.2903277764355319
lan-gateway-10s,60,0.2903680438109044
lan-gateway-10s,60,0.29040831118627686
lan-gateway-10s,60,0.29044857856164935
lan-gateway-10s,60,0.29048884593702184
lan-gateway-10s,60,0.2905291133123943
lan-gateway-10s,60,0.2905693806877668
lan-gateway-10s,60,0.29060964806313927
lan-gateway-10s,60,0.2906499154385117
lan-gateway-10s,60,0.2906901828138842
lan-gateway-10s,60,0.29073045018925664
lan-gateway-10s,60,0.29077071756462913
lan-gateway-10s,60,0.2908109849400016
lan-gateway-10s,60,0.29085125231537406
lan-gateway-10s,60,0.29089151969074656
lan-gateway-10s,60,0.29093178706611905
lan-gateway-10s,60,0.2909720544414915
lan-gateway-10s,60,0.291012321816864
lan-gateway-10s,60,0.2910525891922365
lan-gateway-10s,60,0.2910928565676089
lan-gateway-10s,60,0.2911331239429814
lan-gateway-10s,60,0.29117339131835385
lan-gateway-10s,60,0.29121365869372634
lan-gateway-10s,60,0.29125392606909883
lan-gateway-10s,60,0.29129419344447127
lan-gateway-10s,60,0.29133446081984377
lan-gateway-10s,60,0.29137472819521626
lan-gateway-10s,60,0.2914149955705887
lan-gateway-10s,60,0.2914552629459612
lan-gateway-10s,60,0.29149553032133363
lan-gateway-10s,60,0.2915357976967061
lan-gateway-10s,60,0.2915760650720786
lan-gateway-10s,60,0.29161633244745105
lan-gateway-10s,60,0.29165659982282355
lan-gateway-10s,60,0.29169686719819604
lan-gateway-10s,60,0.2917371345735685
lan-gateway-10s,60,0.291777401948941
lan-gateway-10s,60,0.29181766932431347
lan-gateway-10s,60,0.2918579366996859
lan-gateway-10s,60,0.2918982040750584
lan-gateway-10s,60,0.29193847145043084
lan-gateway-10s,60,0.29197873882580333
lan-gateway-10s,60,0.2920190062011758
lan-gateway-10s,60,0.29205927357654826
lan-gateway-10s,60,0.29209954095192076
lan-gateway-10s,60,0.29213980832729325
lan-gateway-10s,60,0.2921800757026657
lan-gateway-10s,60,0.2922203430780382
lan-gateway-10s,60,0.2922606104534107
lan-gateway-10s,60,0.2923008778287831
lan-gateway-10s,60,0.2923411452041556
lan-gateway-10s,60,0.29238141257952804
lan-gateway-10s,60,0.29242167995490054
lan-gateway-10s,60,0.29246194733027303
lan-gateway-10s,60,0.29250221470564547
lan-gateway-10s,60,0.29254248208101796
lan-gateway-10s,60,0.29258274945639046
lan-gateway-10s,60,0.2926230168317629
lan-gateway-10s,60,0.2926632842071354
lan-gateway-10s,60,0.2927035515825078
lan-gateway-10s,60,0.2927438189578803
lan-gateway-10s,60,0.2927840863332528
lan-gateway-10s,60,0.29282435370862525
lan-gateway-10s,60,0.29286462108399774
lan-gateway-10s,60,0.29290488845937024
lan-gateway-10s,60,0.2929451558347427
lan-gateway-10s,60,0.29298542321011517
lan-gateway-10s,60,0.29302569058548766
lan-gateway-10s,60,0.2930659579608601
lan-gateway-10s,60,0.2931062253362326
lan-gateway-10s,60,0.29314649271160503
lan-gateway-10s,60,0.2931867600869775
lan-gateway-10s,60,0.29322702746235
lan-gateway-10s,60,0.29326729483772246
lan-gateway-10s,60,0.29330756221309495
lan-gateway-10s,60,0.29334782958846745
lan-gateway-10s,60,0.2933880969638399
lan-gateway-10s,60,0.2934283643392124
lan-gateway-10s,60,0.29346863171458487
lan-gateway-10s,60,0.2935088990899573
lan-gateway-10s,60,0.2935491664653298
lan-gateway-10s,60,0.29358943384070224
lan-gateway-10s,60,0.29362970121607473
lan-gateway-10s,60,0.29366996859144723
lan-gateway-10s,60,0.29371023596681967
lan-gateway-10s,60,0.29375050334219216
lan-gateway-10s,60,0.29379077071756465
lan-gateway-10s,60,0.2938310380929371
lan-gateway-10s,60,0.2938713054683096
lan-gateway-10s,60,0.293911572843682
lan-gateway-10s,60,0.2939518402190545
lan-gateway-10s,60,0.293992107594427
lan-gateway-10s,60,0.29403237496979945
lan-gateway-10s,60,0.29407264234517194
lan-gateway-10s,60,0.29411290972054444
lan-gateway-10s,60,0.2941531770959169
lan-gateway-10s,60,0.29419344447128937
lan-gateway-10s,60,0.29423371184666186
lan-gateway-10s,60,0.2942739792220343
lan-gateway-10s,60,0.2943142465974068
lan-gateway-10s,60,0.29435451397277923
lan-gateway-10s,60,0.2943947813481517
lan-gateway-10s,60,0.2944350487235242
lan-gateway-10s,60,0.29447531609889666
lan-gateway-10s,60,0.29451558347426915
lan-gateway-10s,60,0.29455585084964164
lan-gateway-10s,60,0.2945961182250141
lan-gateway-10s,60,0.2946363856003866
lan-gateway-10s,60,0.294676652975759
lan-gateway-10s,60,0.2947169203511315
lan-gateway-10s,60,0.294757187726504
lan-gateway-10s,60,0.29479745510187644
lan-gateway-10s,60,0.29483772247724893
lan-gateway-10s,60,0.2948779898526214
lan-gateway-10s,60,0.29491825722799386
lan-gateway-10s,60,0.29495852460336636
lan-gateway-10s,60,0.29499879197873885
lan-gateway-10s,60,0.2950390593541113
lan-gateway-10s,60,0.2950793267294838
lan-gateway-10s,60,0.2951195941048562
lan-gateway-10s,60,0.2951598614802287
lan-gateway-10s,60,0.2952001288556012
lan-gateway-10s,60,0.29524039623097365
lan-gateway-10s,60,0.29528066360634614
lan-gateway-10s,60,0.29532093098171863
lan-gateway-10s,60,0.29536119835709107
lan-gateway-10s,60,0.29540146573246356
lan-gateway-10s,60,0.29544173310783606
lan-gateway-10s,60,0.2954820004832085
lan-gateway-10s,60,0.295522267858581
lan-gateway-10s,60,0.2955625352339534
lan-gateway-10s,60,0.2956028026093259
lan-gateway-10s,60,0.2956430699846984
lan-gateway-10s,60,0.29568333736007085
lan-gateway-10s,60,0.29572360473544335
lan-gateway-10s,60,0.29576387211081584
lan-gateway-10s,60,0.2958041394861883
lan-gateway-10s,60,0.29584440686156077
lan-gateway-10s,60,0.2958846742369332
lan-gateway-10s,60,0.2959249416123057
lan-gateway-10s,60,0.2959652089876782
lan-gateway-10s,60,0.29600547636305063
lan-gateway-10s,60,0.29604574373842313
lan-gateway-10s,60,0.2960860111137956
lan-gateway-10s,60,0.29612627848916806
lan-gateway-10s,60,0.29616654586454055
lan-gateway-10s,60,0.29620681323991305
lan-gateway-10s,60,0.2962470806152855
lan-gateway-10s,60,0.296287347990658
lan-gateway-10s,60,0.2963276153660304
lan-gateway-10s,60,0.2963678827414029
lan-gateway-10s,60,0.2964081501167754
lan-gateway-10s,60,0.29644841749214784
lan-gateway-10s,60,0.29648868486752034
lan-gateway-10s,60,0.29652895224289283
lan-gateway-10s,60,0.29656921961826527
lan-gateway-10s,60,0.29660948699363776
lan-gateway-10s,60,0.29664975436901025
lan-gateway-10s,60,0.2966900217443827
lan-gateway-10s,60,0.2967302891197552
lan-gateway-10s,60,0.2967705564951276
lan-gateway-10s,60,0.2968108238705001
lan-gateway-10s,60,0.2968510912458726
lan-gateway-10s,60,0.29689135862124505
lan-gateway-10s,60,0.29693162599661754
lan-gateway-10s,60,0.29697189337199004
lan-gateway-10s,60,0.2970121607473625
lan-gateway-10s,60,0.29705242812273497
lan-gateway-10s,60,0.2970926954981074
lan-gateway-10s,60,0.2971329628734799
lan-gateway-10s,60,0.2971732302488524
lan-gateway-10s,60,0.29721349762422483
lan-gateway-10s,60,0.2972537649995973
lan-gateway-10s,60,0.2972940323749698
lan-gateway-10s,60,0.29733429975034226
lan-gateway-10s,60,0.29737456712571475
lan-gateway-10s,60,0.29741483450108724
lan-gateway-10s,60,0.2974551018764597
lan-gateway-10s,60,0.2974953692518322
lan-gateway-10s,60,0.2975356366272046
lan-gateway-10s,60,0.2975759040025771
lan-gateway-10s,60,0.2976161713779496
lan-gateway-10s,60,0.29765643875332204
lan-gateway-10s,60,0.29769670612869453
lan-gateway-10s,60,0.297736973504067
lan-gateway-10s,60,0.29777724087943946
lan-gateway-10s,60,0.29781750825481196
lan-gateway-10s,60,0.29785777563018445
lan-gateway-10s,60,0.2978980430055569
lan-gateway-10s,60,0.2979383103809294
lan-gateway-10s,60,0.2979785777563018
lan-gateway-10s,60,0.2980188451316743
lan-gateway-10s,60,0.2980591125070468
lan-gateway-10s,60,0.29809937988241925
lan-gateway-10s,60,0.29813964725779174
lan-gateway-10s,60,0.29817991463316423
lan-gateway-10s,60,0.29822018200853667
lan-gateway-10s,60,0.29826044938390917
lan-gateway-10s,60,0.2983007167592816
lan-gateway-10s,60,0.2983409841346541
lan-gateway-10s,60,0.2983812515100266
lan-gateway-10s,60,0.29842151888539903
lan-gateway-10s,60,0.2984617862607715
lan-gateway-10s,60,0.298502053636144
lan-gateway-10s,60,0.29854232101151645
lan-gateway-10s,60,0.29858258838688895
lan-gateway-10s,60,0.29862285576226144
lan-gateway-10s,60,0.2986631231376339
lan-gateway-10s,60,0.2987033905130064
lan-gateway-10s,60,0.2987436578883788
lan-gateway-10s,60,0.2987839252637513
lan-gateway-10s,60,0.2988241926391238
lan-gateway-10s,60,0.29886446001449624
lan-gateway-10s,60,0.29890472738986873
lan-gateway-10s,60,0.2989449947652412
lan-gateway-10s,60,0.29898526214061366
lan-gateway-10s,60,0.29902552951598615
lan-gateway-10s,60,0.29906579689135865
lan-gateway-10s,60,0.2991060642667311
lan-gateway-10s,60,0.2991463316421036
lan-gateway-10s,60,0.299186599017476
lan-gateway-10s,60,0.2992268663928485
lan-gateway-10s,60,0.299267133768221
lan-gateway-10s,60,0.29930740114359344
lan-gateway-10s,60,0.29934766851896594
lan-gateway-10s,60,0.29938793589433843
lan-gateway-10s,60,0.29942820326971087
lan-gateway-10s,60,0.29946847064508336
lan-gateway-10s,60,0.2995087380204558
lan-gateway-10s,60,0.2995490053958283
lan-gateway-10s,60,0.2995892727712008
lan-gateway-10s,60,0.2996295401465732
lan-gateway-10s,60,0.2996698075219457
lan-gateway-10s,60,0.2997100748973182
lan-gateway-10s,60,0.29975034227269065
lan-gateway-10s,60,0.29979060964806314
lan-gateway-10s,60,0.29983087702343564
lan-gateway-10s,60,0.2998711443988081
lan-gateway-10s,60,0.29991141177418057
lan-gateway-10s,60,0.299951679149553
lan-gateway-10s,60,0.2999919465249255
lan-gateway-10s,60,0.300032213900298
lan-gateway-10s,60,0.30007248127567043
lan-gateway-10s,60,0.3001127486510429
lan-gateway-10s,60,0.3001530160264154
lan-gateway-10s,60,0.30019328340178786
lan-gateway-10s,60,0.30023355077716035
lan-gateway-10s,60,0.30027381815253285
lan-gateway-10s,60,0.3003140855279053
lan-gateway-10s,60,0.3003543529032778
lan-gateway-10s,60,0.3003946202786502
lan-gateway-10s,60,0.3004348876540227
lan-gateway-10s,60,0.3004751550293952
lan-gateway-10s,60,0.30051542240476764
lan-gateway-10s,60,0.30055568978014013
lan-gateway-10s,60,0.3005959571555126
lan-gateway-10s,60,0.30063622453088507
lan-gateway-10s,60,0.30067649190625756
lan-gateway-10s,60,0.30071675928163
lan-gateway-10s,60,0.3007570266570025
lan-gateway-10s,60,0.300797294032375
lan-gateway-10s,60,0.3008375614077474
lan-gateway-10s,60,0.3008778287831199
lan-gateway-10s,60,0.3009180961584924
lan-gateway-10s,60,0.30095836353386485
lan-gateway-10s,60,0.30099863090923734
lan-gateway-10s,60,0.30103889828460983
lan-gateway-10s,60,0.3010791656599823
lan-gateway-10s,60,0.30111943303535477
lan-gateway-10s,60,0.3011597004107272
lan-gateway-10s,60,0.3011999677860997
lan-gateway-10s,60,0.3012402351614722
lan-gateway-10s,60,0.30128050253684463
lan-gateway-10s,60,0.3013207699122171
lan-gateway-10s,60,0.3013610372875896
lan-gateway-10s,60,0.30140130466296206
lan-gateway-10s,60,0.30144157203833455
lan-gateway-10s,60,0.30148183941370704
lan-gateway-10s,60,0.3015221067890795
lan-gateway-10s,60,0.301562374164452
lan-gateway-10s,60,0.3016026415398244
lan-gateway-10s,60,0.3016429089151969
lan-gateway-10s,60,0.3016831762905694
lan-gateway-10s,60,0.30172344366594184
lan-gateway-10s,60,0.30176371104131433
lan-gateway-10s,60,0.3018039784166868
lan-gateway-10s,60,0.30184424579205926
lan-gateway-10s,60,0.30188451316743176
lan-gateway-10s,60,0.3019247805428042
lan-gateway-10s,60,0.3019650479181767
lan-gateway-10s,60,0.3020053152935492
lan-gateway-10s,60,0.3020455826689216
lan-gateway-10s,60,0.3020858500442941
lan-gateway-10s,60,0.3021261174196666
lan-gateway-10s,60,0.30216638479503904
lan-gateway-10s,60,0.30220665217041154
lan-gateway-10s,60,0.30224691954578403
lan-gateway-10s,60,0.30228718692115647
lan-gateway-10s,60,0.30232745429652896
lan-gateway-10s,60,0.3023677216719014
lan-gateway-10s,60,0.3024079890472739
lan-gateway-10s,60,0.3024482564226464
lan-gateway-10s,60,0.3024885237980188
lan-gateway-10s,60,0.3025287911733913
lan-gateway-10s,60,0.3025690585487638
lan-gateway-10s,60,0.30260932592413625
lan-gateway-10s,60,0.30264959329950875
lan-gateway-10s,60,0.3026898606748812
lan-gateway-10s,60,0.3027301280502537
lan-gateway-10s,60,0.30277039542562617
lan-gateway-10s,60,0.3028106628009986
lan-gateway-10s,60,0.3028509301763711
lan-gateway-10s,60,0.3028911975517436
lan-gateway-10s,60,0.30293146492711603
lan-gateway-10s,60,0.30297173230248853
lan-gateway-10s,60,0.303011999677861
lan-gateway-10s,60,0.30305226705323346
lan-gateway-10s,60,0.30309253442860595
lan-gateway-10s,60,0.3031328018039784
lan-gateway-10s,60,0.3031730691793509
lan-gateway-10s,60,0.3032133365547234
lan-gateway-10s,60,0.3032536039300958
lan-gateway-10s,60,0.3032938713054683
lan-gateway-10s,60,0.3033341386808408
lan-gateway-10s,60,0.30337440605621324
lan-gateway-10s,60,0.30341467343158574
lan-gateway-10s,60,0.30345494080695823
lan-gateway-10s,60,0.30349520818233067
lan-gateway-10s,60,0.30353547555770316
lan-gateway-10s,60,0.3035757429330756
lan-gateway-10s,60,0.3036160103084481
lan-gateway-10s,60,0.3036562776838206
lan-gateway-10s,60,0.303696545059193
lan-gateway-10s,60,0.3037368124345655
lan-gateway-10s,60,0.303777079809938
lan-gateway-10s,60,0.30381734718531045
lan-gateway-10s,60,0.30385761456068294
lan-gateway-10s,60,0.3038978819360554
lan-gateway-10s,60,0.3039381493114279
lan-gateway-10s,60,0.30397841668680037
lan-gateway-10s,60,0.3040186840621728
lan-gateway-10s,60,0.3040589514375453
lan-gateway-10s,60,0.3040992188129178
lan-gateway-10s,60,0.30413948618829023
lan-gateway-10s,60,0.3041797535636627
lan-gateway-10s,60,0.3042200209390352
lan-gateway-10s,60,0.30426028831440766
lan-gateway-10s,60,0.30430055568978015
lan-gateway-10s,60,0.3043408230651526
lan-gateway-10s,60,0.3043810904405251
lan-gateway-10s,60,0.3044213578158976
lan-gateway-10s,60,0.30446162519127
lan-gateway-10s,60,0.3045018925666425
lan-gateway-10s,60,0.304542159942015
lan-gateway-10s,60,0.30458242731738744
lan-gateway-10s,60,0.30462269469275993
lan-gateway-10s,60,0.3046629620681324
lan-gateway-10s,60,0.30470322944350486
lan-gateway-10s,60,0.30474349681887736
lan-gateway-10s,60,0.3047837641942498
lan-gateway-10s,60,0.3048240315696223
lan-gateway-10s,60,0.3048642989449948
lan-gateway-10s,60,0.3049045663203672
lan-gateway-10s,60,0.3049448336957397
lan-gateway-10s,60,0.3049851010711122
lan-gateway-10s,60,0.30502536844648465
lan-gateway-10s,60,0.30506563582185714
lan-gateway-10s,60,0.3051059031972296
lan-gateway-10s,60,0.30514617057260207
lan-gateway-10s,60,0.30518643794797456
lan-gateway-10s,60,0.305226705323347
lan-gateway-10s,60,0.3052669726987195
lan-gateway-10s,60,0.305307240074092
lan-gateway-10s,60,0.30534750744946443
lan-gateway-10s,60,0.3053877748248369
lan-gateway-10s,60,0.3054280422002094
lan-gateway-10s,60,0.30546830957558185
lan-gateway-10s,60,0.30550857695095435
lan-gateway-10s,60,0.3055488443263268
lan-gateway-10s,60,0.3055891117016993
lan-gateway-10s,60,0.30562937907707177
lan-gateway-10s,60,0.3056696464524442
lan-gateway-10s,60,0.3057099138278167
lan-gateway-10s,60,0.3057501812031892
lan-gateway-10s,60,0.30579044857856164
lan-gateway-10s,60,0.30583071595393413
lan-gateway-10s,60,0.3058709833293066
lan-gateway-10s,60,0.30591125070467906
lan-gateway-10s,60,0.30595151808005155
lan-gateway-10s,60,0.305991785455424
lan-gateway-10s,60,0.3060320528307965
lan-gateway-10s,60,0.306072320206169
lan-gateway-10s,60,0.3061125875815414
lan-gateway-10s,60,0.3061528549569139
lan-gateway-10s,60,0.3061931223322864
lan-gateway-10s,60,0.30623338970765884
lan-gateway-10s,60,0.30627365708303134
lan-gateway-10s,60,0.3063139244584038
lan-gateway-10s,60,0.30635419183377627
lan-gateway-10s,60,0.30639445920914876
lan-gateway-10s,60,0.3064347265845212
lan-gateway-10s,60,0.3064749939598937
lan-gateway-10s,60,0.3065152613352662
lan-gateway-10s,60,0.3065555287106386
lan-gateway-10s,60,0.3065957960860111
lan-gateway-10s,60,0.3066360634613836
lan-gateway-10s,60,0.30667633083675605
lan-gateway-10s,60,0.30671659821212854
lan-gateway-10s,60,0.306756865587501
lan-gateway-10s,60,0.3067971329628735
lan-gateway-10s,60,0.30683740033824597
lan-gateway-10s,60,0.3068776677136184
lan-gateway-10s,60,0.3069179350889909
lan-gateway-10s,60,0.3069582024643634
lan-gateway-10s,60,0.30699846983973583
lan-gateway-10s,60,0.3070387372151083
lan-gateway-10s,60,0.3070790045904808
lan-gateway-10s,60,0.30711927196585326
lan-gateway-10s,60,0.30715953934122575
lan-gateway-10s,60,0.3071998067165982
lan-gateway-10s,60,0.3072400740919707
lan-gateway-10s,60,0.3072803414673432
lan-gateway-10s,60,0.3073206088427156
lan-gateway-10s,60,0.3073608762180881
lan-gateway-10s,60,0.3074011435934606
lan-gateway-10s,60,0.30744141096883304
lan-gateway-10s,60,0.30748167834420553
lan-gateway-10s,60,0.30752194571957797
lan-gateway-10s,60,0.30756221309495047
lan-gateway-10s,60,0.30760248047032296
lan-gateway-10s,60,0.3076427478456954
lan-gateway-10s,60,0.3076830152210679
lan-gateway-10s,60,0.3077232825964404
lan-gateway-10s,60,0.3077635499718128
lan-gateway-10s,60,0.3078038173471853
lan-gateway-10s,60,0.3078440847225578
lan-gateway-10s,60,0.30788435209793025
lan-gateway-10s,60,0.30792461947330274
lan-gateway-10s,60,0.3079648868486752
lan-gateway-10s,60,0.3080051542240477
lan-gateway-10s,60,0.30804542159942017
lan-gateway-10s,60,0.3080856889747926
lan-gateway-10s,60,0.3081259563501651
lan-gateway-10s,60,0.3081662237255376
lan-gateway-10s,60,0.30820649110091003
lan-gateway-10s,60,0.3082467584762825
lan-gateway-10s,60,0.308287025851655
lan-gateway-10s,60,0.30832729322702745
lan-gateway-10s,60,0.30836756060239995
lan-gateway-10s,60,0.3084078279777724
lan-gateway-10s,60,0.3084480953531449
lan-gateway-10s,60,0.3084883627285174
lan-gateway-10s,60,0.3085286301038898
lan-gateway-10s,60,0.3085688974792623
lan-gateway-10s,60,0.3086091648546348
lan-gateway-10s,60,0.30864943223000724
lan-gateway-10s,60,0.30868969960537973
lan-gateway-10s,60,0.30872996698075217
lan-gateway-10s,60,0.30877023435612466
lan-gateway-10s,60,0.30881050173149716
lan-gateway-10s,60,0.3088507691068696
lan-gateway-10s,60,0.3088910364822421
lan-gateway-10s,60,0.3089313038576146
lan-gateway-10s,60,0.308971571232987
lan-gateway-10s,60,0.3090118386083595
lan-gateway-10s,60,0.309052105983732
lan-gateway-10s,60,0.30909237335910444
lan-gateway-10s,60,0.30913264073447694
lan-gateway-10s,60,0.3091729081098494
lan-gateway-10s,60,0.30921317548522187
lan-gateway-10s,60,0.30925344286059436
lan-gateway-10s,60,0.3092937102359668
lan-gateway-10s,60,0.3093339776113393
lan-gateway-10s,60,0.3093742449867118
lan-gateway-10s,60,0.3094145123620842
lan-gateway-10s,60,0.3094547797374567
lan-gateway-10s,60,0.3094950471128292
lan-gateway-10s,60,0.30953531448820165
lan-gateway-10s,60,0.30957558186357415
lan-gateway-10s,60,0.3096158492389466
lan-gateway-10s,60,0.3096561166143191
lan-gateway-10s,60,0.30969638398969157
lan-gateway-10s,60,0.309736651365064
lan-gateway-10s,60,0.3097769187404365
lan-gateway-10s,60,0.309817186115809
lan-gateway-10s,60,0.30985745349118143
lan-gateway-10s,60,0.3098977208665539
lan-gateway-10s,60,0.30993798824192637
lan-gateway-10s,60,0.30997825561729886
lan-gateway-10s,60,0.31001852299267135
lan-gateway-10s,60,0.3100587903680438
lan-gateway-10s,60,0.3100990577434163
lan-gateway-10s,60,0.3101393251187888
lan-gateway-10s,60,0.3101795924941612
lan-gateway-10s,60,0.3102198598695337
lan-gateway-10s,60,0.3102601272449062
lan-gateway-10s,60,0.31030039462027864
lan-gateway-10s,60,0.31034066199565113
lan-gateway-10s,60,0.3103809293710236
lan-gateway-10s,60,0.31042119674639607
lan-gateway-10s,60,0.31046146412176856
lan-gateway-10s,60,0.310501731497141
lan-gateway-10s,60,0.3105419988725135
lan-gateway-10s,60,0.310582266247886
lan-gateway-10s,60,0.3106225336232584
lan-gateway-10s,60,0.3106628009986309
lan-gateway-10s,60,0.31070306837400335
lan-gateway-10s,60,0.31074333574937585
lan-gateway-10s,60,0.31078360312474834
lan-gateway-10s,60,0.3108238705001208
lan-gateway-10s,60,0.3108641378754933
lan-gateway-10s,60,0.31090440525086577
lan-gateway-10s,60,0.3109446726262382
lan-gateway-10s,60,0.3109849400016107
lan-gateway-10s,60,0.3110252073769832
lan-gateway-10s,60,0.31106547475235563
lan-gateway-10s,60,0.3111057421277281
lan-gateway-10s,60,0.31114600950310056
lan-gateway-10s,60,0.31118627687847306
lan-gateway-10s,60,0.31122654425384555
lan-gateway-10s,60,0.311266811629218
lan-gateway-10s,60,0.3113070790045905
lan-gateway-10s,60,0.311347346379963
lan-gateway-10s,60,0.3113876137553354
lan-gateway-10s,60,0.3114278811307079
lan-gateway-10s,60,0.3114681485060804
lan-gateway-10s,60,0.31150841588145284
lan-gateway-10s,60,0.31154868325682533
lan-gateway-10s,60,0.31158895063219777
lan-gateway-10s,60,0.31162921800757026
lan-gateway-10s,60,0.31166948538294276
lan-gateway-10s,60,0.3117097527583152
lan-gateway-10s,60,0.3117500201336877
lan-gateway-10s,60,0.3117902875090602
lan-gateway-10s,60,0.3118305548844326
lan-gateway-10s,60,0.3118708222598051
lan-gateway-10s,60,0.31191108963517755
lan-gateway-10s,60,0.31195135701055005
lan-gateway-10s,60,0.31199162438592254
lan-gateway-10s,60,0.312031891761295
lan-gateway-10s,60,0.31207215913666747
lan-gateway-10s,60,0.31211242651203996
lan-gateway-10s,60,0.3121526938874124
lan-gateway-10s,60,0.3121929612627849
lan-gateway-10s,60,0.3122332286381574
lan-gateway-10s,60,0.3122734960135298
lan-gateway-10s,60,0.3123137633889023
lan-gateway-10s,60,0.31235403076427476
lan-gateway-10s,60,0.31239429813964725
lan-gateway-10s,60,0.31243456551501975
lan-gateway-10s,60,0.3124748328903922
lan-gateway-10s,60,0.3125151002657647
lan-gateway-10s,60,0.31255536764113717
lan-gateway-10s,60,0.3125956350165096
lan-gateway-10s,60,0.3126359023918821
lan-gateway-10s,60,0.3126761697672546
lan-gateway-10s,60,0.31271643714262704
lan-gateway-10s,60,0.31275670451799953
lan-gateway-10s,60,0.31279697189337197
lan-gateway-10s,60,0.31283723926874446
lan-gateway-10s,60,0.31287750664411695
lan-gateway-10s,60,0.3129177740194894
lan-gateway-10s,60,0.3129580413948619
lan-gateway-10s,60,0.3129983087702344
lan-gateway-10s,60,0.3130385761456068
lan-gateway-10s,60,0.3130788435209793
lan-gateway-10s,60,0.31311911089635175
lan-gateway-10s,60,0.31315937827172424
lan-gateway-10s,60,0.31319964564709674
lan-gateway-10s,60,0.3132399130224692
lan-gateway-10s,60,0.31328018039784167
lan-gateway-10s,60,0.31332044777321416
lan-gateway-10s,60,0.3133607151485866
lan-gateway-10s,60,0.3134009825239591
lan-gateway-10s,60,0.3134412498993316
lan-gateway-10s,60,0.313481517274704
lan-gateway-10s,60,0.3135217846500765
lan-gateway-10s,60,0.31356205202544896
lan-gateway-10s,60,0.31360231940082145
lan-gateway-10s,60,0.31364258677619394
lan-gateway-10s,60,0.3136828541515664
lan-gateway-10s,60,0.3137231215269389
lan-gateway-10s,60,0.31376338890231137
lan-gateway-10s,60,0.3138036562776838
lan-gateway-10s,60,0.3138439236530563
lan-gateway-10s,60,0.3138841910284288
lan-gateway-10s,60,0.31392445840380123
lan-gateway-10s,60,0.3139647257791737
lan-gateway-10s,60,0.31400499315454616
lan-gateway-10s,60,0.31404526052991866
lan-gateway-10s,60,0.31408552790529115
lan-gateway-10s,60,0.3141257952806636
lan-gateway-10s,60,0.3141660626560361
lan-gateway-10s,60,0.3142063300314086
lan-gateway-10s,60,0.314246597406781
lan-gateway-10s,60,0.3142868647821535
lan-gateway-10s,60,0.31432713215752595
lan-gateway-10s,60,0.31436739953289844
lan-gateway-10s,60,0.31440766690827093
lan-gateway-10s,60,0.31444793428364337
lan-gateway-10s,60,0.31448820165901586
lan-gateway-10s,60,0.31452846903438836
lan-gateway-10s,60,0.3145687364097608
lan-gateway-10s,60,0.3146090037851333
lan-gateway-10s,60,0.3146492711605058
lan-gateway-10s,60,0.3146895385358782
lan-gateway-10s,60,0.3147298059112507
lan-gateway-10s,60,0.31477007328662315
lan-gateway-10s,60,0.31481034066199565
lan-gateway-10s,60,0.31485060803736814
lan-gateway-10s,60,0.3148908754127406
lan-gateway-10s,60,0.31493114278811307
lan-gateway-10s,60,0.31497141016348557
lan-gateway-10s,60,0.315011677538858
lan-gateway-10s,60,0.3150519449142305
lan-gateway-10s,60,0.315092212289603
lan-gateway-10s,60,0.31513247966497543
lan-gateway-10s,60,0.3151727470403479
lan-gateway-10s,60,0.31521301441572036
lan-gateway-10s,60,0.31525328179109285
lan-gateway-10s,60,0.31529354916646535
lan-gateway-10s,60,0.3153338165418378
lan-gateway-10s,60,0.3153740839172103
lan-gateway-10s,60,0.3154143512925828
lan-gateway-10s,60,0.3154546186679552
lan-gateway-10s,60,0.3154948860433277
lan-gateway-10s,60,0.31553515341870014
lan-gateway-10s,60,0.31557542079407264
lan-gateway-10s,60,0.31561568816944513
lan-gateway-10s,60,0.31565595554481757
lan-gateway-10s,60,0.31569622292019006
lan-gateway-10s,60,0.31573649029556256
lan-gateway-10s,60,0.315776757670935
lan-gateway-10s,60,0.3158170250463075
lan-gateway-10s,60,0.31585729242168
lan-gateway-10s,60,0.3158975597970524
lan-gateway-10s,60,0.3159378271724249
lan-gateway-10s,60,0.31597809454779735
lan-gateway-10s,60,0.31601836192316984
lan-gateway-10s,60,0.31605862929854234
lan-gateway-10s,60,0.3160988966739148
lan-gateway-10s,60,0.31613916404928727
lan-gateway-10s,60,0.31617943142465976
lan-gateway-10s,60,0.3162196988000322
lan-gateway-10s,60,0.3162599661754047
lan-gateway-10s,60,0.3163002335507772
lan-gateway-10s,60,0.3163405009261496
lan-gateway-10s,60,0.3163807683015221
lan-gateway-10s,60,0.31642103567689456
lan-gateway-10s,60,0.31646130305226705
lan-gateway-10s,60,0.31650157042763954
lan-gateway-10s,60,0.316541837803012
lan-gateway-10s,60,0.3165821051783845
lan-gateway-10s,60,0.31662237255375697
lan-gateway-10s,60,0.3166626399291294
lan-gateway-10s,60,0.3167029073045019
lan-gateway-10s,60,0.31674317467987434
lan-gateway-10s,60,0.31678344205524683
lan-gateway-10s,60,0.3168237094306193
lan-gateway-10s,60,0.31686397680599176
lan-gateway-10s,60,0.31690424418136426
lan-gateway-10s,60,0.31694451155673675
lan-gateway-10s,60,0.3169847789321092
lan-gateway-10s,60,0.3170250463074817
lan-gateway-10s,60,0.3170653136828542
lan-gateway-10s,60,0.3171055810582266
lan-gateway-10s,60,0.3171458484335991
lan-gateway-10s,60,0.31718611580897155
lan-gateway-10s,60,0.31722638318434404
lan-gateway-10s,60,0.31726665055971653
lan-gateway-10s,60,0.317306917935089
lan-gateway-10s,60,0.31734718531046147
lan-gateway-10s,60,0.31738745268583396
lan-gateway-10s,60,0.3174277200612064
lan-gateway-10s,60,0.3174679874365789
lan-gateway-10s,60,0.31750825481195133
lan-gateway-10s,60,0.3175485221873238
lan-gateway-10s,60,0.3175887895626963
lan-gateway-10s,60,0.31762905693806875
lan-gateway-10s,60,0.31766932431344125
lan-gateway-10s,60,0.31770959168881374
lan-gateway-10s,60,0.3177498590641862
lan-gateway-10s,60,0.3177901264395587
lan-gateway-10s,60,0.31783039381493117
lan-gateway-10s,60,0.3178706611903036
lan-gateway-10s,60,0.3179109285656761
lan-gateway-10s,60,0.31795119594104854
lan-gateway-10s,60,0.31799146331642103
lan-gateway-10s,60,0.3180317306917935
lan-gateway-10s,60,0.31807199806716596
lan-gateway-10s,60,0.31811226544253846
lan-gateway-10s,60,0.31815253281791095
lan-gateway-10s,60,0.3181928001932834
lan-gateway-10s,60,0.3182330675686559
lan-gateway-10s,60,0.3182733349440284
lan-gateway-10s,60,0.3183136023194008
lan-gateway-10s,60,0.3183538696947733
lan-gateway-10s,60,0.31839413707014574
lan-gateway-10s,60,0.31843440444551824
lan-gateway-10s,60,0.31847467182089073
lan-gateway-10s,60,0.31851493919626317
lan-gateway-10s,60,0.31855520657163566
lan-gateway-10s,60,0.31859547394700816
lan-gateway-10s,60,0.3186357413223806
lan-gateway-10s,60,0.3186760086977531
lan-gateway-10s,60,0.3187162760731255
lan-gateway-10s,60,0.318756543448498
lan-gateway-10s,60,0.3187968108238705
lan-gateway-10s,60,0.31883707819924295
lan-gateway-10s,60,0.31887734557461545
lan-gateway-10s,60,0.31891761294998794
lan-gateway-10s,60,0.3189578803253604
lan-gateway-10s,60,0.31899814770073287
lan-gateway-10s,60,0.31903841507610536
lan-gateway-10s,60,0.3190786824514778
lan-gateway-10s,60,0.3191189498268503
lan-gateway-10s,60,0.31915921720222273
lan-gateway-10s,60,0.3191994845775952
lan-gateway-10s,60,0.3192397519529677
lan-gateway-10s,60,0.31928001932834016
lan-gateway-10s,60,0.31932028670371265
lan-gateway-10s,60,0.31936055407908515
lan-gateway-10s,60,0.3194008214544576
lan-gateway-10s,60,0.3194410888298301
lan-gateway-10s,60,0.31948135620520257
lan-gateway-10s,60,0.319521623580575
lan-gateway-10s,60,0.3195618909559475
lan-gateway-10s,60,0.31960215833131994
lan-gateway-10s,60,0.31964242570669243
lan-gateway-10s,60,0.31968269308206493
lan-gateway-10s,60,0.31972296045743737
lan-gateway-10s,60,0.31976322783280986
lan-gateway-10s,60,0.31980349520818235
lan-gateway-10s,60,0.3198437625835548
lan-gateway-10s,60,0.3198840299589273
lan-gateway-10s,60,0.3199242973342997
lan-gateway-10s,60,0.3199645647096722
lan-gateway-10s,60,0.3200048320850447
lan-gateway-10s,60,0.32004509946041715
lan-gateway-10s,60,0.32008536683578964
lan-gateway-10s,60,0.32012563421116214
lan-gateway-10s,60,0.3201659015865346
lan-gateway-10s,60,0.32020616896190707
lan-gateway-10s,60,0.32024643633727956
lan-gateway-10s,60,0.320286703712652
lan-gateway-10s,60,0.3203269710880245
lan-gateway-10s,60,0.32036723846339693
lan-gateway-10s,60,0.3204075058387694
lan-gateway-10s,60,0.3204477732141419
lan-gateway-10s,60,0.32048804058951436
lan-gateway-10s,60,0.32052830796488685
lan-gateway-10s,60,0.32056857534025934
lan-gateway-10s,60,0.3206088427156318
lan-gateway-10s,60,0.3206491100910043
lan-gateway-10s,60,0.32068937746637677
lan-gateway-10s,60,0.3207296448417492
lan-gateway-10s,60,0.3207699122171217
lan-gateway-10s,60,0.32081017959249414
lan-gateway-10s,60,0.32085044696786663
lan-gateway-10s,60,0.3208907143432391
lan-gateway-10s,60,0.32093098171861156
lan-gateway-10s,60,0.32097124909398406
lan-gateway-10s,60,0.32101151646935655
lan-gateway-10s,60,0.321051783844729
lan-gateway-10s,60,0.3210920512201015
lan-gateway-10s,60,0.3211323185954739
lan-gateway-10s,60,0.3211725859708464
lan-gateway-10s,60,0.3212128533462189
lan-gateway-10s,60,0.32125312072159135
lan-gateway-10s,60,0.32129338809696384
lan-gateway-10s,60,0.32133365547233633
lan-gateway-10s,60,0.32137392284770877
lan-gateway-10s,60,0.32141419022308126
lan-gateway-10s,60,0.32145445759845376
lan-gateway-10s,60,0.3214947249738262
lan-gateway-10s,60,0.3215349923491987
lan-gateway-10s,60,0.3215752597245711
lan-gateway-10s,60,0.3216155270999436
lan-gateway-10s,60,0.3216557944753161
lan-gateway-10s,60,0.32169606185068855
lan-gateway-10s,60,0.32173632922606105
lan-gateway-10s,60,0.32177659660143354
lan-gateway-10s,60,0.321816863976806
lan-gateway-10s,60,0.32185713135217847
lan-gateway-10s,60,0.32189739872755097
lan-gateway-10s,60,0.3219376661029234
lan-gateway-10s,60,0.3219779334782959
lan-gateway-10s,60,0.32201820085366833
lan-gateway-10s,60,0.32205846822904083
lan-gateway-10s,60,0.3220987356044133
lan-gateway-10s,60,0.32213900297978576
lan-gateway-10s,60,0.32217927035515825
lan-gateway-10s,60,0.32221953773053075
lan-gateway-10s,60,0.3222598051059032
lan-gateway-10s,61,0.3223000724812757
lan-gateway-10s,61,0.3223403398566481
lan-gateway-10s,61,0.3223806072320206
lan-gateway-10s,61,0.3224208746073931
lan-gateway-10s,61,0.32246114198276554
lan-gateway-10s,61,0.32250140935813804
lan-gateway-10s,61,0.32254167673351053
lan-gateway-10s,61,0.32258194410888297
lan-gateway-10s,61,0.32262221148425546
lan-gateway-10s,61,0.32266247885962795
lan-gateway-10s,61,0.3227027462350004
lan-gateway-10s,61,0.3227430136103729
lan-gateway-10s,61,0.3227832809857453
lan-gateway-10s,61,0.3228235483611178
lan-gateway-10s,61,0.3228638157364903
lan-gateway-10s,61,0.32290408311186275
lan-gateway-10s,61,0.32294435048723524
lan-gateway-10s,61,0.32298461786260774
lan-gateway-10s,61,0.3230248852379802
lan-gateway-10s,61,0.32306515261335267
lan-gateway-10s,61,0.32310541998872516
lan-gateway-10s,61,0.3231456873640976
lan-gateway-10s,61,0.3231859547394701
lan-gateway-10s,61,0.32322622211484253
lan-gateway-10s,61,0.323266489490215
lan-gateway-10s,61,0.3233067568655875
lan-gateway-10s,61,0.32334702424095996
lan-gateway-10s,61,0.32338729161633245
lan-gateway-10s,61,0.32342755899170494
lan-gateway-10s,61,0.3234678263670774
lan-gateway-10s,62,0.3235080937424499
lan-gateway-10s,62,0.3235483611178223
lan-gateway-10s,62,0.3235886284931948
lan-gateway-10s,62,0.3236288958685673
lan-gateway-10s,62,0.32366916324393974
lan-gateway-10s,62,0.32370943061931223
lan-gateway-10s,62,0.3237496979946847
lan-gateway-10s,62,0.32378996537005716
lan-gateway-10s,62,0.32383023274542966
lan-gateway-10s,62,0.32387050012080215
lan-gateway-10s,62,0.3239107674961746
lan-gateway-10s,62,0.3239510348715471
lan-gateway-10s,62,0.3239913022469195
lan-gateway-10s,62,0.324031569622292
lan-gateway-10s,62,0.3240718369976645
lan-gateway-10s,62,0.32411210437303695
lan-gateway-10s,62,0.32415237174840944
lan-gateway-10s,63,0.32419263912378193
lan-gateway-10s,63,0.32423290649915437
lan-gateway-10s,63,0.32427317387452687
lan-gateway-10s,63,0.32431344124989936
lan-gateway-10s,64,0.3243537086252718
lan-gateway-10s,64,0.3243939760006443
lan-gateway-10s,64,0.32443424337601673
lan-gateway-10s,64,0.3244745107513892
lan-gateway-10s,64,0.3245147781267617
lan-gateway-10s,64,0.32455504550213415
lan-gateway-10s,64,0.32459531287750665
lan-gateway-10s,64,0.32463558025287914
lan-gateway-10s,64,0.3246758476282516
lan-gateway-10s,64,0.3247161150036241
lan-gateway-10s,64,0.3247563823789965
lan-gateway-10s,64,0.324796649754369
lan-gateway-10s,64,0.3248369171297415
lan-gateway-10s,64,0.32487718450511394
lan-gateway-10s,64,0.32491745188048643
lan-gateway-10s,64,0.3249577192558589
lan-gateway-10s,64,0.32499798663123136
lan-gateway-10s,64,0.32503825400660386
lan-gateway-10s,64,0.32507852138197635
lan-gateway-10s,65,0.3251187887573488
lan-gateway-10s,65,0.3251590561327213
lan-gateway-10s,66,0.3251993235080937
lan-gateway-10s,66,0.3252395908834662
lan-gateway-10s,66,0.3252798582588387
lan-gateway-10s,66,0.32532012563421114
lan-gateway-10s,66,0.32536039300958364
lan-gateway-10s,66,0.32540066038495613
lan-gateway-10s,66,0.32544092776032857
lan-gateway-10s,66,0.32548119513570106
lan-gateway-10s,66,0.3255214625110735
lan-gateway-10s,66,0.325561729886446
lan-gateway-10s,66,0.3256019972618185
lan-gateway-10s,66,0.3256422646371909
lan-gateway-10s,66,0.3256825320125634
lan-gateway-10s,66,0.3257227993879359
lan-gateway-10s,66,0.32576306676330835
lan-gateway-10s,66,0.32580333413868084
lan-gateway-10s,66,0.32584360151405334
lan-gateway-10s,66,0.3258838688894258
lan-gateway-10s,66,0.32592413626479827
lan-gateway-10s,66,0.3259644036401707
lan-gateway-10s,66,0.3260046710155432
lan-gateway-10s,66,0.3260449383909157
lan-gateway-10s,66,0.32608520576628813
lan-gateway-10s,66,0.3261254731416606
lan-gateway-10s,66,0.3261657405170331
lan-gateway-10s,66,0.32620600789240556
lan-gateway-10s,66,0.32624627526777805
lan-gateway-10s,66,0.32628654264315055
lan-gateway-10s,66,0.326326810018523
lan-gateway-10s,66,0.3263670773938955
lan-gateway-10s,66,0.3264073447692679
lan-gateway-10s,66,0.3264476121446404
lan-gateway-10s,66,0.3264878795200129
lan-gateway-10s,66,0.32652814689538534
lan-gateway-10s,66,0.32656841427075783
lan-gateway-10s,66,0.3266086816461303
lan-gateway-10s,66,0.32664894902150277
lan-gateway-10s,66,0.32668921639687526
lan-gateway-10s,66,0.3267294837722477
lan-gateway-10s,66,0.3267697511476202
lan-gateway-10s,66,0.3268100185229927
lan-gateway-10s,66,0.3268502858983651
lan-gateway-10s,66,0.3268905532737376
lan-gateway-10s,66,0.3269308206491101
lan-gateway-10s,66,0.32697108802448255
lan-gateway-10s,66,0.32701135539985504
lan-gateway-10s,66,0.32705162277522754
lan-gateway-10s,66,0.3270918901506
lan-gateway-10s,66,0.32713215752597247
lan-gateway-10s,66,0.3271724249013449
lan-gateway-10s,66,0.3272126922767174
lan-gateway-10s,66,0.3272529596520899
lan-gateway-10s,66,0.32729322702746233
lan-gateway-10s,66,0.3273334944028348
lan-gateway-10s,66,0.3273737617782073
lan-gateway-10s,66,0.32741402915357976
lan-gateway-10s,66,0.32745429652895225
lan-gateway-10s,66,0.32749456390432474
lan-gateway-10s,66,0.3275348312796972
lan-gateway-10s,66,0.3275750986550697
lan-gateway-10s,66,0.3276153660304421
lan-gateway-10s,66,0.3276556334058146
lan-gateway-10s,66,0.3276959007811871
lan-gateway-10s,66,0.32773616815655954
lan-gateway-10s,66,0.32777643553193203
lan-gateway-10s,66,0.3278167029073045
lan-gateway-10s,66,0.32785697028267696
lan-gateway-10s,66,0.32789723765804946
lan-gateway-10s,66,0.3279375050334219
lan-gateway-10s,66,0.3279777724087944
lan-gateway-10s,66,0.3280180397841669
lan-gateway-10s,66,0.3280583071595393
lan-gateway-10s,66,0.3280985745349118
lan-gateway-10s,66,0.3281388419102843
lan-gateway-10s,66,0.32817910928565674
lan-gateway-10s,66,0.32821937666102924
lan-gateway-10s,66,0.32825964403640173
lan-gateway-10s,66,0.32829991141177417
lan-gateway-10s,66,0.32834017878714666
lan-gateway-10s,66,0.3283804461625191
lan-gateway-10s,66,0.3284207135378916
lan-gateway-10s,66,0.3284609809132641
lan-gateway-10s,66,0.3285012482886365
lan-gateway-10s,66,0.328541515664009
lan-gateway-10s,66,0.3285817830393815
lan-gateway-10s,66,0.32862205041475395
lan-gateway-10s,66,0.32866231779012645
lan-gateway-10s,66,0.32870258516549894
lan-gateway-10s,66,0.3287428525408714
lan-gateway-10s,66,0.32878311991624387
lan-gateway-10s,66,0.3288233872916163
lan-gateway-10s,66,0.3288636546669888
lan-gateway-10s,66,0.3289039220423613
lan-gateway-10s,66,0.32894418941773373
lan-gateway-10s,66,0.32898445679310623
lan-gateway-10s,66,0.3290247241684787
lan-gateway-10s,66,0.32906499154385116
lan-gateway-10s,66,0.32910525891922365
lan-gateway-10s,66,0.3291455262945961
lan-gateway-10s,66,0.3291857936699686
lan-gateway-10s,66,0.3292260610453411
lan-gateway-10s,66,0.3292663284207135
lan-gateway-10s,66,0.329306595796086
lan-gateway-10s,66,0.3293468631714585
lan-gateway-10s,66,0.32938713054683094
lan-gateway-10s,66,0.32942739792220344
lan-gateway-10s,66,0.32946766529757593
lan-gateway-10s,66,0.32950793267294837
lan-gateway-10s,66,0.32954820004832086
lan-gateway-10s,66,0.3295884674236933
lan-gateway-10s,66,0.3296287347990658
lan-gateway-10s,66,0.3296690021744383
lan-gateway-10s,66,0.3297092695498107
lan-gateway-10s,66,0.3297495369251832
lan-gateway-10s,66,0.3297898043005557
lan-gateway-10s,66,0.32983007167592815
lan-gateway-10s,66,0.32987033905130064
lan-gateway-10s,66,0.32991060642667314
lan-gateway-10s,66,0.3299508738020456
lan-gateway-10s,66,0.32999114117741807
lan-gateway-10s,66,0.3300314085527905
lan-gateway-10s,66,0.330071675928163
lan-gateway-10s,66,0.3301119433035355
lan-gateway-10s,66,0.33015221067890793
lan-gateway-10s,66,0.3301924780542804
lan-gateway-10s,66,0.3302327454296529
lan-gateway-10s,66,0.33027301280502536
lan-gateway-10s,66,0.33031328018039785
lan-gateway-10s,66,0.3303535475557703
lan-gateway-10s,66,0.3303938149311428
lan-gateway-10s,66,0.3304340823065153
lan-gateway-10s,66,0.3304743496818877
lan-gateway-10s,66,0.3305146170572602
lan-gateway-10s,66,0.3305548844326327
lan-gateway-10s,66,0.33059515180800514
lan-gateway-10s,66,0.33063541918337763
lan-gateway-10s,66,0.3306756865587501
lan-gateway-10s,66,0.33071595393412256
lan-gateway-10s,66,0.33075622130949506
lan-gateway-10s,66,0.3307964886848675
lan-gateway-10s,66,0.33083675606024
lan-gateway-10s,66,0.3308770234356125
lan-gateway-10s,66,0.3309172908109849
lan-gateway-10s,66,0.3309575581863574
lan-gateway-10s,66,0.3309978255617299
lan-gateway-10s,66,0.33103809293710235
lan-gateway-10s,66,0.33107836031247484
lan-gateway-10s,66,0.33111862768784733
lan-gateway-10s,66,0.33115889506321977
lan-gateway-10s,66,0.33119916243859227
lan-gateway-10s,66,0.3312394298139647
lan-gateway-10s,66,0.3312796971893372
lan-gateway-10s,66,0.3313199645647097
lan-gateway-10s,66,0.33136023194008213
lan-gateway-10s,66,0.3314004993154546
lan-gateway-10s,66,0.3314407666908271
lan-gateway-10s,66,0.33148103406619955
lan-gateway-10s,66,0.33152130144157205
lan-gateway-10s,66,0.3315615688169445
lan-gateway-10s,66,0.331601836192317
lan-gateway-10s,66,0.3316421035676895
lan-gateway-10s,66,0.3316823709430619
lan-gateway-10s,66,0.3317226383184344
lan-gateway-10s,66,0.3317629056938069
lan-gateway-10s,66,0.33180317306917934
lan-gateway-10s,66,0.33184344044455183
lan-gateway-10s,66,0.3318837078199243
lan-gateway-10s,66,0.33192397519529676
lan-gateway-10s,66,0.33196424257066925
lan-gateway-10s,66,0.3320045099460417
lan-gateway-10s,66,0.3320447773214142
lan-gateway-10s,66,0.3320850446967867
lan-gateway-10s,66,0.3321253120721591
lan-gateway-10s,66,0.3321655794475316
lan-gateway-10s,66,0.3322058468229041
lan-gateway-10s,66,0.33224611419827654
lan-gateway-10s,66,0.33228638157364904
lan-gateway-10s,66,0.33232664894902153
lan-gateway-10s,66,0.33236691632439397
lan-gateway-10s,66,0.33240718369976646
lan-gateway-10s,66,0.3324474510751389
lan-gateway-10s,66,0.3324877184505114
lan-gateway-10s,66,0.3325279858258839
lan-gateway-10s,66,0.3325682532012563
lan-gateway-10s,66,0.3326085205766288
lan-gateway-10s,66,0.3326487879520013
lan-gateway-10s,66,0.33268905532737375
lan-gateway-10s,66,0.33272932270274624
lan-gateway-10s,66,0.3327695900781187
lan-gateway-10s,66,0.3328098574534912
lan-gateway-10s,66,0.33285012482886367
lan-gateway-10s,66,0.3328903922042361
lan-gateway-10s,66,0.3329306595796086
lan-gateway-10s,66,0.3329709269549811
lan-gateway-10s,66,0.33301119433035353
lan-gateway-10s,66,0.333051461705726
lan-gateway-10s,66,0.3330917290810985
lan-gateway-10s,66,0.33313199645647096
lan-gateway-10s,66,0.33317226383184345
lan-gateway-10s,66,0.3332125312072159
lan-gateway-10s,66,0.3332527985825884
lan-gateway-10s,66,0.3332930659579609
lan-gateway-10s,66,0.3333333333333333
lan-gateway-10s,66,0.3333736007087058
lan-gateway-10s,66,0.3334138680840783
lan-gateway-10s,66,0.33345413545945074
lan-gateway-10s,66,0.33349440283482323
lan-gateway-10s,66,0.33353467021019567
lan-gateway-10s,66,0.33357493758556817
lan-gateway-10s,66,0.33361520496094066
lan-gateway-10s,66,0.3336554723363131
lan-gateway-10s,66,0.3336957397116856
lan-gateway-10s,66,0.3337360070870581
lan-gateway-10s,66,0.3337762744624305
lan-gateway-10s,66,0.333816541837803
lan-gateway-10s,66,0.3338568092131755
lan-gateway-10s,66,0.33389707658854795
lan-gateway-10s,66,0.33393734396392044
lan-gateway-10s,66,0.3339776113392929
lan-gateway-10s,66,0.3340178787146654
lan-gateway-10s,66,0.33405814609003787
lan-gateway-10s,66,0.3340984134654103
lan-gateway-10s,66,0.3341386808407828
lan-gateway-10s,66,0.3341789482161553
lan-gateway-10s,66,0.33421921559152773
lan-gateway-10s,66,0.3342594829669002
lan-gateway-10s,66,0.3342997503422727
lan-gateway-10s,66,0.33434001771764515
lan-gateway-10s,66,0.33438028509301765
lan-gateway-10s,66,0.3344205524683901
lan-gateway-10s,66,0.3344608198437626
lan-gateway-10s,66,0.3345010872191351
lan-gateway-10s,66,0.3345413545945075
lan-gateway-10s,66,0.33458162196988
lan-gateway-10s,66,0.3346218893452525
lan-gateway-10s,66,0.33466215672062494
lan-gateway-10s,66,0.33470242409599743
lan-gateway-10s,66,0.33474269147136987
lan-gateway-10s,66,0.33478295884674236
lan-gateway-10s,66,0.33482322622211486
lan-gateway-10s,66,0.3348634935974873
lan-gateway-10s,66,0.3349037609728598
lan-gateway-10s,66,0.3349440283482323
lan-gateway-10s,66,0.3349842957236047
lan-gateway-10s,66,0.3350245630989772
lan-gateway-10s,66,0.3350648304743497
lan-gateway-10s,66,0.33510509784972214
lan-gateway-10s,66,0.33514536522509464
lan-gateway-10s,66,0.3351856326004671
lan-gateway-10s,66,0.33522589997583957
lan-gateway-10s,66,0.33526616735121206
lan-gateway-10s,66,0.3353064347265845
lan-gateway-10s,66,0.335346702101957
lan-gateway-10s,66,0.3353869694773295
lan-gateway-10s,66,0.3354272368527019
lan-gateway-10s,66,0.3354675042280744
lan-gateway-10s,66,0.3355077716034469
lan-gateway-10s,66,0.33554803897881935
lan-gateway-10s,66,0.33558830635419185
lan-gateway-10s,66,0.3356285737295643
lan-gateway-10s,66,0.3356688411049368
lan-gateway-10s,66,0.33570910848030927
lan-gateway-10s,66,0.3357493758556817
lan-gateway-10s,66,0.3357896432310542
lan-gateway-10s,66,0.3358299106064267
lan-gateway-10s,66,0.33587017798179913
lan-gateway-10s,66,0.3359104453571716
lan-gateway-10s,66,0.33595071273254407
lan-gateway-10s,66,0.33599098010791656
lan-gateway-10s,66,0.33603124748328905
lan-gateway-10s,66,0.3360715148586615
lan-gateway-10s,66,0.336111782234034
lan-gateway-10s,66,0.3361520496094065
lan-gateway-10s,66,0.3361923169847789
lan-gateway-10s,66,0.3362325843601514
lan-gateway-10s,66,0.3362728517355239
lan-gateway-10s,66,0.33631311911089634
lan-gateway-10s,66,0.33635338648626883
lan-gateway-10s,66,0.3363936538616413
lan-gateway-10s,66,0.33643392123701377
lan-gateway-10s,66,0.33647418861238626
lan-gateway-10s,66,0.3365144559877587
lan-gateway-10s,66,0.3365547233631312
lan-gateway-10s,66,0.3365949907385037
lan-gateway-10s,66,0.3366352581138761
lan-gateway-10s,66,0.3366755254892486
lan-gateway-10s,66,0.3367157928646211
lan-gateway-10s,66,0.33675606023999355
lan-gateway-10s,66,0.33679632761536604
lan-gateway-10s,66,0.3368365949907385
lan-gateway-10s,66,0.336876862366111
lan-gateway-10s,66,0.33691712974148347
lan-gateway-10s,66,0.3369573971168559
lan-gateway-10s,66,0.3369976644922284
lan-gateway-10s,66,0.3370379318676009
lan-gateway-10s,66,0.33707819924297333
lan-gateway-10s,66,0.3371184666183458
lan-gateway-10s,66,0.33715873399371826
lan-gateway-10s,66,0.33719900136909076
lan-gateway-10s,66,0.33723926874446325
lan-gateway-10s,66,0.3372795361198357
lan-gateway-10s,66,0.3373198034952082
lan-gateway-10s,66,0.3373600708705807
lan-gateway-10s,66,0.3374003382459531
lan-gateway-10s,66,0.3374406056213256
lan-gateway-10s,66,0.3374808729966981
lan-gateway-10s,66,0.33752114037207054
lan-gateway-10s,66,0.33756140774744303
lan-gateway-10s,66,0.33760167512281547
lan-gateway-10s,66,0.33764194249818796
lan-gateway-10s,66,0.33768220987356046
lan-gateway-10s,66,0.3377224772489329
lan-gateway-10s,66,0.3377627446243054
lan-gateway-10s,66,0.3378030119996779
lan-gateway-10s,66,0.3378432793750503
lan-gateway-10s,66,0.3378835467504228
lan-gateway-10s,66,0.3379238141257953
lan-gateway-10s,66,0.33796408150116775
lan-gateway-10s,66,0.33800434887654024
lan-gateway-10s,66,0.3380446162519127
lan-gateway-10s,66,0.33808488362728517
lan-gateway-10s,66,0.33812515100265766
lan-gateway-10s,66,0.3381654183780301
lan-gateway-10s,66,0.3382056857534026
lan-gateway-10s,66,0.3382459531287751
lan-gateway-10s,66,0.33828622050414753
lan-gateway-10s,66,0.33832648787952
lan-gateway-10s,66,0.33836675525489246
lan-gateway-10s,66,0.33840702263026495
lan-gateway-10s,66,0.33844729000563745
lan-gateway-10s,66,0.3384875573810099
lan-gateway-10s,66,0.3385278247563824
lan-gateway-10s,66,0.33856809213175487
lan-gateway-10s,66,0.3386083595071273
lan-gateway-10s,66,0.3386486268824998
lan-gateway-10s,66,0.3386888942578723
lan-gateway-10s,66,0.33872916163324474
lan-gateway-10s,66,0.33876942900861723
lan-gateway-10s,66,0.33880969638398967
lan-gateway-10s,66,0.33884996375936216
lan-gateway-10s,66,0.33889023113473465
lan-gateway-10s,66,0.3389304985101071
lan-gateway-10s,66,0.3389707658854796
lan-gateway-10s,66,0.3390110332608521
lan-gateway-10s,66,0.3390513006362245
lan-gateway-10s,66,0.339091568011597
lan-gateway-10s,66,0.3391318353869695
lan-gateway-10s,66,0.33917210276234194
lan-gateway-10s,66,0.33921237013771444
lan-gateway-10s,66,0.3392526375130869
lan-gateway-10s,66,0.33929290488845937
lan-gateway-10s,66,0.33933317226383186
lan-gateway-10s,66,0.3393734396392043
lan-gateway-10s,66,0.3394137070145768
lan-gateway-10s,66,0.3394539743899493
lan-gateway-10s,66,0.3394942417653217
lan-gateway-10s,66,0.3395345091406942
lan-gateway-10s,66,0.33957477651606666
lan-gateway-10s,66,0.33961504389143915
lan-gateway-10s,66,0.33965531126681164
lan-gateway-10s,66,0.3396955786421841
lan-gateway-10s,66,0.3397358460175566
lan-gateway-10s,66,0.33977611339292907
lan-gateway-10s,66,0.3398163807683015
lan-gateway-10s,66,0.339856648143674
lan-gateway-10s,66,0.3398969155190465
lan-gateway-10s,66,0.33993718289441893
lan-gateway-10s,66,0.3399774502697914
lan-gateway-10s,66,0.34001771764516386
lan-gateway-10s,66,0.34005798502053636
lan-gateway-10s,66,0.34009825239590885
lan-gateway-10s,66,0.3401385197712813
lan-gateway-10s,66,0.3401787871466538
lan-gateway-10s,66,0.3402190545220263
lan-gateway-10s,66,0.3402593218973987
lan-gateway-10s,66,0.3402995892727712
lan-gateway-10s,66,0.3403398566481437
lan-gateway-10s,66,0.34038012402351614
lan-gateway-10s,66,0.34042039139888863
lan-gateway-10s,66,0.34046065877426107
lan-gateway-10s,66,0.34050092614963356
lan-gateway-10s,66,0.34054119352500606
lan-gateway-10s,66,0.3405814609003785
lan-gateway-10s,66,0.340621728275751
lan-gateway-10s,66,0.3406619956511235
lan-gateway-10s,66,0.3407022630264959
lan-gateway-10s,66,0.3407425304018684
lan-gateway-10s,66,0.34078279777724085
lan-gateway-10s,66,0.34082306515261335
lan-gateway-10s,66,0.34086333252798584
lan-gateway-10s,66,0.3409035999033583
lan-gateway-10s,66,0.3409438672787308
lan-gateway-10s,66,0.34098413465410327
lan-gateway-10s,66,0.3410244020294757
lan-gateway-10s,66,0.3410646694048482
lan-gateway-10s,66,0.3411049367802207
lan-gateway-10s,66,0.34114520415559313
lan-gateway-10s,66,0.3411854715309656
lan-gateway-10s,66,0.34122573890633806
lan-gateway-10s,66,0.34126600628171055
lan-gateway-10s,66,0.34130627365708305
lan-gateway-10s,66,0.3413465410324555
lan-gateway-10s,66,0.341386808407828
lan-gateway-10s,66,0.3414270757832005
lan-gateway-10s,66,0.3414673431585729
lan-gateway-10s,66,0.3415076105339454
lan-gateway-10s,66,0.34154787790931784
lan-gateway-10s,66,0.34158814528469034
lan-gateway-10s,66,0.34162841266006283
lan-gateway-10s,66,0.34166868003543527
lan-gateway-10s,66,0.34170894741080776
lan-gateway-10s,66,0.34174921478618026
lan-gateway-10s,66,0.3417894821615527
lan-gateway-10s,66,0.3418297495369252
lan-gateway-10s,66,0.3418700169122977
lan-gateway-10s,66,0.3419102842876701
lan-gateway-10s,66,0.3419505516630426
lan-gateway-10s,66,0.34199081903841505
lan-gateway-10s,66,0.34203108641378754
lan-gateway-10s,66,0.34207135378916004
lan-gateway-10s,66,0.3421116211645325
lan-gateway-10s,66,0.34215188853990497
lan-gateway-10s,66,0.34219215591527746
lan-gateway-10s,66,0.3422324232906499
lan-gateway-10s,66,0.3422726906660224
lan-gateway-10s,66,0.3423129580413949
lan-gateway-10s,66,0.3423532254167673
lan-gateway-10s,66,0.3423934927921398
lan-gateway-10s,66,0.34243376016751226
lan-gateway-10s,66,0.34247402754288475
lan-gateway-10s,66,0.34251429491825724
lan-gateway-10s,66,0.3425545622936297
lan-gateway-10s,66,0.3425948296690022
lan-gateway-10s,66,0.34263509704437467
lan-gateway-10s,66,0.3426753644197471
lan-gateway-10s,66,0.3427156317951196
lan-gateway-10s,66,0.34275589917049204
lan-gateway-10s,66,0.34279616654586453
lan-gateway-10s,66,0.342836433921237
lan-gateway-10s,66,0.34287670129660947
lan-gateway-10s,66,0.34291696867198196
lan-gateway-10s,66,0.34295723604735445
lan-gateway-10s,66,0.3429975034227269
lan-gateway-10s,66,0.3430377707980994
lan-gateway-10s,66,0.3430780381734719
lan-gateway-10s,66,0.3431183055488443
lan-gateway-10s,66,0.3431585729242168
lan-gateway-10s,66,0.34319884029958925
lan-gateway-10s,66,0.34323910767496174
lan-gateway-10s,66,0.34327937505033423
lan-gateway-10s,66,0.3433196424257067
lan-gateway-10s,66,0.34335990980107917
lan-gateway-10s,66,0.34340017717645166
lan-gateway-10s,66,0.3434404445518241
lan-gateway-10s,66,0.3434807119271966
lan-gateway-10s,66,0.3435209793025691
lan-gateway-10s,66,0.3435612466779415
lan-gateway-10s,66,0.343601514053314
lan-gateway-10s,66,0.34364178142868645
lan-gateway-10s,66,0.34368204880405895
lan-gateway-10s,66,0.34372231617943144
lan-gateway-10s,66,0.3437625835548039
lan-gateway-10s,66,0.3438028509301764
lan-gateway-10s,66,0.34384311830554887
lan-gateway-10s,66,0.3438833856809213
lan-gateway-10s,66,0.3439236530562938
lan-gateway-10s,66,0.34396392043166624
lan-gateway-10s,66,0.34400418780703873
lan-gateway-10s,66,0.3440444551824112
lan-gateway-10s,66,0.34408472255778366
lan-gateway-10s,66,0.34412498993315616
lan-gateway-10s,66,0.34416525730852865
lan-gateway-10s,66,0.3442055246839011
lan-gateway-10s,66,0.3442457920592736
lan-gateway-10s,66,0.3442860594346461
lan-gateway-10s,66,0.3443263268100185
lan-gateway-10s,66,0.344366594185391
lan-gateway-10s,66,0.34440686156076344
lan-gateway-10s,66,0.34444712893613594
lan-gateway-10s,66,0.34448739631150843
lan-gateway-10s,66,0.34452766368688087
lan-gateway-10s,66,0.34456793106225336
lan-gateway-10s,66,0.34460819843762586
lan-gateway-10s,66,0.3446484658129983
lan-gateway-10s,66,0.3446887331883708
lan-gateway-10s,66,0.3447290005637433
lan-gateway-10s,66,0.3447692679391157
lan-gateway-10s,66,0.3448095353144882
lan-gateway-10s,66,0.34484980268986065
lan-gateway-10s,66,0.34489007006523315
lan-gateway-10s,66,0.34493033744060564
lan-gateway-10s,66,0.3449706048159781
lan-gateway-10s,66,0.34501087219135057
lan-gateway-10s,66,0.34505113956672306
lan-gateway-10s,66,0.3450914069420955
lan-gateway-10s,66,0.345131674317468
lan-gateway-10s,66,0.34517194169284043
lan-gateway-10s,66,0.3452122090682129
lan-gateway-10s,66,0.3452524764435854
lan-gateway-10s,66,0.34529274381895786
lan-gateway-10s,66,0.34533301119433035
lan-gateway-10s,66,0.34537327856970285
lan-gateway-10s,66,0.3454135459450753
lan-gateway-10s,66,0.3454538133204478
lan-gateway-10s,66,0.34549408069582027
lan-gateway-10s,66,0.3455343480711927
lan-gateway-10s,66,0.3455746154465652
lan-gateway-10s,66,0.34561488282193764
lan-gateway-10s,66,0.34565515019731013
lan-gateway-10s,66,0.34569541757268263
lan-gateway-10s,66,0.34573568494805507
lan-gateway-10s,66,0.34577595232342756
lan-gateway-10s,66,0.34581621969880005
lan-gateway-10s,66,0.3458564870741725
lan-gateway-10s,66,0.345896754449545
lan-gateway-10s,66,0.3459370218249175
lan-gateway-10s,66,0.3459772892002899
lan-gateway-10s,66,0.3460175565756624
lan-gateway-10s,66,0.34605782395103485
lan-gateway-10s,66,0.34609809132640734
lan-gateway-10s,66,0.34613835870177984
lan-gateway-10s,66,0.3461786260771523
lan-gateway-10s,66,0.34621889345252477
lan-gateway-10s,66,0.34625916082789726
lan-gateway-10s,66,0.3462994282032697
lan-gateway-10s,66,0.3463396955786422
lan-gateway-10s,66,0.34637996295401463
lan-gateway-10s,66,0.3464202303293871
lan-gateway-10s,66,0.3464604977047596
lan-gateway-10s,66,0.34650076508013206
lan-gateway-10s,66,0.34654103245550455
lan-gateway-10s,66,0.34658129983087704
lan-gateway-10s,66,0.3466215672062495
lan-gateway-10s,66,0.346661834581622
lan-gateway-10s,66,0.34670210195699447
lan-gateway-10s,66,0.3467423693323669
lan-gateway-10s,66,0.3467826367077394
lan-gateway-10s,66,0.34682290408311184
lan-gateway-10s,66,0.34686317145848433
lan-gateway-10s,66,0.3469034388338568
lan-gateway-10s,66,0.34694370620922926
lan-gateway-10s,66,0.34698397358460176
lan-gateway-10s,66,0.34702424095997425
lan-gateway-10s,66,0.3470645083353467
lan-gateway-10s,66,0.3471047757107192
lan-gateway-10s,66,0.3471450430860917
lan-gateway-10s,66,0.3471853104614641
lan-gateway-10s,66,0.3472255778368366
lan-gateway-10s,66,0.34726584521220905
lan-gateway-10s,66,0.34730611258758154
lan-gateway-10s,66,0.34734637996295403
lan-gateway-10s,66,0.34738664733832647
lan-gateway-10s,66,0.34742691471369896
lan-gateway-10s,66,0.34746718208907146
lan-gateway-10s,66,0.3475074494644439
lan-gateway-10s,66,0.3475477168398164
lan-gateway-10s,66,0.3475879842151888
lan-gateway-10s,66,0.3476282515905613
lan-gateway-10s,66,0.3476685189659338
lan-gateway-10s,66,0.34770878634130625
lan-gateway-10s,66,0.34774905371667875
lan-gateway-10s,66,0.34778932109205124
lan-gateway-10s,66,0.3478295884674237
lan-gateway-10s,66,0.34786985584279617
lan-gateway-10s,66,0.34791012321816867
lan-gateway-10s,66,0.3479503905935411
lan-gateway-10s,66,0.3479906579689136
lan-gateway-10s,66,0.34803092534428604
lan-gateway-10s,66,0.34807119271965853
lan-gateway-10s,66,0.348111460095031
lan-gateway-10s,66,0.34815172747040346
lan-gateway-10s,66,0.34819199484577595
lan-gateway-10s,66,0.34823226222114845
lan-gateway-10s,66,0.3482725295965209
lan-gateway-10s,66,0.3483127969718934
lan-gateway-10s,66,0.3483530643472659
lan-gateway-10s,66,0.3483933317226383
lan-gateway-10s,66,0.3484335990980108
lan-gateway-10s,66,0.34847386647338324
lan-gateway-10s,66,0.34851413384875574
lan-gateway-10s,66,0.34855440122412823
lan-gateway-10s,66,0.34859466859950067
lan-gateway-10s,66,0.34863493597487316
lan-gateway-10s,66,0.34867520335024565
lan-gateway-10s,66,0.3487154707256181
lan-gateway-10s,66,0.3487557381009906
lan-gateway-10s,66,0.348796005476363
lan-gateway-10s,66,0.3488362728517355
lan-gateway-10s,66,0.348876540227108
lan-gateway-10s,66,0.34891680760248045
lan-gateway-10s,66,0.34895707497785294
lan-gateway-10s,66,0.34899734235322544
lan-gateway-10s,66,0.3490376097285979
lan-gateway-10s,66,0.34907787710397037
lan-gateway-10s,66,0.34911814447934286
lan-gateway-10s,66,0.3491584118547153
lan-gateway-10s,66,0.3491986792300878
lan-gateway-10s,66,0.34923894660546023
lan-gateway-10s,66,0.3492792139808327
lan-gateway-10s,66,0.3493194813562052
lan-gateway-10s,66,0.34935974873157766
lan-gateway-10s,66,0.34940001610695015
lan-gateway-10s,66,0.34944028348232264
lan-gateway-10s,66,0.3494805508576951
lan-gateway-10s,66,0.3495208182330676
lan-gateway-10s,66,0.34956108560844
lan-gateway-10s,66,0.3496013529838125
lan-gateway-10s,66,0.349641620359185
lan-gateway-10s,66,0.34968188773455744
lan-gateway-10s,66,0.34972215510992993
lan-gateway-10s,66,0.3497624224853024
lan-gateway-10s,66,0.34980268986067486
lan-gateway-10s,66,0.34984295723604736
lan-gateway-10s,66,0.34988322461141985
lan-gateway-10s,66,0.3499234919867923
lan-gateway-10s,66,0.3499637593621648
lan-gateway-10s,66,0.3500040267375372
lan-gateway-10s,66,0.3500442941129097
lan-gateway-10s,66,0.3500845614882822
lan-gateway-10s,66,0.35012482886365465
lan-gateway-10s,66,0.35016509623902714
lan-gateway-10s,66,0.35020536361439963
lan-gateway-10s,66,0.35024563098977207
lan-gateway-10s,66,0.35028589836514457
lan-gateway-10s,66,0.35032616574051706
lan-gateway-10s,66,0.3503664331158895
lan-gateway-10s,66,0.350406700491262
lan-gateway-10s,66,0.35044696786663443
lan-gateway-10s,66,0.3504872352420069
lan-gateway-10s,66,0.3505275026173794
lan-gateway-10s,66,0.35056776999275185
lan-gateway-10s,66,0.35060803736812435
lan-gateway-10s,66,0.35064830474349684
lan-gateway-10s,66,0.3506885721188693
lan-gateway-10s,66,0.3507288394942418
lan-gateway-10s,66,0.3507691068696142
lan-gateway-10s,66,0.3508093742449867
lan-gateway-10s,66,0.3508496416203592
lan-gateway-10s,66,0.35088990899573164
lan-gateway-10s,66,0.35093017637110413
lan-gateway-10s,66,0.3509704437464766
lan-gateway-10s,66,0.35101071112184906
lan-gateway-10s,66,0.35105097849722156
lan-gateway-10s,66,0.35109124587259405
lan-gateway-10s,66,0.3511315132479665
lan-gateway-10s,66,0.351171780623339
lan-gateway-10s,66,0.3512120479987114
lan-gateway-10s,66,0.3512523153740839
lan-gateway-10s,66,0.3512925827494564
lan-gateway-10s,66,0.35133285012482884
lan-gateway-10s,66,0.35137311750020134
lan-gateway-10s,66,0.35141338487557383
lan-gateway-10s,66,0.35145365225094627
lan-gateway-10s,66,0.35149391962631876
lan-gateway-10s,66,0.35153418700169126
lan-gateway-10s,66,0.3515744543770637
lan-gateway-10s,66,0.3516147217524362
lan-gateway-10s,66,0.3516549891278086
lan-gateway-10s,66,0.3516952565031811
lan-gateway-10s,66,0.3517355238785536
lan-gateway-10s,66,0.35177579125392605
lan-gateway-10s,66,0.35181605862929854
lan-gateway-10s,66,0.35185632600467104
lan-gateway-10s,66,0.3518965933800435
lan-gateway-10s,66,0.35193686075541597
lan-gateway-10s,66,0.3519771281307884
lan-gateway-10s,66,0.3520173955061609
lan-gateway-10s,66,0.3520576628815334
lan-gateway-10s,66,0.35209793025690583
lan-gateway-10s,66,0.3521381976322783
lan-gateway-10s,66,0.3521784650076508
lan-gateway-10s,66,0.35221873238302326
lan-gateway-10s,66,0.35225899975839575
lan-gateway-10s,66,0.35229926713376825
lan-gateway-10s,66,0.3523395345091407
lan-gateway-10s,66,0.3523798018845132
lan-gateway-10s,66,0.3524200692598856
lan-gateway-10s,66,0.3524603366352581
lan-gateway-10s,66,0.3525006040106306
lan-gateway-10s,66,0.35254087138600304
lan-gateway-10s,66,0.35258113876137553
lan-gateway-10s,66,0.35262140613674803
lan-gateway-10s,66,0.35266167351212047
lan-gateway-10s,66,0.35270194088749296
lan-gateway-10s,66,0.35274220826286545
lan-gateway-10s,66,0.3527824756382379
lan-gateway-10s,66,0.3528227430136104
lan-gateway-10s,66,0.3528630103889828
lan-gateway-10s,66,0.3529032777643553
lan-gateway-10s,66,0.3529435451397278
lan-gateway-10s,66,0.35298381251510025
lan-gateway-10s,66,0.35302407989047274
lan-gateway-10s,66,0.35306434726584524
lan-gateway-10s,66,0.3531046146412177
lan-gateway-10s,66,0.35314488201659017
lan-gateway-10s,66,0.3531851493919626
lan-gateway-10s,66,0.3532254167673351
lan-gateway-10s,66,0.3532656841427076
lan-gateway-10s,66,0.35330595151808003
lan-gateway-10s,66,0.3533462188934525
lan-gateway-10s,66,0.353386486268825
lan-gateway-10s,66,0.35342675364419746
lan-gateway-10s,66,0.35346702101956995
lan-gateway-10s,66,0.35350728839494244
lan-gateway-10s,66,0.3535475557703149
lan-gateway-10s,66,0.3535878231456874
lan-gateway-10s,66,0.3536280905210598
lan-gateway-10s,66,0.3536683578964323
lan-gateway-10s,66,0.3537086252718048
lan-gateway-10s,66,0.35374889264717724
lan-gateway-10s,66,0.35378916002254973
lan-gateway-10s,66,0.3538294273979222
lan-gateway-10s,66,0.35386969477329466
lan-gateway-10s,66,0.35390996214866716
lan-gateway-10s,66,0.35395022952403965
lan-gateway-10s,66,0.3539904968994121
lan-gateway-10s,66,0.3540307642747846
lan-gateway-10s,66,0.354071031650157
lan-gateway-10s,66,0.3541112990255295
lan-gateway-10s,66,0.354151566400902
lan-gateway-10s,66,0.35419183377627445
lan-gateway-10s,66,0.35423210115164694
lan-gateway-10s,66,0.35427236852701943
lan-gateway-10s,66,0.35431263590239187
lan-gateway-10s,66,0.35435290327776436
lan-gateway-10s,66,0.3543931706531368
lan-gateway-10s,66,0.3544334380285093
lan-gateway-10s,66,0.3544737054038818
lan-gateway-10s,66,0.3545139727792542
lan-gateway-10s,66,0.3545542401546267
lan-gateway-10s,66,0.3545945075299992
lan-gateway-10s,66,0.35463477490537165
lan-gateway-10s,66,0.35467504228074415
lan-gateway-10s,66,0.35471530965611664
lan-gateway-10s,66,0.3547555770314891
lan-gateway-10s,66,0.35479584440686157
lan-gateway-10s,66,0.354836111782234
lan-gateway-10s,66,0.3548763791576065
lan-gateway-10s,66,0.354916646532979
lan-gateway-10s,66,0.35495691390835143
lan-gateway-10s,66,0.35499718128372393
lan-gateway-10s,66,0.3550374486590964
lan-gateway-10s,66,0.35507771603446886
lan-gateway-10s,66,0.35511798340984135
lan-gateway-10s,66,0.35515825078521385
lan-gateway-10s,66,0.3551985181605863
lan-gateway-10s,66,0.3552387855359588
lan-gateway-10s,66,0.3552790529113312
lan-gateway-10s,66,0.3553193202867037
lan-gateway-10s,66,0.3553595876620762
lan-gateway-10s,66,0.35539985503744864
lan-gateway-10s,66,0.35544012241282114
lan-gateway-10s,66,0.35548038978819363
lan-gateway-10s,66,0.35552065716356607
lan-gateway-10s,66,0.35556092453893856
lan-gateway-10s,66,0.355601191914311
lan-gateway-10s,66,0.3556414592896835
lan-gateway-10s,66,0.355681726665056
lan-gateway-10s,66,0.3557219940404284
lan-gateway-10s,66,0.3557622614158009
lan-gateway-10s,66,0.3558025287911734
lan-gateway-10s,66,0.35584279616654585
lan-gateway-10s,66,0.35588306354191834
lan-gateway-10s,66,0.35592333091729084
lan-gateway-10s,66,0.3559635982926633
lan-gateway-10s,66,0.35600386566803577
lan-gateway-10s,66,0.3560441330434082
lan-gateway-10s,66,0.3560844004187807
lan-gateway-10s,66,0.3561246677941532
lan-gateway-10s,66,0.35616493516952563
lan-gateway-10s,66,0.3562052025448981
lan-gateway-10s,66,0.3562454699202706
lan-gateway-10s,66,0.35628573729564306
lan-gateway-10s,66,0.35632600467101555
lan-gateway-10s,66,0.35636627204638804
lan-gateway-10s,66,0.3564065394217605
lan-gateway-10s,66,0.356446806797133
lan-gateway-10s,66,0.3564870741725054
lan-gateway-10s,66,0.3565273415478779
lan-gateway-10s,66,0.3565676089232504
lan-gateway-10s,66,0.35660787629862284
lan-gateway-10s,66,0.35664814367399533
lan-gateway-10s,66,0.3566884110493678
lan-gateway-10s,66,0.35672867842474026
lan-gateway-10s,66,0.35676894580011276
lan-gateway-10s,66,0.3568092131754852
lan-gateway-10s,66,0.3568494805508577
lan-gateway-10s,66,0.3568897479262302
lan-gateway-10s,66,0.3569300153016026
lan-gateway-10s,66,0.3569702826769751
lan-gateway-10s,66,0.3570105500523476
lan-gateway-10s,66,0.35705081742772005
lan-gateway-10s,66,0.35709108480309254
lan-gateway-10s,66,0.35713135217846503
lan-gateway-10s,66,0.35717161955383747
lan-gateway-10s,66,0.35721188692920997
lan-gateway-10s,66,0.3572521543045824
lan-gateway-10s,66,0.3572924216799549
lan-gateway-10s,66,0.3573326890553274
lan-gateway-10s,66,0.35737295643069983
lan-gateway-10s,66,0.3574132238060723
lan-gateway-10s,66,0.3574534911814448
lan-gateway-10s,66,0.35749375855681725
lan-gateway-10s,66,0.35753402593218975
lan-gateway-10s,66,0.3575742933075622
lan-gateway-10s,66,0.3576145606829347
lan-gateway-10s,66,0.3576548280583072
lan-gateway-10s,66,0.3576950954336796
lan-gateway-10s,66,0.3577353628090521
lan-gateway-10s,66,0.3577756301844246
lan-gateway-10s,66,0.35781589755979704
lan-gateway-10s,66,0.35785616493516953
lan-gateway-10s,66,0.357896432310542
lan-gateway-10s,66,0.35793669968591446
lan-gateway-10s,66,0.35797696706128695
lan-gateway-10s,66,0.3580172344366594
lan-gateway-10s,66,0.3580575018120319
lan-gateway-10s,66,0.3580977691874044
lan-gateway-10s,66,0.3581380365627768
lan-gateway-10s,66,0.3581783039381493
lan-gateway-10s,66,0.3582185713135218
lan-gateway-10s,66,0.35825883868889424
lan-gateway-10s,66,0.35829910606426674
lan-gateway-10s,66,0.35833937343963923
lan-gateway-10s,66,0.35837964081501167
lan-gateway-10s,66,0.35841990819038416
lan-gateway-10s,66,0.3584601755657566
lan-gateway-10s,66,0.3585004429411291
lan-gateway-10s,66,0.3585407103165016
lan-gateway-10s,66,0.358580977691874
lan-gateway-10s,66,0.3586212450672465
lan-gateway-10s,66,0.358661512442619
lan-gateway-10s,66,0.35870177981799145
lan-gateway-10s,66,0.35874204719336394
lan-gateway-10s,66,0.3587823145687364
lan-gateway-10s,66,0.3588225819441089
lan-gateway-10s,66,0.35886284931948137
lan-gateway-10s,66,0.3589031166948538
lan-gateway-10s,66,0.3589433840702263
lan-gateway-10s,66,0.3589836514455988
lan-gateway-10s,66,0.35902391882097123
lan-gateway-10s,66,0.3590641861963437
lan-gateway-10s,66,0.3591044535717162
lan-gateway-10s,66,0.35914472094708866
lan-gateway-10s,66,0.35918498832246115
lan-gateway-10s,66,0.3592252556978336
lan-gateway-10s,66,0.3592655230732061
lan-gateway-10s,66,0.3593057904485786
lan-gateway-10s,66,0.359346057823951
lan-gateway-10s,66,0.3593863251993235
lan-gateway-10s,66,0.359426592574696
lan-gateway-10s,66,0.35946685995006844
lan-gateway-10s,66,0.35950712732544093
lan-gateway-10s,66,0.3595473947008134
lan-gateway-10s,66,0.35958766207618587
lan-gateway-10s,66,0.35962792945155836
lan-gateway-10s,66,0.3596681968269308
lan-gateway-10s,66,0.3597084642023033
lan-gateway-10s,66,0.3597487315776758
lan-gateway-10s,66,0.3597889989530482
lan-gateway-10s,66,0.3598292663284207
lan-gateway-10s,66,0.3598695337037932
lan-gateway-10s,66,0.35990980107916565
lan-gateway-10s,66,0.35995006845453814
lan-gateway-10s,66,0.3599903358299106
lan-gateway-10s,66,0.3600306032052831
lan-gateway-10s,66,0.36007087058065557
lan-gateway-10s,66,0.360111137956028
lan-gateway-10s,66,0.3601514053314005
lan-gateway-10s,66,0.360191672706773
lan-gateway-10s,66,0.36023194008214543
lan-gateway-10s,66,0.3602722074575179
lan-gateway-10s,66,0.3603124748328904
lan-gateway-10s,66,0.36035274220826286
lan-gateway-10s,66,0.36039300958363535
lan-gateway-10s,66,0.3604332769590078
lan-gateway-10s,66,0.3604735443343803
lan-gateway-10s,66,0.3605138117097528
lan-gateway-10s,66,0.3605540790851252
lan-gateway-10s,66,0.3605943464604977
lan-gateway-10s,66,0.3606346138358702
lan-gateway-10s,66,0.36067488121124264
lan-gateway-10s,66,0.36071514858661513
lan-gateway-10s,66,0.3607554159619876
lan-gateway-10s,66,0.36079568333736006
lan-gateway-10s,66,0.36083595071273256
lan-gateway-10s,66,0.360876218088105
lan-gateway-10s,66,0.3609164854634775
lan-gateway-10s,66,0.36095675283885
lan-gateway-10s,66,0.3609970202142224
lan-gateway-10s,66,0.3610372875895949
lan-gateway-10s,66,0.3610775549649674
lan-gateway-10s,66,0.36111782234033984
lan-gateway-10s,66,0.36115808971571234
lan-gateway-10s,66,0.3611983570910848
lan-gateway-10s,66,0.36123862446645727
lan-gateway-10s,66,0.36127889184182976
lan-gateway-10s,66,0.3613191592172022
lan-gateway-10s,66,0.3613594265925747
lan-gateway-10s,66,0.3613996939679472
lan-gateway-10s,66,0.3614399613433196
lan-gateway-10s,66,0.3614802287186921
lan-gateway-10s,66,0.3615204960940646
lan-gateway-10s,66,0.36156076346943705
lan-gateway-10s,66,0.36160103084480955
lan-gateway-10s,66,0.361641298220182
lan-gateway-10s,66,0.3616815655955545
lan-gateway-10s,66,0.36172183297092697
lan-gateway-10s,66,0.3617621003462994
lan-gateway-10s,66,0.3618023677216719
lan-gateway-10s,66,0.3618426350970444
lan-gateway-10s,66,0.36188290247241683
lan-gateway-10s,66,0.36192316984778933
lan-gateway-10s,66,0.3619634372231618
lan-gateway-10s,66,0.36200370459853426
lan-gateway-10s,66,0.36204397197390675
lan-gateway-10s,66,0.3620842393492792
lan-gateway-10s,66,0.3621245067246517
lan-gateway-10s,66,0.3621647741000242
lan-gateway-10s,66,0.3622050414753966
lan-gateway-10s,66,0.3622453088507691
lan-gateway-10s,66,0.3622855762261416
lan-gateway-10s,66,0.36232584360151404
lan-gateway-10s,66,0.36236611097688654
lan-gateway-10s,66,0.362406378352259
lan-gateway-10s,66,0.36244664572763147
lan-gateway-10s,66,0.36248691310300396
lan-gateway-10s,66,0.3625271804783764
lan-gateway-10s,66,0.3625674478537489
lan-gateway-10s,66,0.3626077152291214
lan-gateway-10s,66,0.3626479826044938
lan-gateway-10s,66,0.3626882499798663
lan-gateway-10s,66,0.3627285173552388
lan-gateway-10s,66,0.36276878473061125
lan-gateway-10s,66,0.36280905210598374
lan-gateway-10s,66,0.3628493194813562
lan-gateway-10s,66,0.3628895868567287
lan-gateway-10s,66,0.36292985423210117
lan-gateway-10s,66,0.3629701216074736
lan-gateway-10s,66,0.3630103889828461
lan-gateway-10s,66,0.3630506563582186
lan-gateway-10s,66,0.36309092373359103
lan-gateway-10s,66,0.3631311911089635
lan-gateway-10s,66,0.363171458484336
lan-gateway-10s,66,0.36321172585970846
lan-gateway-10s,66,0.36325199323508095
lan-gateway-10s,66,0.3632922606104534
lan-gateway-10s,66,0.3633325279858259
lan-gateway-10s,66,0.3633727953611984
lan-gateway-10s,66,0.3634130627365708
lan-gateway-10s,66,0.3634533301119433
lan-gateway-10s,66,0.3634935974873158
lan-gateway-10s,66,0.36353386486268824
lan-gateway-10s,66,0.36357413223806073
lan-gateway-10s,66,0.36361439961343317
lan-gateway-10s,66,0.36365466698880566
lan-gateway-10s,66,0.36369493436417816
lan-gateway-10s,66,0.3637352017395506
lan-gateway-10s,66,0.3637754691149231
lan-gateway-10s,66,0.3638157364902956
lan-gateway-10s,66,0.363856003865668
lan-gateway-10s,66,0.3638962712410405
lan-gateway-10s,66,0.363936538616413
lan-gateway-10s,66,0.36397680599178545
lan-gateway-10s,66,0.36401707336715794
lan-gateway-10s,66,0.3640573407425304
lan-gateway-10s,66,0.36409760811790287
lan-gateway-10s,66,0.36413787549327536
lan-gateway-10s,66,0.3641781428686478
lan-gateway-10s,66,0.3642184102440203
lan-gateway-10s,66,0.3642586776193928
lan-gateway-10s,66,0.36429894499476523
lan-gateway-10s,66,0.3643392123701377
lan-gateway-10s,66,0.3643794797455102
lan-gateway-10s,66,0.36441974712088265
lan-gateway-10s,66,0.36446001449625515
lan-gateway-10s,66,0.3645002818716276
lan-gateway-10s,66,0.3645405492470001
lan-gateway-10s,66,0.36458081662237257
lan-gateway-10s,66,0.364621083997745
lan-gateway-10s,66,0.3646613513731175
lan-gateway-10s,66,0.36470161874849
lan-gateway-10s,66,0.36474188612386244
lan-gateway-10s,66,0.36478215349923493
lan-gateway-10s,66,0.36482242087460737
lan-gateway-10s,66,0.36486268824997986
lan-gateway-10s,66,0.36490295562535235
lan-gateway-10s,66,0.3649432230007248
lan-gateway-10s,66,0.3649834903760973
lan-gateway-10s,66,0.3650237577514698
lan-gateway-10s,66,0.3650640251268422
lan-gateway-10s,66,0.3651042925022147
lan-gateway-10s,66,0.3651445598775872
lan-gateway-10s,66,0.36518482725295964
lan-gateway-10s,66,0.36522509462833214
lan-gateway-10s,66,0.3652653620037046
lan-gateway-10s,66,0.36530562937907707
lan-gateway-10s,66,0.36534589675444956
lan-gateway-10s,66,0.365386164129822
lan-gateway-10s,66,0.3654264315051945
lan-gateway-10s,66,0.365466698880567
lan-gateway-10s,66,0.3655069662559394
lan-gateway-10s,66,0.3655472336313119
lan-gateway-10s,66,0.36558750100668436
lan-gateway-10s,66,0.36562776838205685
lan-gateway-10s,66,0.36566803575742934
lan-gateway-10s,66,0.3657083031328018
lan-gateway-10s,66,0.3657485705081743
lan-gateway-10s,66,0.36578883788354677
lan-gateway-10s,66,0.3658291052589192
lan-gateway-10s,66,0.3658693726342917
lan-gateway-10s,66,0.3659096400096642
lan-gateway-10s,66,0.36594990738503663
lan-gateway-10s,66,0.3659901747604091
lan-gateway-10s,66,0.36603044213578156
lan-gateway-10s,66,0.36607070951115406
lan-gateway-10s,66,0.36611097688652655
lan-gateway-10s,66,0.366151244261899
lan-gateway-10s,66,0.3661915116372715
lan-gateway-10s,66,0.366231779012644
lan-gateway-10s,66,0.3662720463880164
lan-gateway-10s,66,0.3663123137633889
lan-gateway-10s,66,0.3663525811387614
lan-gateway-10s,66,0.36639284851413384
lan-gateway-10s,66,0.36643311588950633
lan-gateway-10s,66,0.36647338326487877
lan-gateway-10s,66,0.36651365064025127
lan-gateway-10s,66,0.36655391801562376
lan-gateway-10s,66,0.3665941853909962
lan-gateway-10s,66,0.3666344527663687
lan-gateway-10s,66,0.3666747201417412
lan-gateway-10s,66,0.3667149875171136
lan-gateway-10s,66,0.3667552548924861
lan-gateway-10s,66,0.36679552226785855
lan-gateway-10s,66,0.36683578964323105
lan-gateway-10s,66,0.36687605701860354
lan-gateway-10s,66,0.366916324393976
lan-gateway-10s,66,0.3669565917693485
lan-gateway-10s,66,0.36699685914472097
lan-gateway-10s,66,0.3670371265200934
lan-gateway-10s,66,0.3670773938954659
lan-gateway-10s,66,0.3671176612708384
lan-gateway-10s,66,0.36715792864621083
lan-gateway-10s,66,0.3671981960215833
lan-gateway-10s,66,0.36723846339695576
lan-gateway-10s,66,0.36727873077232825
lan-gateway-10s,66,0.36731899814770075
lan-gateway-10s,66,0.3673592655230732
lan-gateway-10s,66,0.3673995328984457
lan-gateway-10s,66,0.3674398002738182
lan-gateway-10s,66,0.3674800676491906
lan-gateway-10s,66,0.3675203350245631
lan-gateway-10s,66,0.3675606023999356
lan-gateway-10s,66,0.36760086977530804
lan-gateway-10s,66,0.36764113715068053
lan-gateway-10s,66,0.36768140452605297
lan-gateway-10s,66,0.36772167190142546
lan-gateway-10s,66,0.36776193927679796
lan-gateway-10s,66,0.3678022066521704
lan-gateway-10s,66,0.3678424740275429
lan-gateway-10s,66,0.3678827414029154
lan-gateway-10s,66,0.3679230087782878
lan-gateway-10s,66,0.3679632761536603
lan-gateway-10s,66,0.36800354352903275
lan-gateway-10s,66,0.36804381090440524
lan-gateway-10s,66,0.36808407827977774
lan-gateway-10s,66,0.3681243456551502
lan-gateway-10s,66,0.36816461303052267
lan-gateway-10s,66,0.36820488040589516
lan-gateway-10s,66,0.3682451477812676
lan-gateway-10s,66,0.3682854151566401
lan-gateway-10s,66,0.3683256825320126
lan-gateway-10s,66,0.368365949907385
lan-gateway-10s,66,0.3684062172827575
lan-gateway-10s,66,0.36844648465812996
lan-gateway-10s,66,0.36848675203350245
lan-gateway-10s,66,0.36852701940887495
lan-gateway-10s,66,0.3685672867842474
lan-gateway-10s,66,0.3686075541596199
lan-gateway-10s,66,0.36864782153499237
lan-gateway-10s,66,0.3686880889103648
lan-gateway-10s,66,0.3687283562857373
lan-gateway-10s,66,0.3687686236611098
lan-gateway-10s,66,0.36880889103648223
lan-gateway-10s,66,0.3688491584118547
lan-gateway-10s,66,0.36888942578722717
lan-gateway-10s,66,0.36892969316259966
lan-gateway-10s,66,0.36896996053797215
lan-gateway-10s,66,0.3690102279133446
lan-gateway-10s,66,0.3690504952887171
lan-gateway-10s,66,0.3690907626640896
lan-gateway-10s,66,0.369131030039462
lan-gateway-10s,66,0.3691712974148345
lan-gateway-10s,66,0.36921156479020695
lan-gateway-10s,66,0.36925183216557944
lan-gateway-10s,66,0.36929209954095193
lan-gateway-10s,66,0.3693323669163244
lan-gateway-10s,66,0.36937263429169687
lan-gateway-10s,66,0.36941290166706936
lan-gateway-10s,66,0.3694531690424418
lan-gateway-10s,66,0.3694934364178143
lan-gateway-10s,66,0.3695337037931868
lan-gateway-10s,66,0.3695739711685592
lan-gateway-10s,66,0.3696142385439317
lan-gateway-10s,66,0.36965450591930415
lan-gateway-10s,66,0.36969477329467665
lan-gateway-10s,66,0.36973504067004914
lan-gateway-10s,66,0.3697753080454216
lan-gateway-10s,66,0.3698155754207941
lan-gateway-10s,66,0.36985584279616657
lan-gateway-10s,66,0.369896110171539
lan-gateway-10s,66,0.3699363775469115
lan-gateway-10s,66,0.369976644922284
lan-gateway-10s,66,0.37001691229765643
lan-gateway-10s,66,0.3700571796730289
lan-gateway-10s,66,0.37009744704840136
lan-gateway-10s,66,0.37013771442377386
lan-gateway-10s,66,0.37017798179914635
lan-gateway-10s,66,0.3702182491745188
lan-gateway-10s,66,0.3702585165498913
lan-gateway-10s,66,0.3702987839252638
lan-gateway-10s,66,0.3703390513006362
lan-gateway-10s,66,0.3703793186760087
lan-gateway-10s,66,0.37041958605138114
lan-gateway-10s,66,0.37045985342675364
lan-gateway-10s,66,0.37050012080212613
lan-gateway-10s,66,0.37054038817749857
lan-gateway-10s,66,0.37058065555287106
lan-gateway-10s,66,0.37062092292824356
lan-gateway-10s,66,0.370661190303616
lan-gateway-10s,66,0.3707014576789885
lan-gateway-10s,66,0.370741725054361
lan-gateway-10s,66,0.3707819924297334
lan-gateway-10s,66,0.3708222598051059
lan-gateway-10s,66,0.37086252718047835
lan-gateway-10s,66,0.37090279455585085
lan-gateway-10s,66,0.37094306193122334
lan-gateway-10s,66,0.3709833293065958
lan-gateway-10s,66,0.37102359668196827
lan-gateway-10s,66,0.37106386405734076
lan-gateway-10s,66,0.3711041314327132
lan-gateway-10s,66,0.3711443988080857
lan-gateway-10s,66,0.3711846661834582
lan-gateway-10s,66,0.3712249335588306
lan-gateway-10s,66,0.3712652009342031
lan-gateway-10s,66,0.37130546830957556
lan-gateway-10s,66,0.37134573568494805
lan-gateway-10s,66,0.37138600306032055
lan-gateway-10s,66,0.371426270435693
lan-gateway-10s,66,0.3714665378110655
lan-gateway-10s,66,0.37150680518643797
lan-gateway-10s,66,0.3715470725618104
lan-gateway-10s,66,0.3715873399371829
lan-gateway-10s,66,0.37162760731255534
lan-gateway-10s,66,0.37166787468792783
lan-gateway-10s,66,0.37170814206330033
lan-gateway-10s,66,0.37174840943867277
lan-gateway-10s,66,0.37178867681404526
lan-gateway-10s,66,0.37182894418941775
lan-gateway-10s,66,0.3718692115647902
lan-gateway-10s,66,0.3719094789401627
lan-gateway-10s,66,0.3719497463155352
lan-gateway-10s,66,0.3719900136909076
lan-gateway-10s,66,0.3720302810662801
lan-gateway-10s,66,0.37207054844165255
lan-gateway-10s,66,0.37211081581702504
lan-gateway-10s,66,0.37215108319239754
lan-gateway-10s,66,0.37219135056777
lan-gateway-10s,66,0.37223161794314247
lan-gateway-10s,66,0.37227188531851496
lan-gateway-10s,66,0.3723121526938874
lan-gateway-10s,66,0.3723524200692599
lan-gateway-10s,66,0.3723926874446324
lan-gateway-10s,66,0.3724329548200048
lan-gateway-10s,66,0.3724732221953773
lan-gateway-10s,66,0.37251348957074976
lan-gateway-10s,66,0.37255375694612225
lan-gateway-10s,66,0.37259402432149474
lan-gateway-10s,66,0.3726342916968672
lan-gateway-10s,66,0.3726745590722397
lan-gateway-10s,66,0.37271482644761217
lan-gateway-10s,66,0.3727550938229846
lan-gateway-10s,66,0.3727953611983571
lan-gateway-10s,66,0.37283562857372954
lan-gateway-10s,66,0.37287589594910203
lan-gateway-10s,66,0.3729161633244745
lan-gateway-10s,66,0.37295643069984696
lan-gateway-10s,66,0.37299669807521946
lan-gateway-10s,66,0.37303696545059195
lan-gateway-10s,66,0.3730772328259644
lan-gateway-10s,66,0.3731175002013369
lan-gateway-10s,66,0.3731577675767094
lan-gateway-10s,66,0.3731980349520818
lan-gateway-10s,66,0.3732383023274543
lan-gateway-10s,66,0.37327856970282675
lan-gateway-10s,66,0.37331883707819924
lan-gateway-10s,66,0.37335910445357173
lan-gateway-10s,66,0.37339937182894417
lan-gateway-10s,66,0.37343963920431666
lan-gateway-10s,66,0.37347990657968916
lan-gateway-10s,66,0.3735201739550616
lan-gateway-10s,66,0.3735604413304341
lan-gateway-10s,66,0.37360070870580653
lan-gateway-10s,66,0.373640976081179
lan-gateway-10s,66,0.3736812434565515
lan-gateway-10s,66,0.37372151083192395
lan-gateway-10s,66,0.37376177820729645
lan-gateway-10s,66,0.37380204558266894
lan-gateway-10s,66,0.3738423129580414
lan-gateway-10s,66,0.37388258033341387
lan-gateway-10s,66,0.37392284770878637
lan-gateway-10s,66,0.3739631150841588
lan-gateway-10s,66,0.3740033824595313
lan-gateway-10s,66,0.37404364983490374
lan-gateway-10s,66,0.37408391721027623
lan-gateway-10s,66,0.3741241845856487
lan-gateway-10s,66,0.37416445196102116
lan-gateway-10s,66,0.37420471933639365
lan-gateway-10s,66,0.37424498671176615
lan-gateway-10s,66,0.3742852540871386
lan-gateway-10s,66,0.3743255214625111
lan-gateway-10s,66,0.3743657888378836
lan-gateway-10s,66,0.374406056213256
lan-gateway-10s,66,0.3744463235886285
lan-gateway-10s,66,0.37448659096400094
lan-gateway-10s,66,0.37452685833937344
lan-gateway-10s,66,0.37456712571474593
lan-gateway-10s,66,0.37460739309011837
lan-gateway-10s,66,0.37464766046549086
lan-gateway-10s,66,0.37468792784086336
lan-gateway-10s,66,0.3747281952162358
lan-gateway-10s,66,0.3747684625916083
lan-gateway-10s,66,0.3748087299669807
lan-gateway-10s,66,0.3748489973423532
lan-gateway-10s,66,0.3748892647177257
lan-gateway-10s,66,0.37492953209309815
lan-gateway-10s,66,0.37496979946847064
lan-gateway-10s,66,0.37501006684384314
lan-gateway-10s,66,0.3750503342192156
lan-gateway-10s,66,0.37509060159458807
lan-gateway-10s,66,0.37513086896996056
lan-gateway-10s,66,0.375171136345333
lan-gateway-10s,66,0.3752114037207055
lan-gateway-10s,66,0.37525167109607793
lan-gateway-10s,66,0.3752919384714504
lan-gateway-10s,66,0.3753322058468229
lan-gateway-10s,66,0.37537247322219536
lan-gateway-10s,66,0.37541274059756785
lan-gateway-10s,66,0.37545300797294034
lan-gateway-10s,66,0.3754932753483128
lan-gateway-10s,66,0.3755335427236853
lan-gateway-10s,66,0.37557381009905777
lan-gateway-10s,66,0.3756140774744302
lan-gateway-10s,66,0.3756543448498027
lan-gateway-10s,66,0.37569461222517514
lan-gateway-10s,66,0.37573487960054763
lan-gateway-10s,66,0.3757751469759201
lan-gateway-10s,66,0.37581541435129256
lan-gateway-10s,66,0.37585568172666506
lan-gateway-10s,66,0.37589594910203755
lan-gateway-10s,66,0.37593621647741
lan-gateway-10s,66,0.3759764838527825
lan-gateway-10s,66,0.3760167512281549
lan-gateway-10s,66,0.3760570186035274
lan-gateway-10s,66,0.3760972859788999
lan-gateway-10s,66,0.37613755335427235
lan-gateway-10s,66,0.37617782072964484
lan-gateway-10s,66,0.37621808810501733
lan-gateway-10s,66,0.3762583554803898
lan-gateway-10s,66,0.37629862285576227
lan-gateway-10s,66,0.37633889023113476
lan-gateway-10s,66,0.3763791576065072
lan-gateway-10s,66,0.3764194249818797
lan-gateway-10s,66,0.37645969235725213
lan-gateway-10s,66,0.3764999597326246
lan-gateway-10s,66,0.3765402271079971
lan-gateway-10s,66,0.37658049448336955
lan-gateway-10s,66,0.37662076185874205
lan-gateway-10s,66,0.37666102923411454
lan-gateway-10s,66,0.376701296609487
lan-gateway-10s,66,0.3767415639848595
lan-gateway-10s,66,0.37678183136023197
lan-gateway-10s,66,0.3768220987356044
lan-gateway-10s,66,0.3768623661109769
lan-gateway-10s,66,0.37690263348634934
lan-gateway-10s,66,0.37694290086172183
lan-gateway-10s,66,0.3769831682370943
lan-gateway-10s,66,0.37702343561246676
lan-gateway-10s,66,0.37706370298783926
lan-gateway-10s,66,0.37710397036321175
lan-gateway-10s,66,0.3771442377385842
lan-gateway-10s,66,0.3771845051139567
lan-gateway-10s,66,0.3772247724893291
lan-gateway-10s,66,0.3772650398647016
lan-gateway-10s,66,0.3773053072400741
lan-gateway-10s,66,0.37734557461544654
lan-gateway-10s,66,0.37738584199081904
lan-gateway-10s,66,0.37742610936619153
lan-gateway-10s,66,0.37746637674156397
lan-gateway-10s,66,0.37750664411693646
lan-gateway-10s,66,0.37754691149230896
lan-gateway-10s,66,0.3775871788676814
lan-gateway-10s,66,0.3776274462430539
lan-gateway-10s,66,0.3776677136184263
lan-gateway-10s,66,0.3777079809937988
lan-gateway-10s,66,0.3777482483691713
lan-gateway-10s,66,0.37778851574454375
lan-gateway-10s,66,0.37782878311991624
lan-gateway-10s,66,0.37786905049528874
lan-gateway-10s,66,0.3779093178706612
lan-gateway-10s,66,0.37794958524603367
lan-gateway-10s,66,0.37798985262140616
lan-gateway-10s,66,0.3780301199967786
lan-gateway-10s,66,0.3780703873721511
lan-gateway-10s,66,0.37811065474752353
lan-gateway-10s,66,0.378150922122896
lan-gateway-10s,66,0.3781911894982685
lan-gateway-10s,66,0.37823145687364096
lan-gateway-10s,66,0.37827172424901345
lan-gateway-10s,66,0.37831199162438595
lan-gateway-10s,66,0.3783522589997584
lan-gateway-10s,66,0.3783925263751309
lan-gateway-10s,66,0.3784327937505033
lan-gateway-10s,66,0.3784730611258758
lan-gateway-10s,66,0.3785133285012483
lan-gateway-10s,66,0.37855359587662074
lan-gateway-10s,66,0.37859386325199323
lan-gateway-10s,66,0.37863413062736573
lan-gateway-10s,66,0.37867439800273817
lan-gateway-10s,66,0.37871466537811066
lan-gateway-10s,66,0.37875493275348315
lan-gateway-10s,66,0.3787952001288556
lan-gateway-10s,66,0.3788354675042281
lan-gateway-10s,66,0.3788757348796005
lan-gateway-10s,66,0.378916002254973
lan-gateway-10s,66,0.3789562696303455
lan-gateway-10s,66,0.37899653700571795
lan-gateway-10s,66,0.37903680438109044
lan-gateway-10s,66,0.37907707175646294
lan-gateway-10s,66,0.3791173391318354
lan-gateway-10s,66,0.37915760650720787
lan-gateway-10s,66,0.37919787388258036
lan-gateway-10s,66,0.3792381412579528
lan-gateway-10s,66,0.3792784086333253
lan-gateway-10s,66,0.37931867600869773
lan-gateway-10s,66,0.3793589433840702
lan-gateway-10s,66,0.3793992107594427
lan-gateway-10s,66,0.37943947813481516
lan-gateway-10s,66,0.37947974551018765
lan-gateway-10s,66,0.37952001288556014
lan-gateway-10s,66,0.3795602802609326
lan-gateway-10s,66,0.3796005476363051
lan-gateway-10s,66,0.3796408150116775
lan-gateway-10s,66,0.37968108238705
lan-gateway-10s,66,0.3797213497624225
lan-gateway-10s,66,0.37976161713779494
lan-gateway-10s,66,0.37980188451316743
lan-gateway-10s,66,0.3798421518885399
lan-gateway-10s,66,0.37988241926391236
lan-gateway-10s,66,0.37992268663928486
lan-gateway-10s,66,0.37996295401465735
lan-gateway-10s,66,0.3800032213900298
lan-gateway-10s,66,0.3800434887654023
lan-gateway-10s,66,0.3800837561407747
lan-gateway-10s,66,0.3801240235161472
lan-gateway-10s,66,0.3801642908915197
lan-gateway-10s,66,0.38020455826689215
lan-gateway-10s,66,0.38024482564226464
lan-gateway-10s,66,0.38028509301763713
lan-gateway-10s,66,0.38032536039300957
lan-gateway-10s,66,0.38036562776838206
lan-gateway-10s,66,0.38040589514375456
lan-gateway-10s,66,0.380446162519127
lan-gateway-10s,66,0.3804864298944995
lan-gateway-10s,66,0.3805266972698719
lan-gateway-10s,66,0.3805669646452444
lan-gateway-10s,66,0.3806072320206169
lan-gateway-10s,66,0.38064749939598935
lan-gateway-10s,66,0.38068776677136185
lan-gateway-10s,66,0.38072803414673434
lan-gateway-10s,66,0.3807683015221068
lan-gateway-10s,66,0.38080856889747927
lan-gateway-10s,66,0.3808488362728517
lan-gateway-10s,66,0.3808891036482242
lan-gateway-10s,66,0.3809293710235967
lan-gateway-10s,66,0.38096963839896913
lan-gateway-10s,66,0.38100990577434163
lan-gateway-10s,66,0.3810501731497141
lan-gateway-10s,66,0.38109044052508656
lan-gateway-10s,66,0.38113070790045905
lan-gateway-10s,66,0.38117097527583155
lan-gateway-10s,66,0.381211242651204
lan-gateway-10s,66,0.3812515100265765
lan-gateway-10s,66,0.3812917774019489
lan-gateway-10s,66,0.3813320447773214
lan-gateway-10s,66,0.3813723121526939
lan-gateway-10s,66,0.38141257952806634
lan-gateway-10s,66,0.38145284690343884
lan-gateway-10s,66,0.38149311427881133
lan-gateway-10s,66,0.38153338165418377
lan-gateway-10s,66,0.38157364902955626
lan-gateway-10s,66,0.3816139164049287
lan-gateway-10s,66,0.3816541837803012
lan-gateway-10s,66,0.3816944511556737
lan-gateway-10s,66,0.3817347185310461
lan-gateway-10s,66,0.3817749859064186
lan-gateway-10s,66,0.3818152532817911
lan-gateway-10s,66,0.38185552065716355
lan-gateway-10s,66,0.38189578803253604
lan-gateway-10s,66,0.38193605540790854
lan-gateway-10s,66,0.381976322783281
lan-gateway-10s,66,0.38201659015865347
lan-gateway-10s,66,0.3820568575340259
lan-gateway-10s,66,0.3820971249093984
lan-gateway-10s,66,0.3821373922847709
lan-gateway-10s,66,0.38217765966014333
lan-gateway-10s,66,0.3822179270355158
lan-gateway-10s,66,0.3822581944108883
lan-gateway-10s,66,0.38229846178626076
lan-gateway-10s,66,0.38233872916163325
lan-gateway-10s,66,0.38237899653700574
lan-gateway-10s,66,0.3824192639123782
lan-gateway-10s,66,0.3824595312877507
lan-gateway-10s,66,0.3824997986631231
lan-gateway-10s,66,0.3825400660384956
lan-gateway-10s,66,0.3825803334138681
lan-gateway-10s,66,0.38262060078924054
lan-gateway-10s,66,0.38266086816461303
lan-gateway-10s,66,0.3827011355399855
lan-gateway-10s,66,0.38274140291535796
lan-gateway-10s,66,0.38278167029073046
lan-gateway-10s,66,0.3828219376661029
lan-gateway-10s,66,0.3828622050414754
lan-gateway-10s,66,0.3829024724168479
lan-gateway-10s,66,0.3829427397922203
lan-gateway-10s,66,0.3829830071675928
lan-gateway-10s,66,0.3830232745429653
lan-gateway-10s,66,0.38306354191833775
lan-gateway-10s,66,0.38310380929371024
lan-gateway-10s,66,0.38314407666908273
lan-gateway-10s,66,0.38318434404445517
lan-gateway-10s,66,0.38322461141982767
lan-gateway-10s,66,0.3832648787952001
lan-gateway-10s,66,0.3833051461705726
lan-gateway-10s,66,0.3833454135459451
lan-gateway-10s,66,0.38338568092131753
lan-gateway-10s,66,0.38342594829669
lan-gateway-10s,66,0.3834662156720625
lan-gateway-10s,66,0.38350648304743495
lan-gateway-10s,66,0.38354675042280745
lan-gateway-10s,66,0.38358701779817994
lan-gateway-10s,66,0.3836272851735524
lan-gateway-10s,66,0.3836675525489249
lan-gateway-10s,66,0.3837078199242973
lan-gateway-10s,66,0.3837480872996698
lan-gateway-10s,66,0.3837883546750423
lan-gateway-10s,66,0.38382862205041474
lan-gateway-10s,66,0.38386888942578723
lan-gateway-10s,66,0.3839091568011597
lan-gateway-10s,66,0.38394942417653216
lan-gateway-10s,66,0.38398969155190465
lan-gateway-10s,66,0.3840299589272771
lan-gateway-10s,66,0.3840702263026496
lan-gateway-10s,66,0.3841104936780221
lan-gateway-10s,66,0.3841507610533945
lan-gateway-10s,66,0.384191028428767
lan-gateway-10s,66,0.3842312958041395
lan-gateway-10s,66,0.38427156317951194
lan-gateway-10s,66,0.38431183055488444
lan-gateway-10s,66,0.38435209793025693
lan-gateway-10s,66,0.38439236530562937
lan-gateway-10s,66,0.38443263268100186
lan-gateway-10s,66,0.3844729000563743
lan-gateway-10s,66,0.3845131674317468
lan-gateway-10s,66,0.3845534348071193
lan-gateway-10s,66,0.3845937021824917
lan-gateway-10s,66,0.3846339695578642
lan-gateway-10s,66,0.3846742369332367
lan-gateway-10s,66,0.38471450430860915
lan-gateway-10s,66,0.38475477168398164
lan-gateway-10s,66,0.38479503905935414
lan-gateway-10s,66,0.3848353064347266
lan-gateway-10s,66,0.38487557381009907
lan-gateway-10s,66,0.3849158411854715
lan-gateway-10s,66,0.384956108560844
lan-gateway-10s,66,0.3849963759362165
lan-gateway-10s,66,0.38503664331158893
lan-gateway-10s,66,0.3850769106869614
lan-gateway-10s,66,0.3851171780623339
lan-gateway-10s,66,0.38515744543770636
lan-gateway-10s,66,0.38519771281307885
lan-gateway-10s,66,0.3852379801884513
lan-gateway-10s,66,0.3852782475638238
lan-gateway-10s,66,0.3853185149391963
lan-gateway-10s,66,0.3853587823145687
lan-gateway-10s,66,0.3853990496899412
lan-gateway-10s,66,0.3854393170653137
lan-gateway-10s,66,0.38547958444068614
lan-gateway-10s,66,0.38551985181605863
lan-gateway-10s,66,0.3855601191914311
lan-gateway-10s,66,0.38560038656680357
lan-gateway-10s,66,0.38564065394217606
lan-gateway-10s,66,0.3856809213175485
lan-gateway-10s,66,0.385721188692921
lan-gateway-10s,66,0.3857614560682935
lan-gateway-10s,66,0.3858017234436659
lan-gateway-10s,66,0.3858419908190384
lan-gateway-10s,66,0.3858822581944109
lan-gateway-10s,66,0.38592252556978335
lan-gateway-10s,66,0.38596279294515584
lan-gateway-10s,66,0.38600306032052834
lan-gateway-10s,66,0.3860433276959008
lan-gateway-10s,66,0.38608359507127327
lan-gateway-10s,66,0.3861238624466457
lan-gateway-10s,66,0.3861641298220182
lan-gateway-10s,66,0.3862043971973907
lan-gateway-10s,66,0.38624466457276313
lan-gateway-10s,66,0.3862849319481356
lan-gateway-10s,66,0.3863251993235081
lan-gateway-10s,66,0.38636546669888056
lan-gateway-10s,66,0.38640573407425305
lan-gateway-10s,66,0.3864460014496255
lan-gateway-10s,66,0.386486268824998
lan-gateway-10s,66,0.3865265362003705
lan-gateway-10s,66,0.3865668035757429
lan-gateway-10s,66,0.3866070709511154
lan-gateway-10s,66,0.3866473383264879
lan-gateway-10s,66,0.38668760570186034
lan-gateway-10s,66,0.38672787307723283
lan-gateway-10s,66,0.3867681404526053
lan-gateway-10s,66,0.38680840782797776
lan-gateway-10s,66,0.38684867520335026
lan-gateway-10s,66,0.3868889425787227
lan-gateway-10s,66,0.3869292099540952
lan-gateway-10s,66,0.3869694773294677
lan-gateway-10s,66,0.3870097447048401
lan-gateway-10s,66,0.3870500120802126
lan-gateway-10s,66,0.3870902794555851
lan-gateway-10s,66,0.38713054683095754
lan-gateway-10s,66,0.38717081420633004
lan-gateway-10s,66,0.38721108158170253
lan-gateway-10s,66,0.38725134895707497
lan-gateway-10s,66,0.38729161633244746
lan-gateway-10s,66,0.3873318837078199
lan-gateway-10s,66,0.3873721510831924
lan-gateway-10s,66,0.3874124184585649
lan-gateway-10s,66,0.3874526858339373
lan-gateway-10s,66,0.3874929532093098
lan-gateway-10s,66,0.3875332205846823
lan-gateway-10s,66,0.38757348796005475
lan-gateway-10s,66,0.38761375533542725
lan-gateway-10s,66,0.3876540227107997
lan-gateway-10s,66,0.3876942900861722
lan-gateway-10s,66,0.38773455746154467
lan-gateway-10s,66,0.3877748248369171
lan-gateway-10s,66,0.3878150922122896
lan-gateway-10s,66,0.3878553595876621
lan-gateway-10s,66,0.38789562696303453
lan-gateway-10s,66,0.38793589433840703
lan-gateway-10s,66,0.3879761617137795
lan-gateway-10s,66,0.38801642908915196
lan-gateway-10s,66,0.38805669646452445
lan-gateway-10s,66,0.3880969638398969
lan-gateway-10s,66,0.3881372312152694
lan-gateway-10s,66,0.3881774985906419
lan-gateway-10s,66,0.3882177659660143
lan-gateway-10s,66,0.3882580333413868
lan-gateway-10s,66,0.3882983007167593
lan-gateway-10s,66,0.38833856809213174
lan-gateway-10s,66,0.38837883546750424
lan-gateway-10s,66,0.38841910284287673
lan-gateway-10s,66,0.38845937021824917
lan-gateway-10s,66,0.38849963759362166
lan-gateway-10s,66,0.3885399049689941
lan-gateway-10s,66,0.3885801723443666
lan-gateway-10s,66,0.3886204397197391
lan-gateway-10s,66,0.3886607070951115
lan-gateway-10s,66,0.388700974470484
lan-gateway-10s,66,0.3887412418458565
lan-gateway-10s,66,0.38878150922122895
lan-gateway-10s,66,0.38882177659660144
lan-gateway-10s,66,0.3888620439719739
lan-gateway-10s,66,0.3889023113473464
lan-gateway-10s,66,0.38894257872271887
lan-gateway-10s,66,0.3889828460980913
lan-gateway-10s,66,0.3890231134734638
lan-gateway-10s,66,0.3890633808488363
lan-gateway-10s,66,0.38910364822420873
lan-gateway-10s,66,0.3891439155995812
lan-gateway-10s,66,0.3891841829749537
lan-gateway-10s,66,0.38922445035032616
lan-gateway-10s,66,0.38926471772569865
lan-gateway-10s,66,0.3893049851010711
lan-gateway-10s,66,0.3893452524764436
lan-gateway-10s,66,0.3893855198518161
lan-gateway-10s,66,0.3894257872271885
lan-gateway-10s,66,0.389466054602561
lan-gateway-10s,66,0.3895063219779335
lan-gateway-10s,66,0.38954658935330594
lan-gateway-10s,66,0.38958685672867843
lan-gateway-10s,66,0.38962712410405087
lan-gateway-10s,66,0.38966739147942336
lan-gateway-10s,66,0.38970765885479586
lan-gateway-10s,66,0.3897479262301683
lan-gateway-10s,66,0.3897881936055408
lan-gateway-10s,66,0.3898284609809133
lan-gateway-10s,66,0.3898687283562857
lan-gateway-10s,66,0.3899089957316582
lan-gateway-10s,66,0.3899492631070307
lan-gateway-10s,66,0.38998953048240315
lan-gateway-10s,66,0.39002979785777564
lan-gateway-10s,66,0.3900700652331481
lan-gateway-10s,66,0.39011033260852057
lan-gateway-10s,66,0.39015059998389306
lan-gateway-10s,66,0.3901908673592655
lan-gateway-10s,66,0.390231134734638
lan-gateway-10s,66,0.3902714021100105
lan-gateway-10s,66,0.39031166948538293
lan-gateway-10s,66,0.3903519368607554
lan-gateway-10s,66,0.3903922042361279
lan-gateway-10s,66,0.39043247161150035
lan-gateway-10s,66,0.39047273898687285
lan-gateway-10s,66,0.3905130063622453
lan-gateway-10s,66,0.3905532737376178
lan-gateway-10s,66,0.3905935411129903
lan-gateway-10s,66,0.3906338084883627
lan-gateway-10s,66,0.3906740758637352
lan-gateway-10s,66,0.3907143432391077
lan-gateway-10s,66,0.39075461061448014
lan-gateway-10s,66,0.39079487798985263
lan-gateway-10s,66,0.39083514536522507
lan-gateway-10s,66,0.39087541274059756
lan-gateway-10s,66,0.39091568011597005
lan-gateway-10s,66,0.3909559474913425
lan-gateway-10s,66,0.390996214866715
lan-gateway-10s,66,0.3910364822420875
lan-gateway-10s,66,0.3910767496174599
lan-gateway-10s,66,0.3911170169928324
lan-gateway-10s,66,0.3911572843682049
lan-gateway-10s,66,0.39119755174357734
lan-gateway-10s,66,0.39123781911894984
lan-gateway-10s,66,0.3912780864943223
lan-gateway-10s,66,0.39131835386969477
lan-gateway-10s,66,0.39135862124506726
lan-gateway-10s,66,0.3913988886204397
lan-gateway-10s,66,0.3914391559958122
lan-gateway-10s,66,0.3914794233711847
lan-gateway-10s,66,0.3915196907465571
lan-gateway-10s,66,0.3915599581219296
lan-gateway-10s,66,0.3916002254973021
lan-gateway-10s,66,0.39164049287267455
lan-gateway-10s,66,0.39168076024804704
lan-gateway-10s,66,0.3917210276234195
lan-gateway-10s,66,0.391761294998792
lan-gateway-10s,66,0.39180156237416447
lan-gateway-10s,66,0.3918418297495369
lan-gateway-10s,66,0.3918820971249094
lan-gateway-10s,66,0.3919223645002819
lan-gateway-10s,66,0.39196263187565433
lan-gateway-10s,66,0.3920028992510268
lan-gateway-10s,66,0.39204316662639926
lan-gateway-10s,66,0.39208343400177176
lan-gateway-10s,66,0.39212370137714425
lan-gateway-10s,66,0.3921639687525167
lan-gateway-10s,66,0.3922042361278892
lan-gateway-10s,66,0.3922445035032617
lan-gateway-10s,66,0.3922847708786341
lan-gateway-10s,66,0.3923250382540066
lan-gateway-10s,66,0.3923653056293791
lan-gateway-10s,66,0.39240557300475154
lan-gateway-10s,66,0.39244584038012403
lan-gateway-10s,66,0.39248610775549647
lan-gateway-10s,66,0.39252637513086897
lan-gateway-10s,66,0.39256664250624146
lan-gateway-10s,66,0.3926069098816139
lan-gateway-10s,66,0.3926471772569864
lan-gateway-10s,66,0.3926874446323589
lan-gateway-10s,66,0.3927277120077313
lan-gateway-10s,66,0.3927679793831038
lan-gateway-10s,66,0.3928082467584763
lan-gateway-10s,66,0.39284851413384875
lan-gateway-10s,66,0.39288878150922124
lan-gateway-10s,66,0.3929290488845937
lan-gateway-10s,66,0.3929693162599662
lan-gateway-10s,66,0.39300958363533867
lan-gateway-10s,66,0.3930498510107111
lan-gateway-10s,66,0.3930901183860836
lan-gateway-10s,66,0.3931303857614561
lan-gateway-10s,66,0.39317065313682853
lan-gateway-10s,66,0.393210920512201
lan-gateway-10s,66,0.39325118788757346
lan-gateway-10s,66,0.39329145526294595
lan-gateway-10s,66,0.39333172263831845
lan-gateway-10s,66,0.3933719900136909
lan-gateway-10s,66,0.3934122573890634
lan-gateway-10s,66,0.3934525247644359
lan-gateway-10s,66,0.3934927921398083
lan-gateway-10s,66,0.3935330595151808
lan-gateway-10s,66,0.3935733268905533
lan-gateway-10s,66,0.39361359426592574
lan-gateway-10s,66,0.39365386164129823
lan-gateway-10s,66,0.39369412901667067
lan-gateway-10s,66,0.39373439639204316
lan-gateway-10s,66,0.39377466376741566
lan-gateway-10s,66,0.3938149311427881
lan-gateway-10s,66,0.3938551985181606
lan-gateway-10s,66,0.3938954658935331
lan-gateway-10s,66,0.3939357332689055
lan-gateway-10s,66,0.393976000644278
lan-gateway-10s,66,0.3940162680196505
lan-gateway-10s,66,0.39405653539502294
lan-gateway-10s,66,0.39409680277039544
lan-gateway-10s,66,0.3941370701457679
lan-gateway-10s,66,0.39417733752114037
lan-gateway-10s,66,0.39421760489651286
lan-gateway-10s,66,0.3942578722718853
lan-gateway-10s,66,0.3942981396472578
lan-gateway-10s,66,0.3943384070226303
lan-gateway-10s,66,0.3943786743980027
lan-gateway-10s,66,0.3944189417733752
lan-gateway-10s,66,0.39445920914874766
lan-gateway-10s,66,0.39449947652412015
lan-gateway-10s,66,0.39453974389949265
lan-gateway-10s,66,0.3945800112748651
lan-gateway-10s,66,0.3946202786502376
lan-gateway-10s,66,0.39466054602561007
lan-gateway-10s,66,0.3947008134009825
lan-gateway-10s,66,0.394741080776355
lan-gateway-10s,66,0.3947813481517275
lan-gateway-10s,66,0.39482161552709993
lan-gateway-10s,66,0.3948618829024724
lan-gateway-10s,66,0.39490215027784487
lan-gateway-10s,66,0.39494241765321736
lan-gateway-10s,66,0.39498268502858985
lan-gateway-10s,66,0.3950229524039623
lan-gateway-10s,66,0.3950632197793348
lan-gateway-10s,66,0.3951034871547073
lan-gateway-10s,66,0.3951437545300797
lan-gateway-10s,66,0.3951840219054522
lan-gateway-10s,66,0.3952242892808247
lan-gateway-10s,66,0.39526455665619714
lan-gateway-10s,66,0.39530482403156963
lan-gateway-10s,66,0.3953450914069421
lan-gateway-10s,66,0.39538535878231457
lan-gateway-10s,66,0.39542562615768706
lan-gateway-10s,66,0.3954658935330595
lan-gateway-10s,66,0.395506160908432
lan-gateway-10s,66,0.3955464282838045
lan-gateway-10s,66,0.3955866956591769
lan-gateway-10s,66,0.3956269630345494
lan-gateway-10s,66,0.39566723040992186
lan-gateway-10s,66,0.39570749778529435
lan-gateway-10s,66,0.39574776516066684
lan-gateway-10s,66,0.3957880325360393
lan-gateway-10s,66,0.3958282999114118
lan-gateway-10s,66,0.39586856728678427
lan-gateway-10s,66,0.3959088346621567
lan-gateway-10s,66,0.3959491020375292
lan-gateway-10s,66,0.3959893694129017
lan-gateway-10s,66,0.39602963678827413
lan-gateway-10s,66,0.3960699041636466
lan-gateway-10s,66,0.39611017153901906
lan-gateway-10s,66,0.39615043891439156
lan-gateway-10s,66,0.39619070628976405
lan-gateway-10s,66,0.3962309736651365
lan-gateway-10s,66,0.396271241040509
lan-gateway-10s,66,0.3963115084158815
lan-gateway-10s,66,0.3963517757912539
lan-gateway-10s,66,0.3963920431666264
lan-gateway-10s,66,0.3964323105419989
lan-gateway-10s,66,0.39647257791737134
lan-gateway-10s,66,0.39651284529274383
lan-gateway-10s,66,0.39655311266811627
lan-gateway-10s,66,0.39659338004348876
lan-gateway-10s,66,0.39663364741886126
lan-gateway-10s,66,0.3966739147942337
lan-gateway-10s,66,0.3967141821696062
lan-gateway-10s,66,0.3967544495449787
lan-gateway-10s,66,0.3967947169203511
lan-gateway-10s,66,0.3968349842957236
lan-gateway-10s,66,0.39687525167109605
lan-gateway-10s,66,0.39691551904646855
lan-gateway-10s,66,0.39695578642184104
lan-gateway-10s,66,0.3969960537972135
lan-gateway-10s,66,0.39703632117258597
lan-gateway-10s,66,0.39707658854795846
lan-gateway-10s,66,0.3971168559233309
lan-gateway-10s,66,0.3971571232987034
lan-gateway-10s,66,0.3971973906740759
lan-gateway-10s,66,0.39723765804944833
lan-gateway-10s,66,0.3972779254248208
lan-gateway-10s,66,0.39731819280019326
lan-gateway-10s,66,0.39735846017556575
lan-gateway-10s,66,0.39739872755093825
lan-gateway-10s,66,0.3974389949263107
lan-gateway-10s,66,0.3974792623016832
lan-gateway-10s,66,0.39751952967705567
lan-gateway-10s,66,0.3975597970524281
lan-gateway-10s,66,0.3976000644278006
lan-gateway-10s,66,0.39764033180317304
lan-gateway-10s,66,0.39768059917854554
lan-gateway-10s,66,0.39772086655391803
lan-gateway-10s,66,0.39776113392929047
lan-gateway-10s,66,0.39780140130466296
lan-gateway-10s,66,0.39784166868003545
lan-gateway-10s,66,0.3978819360554079
lan-gateway-10s,66,0.3979222034307804
lan-gateway-10s,66,0.3979624708061529
lan-gateway-10s,66,0.3980027381815253
lan-gateway-10s,66,0.3980430055568978
lan-gateway-10s,66,0.39808327293227025
lan-gateway-10s,66,0.39812354030764274
lan-gateway-10s,66,0.39816380768301524
lan-gateway-10s,66,0.3982040750583877
lan-gateway-10s,66,0.39824434243376017
lan-gateway-10s,66,0.39828460980913266
lan-gateway-10s,66,0.3983248771845051
lan-gateway-10s,66,0.3983651445598776
lan-gateway-10s,66,0.3984054119352501
lan-gateway-10s,66,0.3984456793106225
lan-gateway-10s,66,0.398485946685995
lan-gateway-10s,66,0.39852621406136746
lan-gateway-10s,66,0.39856648143673995
lan-gateway-10s,66,0.39860674881211244
lan-gateway-10s,66,0.3986470161874849
lan-gateway-10s,66,0.3986872835628574
lan-gateway-10s,66,0.39872755093822987
lan-gateway-10s,66,0.3987678183136023
lan-gateway-10s,66,0.3988080856889748
lan-gateway-10s,66,0.39884835306434724
lan-gateway-10s,66,0.39888862043971973
lan-gateway-10s,66,0.3989288878150922
lan-gateway-10s,66,0.39896915519046466
lan-gateway-10s,66,0.39900942256583716
lan-gateway-10s,66,0.39904968994120965
lan-gateway-10s,66,0.3990899573165821
lan-gateway-10s,66,0.3991302246919546
lan-gateway-10s,66,0.3991704920673271
lan-gateway-10s,66,0.3992107594426995
lan-gateway-10s,66,0.399251026818072
lan-gateway-10s,66,0.39929129419344445
lan-gateway-10s,66,0.39933156156881694
lan-gateway-10s,66,0.39937182894418943
lan-gateway-10s,66,0.39941209631956187
lan-gateway-10s,66,0.39945236369493436
lan-gateway-10s,66,0.39949263107030686
lan-gateway-10s,66,0.3995328984456793
lan-gateway-10s,66,0.3995731658210518
lan-gateway-10s,66,0.3996134331964243
lan-gateway-10s,66,0.3996537005717967
lan-gateway-10s,66,0.3996939679471692
lan-gateway-10s,66,0.39973423532254165
lan-gateway-10s,66,0.39977450269791415
lan-gateway-10s,66,0.39981477007328664
lan-gateway-10s,66,0.3998550374486591
lan-gateway-10s,66,0.39989530482403157
lan-gateway-10s,66,0.39993557219940407
lan-gateway-10s,66,0.3999758395747765
lan-gateway-10s,66,0.400016106950149
lan-gateway-10s,66,0.40005637432552144
lan-gateway-10s,66,0.40009664170089393
lan-gateway-10s,66,0.4001369090762664
lan-gateway-10s,66,0.40017717645163886
lan-gateway-10s,66,0.40021744382701135
lan-gateway-10s,66,0.40025771120238385
lan-gateway-10s,66,0.4002979785777563
lan-gateway-10s,66,0.4003382459531288
lan-gateway-10s,66,0.4003785133285013
lan-gateway-10s,66,0.4004187807038737
lan-gateway-10s,66,0.4004590480792462
lan-gateway-10s,66,0.40049931545461864
lan-gateway-10s,66,0.40053958282999114
lan-gateway-10s,66,0.40057985020536363
lan-gateway-10s,66,0.40062011758073607
lan-gateway-10s,66,0.40066038495610856
lan-gateway-10s,66,0.40070065233148106
lan-gateway-10s,66,0.4007409197068535
lan-gateway-10s,66,0.400781187082226
lan-gateway-10s,66,0.4008214544575985
lan-gateway-10s,66,0.4008617218329709
lan-gateway-10s,66,0.4009019892083434
lan-gateway-10s,66,0.40094225658371585
lan-gateway-10s,66,0.40098252395908834
lan-gateway-10s,66,0.40102279133446084
lan-gateway-10s,66,0.4010630587098333
lan-gateway-10s,66,0.40110332608520577
lan-gateway-10s,66,0.40114359346057826
lan-gateway-10s,66,0.4011838608359507
lan-gateway-10s,66,0.4012241282113232
lan-gateway-10s,66,0.40126439558669563
lan-gateway-10s,66,0.4013046629620681
lan-gateway-10s,66,0.4013449303374406
lan-gateway-10s,66,0.40138519771281306
lan-gateway-10s,66,0.40142546508818555
lan-gateway-10s,66,0.40146573246355804
lan-gateway-10s,66,0.4015059998389305
lan-gateway-10s,66,0.401546267214303
lan-gateway-10s,66,0.40158653458967547
lan-gateway-10s,66,0.4016268019650479
lan-gateway-10s,66,0.4016670693404204
lan-gateway-10s,66,0.40170733671579284
lan-gateway-10s,66,0.40174760409116533
lan-gateway-10s,66,0.4017878714665378
lan-gateway-10s,66,0.40182813884191027
lan-gateway-10s,66,0.40186840621728276
lan-gateway-10s,66,0.40190867359265525
lan-gateway-10s,66,0.4019489409680277
lan-gateway-10s,66,0.4019892083434002
lan-gateway-10s,66,0.4020294757187727
lan-gateway-10s,66,0.4020697430941451
lan-gateway-10s,66,0.4021100104695176
lan-gateway-10s,66,0.40215027784489005
lan-gateway-10s,66,0.40219054522026254
lan-gateway-10s,66,0.40223081259563503
lan-gateway-10s,66,0.4022710799710075
lan-gateway-10s,66,0.40231134734637997
lan-gateway-10s,66,0.40235161472175246
lan-gateway-10s,66,0.4023918820971249
lan-gateway-10s,66,0.4024321494724974
lan-gateway-10s,66,0.40247241684786983
lan-gateway-10s,66,0.4025126842232423
lan-gateway-10s,66,0.4025529515986148
lan-gateway-10s,66,0.40259321897398725
lan-gateway-10s,66,0.40263348634935975
lan-gateway-10s,66,0.40267375372473224
lan-gateway-10s,66,0.4027140211001047
lan-gateway-10s,66,0.4027542884754772
lan-gateway-10s,66,0.40279455585084967
lan-gateway-10s,66,0.4028348232262221
lan-gateway-10s,66,0.4028750906015946
lan-gateway-10s,66,0.40291535797696704
lan-gateway-10s,66,0.40295562535233953
lan-gateway-10s,66,0.402995892727712
lan-gateway-10s,66,0.40303616010308446
lan-gateway-10s,66,0.40307642747845696
lan-gateway-10s,66,0.40311669485382945
lan-gateway-10s,66,0.4031569622292019
lan-gateway-10s,66,0.4031972296045744
lan-gateway-10s,66,0.4032374969799469
lan-gateway-10s,66,0.4032777643553193
lan-gateway-10s,66,0.4033180317306918
lan-gateway-10s,66,0.40335829910606424
lan-gateway-10s,66,0.40339856648143674
lan-gateway-10s,66,0.40343883385680923
lan-gateway-10s,66,0.40347910123218167
lan-gateway-10s,66,0.40351936860755416
lan-gateway-10s,66,0.40355963598292666
lan-gateway-10s,66,0.4035999033582991
lan-gateway-10s,66,0.4036401707336716
lan-gateway-10s,66,0.403680438109044
lan-gateway-10s,66,0.4037207054844165
lan-gateway-10s,66,0.403760972859789
lan-gateway-10s,66,0.40380124023516145
lan-gateway-10s,66,0.40384150761053395
lan-gateway-10s,66,0.40388177498590644
lan-gateway-10s,66,0.4039220423612789
lan-gateway-10s,66,0.40396230973665137
lan-gateway-10s,66,0.40400257711202386
lan-gateway-10s,66,0.4040428444873963
lan-gateway-10s,66,0.4040831118627688
lan-gateway-10s,66,0.40412337923814123
lan-gateway-10s,66,0.4041636466135137
lan-gateway-10s,66,0.4042039139888862
lan-gateway-10s,66,0.40424418136425866
lan-gateway-10s,66,0.40428444873963115
lan-gateway-10s,66,0.40432471611500365
lan-gateway-10s,66,0.4043649834903761
lan-gateway-10s,66,0.4044052508657486
lan-gateway-10s,66,0.40444551824112107
lan-gateway-10s,66,0.4044857856164935
lan-gateway-10s,66,0.404526052991866
lan-gateway-10s,66,0.40456632036723844
lan-gateway-10s,66,0.40460658774261093
lan-gateway-10s,66,0.40464685511798343
lan-gateway-10s,66,0.40468712249335587
lan-gateway-10s,66,0.40472738986872836
lan-gateway-10s,66,0.40476765724410085
lan-gateway-10s,66,0.4048079246194733
lan-gateway-10s,66,0.4048481919948458
lan-gateway-10s,66,0.4048884593702182
lan-gateway-10s,66,0.4049287267455907
lan-gateway-10s,66,0.4049689941209632
lan-gateway-10s,66,0.40500926149633565
lan-gateway-10s,66,0.40504952887170814
lan-gateway-10s,66,0.40508979624708064
lan-gateway-10s,66,0.4051300636224531
lan-gateway-10s,66,0.40517033099782557
lan-gateway-10s,66,0.40521059837319806
lan-gateway-10s,66,0.4052508657485705
lan-gateway-10s,66,0.405291133123943
lan-gateway-10s,66,0.40533140049931543
lan-gateway-10s,66,0.4053716678746879
lan-gateway-10s,66,0.4054119352500604
lan-gateway-10s,66,0.40545220262543286
lan-gateway-10s,66,0.40549247000080535
lan-gateway-10s,66,0.40553273737617784
lan-gateway-10s,66,0.4055730047515503
lan-gateway-10s,66,0.4056132721269228
lan-gateway-10s,66,0.4056535395022952
lan-gateway-10s,66,0.4056938068776677
lan-gateway-10s,66,0.4057340742530402
lan-gateway-10s,66,0.40577434162841264
lan-gateway-10s,66,0.40581460900378513
lan-gateway-10s,66,0.4058548763791576
lan-gateway-10s,66,0.40589514375453006
lan-gateway-10s,66,0.40593541112990256
lan-gateway-10s,66,0.40597567850527505
lan-gateway-10s,66,0.4060159458806475
lan-gateway-10s,66,0.40605621325602
lan-gateway-10s,66,0.4060964806313924
lan-gateway-10s,66,0.4061367480067649
lan-gateway-10s,66,0.4061770153821374
lan-gateway-10s,66,0.40621728275750985
lan-gateway-10s,66,0.40625755013288234
lan-gateway-10s,66,0.40629781750825483
lan-gateway-10s,66,0.40633808488362727
lan-gateway-10s,66,0.40637835225899976
lan-gateway-10s,66,0.40641861963437226
lan-gateway-10s,66,0.4064588870097447
lan-gateway-10s,66,0.4064991543851172
lan-gateway-10s,66,0.4065394217604896
lan-gateway-10s,66,0.4065796891358621
lan-gateway-10s,66,0.4066199565112346
lan-gateway-10s,66,0.40666022388660705
lan-gateway-10s,66,0.40670049126197955
lan-gateway-10s,66,0.40674075863735204
lan-gateway-10s,66,0.4067810260127245
lan-gateway-10s,66,0.40682129338809697
lan-gateway-10s,66,0.4068615607634694
lan-gateway-10s,66,0.4069018281388419
lan-gateway-10s,66,0.4069420955142144
lan-gateway-10s,66,0.40698236288958684
lan-gateway-10s,66,0.40702263026495933
lan-gateway-10s,66,0.4070628976403318
lan-gateway-10s,66,0.40710316501570426
lan-gateway-10s,66,0.40714343239107675
lan-gateway-10s,66,0.40718369976644925
lan-gateway-10s,66,0.4072239671418217
lan-gateway-10s,66,0.4072642345171942
lan-gateway-10s,66,0.4073045018925666
lan-gateway-10s,66,0.4073447692679391
lan-gateway-10s,66,0.4073850366433116
lan-gateway-10s,66,0.40742530401868404
lan-gateway-10s,66,0.40746557139405654
lan-gateway-10s,66,0.40750583876942903
lan-gateway-10s,66,0.40754610614480147
lan-gateway-10s,66,0.40758637352017396
lan-gateway-10s,66,0.40762664089554645
lan-gateway-10s,66,0.4076669082709189
lan-gateway-10s,66,0.4077071756462914
lan-gateway-10s,66,0.4077474430216638
lan-gateway-10s,66,0.4077877103970363
lan-gateway-10s,66,0.4078279777724088
lan-gateway-10s,66,0.40786824514778125
lan-gateway-10s,66,0.40790851252315374
lan-gateway-10s,66,0.40794877989852624
lan-gateway-10s,66,0.4079890472738987
lan-gateway-10s,66,0.40802931464927117
lan-gateway-10s,66,0.4080695820246436
lan-gateway-10s,66,0.4081098494000161
lan-gateway-10s,66,0.4081501167753886
lan-gateway-10s,66,0.40819038415076103
lan-gateway-10s,66,0.4082306515261335
lan-gateway-10s,66,0.408270918901506
lan-gateway-10s,66,0.40831118627687846
lan-gateway-10s,66,0.40835145365225095
lan-gateway-10s,66,0.40839172102762344
lan-gateway-10s,66,0.4084319884029959
lan-gateway-10s,66,0.4084722557783684
lan-gateway-10s,66,0.4085125231537408
lan-gateway-10s,66,0.4085527905291133
lan-gateway-10s,66,0.4085930579044858
lan-gateway-10s,66,0.40863332527985824
lan-gateway-10s,66,0.40867359265523073
lan-gateway-10s,66,0.4087138600306032
lan-gateway-10s,66,0.40875412740597566
lan-gateway-10s,66,0.40879439478134816
lan-gateway-10s,66,0.40883466215672065
lan-gateway-10s,66,0.4088749295320931
lan-gateway-10s,66,0.4089151969074656
lan-gateway-10s,66,0.408955464282838
lan-gateway-10s,66,0.4089957316582105
lan-gateway-10s,66,0.409035999033583
lan-gateway-10s,66,0.40907626640895545
lan-gateway-10s,66,0.40911653378432794
lan-gateway-10s,66,0.40915680115970043
lan-gateway-10s,66,0.40919706853507287
lan-gateway-10s,66,0.40923733591044537
lan-gateway-10s,66,0.4092776032858178
lan-gateway-10s,66,0.4093178706611903
lan-gateway-10s,66,0.4093581380365628
lan-gateway-10s,66,0.40939840541193523
lan-gateway-10s,66,0.4094386727873077
lan-gateway-10s,66,0.4094789401626802
lan-gateway-10s,66,0.40951920753805265
lan-gateway-10s,66,0.40955947491342515
lan-gateway-10s,66,0.40959974228879764
lan-gateway-10s,66,0.4096400096641701
lan-gateway-10s,66,0.4096802770395426
lan-gateway-10s,66,0.409720544414915
lan-gateway-10s,66,0.4097608117902875
lan-gateway-10s,66,0.40980107916566
lan-gateway-10s,66,0.40984134654103244
lan-gateway-10s,66,0.40988161391640493
lan-gateway-10s,66,0.4099218812917774
lan-gateway-10s,66,0.40996214866714986
lan-gateway-10s,66,0.41000241604252236
lan-gateway-10s,66,0.41004268341789485
lan-gateway-10s,66,0.4100829507932673
lan-gateway-10s,66,0.4101232181686398
lan-gateway-10s,66,0.4101634855440122
lan-gateway-10s,66,0.4102037529193847
lan-gateway-10s,66,0.4102440202947572
lan-gateway-10s,66,0.41028428767012964
lan-gateway-10s,66,0.41032455504550214
lan-gateway-10s,66,0.41036482242087463
lan-gateway-10s,66,0.41040508979624707
lan-gateway-10s,66,0.41044535717161956
lan-gateway-10s,66,0.410485624546992
lan-gateway-10s,66,0.4105258919223645
lan-gateway-10s,66,0.410566159297737
lan-gateway-10s,66,0.4106064266731094
lan-gateway-10s,66,0.4106466940484819
lan-gateway-10s,66,0.4106869614238544
lan-gateway-10s,66,0.41072722879922685
lan-gateway-10s,66,0.41076749617459934
lan-gateway-10s,66,0.41080776354997184
lan-gateway-10s,66,0.4108480309253443
lan-gateway-10s,66,0.41088829830071677
lan-gateway-10s,66,0.4109285656760892
lan-gateway-10s,66,0.4109688330514617
lan-gateway-10s,66,0.4110091004268342
lan-gateway-10s,66,0.41104936780220663
lan-gateway-10s,66,0.4110896351775791
lan-gateway-10s,66,0.4111299025529516
lan-gateway-10s,66,0.41117016992832406
lan-gateway-10s,66,0.41121043730369655
lan-gateway-10s,66,0.41125070467906905
lan-gateway-10s,66,0.4112909720544415
lan-gateway-10s,66,0.411331239429814
lan-gateway-10s,66,0.4113715068051864
lan-gateway-10s,66,0.4114117741805589
lan-gateway-10s,66,0.4114520415559314
lan-gateway-10s,66,0.41149230893130384
lan-gateway-10s,66,0.41153257630667633
lan-gateway-10s,66,0.41157284368204883
lan-gateway-10s,66,0.41161311105742127
lan-gateway-10s,66,0.41165337843279376
lan-gateway-10s,66,0.4116936458081662
lan-gateway-10s,66,0.4117339131835387
lan-gateway-10s,66,0.4117741805589112
lan-gateway-10s,66,0.4118144479342836
lan-gateway-10s,66,0.4118547153096561
lan-gateway-10s,66,0.4118949826850286
lan-gateway-10s,66,0.41193525006040105
lan-gateway-10s,66,0.41197551743577354
lan-gateway-10s,66,0.41201578481114604
lan-gateway-10s,66,0.4120560521865185
lan-gateway-10s,66,0.41209631956189097
lan-gateway-10s,66,0.4121365869372634
lan-gateway-10s,66,0.4121768543126359
lan-gateway-10s,66,0.4122171216880084
lan-gateway-10s,66,0.41225738906338083
lan-gateway-10s,66,0.4122976564387533
lan-gateway-10s,66,0.4123379238141258
lan-gateway-10s,66,0.41237819118949826
lan-gateway-10s,66,0.41241845856487075
lan-gateway-10s,66,0.41245872594024324
lan-gateway-10s,66,0.4124989933156157
lan-gateway-10s,66,0.4125392606909882
lan-gateway-10s,66,0.4125795280663606
lan-gateway-10s,66,0.4126197954417331
lan-gateway-10s,66,0.4126600628171056
lan-gateway-10s,66,0.41270033019247804
lan-gateway-10s,66,0.41274059756785053
lan-gateway-10s,66,0.412780864943223
lan-gateway-10s,66,0.41282113231859546
lan-gateway-10s,66,0.41286139969396796
lan-gateway-10s,66,0.4129016670693404
lan-gateway-10s,66,0.4129419344447129
lan-gateway-10s,66,0.4129822018200854
lan-gateway-10s,66,0.4130224691954578
lan-gateway-10s,66,0.4130627365708303
lan-gateway-10s,66,0.4131030039462028
lan-gateway-10s,66,0.41314327132157525
lan-gateway-10s,66,0.41318353869694774
lan-gateway-10s,66,0.41322380607232023
lan-gateway-10s,66,0.41326407344769267
lan-gateway-10s,66,0.41330434082306516
lan-gateway-10s,66,0.4133446081984376
lan-gateway-10s,66,0.4133848755738101
lan-gateway-10s,66,0.4134251429491826
lan-gateway-10s,66,0.413465410324555
lan-gateway-10s,66,0.4135056776999275
lan-gateway-10s,66,0.4135459450753
lan-gateway-10s,66,0.41358621245067245
lan-gateway-10s,66,0.41362647982604495
lan-gateway-10s,66,0.4136667472014174
lan-gateway-10s,66,0.4137070145767899
lan-gateway-10s,66,0.41374728195216237
lan-gateway-10s,66,0.4137875493275348
lan-gateway-10s,66,0.4138278167029073
lan-gateway-10s,66,0.4138680840782798
lan-gateway-10s,66,0.41390835145365223
lan-gateway-10s,66,0.41394861882902473
lan-gateway-10s,66,0.4139888862043972
lan-gateway-10s,66,0.41402915357976966
lan-gateway-10s,66,0.41406942095514215
lan-gateway-10s,66,0.4141096883305146
lan-gateway-10s,66,0.4141499557058871
lan-gateway-10s,66,0.4141902230812596
lan-gateway-10s,66,0.414230490456632
lan-gateway-10s,66,0.4142707578320045
lan-gateway-10s,66,0.414311025207377
lan-gateway-10s,66,0.41435129258274944
lan-gateway-10s,66,0.41439155995812194
lan-gateway-10s,66,0.41443182733349443
lan-gateway-10s,66,0.41447209470886687
lan-gateway-10s,66,0.41451236208423936
lan-gateway-10s,66,0.4145526294596118
lan-gateway-10s,66,0.4145928968349843
lan-gateway-10s,66,0.4146331642103568
lan-gateway-10s,66,0.4146734315857292
lan-gateway-10s,66,0.4147136989611017
lan-gateway-10s,66,0.4147539663364742
lan-gateway-10s,66,0.41479423371184665
lan-gateway-10s,66,0.41483450108721914
lan-gateway-10s,66,0.4148747684625916
lan-gateway-10s,66,0.4149150358379641
lan-gateway-10s,66,0.41495530321333657
lan-gateway-10s,66,0.414995570588709
lan-gateway-10s,66,0.4150358379640815
lan-gateway-10s,66,0.415076105339454
lan-gateway-10s,66,0.41511637271482643
lan-gateway-10s,66,0.4151566400901989
lan-gateway-10s,66,0.4151969074655714
lan-gateway-10s,66,0.41523717484094386
lan-gateway-10s,66,0.41527744221631635
lan-gateway-10s,66,0.4153177095916888
lan-gateway-10s,66,0.4153579769670613
lan-gateway-10s,66,0.4153982443424338
lan-gateway-10s,66,0.4154385117178062
lan-gateway-10s,66,0.4154787790931787
lan-gateway-10s,66,0.4155190464685512
lan-gateway-10s,66,0.41555931384392364
lan-gateway-10s,66,0.41559958121929613
lan-gateway-10s,66,0.4156398485946686
lan-gateway-10s,66,0.41568011597004106
lan-gateway-10s,66,0.41572038334541356
lan-gateway-10s,66,0.415760650720786
lan-gateway-10s,66,0.4158009180961585
lan-gateway-10s,66,0.415841185471531
lan-gateway-10s,66,0.4158814528469034
lan-gateway-10s,66,0.4159217202222759
lan-gateway-10s,66,0.4159619875976484
lan-gateway-10s,66,0.41600225497302085
lan-gateway-10s,66,0.41604252234839334
lan-gateway-10s,66,0.4160827897237658
lan-gateway-10s,66,0.41612305709913827
lan-gateway-10s,66,0.41616332447451077
lan-gateway-10s,66,0.4162035918498832
lan-gateway-10s,66,0.4162438592252557
lan-gateway-10s,66,0.4162841266006282
lan-gateway-10s,66,0.41632439397600063
lan-gateway-10s,66,0.4163646613513731
lan-gateway-10s,66,0.4164049287267456
lan-gateway-10s,66,0.41644519610211805
lan-gateway-10s,66,0.41648546347749055
lan-gateway-10s,66,0.416525730852863
lan-gateway-10s,66,0.4165659982282355
lan-gateway-10s,66,0.416606265603608
lan-gateway-10s,66,0.4166465329789804
lan-gateway-10s,66,0.4166868003543529
lan-gateway-10s,66,0.4167270677297254
lan-gateway-10s,66,0.41676733510509784
lan-gateway-10s,66,0.41680760248047033
lan-gateway-10s,66,0.4168478698558428
lan-gateway-10s,66,0.41688813723121526
lan-gateway-10s,66,0.41692840460658775
lan-gateway-10s,66,0.4169686719819602
lan-gateway-10s,66,0.4170089393573327
lan-gateway-10s,66,0.4170492067327052
lan-gateway-10s,66,0.4170894741080776
lan-gateway-10s,66,0.4171297414834501
lan-gateway-10s,66,0.4171700088588226
lan-gateway-10s,66,0.41721027623419504
lan-gateway-10s,66,0.41725054360956754
lan-gateway-10s,66,0.41729081098494
lan-gateway-10s,66,0.41733107836031247
lan-gateway-10s,66,0.41737134573568496
lan-gateway-10s,66,0.4174116131110574
lan-gateway-10s,66,0.4174518804864299
lan-gateway-10s,66,0.4174921478618024
lan-gateway-10s,66,0.4175324152371748
lan-gateway-10s,66,0.4175726826125473
lan-gateway-10s,66,0.4176129499879198
lan-gateway-10s,66,0.41765321736329225
lan-gateway-10s,66,0.41769348473866474
lan-gateway-10s,66,0.4177337521140372
lan-gateway-10s,66,0.4177740194894097
lan-gateway-10s,66,0.41781428686478217
lan-gateway-10s,66,0.4178545542401546
lan-gateway-10s,66,0.4178948216155271
lan-gateway-10s,66,0.4179350889908996
lan-gateway-10s,66,0.41797535636627203
lan-gateway-10s,66,0.4180156237416445
lan-gateway-10s,66,0.418055891117017
lan-gateway-10s,66,0.41809615849238946
lan-gateway-10s,66,0.41813642586776195
lan-gateway-10s,66,0.4181766932431344
lan-gateway-10s,66,0.4182169606185069
lan-gateway-10s,66,0.4182572279938794
lan-gateway-10s,66,0.4182974953692518
lan-gateway-10s,66,0.4183377627446243
lan-gateway-10s,66,0.4183780301199968
lan-gateway-10s,66,0.41841829749536924
lan-gateway-10s,66,0.41845856487074173
lan-gateway-10s,66,0.41849883224611417
lan-gateway-10s,66,0.41853909962148667
lan-gateway-10s,66,0.41857936699685916
lan-gateway-10s,66,0.4186196343722316
lan-gateway-10s,66,0.4186599017476041
lan-gateway-10s,66,0.4187001691229766
lan-gateway-10s,66,0.418740436498349
lan-gateway-10s,66,0.4187807038737215
lan-gateway-10s,66,0.418820971249094
lan-gateway-10s,66,0.41886123862446645
lan-gateway-10s,66,0.41890150599983894
lan-gateway-10s,66,0.4189417733752114
lan-gateway-10s,66,0.4189820407505839
lan-gateway-10s,66,0.41902230812595637
lan-gateway-10s,66,0.4190625755013288
lan-gateway-10s,66,0.4191028428767013
lan-gateway-10s,66,0.4191431102520738
lan-gateway-10s,66,0.41918337762744623
lan-gateway-10s,66,0.4192236450028187
lan-gateway-10s,66,0.4192639123781912
lan-gateway-10s,66,0.41930417975356366
lan-gateway-10s,66,0.41934444712893615
lan-gateway-10s,66,0.4193847145043086
lan-gateway-10s,66,0.4194249818796811
lan-gateway-10s,66,0.4194652492550536
lan-gateway-10s,66,0.419505516630426
lan-gateway-10s,66,0.4195457840057985
lan-gateway-10s,66,0.419586051381171
lan-gateway-10s,66,0.41962631875654344
lan-gateway-10s,66,0.41966658613191593
lan-gateway-10s,66,0.41970685350728837
lan-gateway-10s,66,0.41974712088266086
lan-gateway-10s,66,0.41978738825803336
lan-gateway-10s,66,0.4198276556334058
lan-gateway-10s,66,0.4198679230087783
lan-gateway-10s,66,0.4199081903841508
lan-gateway-10s,66,0.4199484577595232
lan-gateway-10s,66,0.4199887251348957
lan-gateway-10s,66,0.4200289925102682
lan-gateway-10s,66,0.42006925988564064
lan-gateway-10s,66,0.42010952726101314
lan-gateway-10s,66,0.4201497946363856
lan-gateway-10s,66,0.42019006201175807
lan-gateway-10s,66,0.42023032938713056
lan-gateway-10s,66,0.420270596762503
lan-gateway-10s,66,0.4203108641378755
lan-gateway-10s,66,0.420351131513248
lan-gateway-10s,66,0.4203913988886204
lan-gateway-10s,66,0.4204316662639929
lan-gateway-10s,67,0.4204719336393654
lan-gateway-10s,67,0.42051220101473785
lan-gateway-10s,67,0.42055246839011035
lan-gateway-10s,67,0.4205927357654828
lan-gateway-10s,67,0.4206330031408553
lan-gateway-10s,67,0.42067327051622777
lan-gateway-10s,67,0.4207135378916002
lan-gateway-10s,67,0.4207538052669727
lan-gateway-10s,67,0.4207940726423452
lan-gateway-10s,67,0.42083434001771763
lan-gateway-10s,67,0.4208746073930901
lan-gateway-10s,67,0.42091487476846257
lan-gateway-10s,67,0.42095514214383506
lan-gateway-10s,67,0.42099540951920755
lan-gateway-10s,67,0.42103567689458
lan-gateway-10s,67,0.4210759442699525
lan-gateway-10s,67,0.421116211645325
lan-gateway-10s,67,0.4211564790206974
lan-gateway-10s,67,0.4211967463960699
lan-gateway-10s,67,0.4212370137714424
lan-gateway-10s,67,0.42127728114681484
lan-gateway-10s,67,0.42131754852218734
lan-gateway-10s,67,0.4213578158975598
lan-gateway-10s,67,0.42139808327293227
lan-gateway-10s,67,0.42143835064830476
lan-gateway-10s,67,0.4214786180236772
lan-gateway-10s,67,0.4215188853990497
lan-gateway-10s,67,0.4215591527744222
lan-gateway-10s,67,0.4215994201497946
lan-gateway-10s,67,0.4216396875251671
lan-gateway-10s,67,0.42167995490053956
lan-gateway-10s,67,0.42172022227591205
lan-gateway-10s,67,0.42176048965128454
lan-gateway-10s,67,0.421800757026657
lan-gateway-10s,67,0.4218410244020295
lan-gateway-10s,67,0.42188129177740197
lan-gateway-10s,67,0.4219215591527744
lan-gateway-10s,67,0.4219618265281469
lan-gateway-10s,67,0.4220020939035194
lan-gateway-10s,67,0.42204236127889183
lan-gateway-10s,67,0.4220826286542643
lan-gateway-10s,67,0.42212289602963676
lan-gateway-10s,67,0.42216316340500926
lan-gateway-10s,67,0.42220343078038175
lan-gateway-10s,67,0.4222436981557542
lan-gateway-10s,67,0.4222839655311267
lan-gateway-10s,67,0.4223242329064992
lan-gateway-10s,67,0.4223645002818716
lan-gateway-10s,67,0.4224047676572441
lan-gateway-10s,67,0.4224450350326166
lan-gateway-10s,67,0.42248530240798904
lan-gateway-10s,67,0.42252556978336153
lan-gateway-10s,67,0.42256583715873397
lan-gateway-10s,67,0.42260610453410646
lan-gateway-10s,67,0.42264637190947896
lan-gateway-10s,67,0.4226866392848514
lan-gateway-10s,67,0.4227269066602239
lan-gateway-10s,67,0.4227671740355964
lan-gateway-10s,67,0.4228074414109688
lan-gateway-10s,67,0.4228477087863413
lan-gateway-10s,67,0.42288797616171375
lan-gateway-10s,67,0.42292824353708625
lan-gateway-10s,67,0.42296851091245874
lan-gateway-10s,67,0.4230087782878312
lan-gateway-10s,67,0.42304904566320367
lan-gateway-10s,67,0.42308931303857616
lan-gateway-10s,67,0.4231295804139486
lan-gateway-10s,67,0.4231698477893211
lan-gateway-10s,67,0.4232101151646936
lan-gateway-10s,67,0.42325038254006603
lan-gateway-10s,67,0.4232906499154385
lan-gateway-10s,67,0.42333091729081096
lan-gateway-10s,67,0.42337118466618345
lan-gateway-10s,67,0.42341145204155595
lan-gateway-10s,67,0.4234517194169284
lan-gateway-10s,67,0.4234919867923009
lan-gateway-10s,67,0.42353225416767337
lan-gateway-10s,67,0.4235725215430458
lan-gateway-10s,67,0.4236127889184183
lan-gateway-10s,67,0.4236530562937908
lan-gateway-10s,67,0.42369332366916324
lan-gateway-10s,67,0.42373359104453573
lan-gateway-10s,67,0.42377385841990817
lan-gateway-10s,67,0.42381412579528066
lan-gateway-10s,67,0.42385439317065315
lan-gateway-10s,67,0.4238946605460256
lan-gateway-10s,67,0.4239349279213981
lan-gateway-10s,67,0.4239751952967706
lan-gateway-10s,67,0.424015462672143
lan-gateway-10s,67,0.4240557300475155
lan-gateway-10s,67,0.42409599742288795
lan-gateway-10s,67,0.42413626479826044
lan-gateway-10s,67,0.42417653217363294
lan-gateway-10s,67,0.4242167995490054
lan-gateway-10s,67,0.42425706692437787
lan-gateway-10s,67,0.42429733429975036
lan-gateway-10s,67,0.4243376016751228
lan-gateway-10s,67,0.4243778690504953
lan-gateway-10s,67,0.4244181364258678
lan-gateway-10s,67,0.4244584038012402
lan-gateway-10s,67,0.4244986711766127
lan-gateway-10s,67,0.42453893855198516
lan-gateway-10s,67,0.42457920592735765
lan-gateway-10s,67,0.42461947330273014
lan-gateway-10s,67,0.4246597406781026
lan-gateway-10s,67,0.4247000080534751
lan-gateway-10s,67,0.42474027542884757
lan-gateway-10s,67,0.42478054280422
lan-gateway-10s,67,0.4248208101795925
lan-gateway-10s,67,0.424861077554965
lan-gateway-10s,67,0.42490134493033743
lan-gateway-10s,67,0.4249416123057099
lan-gateway-10s,67,0.42498187968108236
lan-gateway-10s,67,0.42502214705645486
lan-gateway-10s,67,0.42506241443182735
lan-gateway-10s,67,0.4251026818071998
lan-gateway-10s,67,0.4251429491825723
lan-gateway-10s,67,0.4251832165579448
lan-gateway-10s,67,0.4252234839333172
lan-gateway-10s,67,0.4252637513086897
lan-gateway-10s,67,0.42530401868406215
lan-gateway-10s,67,0.42534428605943464
lan-gateway-10s,67,0.42538455343480713
lan-gateway-10s,67,0.42542482081017957
lan-gateway-10s,67,0.42546508818555206
lan-gateway-10s,67,0.42550535556092456
lan-gateway-10s,67,0.425545622936297
lan-gateway-10s,67,0.4255858903116695
lan-gateway-10s,67,0.425626157687042
lan-gateway-10s,67,0.4256664250624144
lan-gateway-10s,67,0.4257066924377869
lan-gateway-10s,67,0.42574695981315935
lan-gateway-10s,67,0.42578722718853185
lan-gateway-10s,67,0.42582749456390434
lan-gateway-10s,67,0.4258677619392768
lan-gateway-10s,67,0.4259080293146493
lan-gateway-10s,67,0.42594829669002177
lan-gateway-10s,67,0.4259885640653942
lan-gateway-10s,67,0.4260288314407667
lan-gateway-10s,67,0.4260690988161392
lan-gateway-10s,67,0.42610936619151163
lan-gateway-10s,67,0.4261496335668841
lan-gateway-10s,67,0.42618990094225656
lan-gateway-10s,67,0.42623016831762905
lan-gateway-10s,67,0.42627043569300155
lan-gateway-10s,67,0.426310703068374
lan-gateway-10s,67,0.4263509704437465
lan-gateway-10s,67,0.426391237819119
lan-gateway-10s,67,0.4264315051944914
lan-gateway-10s,67,0.4264717725698639
lan-gateway-10s,67,0.42651203994523634
lan-gateway-10s,67,0.42655230732060884
lan-gateway-10s,67,0.42659257469598133
lan-gateway-10s,67,0.42663284207135377
lan-gateway-10s,67,0.42667310944672626
lan-gateway-10s,67,0.42671337682209876
lan-gateway-10s,67,0.4267536441974712
lan-gateway-10s,67,0.4267939115728437
lan-gateway-10s,67,0.4268341789482162
lan-gateway-10s,67,0.4268744463235886
lan-gateway-10s,67,0.4269147136989611
lan-gateway-10s,67,0.42695498107433355
lan-gateway-10s,67,0.42699524844970604
lan-gateway-10s,67,0.42703551582507854
lan-gateway-10s,67,0.427075783200451
lan-gateway-10s,67,0.42711605057582347
lan-gateway-10s,67,0.42715631795119596
lan-gateway-10s,67,0.4271965853265684
lan-gateway-10s,67,0.4272368527019409
lan-gateway-10s,67,0.4272771200773134
lan-gateway-10s,67,0.4273173874526858
lan-gateway-10s,67,0.4273576548280583
lan-gateway-10s,67,0.42739792220343076
lan-gateway-10s,67,0.42743818957880325
lan-gateway-10s,67,0.42747845695417575
lan-gateway-10s,67,0.4275187243295482
lan-gateway-10s,67,0.4275589917049207
lan-gateway-10s,67,0.42759925908029317
lan-gateway-10s,67,0.4276395264556656
lan-gateway-10s,67,0.4276797938310381
lan-gateway-10s,67,0.42772006120641054
lan-gateway-10s,67,0.42776032858178303
lan-gateway-10s,67,0.4278005959571555
lan-gateway-10s,67,0.42784086333252797
lan-gateway-10s,67,0.42788113070790046
lan-gateway-10s,67,0.42792139808327295
lan-gateway-10s,67,0.4279616654586454
lan-gateway-10s,67,0.4280019328340179
lan-gateway-10s,67,0.4280422002093904
lan-gateway-10s,67,0.4280824675847628
lan-gateway-10s,67,0.4281227349601353
lan-gateway-10s,67,0.42816300233550775
lan-gateway-10s,67,0.42820326971088024
lan-gateway-10s,67,0.42824353708625273
lan-gateway-10s,67,0.4282838044616252
lan-gateway-10s,67,0.42832407183699767
lan-gateway-10s,67,0.42836433921237016
lan-gateway-10s,67,0.4284046065877426
lan-gateway-10s,67,0.4284448739631151
lan-gateway-10s,67,0.4284851413384876
lan-gateway-10s,67,0.42852540871386
lan-gateway-10s,67,0.4285656760892325
lan-gateway-10s,67,0.42860594346460495
lan-gateway-10s,67,0.42864621083997745
lan-gateway-10s,67,0.42868647821534994
lan-gateway-10s,67,0.4287267455907224
lan-gateway-10s,67,0.4287670129660949
lan-gateway-10s,67,0.42880728034146737
lan-gateway-10s,67,0.4288475477168398
lan-gateway-10s,67,0.4288878150922123
lan-gateway-10s,67,0.42892808246758474
lan-gateway-10s,67,0.42896834984295723
lan-gateway-10s,67,0.4290086172183297
lan-gateway-10s,67,0.42904888459370216
lan-gateway-10s,67,0.42908915196907466
lan-gateway-10s,67,0.42912941934444715
lan-gateway-10s,67,0.4291696867198196
lan-gateway-10s,67,0.4292099540951921
lan-gateway-10s,67,0.4292502214705646
lan-gateway-10s,67,0.429290488845937
lan-gateway-10s,67,0.4293307562213095
lan-gateway-10s,67,0.42937102359668194
lan-gateway-10s,67,0.42941129097205444
lan-gateway-10s,67,0.42945155834742693
lan-gateway-10s,67,0.42949182572279937
lan-gateway-10s,67,0.42953209309817186
lan-gateway-10s,67,0.42957236047354436
lan-gateway-10s,67,0.4296126278489168
lan-gateway-10s,67,0.4296528952242893
lan-gateway-10s,67,0.4296931625996617
lan-gateway-10s,67,0.4297334299750342
lan-gateway-10s,67,0.4297736973504067
lan-gateway-10s,67,0.42981396472577915
lan-gateway-10s,67,0.42985423210115165
lan-gateway-10s,67,0.42989449947652414
lan-gateway-10s,67,0.4299347668518966
lan-gateway-10s,67,0.42997503422726907
lan-gateway-10s,67,0.43001530160264156
lan-gateway-10s,67,0.430055568978014
lan-gateway-10s,67,0.4300958363533865
lan-gateway-10s,67,0.43013610372875893
lan-gateway-10s,67,0.4301763711041314
lan-gateway-10s,67,0.4302166384795039
lan-gateway-10s,67,0.43025690585487636
lan-gateway-10s,67,0.43029717323024885
lan-gateway-10s,67,0.43033744060562135
lan-gateway-10s,67,0.4303777079809938
lan-gateway-10s,67,0.4304179753563663
lan-gateway-10s,67,0.43045824273173877
lan-gateway-10s,67,0.4304985101071112
lan-gateway-10s,67,0.4305387774824837
lan-gateway-10s,67,0.43057904485785614
lan-gateway-10s,67,0.43061931223322863
lan-gateway-10s,67,0.43065957960860113
lan-gateway-10s,67,0.43069984698397357
lan-gateway-10s,67,0.43074011435934606
lan-gateway-10s,67,0.43078038173471855
lan-gateway-10s,67,0.430820649110091
lan-gateway-10s,67,0.4308609164854635
lan-gateway-10s,67,0.4309011838608359
lan-gateway-10s,67,0.4309414512362084
lan-gateway-10s,67,0.4309817186115809
lan-gateway-10s,67,0.43102198598695335
lan-gateway-10s,67,0.43106225336232584
lan-gateway-10s,67,0.43110252073769834
lan-gateway-10s,67,0.4311427881130708
lan-gateway-10s,67,0.43118305548844327
lan-gateway-10s,67,0.43122332286381576
lan-gateway-10s,67,0.4312635902391882
lan-gateway-10s,67,0.4313038576145607
lan-gateway-10s,67,0.43134412498993313
lan-gateway-10s,67,0.4313843923653056
lan-gateway-10s,67,0.4314246597406781
lan-gateway-10s,67,0.43146492711605056
lan-gateway-10s,67,0.43150519449142305
lan-gateway-10s,67,0.43154546186679554
lan-gateway-10s,67,0.431585729242168
lan-gateway-10s,67,0.4316259966175405
lan-gateway-10s,67,0.43166626399291297
lan-gateway-10s,67,0.4317065313682854
lan-gateway-10s,67,0.4317467987436579
lan-gateway-10s,67,0.43178706611903034
lan-gateway-10s,67,0.43182733349440283
lan-gateway-10s,67,0.4318676008697753
lan-gateway-10s,67,0.43190786824514776
lan-gateway-10s,67,0.43194813562052026
lan-gateway-10s,67,0.43198840299589275
lan-gateway-10s,67,0.4320286703712652
lan-gateway-10s,67,0.4320689377466377
lan-gateway-10s,67,0.4321092051220101
lan-gateway-10s,67,0.4321494724973826
lan-gateway-10s,67,0.4321897398727551
lan-gateway-10s,67,0.43223000724812755
lan-gateway-10s,67,0.43227027462350004
lan-gateway-10s,67,0.43231054199887253
lan-gateway-10s,67,0.43235080937424497
lan-gateway-10s,67,0.43239107674961746
lan-gateway-10s,67,0.43243134412498996
lan-gateway-10s,67,0.4324716115003624
lan-gateway-10s,67,0.4325118788757349
lan-gateway-10s,67,0.43255214625110733
lan-gateway-10s,67,0.4325924136264798
lan-gateway-10s,67,0.4326326810018523
lan-gateway-10s,67,0.43267294837722475
lan-gateway-10s,67,0.43271321575259725
lan-gateway-10s,67,0.43275348312796974
lan-gateway-10s,67,0.4327937505033422
lan-gateway-10s,67,0.43283401787871467
lan-gateway-10s,67,0.43287428525408717
lan-gateway-10s,67,0.4329145526294596
lan-gateway-10s,67,0.4329548200048321
lan-gateway-10s,67,0.43299508738020454
lan-gateway-10s,67,0.43303535475557703
lan-gateway-10s,67,0.4330756221309495
lan-gateway-10s,67,0.43311588950632196
lan-gateway-10s,67,0.43315615688169445
lan-gateway-10s,67,0.43319642425706695
lan-gateway-10s,67,0.4332366916324394
lan-gateway-10s,67,0.4332769590078119
lan-gateway-10s,67,0.4333172263831843
lan-gateway-10s,67,0.4333574937585568
lan-gateway-10s,67,0.4333977611339293
lan-gateway-10s,67,0.43343802850930174
lan-gateway-10s,67,0.43347829588467424
lan-gateway-10s,67,0.43351856326004673
lan-gateway-10s,67,0.43355883063541917
lan-gateway-10s,67,0.43359909801079166
lan-gateway-10s,67,0.43363936538616416
lan-gateway-10s,67,0.4336796327615366
lan-gateway-10s,67,0.4337199001369091
lan-gateway-10s,67,0.4337601675122815
lan-gateway-10s,67,0.433800434887654
lan-gateway-10s,67,0.4338407022630265
lan-gateway-10s,67,0.43388096963839895
lan-gateway-10s,67,0.43392123701377144
lan-gateway-10s,67,0.43396150438914394
lan-gateway-10s,67,0.4340017717645164
lan-gateway-10s,67,0.43404203913988887
lan-gateway-10s,67,0.43408230651526136
lan-gateway-10s,67,0.4341225738906338
lan-gateway-10s,67,0.4341628412660063
lan-gateway-10s,67,0.43420310864137873
lan-gateway-10s,67,0.4342433760167512
lan-gateway-10s,67,0.4342836433921237
lan-gateway-10s,67,0.43432391076749616
lan-gateway-10s,67,0.43436417814286865
lan-gateway-10s,67,0.43440444551824114
lan-gateway-10s,67,0.4344447128936136
lan-gateway-10s,67,0.4344849802689861
lan-gateway-10s,67,0.4345252476443585
lan-gateway-10s,67,0.434565515019731
lan-gateway-10s,67,0.4346057823951035
lan-gateway-10s,67,0.43464604977047594
lan-gateway-10s,67,0.43468631714584843
lan-gateway-10s,67,0.4347265845212209
lan-gateway-10s,67,0.43476685189659336
lan-gateway-10s,67,0.43480711927196586
lan-gateway-10s,67,0.43484738664733835
lan-gateway-10s,67,0.4348876540227108
lan-gateway-10s,67,0.4349279213980833
lan-gateway-10s,67,0.4349681887734557
lan-gateway-10s,67,0.4350084561488282
lan-gateway-10s,67,0.4350487235242007
lan-gateway-10s,67,0.43508899089957315
lan-gateway-10s,67,0.43512925827494564
lan-gateway-10s,67,0.43516952565031813
lan-gateway-10s,67,0.43520979302569057
lan-gateway-10s,67,0.43525006040106307
lan-gateway-10s,67,0.43529032777643556
lan-gateway-10s,67,0.435330595151808
lan-gateway-10s,67,0.4353708625271805
lan-gateway-10s,67,0.43541112990255293
lan-gateway-10s,67,0.4354513972779254
lan-gateway-10s,67,0.4354916646532979
lan-gateway-10s,67,0.43553193202867035
lan-gateway-10s,67,0.43557219940404285
lan-gateway-10s,67,0.43561246677941534
lan-gateway-10s,67,0.4356527341547878
lan-gateway-10s,67,0.4356930015301603
lan-gateway-10s,67,0.4357332689055327
lan-gateway-10s,67,0.4357735362809052
lan-gateway-10s,67,0.4358138036562777
lan-gateway-10s,67,0.43585407103165014
lan-gateway-10s,67,0.43589433840702263
lan-gateway-10s,67,0.4359346057823951
lan-gateway-10s,67,0.43597487315776756
lan-gateway-10s,67,0.43601514053314006
lan-gateway-10s,67,0.43605540790851255
lan-gateway-10s,67,0.436095675283885
lan-gateway-10s,67,0.4361359426592575
lan-gateway-10s,67,0.4361762100346299
lan-gateway-10s,67,0.4362164774100024
lan-gateway-10s,67,0.4362567447853749
lan-gateway-10s,67,0.43629701216074734
lan-gateway-10s,67,0.43633727953611984
lan-gateway-10s,67,0.43637754691149233
lan-gateway-10s,67,0.43641781428686477
lan-gateway-10s,67,0.43645808166223726
lan-gateway-10s,67,0.43649834903760976
lan-gateway-10s,67,0.4365386164129822
lan-gateway-10s,67,0.4365788837883547
lan-gateway-10s,67,0.4366191511637271
lan-gateway-10s,67,0.4366594185390996
lan-gateway-10s,67,0.4366996859144721
lan-gateway-10s,67,0.43673995328984455
lan-gateway-10s,67,0.43678022066521704
lan-gateway-10s,67,0.43682048804058954
lan-gateway-10s,67,0.436860755415962
lan-gateway-10s,67,0.43690102279133447
lan-gateway-10s,67,0.4369412901667069
lan-gateway-10s,67,0.4369815575420794
lan-gateway-10s,67,0.4370218249174519
lan-gateway-10s,67,0.43706209229282433
lan-gateway-10s,67,0.4371023596681968
lan-gateway-10s,67,0.4371426270435693
lan-gateway-10s,67,0.43718289441894176
lan-gateway-10s,67,0.43722316179431425
lan-gateway-10s,67,0.43726342916968675
lan-gateway-10s,67,0.4373036965450592
lan-gateway-10s,67,0.4373439639204317
lan-gateway-10s,67,0.4373842312958041
lan-gateway-10s,67,0.4374244986711766
lan-gateway-10s,67,0.4374647660465491
lan-gateway-10s,67,0.43750503342192154
lan-gateway-10s,67,0.43754530079729403
lan-gateway-10s,67,0.43758556817266653
lan-gateway-10s,67,0.43762583554803897
lan-gateway-10s,67,0.43766610292341146
lan-gateway-10s,67,0.4377063702987839
lan-gateway-10s,67,0.4377466376741564
lan-gateway-10s,67,0.4377869050495289
lan-gateway-10s,67,0.4378271724249013
lan-gateway-10s,67,0.4378674398002738
lan-gateway-10s,67,0.4379077071756463
lan-gateway-10s,67,0.43794797455101875
lan-gateway-10s,67,0.43798824192639124
lan-gateway-10s,67,0.43802850930176374
lan-gateway-10s,67,0.4380687766771362
lan-gateway-10s,67,0.43810904405250867
lan-gateway-10s,67,0.4381493114278811
lan-gateway-10s,67,0.4381895788032536
lan-gateway-10s,67,0.4382298461786261
lan-gateway-10s,67,0.43827011355399853
lan-gateway-10s,67,0.438310380929371
lan-gateway-10s,67,0.4383506483047435
lan-gateway-10s,67,0.43839091568011596
lan-gateway-10s,67,0.43843118305548845
lan-gateway-10s,67,0.43847145043086094
lan-gateway-10s,67,0.4385117178062334
lan-gateway-10s,67,0.4385519851816059
lan-gateway-10s,67,0.4385922525569783
lan-gateway-10s,67,0.4386325199323508
lan-gateway-10s,67,0.4386727873077233
lan-gateway-10s,67,0.43871305468309574
lan-gateway-10s,67,0.43875332205846823
lan-gateway-10s,67,0.4387935894338407
lan-gateway-10s,67,0.43883385680921316
lan-gateway-10s,67,0.43887412418458566
lan-gateway-10s,67,0.4389143915599581
lan-gateway-10s,67,0.4389546589353306
lan-gateway-10s,67,0.4389949263107031
lan-gateway-10s,67,0.4390351936860755
lan-gateway-10s,67,0.439075461061448
lan-gateway-10s,67,0.4391157284368205
lan-gateway-10s,67,0.43915599581219295
lan-gateway-10s,67,0.43919626318756544
lan-gateway-10s,67,0.43923653056293793
lan-gateway-10s,67,0.43927679793831037
lan-gateway-10s,67,0.43931706531368286
lan-gateway-10s,67,0.4393573326890553
lan-gateway-10s,67,0.4393976000644278
lan-gateway-10s,67,0.4394378674398003
lan-gateway-10s,67,0.4394781348151727
lan-gateway-10s,68,0.4395184021905452
lan-gateway-10s,68,0.4395586695659177
lan-gateway-10s,70,0.43959893694129015
lan-gateway-10s,70,0.43963920431666265
lan-gateway-10s,70,0.43967947169203514
lan-gateway-10s,70,0.4397197390674076
lan-gateway-10s,70,0.43976000644278007
lan-gateway-10s,70,0.4398002738181525
lan-gateway-10s,70,0.439840541193525
lan-gateway-10s,70,0.4398808085688975
lan-gateway-10s,70,0.43992107594426993
lan-gateway-10s,70,0.43996134331964243
lan-gateway-10s,70,0.4400016106950149
lan-gateway-10s,70,0.44004187807038736
lan-gateway-10s,70,0.44008214544575985
lan-gateway-10s,70,0.4401224128211323
lan-gateway-10s,70,0.4401626801965048
lan-gateway-10s,70,0.4402029475718773
lan-gateway-10s,70,0.4402432149472497
lan-gateway-10s,70,0.4402834823226222
lan-gateway-10s,70,0.4403237496979947
lan-gateway-10s,70,0.44036401707336714
lan-gateway-10s,70,0.44040428444873964
lan-gateway-10s,70,0.44044455182411213
lan-gateway-10s,71,0.44048481919948457
lan-gateway-10s,72,0.44052508657485706
lan-gateway-10s,72,0.4405653539502295
lan-gateway-10s,72,0.440605621325602
lan-gateway-10s,72,0.4406458887009745
lan-gateway-10s,72,0.4406861560763469
lan-gateway-10s,72,0.4407264234517194
lan-gateway-10s,72,0.4407666908270919
lan-gateway-10s,72,0.44080695820246435
lan-gateway-10s,72,0.44084722557783684
lan-gateway-10s,72,0.44088749295320934
lan-gateway-10s,72,0.4409277603285818
lan-gateway-10s,72,0.44096802770395427
lan-gateway-10s,72,0.4410082950793267
lan-gateway-10s,72,0.4410485624546992
lan-gateway-10s,72,0.4410888298300717
lan-gateway-10s,72,0.44112909720544413
lan-gateway-10s,72,0.4411693645808166
lan-gateway-10s,72,0.4412096319561891
lan-gateway-10s,72,0.44124989933156156
lan-gateway-10s,72,0.44129016670693405
lan-gateway-10s,72,0.4413304340823065
lan-gateway-10s,72,0.441370701457679
lan-gateway-10s,72,0.4414109688330515
lan-gateway-10s,72,0.4414512362084239
lan-gateway-10s,72,0.4414915035837964
lan-gateway-10s,72,0.4415317709591689
lan-gateway-10s,72,0.44157203833454134
lan-gateway-10s,72,0.44161230570991383
lan-gateway-10s,72,0.4416525730852863
lan-gateway-10s,72,0.44169284046065876
lan-gateway-10s,72,0.44173310783603126
lan-gateway-10s,72,0.4417733752114037
lan-gateway-10s,72,0.4418136425867762
lan-gateway-10s,72,0.4418539099621487
lan-gateway-10s,72,0.4418941773375211
lan-gateway-10s,73,0.4419344447128936
lan-gateway-10s,73,0.4419747120882661
lan-gateway-10s,73,0.44201497946363855
lan-gateway-10s,73,0.44205524683901104
lan-gateway-10s,73,0.44209551421438353
lan-gateway-10s,73,0.44213578158975597
lan-gateway-10s,73,0.44217604896512847
lan-gateway-10s,73,0.4422163163405009
lan-gateway-10s,73,0.4422565837158734
lan-gateway-10s,73,0.4422968510912459
lan-gateway-10s,73,0.44233711846661833
lan-gateway-10s,73,0.4423773858419908
lan-gateway-10s,73,0.4424176532173633
lan-gateway-10s,73,0.44245792059273575
lan-gateway-10s,73,0.44249818796810825
lan-gateway-10s,73,0.4425384553434807
lan-gateway-10s,73,0.4425787227188532
lan-gateway-10s,73,0.4426189900942257
lan-gateway-10s,73,0.4426592574695981
lan-gateway-10s,73,0.4426995248449706
lan-gateway-10s,73,0.4427397922203431
lan-gateway-10s,73,0.44278005959571554
lan-gateway-10s,73,0.44282032697108803
lan-gateway-10s,73,0.4428605943464605
lan-gateway-10s,73,0.44290086172183296
lan-gateway-10s,73,0.44294112909720545
lan-gateway-10s,73,0.4429813964725779
lan-gateway-10s,73,0.4430216638479504
lan-gateway-10s,73,0.4430619312233229
lan-gateway-10s,73,0.4431021985986953
lan-gateway-10s,73,0.4431424659740678
lan-gateway-10s,73,0.4431827333494403
lan-gateway-10s,73,0.44322300072481274
lan-gateway-10s,73,0.44326326810018524
lan-gateway-10s,73,0.44330353547555773
lan-gateway-10s,73,0.44334380285093017
lan-gateway-10s,73,0.44338407022630266
lan-gateway-10s,73,0.4434243376016751
lan-gateway-10s,73,0.4434646049770476
lan-gateway-10s,73,0.4435048723524201
lan-gateway-10s,73,0.4435451397277925
lan-gateway-10s,73,0.443585407103165
lan-gateway-10s,73,0.4436256744785375
lan-gateway-10s,73,0.44366594185390995
lan-gateway-10s,73,0.44370620922928244
lan-gateway-10s,73,0.4437464766046549
lan-gateway-10s,73,0.4437867439800274
lan-gateway-10s,73,0.44382701135539987
lan-gateway-10s,73,0.4438672787307723
lan-gateway-10s,73,0.4439075461061448
lan-gateway-10s,73,0.4439478134815173
lan-gateway-10s,73,0.44398808085688973
lan-gateway-10s,73,0.4440283482322622
lan-gateway-10s,73,0.4440686156076347
lan-gateway-10s,73,0.44410888298300716
lan-gateway-10s,73,0.44414915035837965
lan-gateway-10s,73,0.4441894177337521
lan-gateway-10s,73,0.4442296851091246
lan-gateway-10s,74,0.4442699524844971
lan-gateway-10s,74,0.4443102198598695
lan-gateway-10s,74,0.444350487235242
lan-gateway-10s,74,0.4443907546106145
lan-gateway-10s,74,0.44443102198598694
lan-gateway-10s,74,0.44447128936135943
lan-gateway-10s,74,0.44451155673673187
lan-gateway-10s,74,0.44455182411210437
lan-gateway-10s,74,0.44459209148747686
lan-gateway-10s,74,0.4446323588628493
lan-gateway-10s,74,0.4446726262382218
lan-gateway-10s,74,0.4447128936135943
lan-gateway-10s,74,0.4447531609889667
lan-gateway-10s,74,0.4447934283643392
lan-gateway-10s,74,0.4448336957397117
lan-gateway-10s,74,0.44487396311508415
lan-gateway-10s,74,0.44491423049045664
lan-gateway-10s,74,0.4449544978658291
lan-gateway-10s,74,0.4449947652412016
lan-gateway-10s,74,0.44503503261657407
lan-gateway-10s,74,0.4450752999919465
lan-gateway-10s,74,0.445115567367319
lan-gateway-10s,74,0.4451558347426915
lan-gateway-10s,74,0.44519610211806393
lan-gateway-10s,74,0.4452363694934364
lan-gateway-10s,74,0.4452766368688089
lan-gateway-10s,74,0.44531690424418136
lan-gateway-10s,74,0.44535717161955385
lan-gateway-10s,74,0.4453974389949263
lan-gateway-10s,74,0.4454377063702988
lan-gateway-10s,74,0.4454779737456713
lan-gateway-10s,74,0.4455182411210437
lan-gateway-10s,74,0.4455585084964162
lan-gateway-10s,74,0.4455987758717887
lan-gateway-10s,74,0.44563904324716114
lan-gateway-10s,74,0.44567931062253363
lan-gateway-10s,74,0.44571957799790607
lan-gateway-10s,74,0.44575984537327856
lan-gateway-10s,74,0.44580011274865106
lan-gateway-10s,74,0.4458403801240235
lan-gateway-10s,74,0.445880647499396
lan-gateway-10s,74,0.4459209148747685
lan-gateway-10s,74,0.4459611822501409
lan-gateway-10s,74,0.4460014496255134
lan-gateway-10s,74,0.4460417170008859
lan-gateway-10s,74,0.44608198437625834
lan-gateway-10s,74,0.44612225175163084
lan-gateway-10s,74,0.4461625191270033
lan-gateway-10s,74,0.44620278650237577
lan-gateway-10s,74,0.44624305387774826
lan-gateway-10s,74,0.4462833212531207
lan-gateway-10s,74,0.4463235886284932
lan-gateway-10s,74,0.4463638560038657
lan-gateway-10s,74,0.4464041233792381
lan-gateway-10s,74,0.4464443907546106
lan-gateway-10s,74,0.4464846581299831
lan-gateway-10s,74,0.44652492550535555
lan-gateway-10s,74,0.44656519288072805
lan-gateway-10s,74,0.4466054602561005
lan-gateway-10s,74,0.446645727631473
lan-gateway-10s,74,0.44668599500684547
lan-gateway-10s,74,0.4467262623822179
lan-gateway-10s,74,0.4467665297575904
lan-gateway-10s,74,0.4468067971329629
lan-gateway-10s,74,0.44684706450833533
lan-gateway-10s,74,0.44688733188370783
lan-gateway-10s,74,0.44692759925908027
lan-gateway-10s,74,0.44696786663445276
lan-gateway-10s,74,0.44700813400982525
lan-gateway-10s,74,0.4470484013851977
lan-gateway-10s,74,0.4470886687605702
lan-gateway-10s,74,0.4471289361359427
lan-gateway-10s,74,0.4471692035113151
lan-gateway-10s,74,0.4472094708866876
lan-gateway-10s,74,0.4472497382620601
lan-gateway-10s,74,0.44729000563743254
lan-gateway-10s,74,0.44733027301280504
lan-gateway-10s,74,0.4473705403881775
lan-gateway-10s,74,0.44741080776354997
lan-gateway-10s,74,0.44745107513892246
lan-gateway-10s,74,0.4474913425142949
lan-gateway-10s,74,0.4475316098896674
lan-gateway-10s,74,0.4475718772650399
lan-gateway-10s,74,0.4476121446404123
lan-gateway-10s,74,0.4476524120157848
lan-gateway-10s,74,0.4476926793911573
lan-gateway-10s,74,0.44773294676652975
lan-gateway-10s,74,0.44777321414190224
lan-gateway-10s,74,0.4478134815172747
lan-gateway-10s,74,0.4478537488926472
lan-gateway-10s,74,0.44789401626801967
lan-gateway-10s,74,0.4479342836433921
lan-gateway-10s,74,0.4479745510187646
lan-gateway-10s,74,0.4480148183941371
lan-gateway-10s,74,0.44805508576950953
lan-gateway-10s,74,0.448095353144882
lan-gateway-10s,74,0.44813562052025446
lan-gateway-10s,74,0.44817588789562696
lan-gateway-10s,74,0.44821615527099945
lan-gateway-10s,74,0.4482564226463719
lan-gateway-10s,74,0.4482966900217444
lan-gateway-10s,74,0.4483369573971169
lan-gateway-10s,74,0.4483772247724893
lan-gateway-10s,74,0.4484174921478618
lan-gateway-10s,74,0.4484577595232343
lan-gateway-10s,74,0.44849802689860674
lan-gateway-10s,74,0.44853829427397923
lan-gateway-10s,74,0.44857856164935167
lan-gateway-10s,74,0.44861882902472416
lan-gateway-10s,74,0.44865909640009666
lan-gateway-10s,74,0.4486993637754691
lan-gateway-10s,74,0.4487396311508416
lan-gateway-10s,74,0.4487798985262141
lan-gateway-10s,74,0.4488201659015865
lan-gateway-10s,74,0.448860433276959
lan-gateway-10s,74,0.4489007006523315
lan-gateway-10s,74,0.44894096802770395
lan-gateway-10s,74,0.44898123540307644
lan-gateway-10s,74,0.4490215027784489
lan-gateway-10s,74,0.44906177015382137
lan-gateway-10s,74,0.44910203752919386
lan-gateway-10s,74,0.4491423049045663
lan-gateway-10s,74,0.4491825722799388
lan-gateway-10s,74,0.4492228396553113
lan-gateway-10s,74,0.44926310703068373
lan-gateway-10s,74,0.4493033744060562
lan-gateway-10s,74,0.44934364178142866
lan-gateway-10s,74,0.44938390915680115
lan-gateway-10s,74,0.44942417653217365
lan-gateway-10s,74,0.4494644439075461
lan-gateway-10s,74,0.4495047112829186
lan-gateway-10s,74,0.4495449786582911
lan-gateway-10s,74,0.4495852460336635
lan-gateway-10s,74,0.449625513409036
lan-gateway-10s,74,0.4496657807844085
lan-gateway-10s,74,0.44970604815978094
lan-gateway-10s,74,0.44974631553515343
lan-gateway-10s,74,0.44978658291052587
lan-gateway-10s,74,0.44982685028589836
lan-gateway-10s,74,0.44986711766127085
lan-gateway-10s,74,0.4499073850366433
lan-gateway-10s,74,0.4499476524120158
lan-gateway-10s,74,0.4499879197873883
lan-gateway-10s,74,0.4500281871627607
lan-gateway-10s,74,0.4500684545381332
lan-gateway-10s,74,0.4501087219135057
lan-gateway-10s,74,0.45014898928887814
lan-gateway-10s,74,0.45018925666425064
lan-gateway-10s,74,0.4502295240396231
lan-gateway-10s,74,0.45026979141499557
lan-gateway-10s,74,0.45031005879036806
lan-gateway-10s,74,0.4503503261657405
lan-gateway-10s,74,0.450390593541113
lan-gateway-10s,74,0.4504308609164855
lan-gateway-10s,74,0.4504711282918579
lan-gateway-10s,74,0.4505113956672304
lan-gateway-10s,74,0.45055166304260286
lan-gateway-10s,74,0.45059193041797535
lan-gateway-10s,74,0.45063219779334784
lan-gateway-10s,74,0.4506724651687203
lan-gateway-10s,74,0.4507127325440928
lan-gateway-10s,74,0.45075299991946527
lan-gateway-10s,74,0.4507932672948377
lan-gateway-10s,75,0.4508335346702102
lan-gateway-10s,75,0.4508738020455827
lan-gateway-10s,75,0.45091406942095513
lan-gateway-10s,75,0.4509543367963276
lan-gateway-10s,75,0.45099460417170006
lan-gateway-10s,75,0.45103487154707256
lan-gateway-10s,75,0.45107513892244505
lan-gateway-10s,75,0.4511154062978175
lan-gateway-10s,75,0.45115567367319
lan-gateway-10s,75,0.4511959410485625
lan-gateway-10s,75,0.4512362084239349
lan-gateway-10s,75,0.4512764757993074
lan-gateway-10s,75,0.4513167431746799
lan-gateway-10s,75,0.45135701055005234
lan-gateway-10s,75,0.45139727792542483
lan-gateway-10s,75,0.45143754530079727
lan-gateway-10s,75,0.45147781267616977
lan-gateway-10s,75,0.45151808005154226
lan-gateway-10s,75,0.4515583474269147
lan-gateway-10s,75,0.4515986148022872
lan-gateway-10s,75,0.4516388821776597
lan-gateway-10s,75,0.4516791495530321
lan-gateway-10s,75,0.4517194169284046
lan-gateway-10s,75,0.45175968430377705
lan-gateway-10s,75,0.45179995167914955
lan-gateway-10s,75,0.45184021905452204
lan-gateway-10s,75,0.4518804864298945
lan-gateway-10s,75,0.451920753805267
lan-gateway-10s,75,0.45196102118063947
lan-gateway-10s,75,0.4520012885560119
lan-gateway-10s,75,0.4520415559313844
lan-gateway-10s,76,0.4520818233067569
lan-gateway-10s,76,0.45212209068212933
lan-gateway-10s,76,0.4521623580575018
lan-gateway-10s,76,0.45220262543287426
lan-gateway-10s,76,0.45224289280824675
lan-gateway-10s,76,0.45228316018361925
lan-gateway-10s,76,0.4523234275589917
lan-gateway-10s,76,0.4523636949343642
lan-gateway-10s,76,0.4524039623097367
lan-gateway-10s,76,0.4524442296851091
lan-gateway-10s,76,0.4524844970604816
lan-gateway-10s,76,0.45252476443585404
lan-gateway-10s,76,0.45256503181122654
lan-gateway-10s,76,0.45260529918659903
lan-gateway-10s,76,0.45264556656197147
lan-gateway-10s,76,0.45268583393734396
lan-gateway-10s,76,0.45272610131271646
lan-gateway-10s,76,0.4527663686880889
lan-gateway-10s,76,0.4528066360634614
lan-gateway-10s,77,0.4528469034388339
lan-gateway-10s,77,0.4528871708142063
lan-gateway-10s,77,0.4529274381895788
lan-gateway-10s,77,0.45296770556495125
lan-gateway-10s,77,0.45300797294032374
lan-gateway-10s,77,0.45304824031569624
lan-gateway-10s,77,0.4530885076910687
lan-gateway-10s,77,0.45312877506644117
lan-gateway-10s,77,0.45316904244181366
lan-gateway-10s,77,0.4532093098171861
lan-gateway-10s,77,0.4532495771925586
lan-gateway-10s,77,0.4532898445679311
lan-gateway-10s,77,0.4533301119433035
lan-gateway-10s,77,0.453370379318676
lan-gateway-10s,77,0.45341064669404846
lan-gateway-10s,77,0.45345091406942095
lan-gateway-10s,77,0.45349118144479345
lan-gateway-10s,77,0.4535314488201659
lan-gateway-10s,77,0.4535717161955384
lan-gateway-10s,77,0.45361198357091087
lan-gateway-10s,77,0.4536522509462833
lan-gateway-10s,77,0.4536925183216558
lan-gateway-10s,77,0.45373278569702824
lan-gateway-10s,77,0.45377305307240073
lan-gateway-10s,77,0.4538133204477732
lan-gateway-10s,77,0.45385358782314567
lan-gateway-10s,77,0.45389385519851816
lan-gateway-10s,77,0.45393412257389065
lan-gateway-10s,77,0.4539743899492631
lan-gateway-10s,77,0.4540146573246356
lan-gateway-10s,77,0.4540549247000081
lan-gateway-10s,77,0.4540951920753805
lan-gateway-10s,77,0.454135459450753
lan-gateway-10s,77,0.45417572682612545
lan-gateway-10s,77,0.45421599420149794
lan-gateway-10s,78,0.45425626157687043
lan-gateway-10s,78,0.4542965289522429
lan-gateway-10s,78,0.45433679632761537
lan-gateway-10s,78,0.45437706370298786
lan-gateway-10s,78,0.4544173310783603
lan-gateway-10s,78,0.4544575984537328
lan-gateway-10s,78,0.4544978658291053
lan-gateway-10s,78,0.4545381332044777
lan-gateway-10s,78,0.4545784005798502
lan-gateway-10s,78,0.45461866795522266
lan-gateway-10s,78,0.45465893533059515
lan-gateway-10s,78,0.45469920270596764
lan-gateway-10s,78,0.4547394700813401
lan-gateway-10s,78,0.4547797374567126
lan-gateway-10s,78,0.45482000483208507
lan-gateway-10s,78,0.4548602722074575
lan-gateway-10s,78,0.45490053958283
lan-gateway-10s,78,0.45494080695820244
lan-gateway-10s,78,0.45498107433357493
lan-gateway-10s,78,0.4550213417089474
lan-gateway-10s,78,0.45506160908431986
lan-gateway-10s,78,0.45510187645969236
lan-gateway-10s,78,0.45514214383506485
lan-gateway-10s,78,0.4551824112104373
lan-gateway-10s,78,0.4552226785858098
lan-gateway-10s,78,0.4552629459611823
lan-gateway-10s,78,0.4553032133365547
lan-gateway-10s,78,0.4553434807119272
lan-gateway-10s,78,0.45538374808729964
lan-gateway-10s,78,0.45542401546267214
lan-gateway-10s,78,0.45546428283804463
lan-gateway-10s,78,0.45550455021341707
lan-gateway-10s,78,0.45554481758878956
lan-gateway-10s,78,0.45558508496416206
lan-gateway-10s,78,0.4556253523395345
lan-gateway-10s,78,0.455665619714907
lan-gateway-10s,78,0.4557058870902795
lan-gateway-10s,78,0.4557461544656519
lan-gateway-10s,78,0.4557864218410244
lan-gateway-10s,78,0.45582668921639685
lan-gateway-10s,78,0.45586695659176935
lan-gateway-10s,78,0.45590722396714184
lan-gateway-10s,78,0.4559474913425143
lan-gateway-10s,78,0.45598775871788677
lan-gateway-10s,78,0.45602802609325926
lan-gateway-10s,78,0.4560682934686317
lan-gateway-10s,78,0.4561085608440042
lan-gateway-10s,78,0.45614882821937663
lan-gateway-10s,78,0.4561890955947491
lan-gateway-10s,78,0.4562293629701216
lan-gateway-10s,78,0.45626963034549406
lan-gateway-10s,78,0.45630989772086655
lan-gateway-10s,78,0.45635016509623905
lan-gateway-10s,78,0.4563904324716115
lan-gateway-10s,78,0.456430699846984
lan-gateway-10s,78,0.45647096722235647
lan-gateway-10s,78,0.4565112345977289
lan-gateway-10s,78,0.4565515019731014
lan-gateway-10s,78,0.45659176934847384
lan-gateway-10s,78,0.45663203672384634
lan-gateway-10s,78,0.45667230409921883
lan-gateway-10s,78,0.45671257147459127
lan-gateway-10s,78,0.45675283884996376
lan-gateway-10s,78,0.45679310622533625
lan-gateway-10s,78,0.4568333736007087
lan-gateway-10s,78,0.4568736409760812
lan-gateway-10s,78,0.4569139083514537
lan-gateway-10s,78,0.4569541757268261
lan-gateway-10s,78,0.4569944431021986
lan-gateway-10s,78,0.45703471047757105
lan-gateway-10s,78,0.45707497785294354
lan-gateway-10s,78,0.45711524522831604
lan-gateway-10s,78,0.4571555126036885
lan-gateway-10s,78,0.45719577997906097
lan-gateway-10s,78,0.45723604735443346
lan-gateway-10s,78,0.4572763147298059
lan-gateway-10s,78,0.4573165821051784
lan-gateway-10s,78,0.45735684948055083
lan-gateway-10s,78,0.4573971168559233
lan-gateway-10s,78,0.4574373842312958
lan-gateway-10s,78,0.45747765160666826
lan-gateway-10s,78,0.45751791898204075
lan-gateway-10s,78,0.45755818635741324
lan-gateway-10s,78,0.4575984537327857
lan-gateway-10s,78,0.4576387211081582
lan-gateway-10s,78,0.45767898848353067
lan-gateway-10s,78,0.4577192558589031
lan-gateway-10s,78,0.4577595232342756
lan-gateway-10s,78,0.45779979060964804
lan-gateway-10s,78,0.45784005798502053
lan-gateway-10s,78,0.457880325360393
lan-gateway-10s,78,0.45792059273576546
lan-gateway-10s,78,0.45796086011113796
lan-gateway-10s,78,0.45800112748651045
lan-gateway-10s,78,0.4580413948618829
lan-gateway-10s,78,0.4580816622372554
lan-gateway-10s,78,0.4581219296126279
lan-gateway-10s,78,0.4581621969880003
lan-gateway-10s,78,0.4582024643633728
lan-gateway-10s,78,0.45824273173874525
lan-gateway-10s,78,0.45828299911411774
lan-gateway-10s,78,0.45832326648949023
lan-gateway-10s,78,0.45836353386486267
lan-gateway-10s,78,0.45840380124023516
lan-gateway-10s,78,0.45844406861560766
lan-gateway-10s,78,0.4584843359909801
lan-gateway-10s,78,0.4585246033663526
lan-gateway-10s,78,0.45856487074172503
lan-gateway-10s,78,0.4586051381170975
lan-gateway-10s,78,0.45864540549247
lan-gateway-10s,78,0.45868567286784245
lan-gateway-10s,78,0.45872594024321495
lan-gateway-10s,78,0.45876620761858744
lan-gateway-10s,78,0.4588064749939599
lan-gateway-10s,78,0.45884674236933237
lan-gateway-10s,78,0.45888700974470487
lan-gateway-10s,78,0.4589272771200773
lan-gateway-10s,78,0.4589675444954498
lan-gateway-10s,78,0.45900781187082224
lan-gateway-10s,78,0.45904807924619473
lan-gateway-10s,78,0.4590883466215672
lan-gateway-10s,78,0.45912861399693966
lan-gateway-10s,78,0.45916888137231215
lan-gateway-10s,78,0.45920914874768465
lan-gateway-10s,78,0.4592494161230571
lan-gateway-10s,78,0.4592896834984296
lan-gateway-10s,78,0.4593299508738021
lan-gateway-10s,78,0.4593702182491745
lan-gateway-10s,78,0.459410485624547
lan-gateway-10s,78,0.45945075299991944
lan-gateway-10s,78,0.45949102037529194
lan-gateway-10s,78,0.45953128775066443
lan-gateway-10s,78,0.45957155512603687
lan-gateway-10s,78,0.45961182250140936
lan-gateway-10s,78,0.45965208987678186
lan-gateway-10s,78,0.4596923572521543
lan-gateway-10s,78,0.4597326246275268
lan-gateway-10s,78,0.4597728920028992
lan-gateway-10s,78,0.4598131593782717
lan-gateway-10s,78,0.4598534267536442
lan-gateway-10s,78,0.45989369412901665
lan-gateway-10s,78,0.45993396150438914
lan-gateway-10s,78,0.45997422887976164
lan-gateway-10s,78,0.4600144962551341
lan-gateway-10s,78,0.46005476363050657
lan-gateway-10s,78,0.46009503100587906
lan-gateway-10s,78,0.4601352983812515
lan-gateway-10s,78,0.460175565756624
lan-gateway-10s,78,0.46021583313199643
lan-gateway-10s,78,0.4602561005073689
lan-gateway-10s,78,0.4602963678827414
lan-gateway-10s,78,0.46033663525811386
lan-gateway-10s,78,0.46037690263348635
lan-gateway-10s,78,0.46041717000885884
lan-gateway-10s,78,0.4604574373842313
lan-gateway-10s,78,0.4604977047596038
lan-gateway-10s,78,0.4605379721349762
lan-gateway-10s,78,0.4605782395103487
lan-gateway-10s,78,0.4606185068857212
lan-gateway-10s,78,0.46065877426109364
lan-gateway-10s,78,0.46069904163646613
lan-gateway-10s,78,0.4607393090118386
lan-gateway-10s,78,0.46077957638721107
lan-gateway-10s,78,0.46081984376258356
lan-gateway-10s,78,0.46086011113795605
lan-gateway-10s,78,0.4609003785133285
lan-gateway-10s,78,0.460940645888701
lan-gateway-10s,78,0.4609809132640734
lan-gateway-10s,78,0.4610211806394459
lan-gateway-10s,78,0.4610614480148184
lan-gateway-10s,78,0.46110171539019085
lan-gateway-10s,78,0.46114198276556334
lan-gateway-10s,78,0.46118225014093583
lan-gateway-10s,78,0.4612225175163083
lan-gateway-10s,78,0.46126278489168077
lan-gateway-10s,78,0.46130305226705326
lan-gateway-10s,78,0.4613433196424257
lan-gateway-10s,78,0.4613835870177982
lan-gateway-10s,78,0.46142385439317063
lan-gateway-10s,78,0.4614641217685431
lan-gateway-10s,78,0.4615043891439156
lan-gateway-10s,78,0.46154465651928805
lan-gateway-10s,78,0.46158492389466055
lan-gateway-10s,78,0.46162519127003304
lan-gateway-10s,78,0.4616654586454055
lan-gateway-10s,78,0.461705726020778
lan-gateway-10s,78,0.4617459933961504
lan-gateway-10s,78,0.4617862607715229
lan-gateway-10s,78,0.4618265281468954
lan-gateway-10s,78,0.46186679552226784
lan-gateway-10s,78,0.46190706289764033
lan-gateway-10s,78,0.4619473302730128
lan-gateway-10s,78,0.46198759764838526
lan-gateway-10s,78,0.46202786502375776
lan-gateway-10s,78,0.46206813239913025
lan-gateway-10s,78,0.4621083997745027
lan-gateway-10s,78,0.4621486671498752
lan-gateway-10s,78,0.4621889345252476
lan-gateway-10s,78,0.4622292019006201
lan-gateway-10s,78,0.4622694692759926
lan-gateway-10s,78,0.46230973665136504
lan-gateway-10s,78,0.46235000402673754
lan-gateway-10s,78,0.46239027140211003
lan-gateway-10s,78,0.46243053877748247
lan-gateway-10s,78,0.46247080615285496
lan-gateway-10s,78,0.46251107352822746
lan-gateway-10s,78,0.4625513409035999
lan-gateway-10s,78,0.4625916082789724
lan-gateway-10s,78,0.4626318756543448
lan-gateway-10s,78,0.4626721430297173
lan-gateway-10s,78,0.4627124104050898
lan-gateway-10s,78,0.46275267778046225
lan-gateway-10s,78,0.46279294515583475
lan-gateway-10s,78,0.46283321253120724
lan-gateway-10s,78,0.4628734799065797
lan-gateway-10s,78,0.46291374728195217
lan-gateway-10s,78,0.4629540146573246
lan-gateway-10s,78,0.4629942820326971
lan-gateway-10s,78,0.4630345494080696
lan-gateway-10s,78,0.46307481678344203
lan-gateway-10s,78,0.4631150841588145
lan-gateway-10s,78,0.463155351534187
lan-gateway-10s,78,0.46319561890955946
lan-gateway-10s,78,0.46323588628493195
lan-gateway-10s,78,0.46327615366030445
lan-gateway-10s,78,0.4633164210356769
lan-gateway-10s,78,0.4633566884110494
lan-gateway-10s,78,0.4633969557864218
lan-gateway-10s,78,0.4634372231617943
lan-gateway-10s,78,0.4634774905371668
lan-gateway-10s,78,0.46351775791253924
lan-gateway-10s,78,0.46355802528791173
lan-gateway-10s,78,0.46359829266328423
lan-gateway-10s,78,0.46363856003865667
lan-gateway-10s,78,0.46367882741402916
lan-gateway-10s,78,0.46371909478940165
lan-gateway-10s,78,0.4637593621647741
lan-gateway-10s,78,0.4637996295401466
lan-gateway-10s,78,0.463839896915519
lan-gateway-10s,78,0.4638801642908915
lan-gateway-10s,78,0.463920431666264
lan-gateway-10s,78,0.46396069904163645
lan-gateway-10s,78,0.46400096641700894
lan-gateway-10s,78,0.46404123379238144
lan-gateway-10s,78,0.4640815011677539
lan-gateway-10s,78,0.46412176854312637
lan-gateway-10s,78,0.4641620359184988
lan-gateway-10s,78,0.4642023032938713
lan-gateway-10s,78,0.4642425706692438
lan-gateway-10s,78,0.46428283804461623
lan-gateway-10s,78,0.4643231054199887
lan-gateway-10s,78,0.4643633727953612
lan-gateway-10s,78,0.46440364017073366
lan-gateway-10s,78,0.46444390754610615
lan-gateway-10s,78,0.46448417492147864
lan-gateway-10s,78,0.4645244422968511
lan-gateway-10s,78,0.4645647096722236
lan-gateway-10s,78,0.464604977047596
lan-gateway-10s,78,0.4646452444229685
lan-gateway-10s,78,0.464685511798341
lan-gateway-10s,78,0.46472577917371344
lan-gateway-10s,78,0.46476604654908593
lan-gateway-10s,78,0.4648063139244584
lan-gateway-10s,78,0.46484658129983086
lan-gateway-10s,78,0.46488684867520336
lan-gateway-10s,78,0.46492711605057585
lan-gateway-10s,78,0.4649673834259483
lan-gateway-10s,78,0.4650076508013208
lan-gateway-10s,78,0.4650479181766932
lan-gateway-10s,78,0.4650881855520657
lan-gateway-10s,78,0.4651284529274382
lan-gateway-10s,78,0.46516872030281065
lan-gateway-10s,78,0.46520898767818314
lan-gateway-10s,78,0.46524925505355563
lan-gateway-10s,78,0.46528952242892807
lan-gateway-10s,78,0.46532978980430056
lan-gateway-10s,78,0.465370057179673
lan-gateway-10s,78,0.4654103245550455
lan-gateway-10s,78,0.465450591930418
lan-gateway-10s,78,0.4654908593057904
lan-gateway-10s,78,0.4655311266811629
lan-gateway-10s,78,0.4655713940565354
lan-gateway-10s,78,0.46561166143190785
lan-gateway-10s,78,0.46565192880728035
lan-gateway-10s,78,0.46569219618265284
lan-gateway-10s,78,0.4657324635580253
lan-gateway-10s,78,0.46577273093339777
lan-gateway-10s,78,0.4658129983087702
lan-gateway-10s,78,0.4658532656841427
lan-gateway-10s,78,0.4658935330595152
lan-gateway-10s,78,0.46593380043488763
lan-gateway-10s,78,0.46597406781026013
lan-gateway-10s,78,0.4660143351856326
lan-gateway-10s,78,0.46605460256100506
lan-gateway-10s,78,0.46609486993637755
lan-gateway-10s,78,0.46613513731175005
lan-gateway-10s,78,0.4661754046871225
lan-gateway-10s,78,0.466215672062495
lan-gateway-10s,78,0.4662559394378674
lan-gateway-10s,78,0.4662962068132399
lan-gateway-10s,78,0.4663364741886124
lan-gateway-10s,78,0.46637674156398484
lan-gateway-10s,78,0.46641700893935734
lan-gateway-10s,78,0.46645727631472983
lan-gateway-10s,78,0.46649754369010227
lan-gateway-10s,78,0.46653781106547476
lan-gateway-10s,78,0.4665780784408472
lan-gateway-10s,78,0.4666183458162197
lan-gateway-10s,78,0.4666586131915922
lan-gateway-10s,78,0.4666988805669646
lan-gateway-10s,78,0.4667391479423371
lan-gateway-10s,78,0.4667794153177096
lan-gateway-10s,78,0.46681968269308205
lan-gateway-10s,78,0.46685995006845454
lan-gateway-10s,78,0.46690021744382704
lan-gateway-10s,78,0.4669404848191995
lan-gateway-10s,78,0.46698075219457197
lan-gateway-10s,78,0.4670210195699444
lan-gateway-10s,78,0.4670612869453169
lan-gateway-10s,78,0.4671015543206894
lan-gateway-10s,78,0.46714182169606183
lan-gateway-10s,78,0.4671820890714343
lan-gateway-10s,78,0.4672223564468068
lan-gateway-10s,78,0.46726262382217926
lan-gateway-10s,78,0.46730289119755175
lan-gateway-10s,78,0.46734315857292424
lan-gateway-10s,78,0.4673834259482967
lan-gateway-10s,78,0.4674236933236692
lan-gateway-10s,78,0.4674639606990416
lan-gateway-10s,78,0.4675042280744141
lan-gateway-10s,78,0.4675444954497866
lan-gateway-10s,78,0.46758476282515904
lan-gateway-10s,78,0.46762503020053153
lan-gateway-10s,78,0.467665297575904
lan-gateway-10s,78,0.46770556495127646
lan-gateway-10s,78,0.46774583232664896
lan-gateway-10s,78,0.4677860997020214
lan-gateway-10s,78,0.4678263670773939
lan-gateway-10s,78,0.4678666344527664
lan-gateway-10s,78,0.4679069018281388
lan-gateway-10s,78,0.4679471692035113
lan-gateway-10s,78,0.4679874365788838
lan-gateway-10s,78,0.46802770395425625
lan-gateway-10s,78,0.46806797132962874
lan-gateway-10s,78,0.46810823870500123
lan-gateway-10s,78,0.46814850608037367
lan-gateway-10s,78,0.46818877345574617
lan-gateway-10s,78,0.4682290408311186
lan-gateway-10s,78,0.4682693082064911
lan-gateway-10s,78,0.4683095755818636
lan-gateway-10s,78,0.46834984295723603
lan-gateway-10s,78,0.4683901103326085
lan-gateway-10s,78,0.468430377707981
lan-gateway-10s,78,0.46847064508335345
lan-gateway-10s,78,0.46851091245872595
lan-gateway-10s,78,0.4685511798340984
lan-gateway-10s,78,0.4685914472094709
lan-gateway-10s,78,0.4686317145848434
lan-gateway-10s,78,0.4686719819602158
lan-gateway-10s,78,0.4687122493355883
lan-gateway-10s,78,0.4687525167109608
lan-gateway-10s,78,0.46879278408633324
lan-gateway-10s,78,0.46883305146170573
lan-gateway-10s,78,0.4688733188370782
lan-gateway-10s,78,0.46891358621245066
lan-gateway-10s,78,0.46895385358782316
lan-gateway-10s,78,0.4689941209631956
lan-gateway-10s,78,0.4690343883385681
lan-gateway-10s,78,0.4690746557139406
lan-gateway-10s,78,0.469114923089313
lan-gateway-10s,78,0.4691551904646855
lan-gateway-10s,78,0.469195457840058
lan-gateway-10s,78,0.46923572521543044
lan-gateway-10s,78,0.46927599259080294
lan-gateway-10s,78,0.46931625996617543
lan-gateway-10s,78,0.46935652734154787
lan-gateway-10s,78,0.46939679471692036
lan-gateway-10s,78,0.4694370620922928
lan-gateway-10s,78,0.4694773294676653
lan-gateway-10s,78,0.4695175968430378
lan-gateway-10s,78,0.4695578642184102
lan-gateway-10s,78,0.4695981315937827
lan-gateway-10s,78,0.4696383989691552
lan-gateway-10s,78,0.46967866634452765
lan-gateway-10s,78,0.46971893371990014
lan-gateway-10s,78,0.4697592010952726
lan-gateway-10s,78,0.4697994684706451
lan-gateway-10s,78,0.46983973584601757
lan-gateway-10s,78,0.46988000322139
lan-gateway-10s,78,0.4699202705967625
lan-gateway-10s,78,0.469960537972135
lan-gateway-10s,78,0.47000080534750743
lan-gateway-10s,78,0.4700410727228799
lan-gateway-10s,78,0.4700813400982524
lan-gateway-10s,78,0.47012160747362486
lan-gateway-10s,78,0.47016187484899735
lan-gateway-10s,78,0.4702021422243698
lan-gateway-10s,78,0.4702424095997423
lan-gateway-10s,78,0.4702826769751148
lan-gateway-10s,78,0.4703229443504872
lan-gateway-10s,78,0.4703632117258597
lan-gateway-10s,78,0.4704034791012322
lan-gateway-10s,78,0.47044374647660464
lan-gateway-10s,78,0.47048401385197713
lan-gateway-10s,78,0.47052428122734963
lan-gateway-10s,78,0.47056454860272207
lan-gateway-10s,78,0.47060481597809456
lan-gateway-10s,78,0.470645083353467
lan-gateway-10s,78,0.4706853507288395
lan-gateway-10s,78,0.470725618104212
lan-gateway-10s,78,0.4707658854795844
lan-gateway-10s,78,0.4708061528549569
lan-gateway-10s,78,0.4708464202303294
lan-gateway-10s,78,0.47088668760570185
lan-gateway-10s,78,0.47092695498107434
lan-gateway-10s,78,0.4709672223564468
lan-gateway-10s,78,0.4710074897318193
lan-gateway-10s,78,0.47104775710719177
lan-gateway-10s,78,0.4710880244825642
lan-gateway-10s,78,0.4711282918579367
lan-gateway-10s,78,0.4711685592333092
lan-gateway-10s,78,0.47120882660868163
lan-gateway-10s,78,0.4712490939840541
lan-gateway-10s,78,0.4712893613594266
lan-gateway-10s,78,0.47132962873479906
lan-gateway-10s,78,0.47136989611017155
lan-gateway-10s,78,0.471410163485544
lan-gateway-10s,78,0.4714504308609165
lan-gateway-10s,78,0.471490698236289
lan-gateway-10s,78,0.4715309656116614
lan-gateway-10s,78,0.4715712329870339
lan-gateway-10s,78,0.4716115003624064
lan-gateway-10s,78,0.47165176773777884
lan-gateway-10s,78,0.47169203511315133
lan-gateway-10s,78,0.4717323024885238
lan-gateway-10s,78,0.47177256986389626
lan-gateway-10s,78,0.47181283723926876
lan-gateway-10s,78,0.4718531046146412
lan-gateway-10s,78,0.4718933719900137
lan-gateway-10s,78,0.4719336393653862
lan-gateway-10s,78,0.4719739067407586
lan-gateway-10s,78,0.4720141741161311
lan-gateway-10s,78,0.4720544414915036
lan-gateway-10s,78,0.47209470886687604
lan-gateway-10s,78,0.47213497624224854
lan-gateway-10s,78,0.472175243617621
lan-gateway-10s,78,0.47221551099299347
lan-gateway-10s,78,0.47225577836836596
lan-gateway-10s,78,0.4722960457437384
lan-gateway-10s,78,0.4723363131191109
lan-gateway-10s,78,0.4723765804944834
lan-gateway-10s,78,0.4724168478698558
lan-gateway-10s,78,0.4724571152452283
lan-gateway-10s,78,0.4724973826206008
lan-gateway-10s,78,0.47253764999597325
lan-gateway-10s,78,0.47257791737134575
lan-gateway-10s,78,0.4726181847467182
lan-gateway-10s,78,0.4726584521220907
lan-gateway-10s,78,0.47269871949746317
lan-gateway-10s,78,0.4727389868728356
lan-gateway-10s,78,0.4727792542482081
lan-gateway-10s,78,0.4728195216235806
lan-gateway-10s,78,0.47285978899895303
lan-gateway-10s,78,0.47290005637432553
lan-gateway-10s,78,0.472940323749698
lan-gateway-10s,78,0.47298059112507046
lan-gateway-10s,78,0.47302085850044295
lan-gateway-10s,78,0.4730611258758154
lan-gateway-10s,78,0.4731013932511879
lan-gateway-10s,78,0.4731416606265604
lan-gateway-10s,78,0.4731819280019328
lan-gateway-10s,78,0.4732221953773053
lan-gateway-10s,78,0.4732624627526778
lan-gateway-10s,78,0.47330273012805024
lan-gateway-10s,78,0.47334299750342274
lan-gateway-10s,78,0.4733832648787952
lan-gateway-10s,78,0.47342353225416767
lan-gateway-10s,78,0.47346379962954016
lan-gateway-10s,78,0.4735040670049126
lan-gateway-10s,78,0.4735443343802851
lan-gateway-10s,78,0.4735846017556576
lan-gateway-10s,78,0.47362486913103
lan-gateway-10s,78,0.4736651365064025
lan-gateway-10s,78,0.473705403881775
lan-gateway-10s,78,0.47374567125714745
lan-gateway-10s,78,0.47378593863251994
lan-gateway-10s,78,0.4738262060078924
lan-gateway-10s,78,0.4738664733832649
lan-gateway-10s,78,0.47390674075863737
lan-gateway-10s,78,0.4739470081340098
lan-gateway-10s,78,0.4739872755093823
lan-gateway-10s,78,0.4740275428847548
lan-gateway-10s,78,0.47406781026012723
lan-gateway-10s,78,0.4741080776354997
lan-gateway-10s,78,0.4741483450108722
lan-gateway-10s,78,0.47418861238624466
lan-gateway-10s,78,0.47422887976161715
lan-gateway-10s,78,0.4742691471369896
lan-gateway-10s,78,0.4743094145123621
lan-gateway-10s,78,0.4743496818877346
lan-gateway-10s,78,0.474389949263107
lan-gateway-10s,78,0.4744302166384795
lan-gateway-10s,78,0.474470484013852
lan-gateway-10s,78,0.47451075138922444
lan-gateway-10s,78,0.47455101876459693
lan-gateway-10s,78,0.47459128613996937
lan-gateway-10s,78,0.47463155351534186
lan-gateway-10s,78,0.47467182089071436
lan-gateway-10s,78,0.4747120882660868
lan-gateway-10s,78,0.4747523556414593
lan-gateway-10s,78,0.4747926230168318
lan-gateway-10s,78,0.4748328903922042
lan-gateway-10s,78,0.4748731577675767
lan-gateway-10s,78,0.4749134251429492
lan-gateway-10s,78,0.47495369251832165
lan-gateway-10s,78,0.47499395989369414
lan-gateway-10s,78,0.4750342272690666
lan-gateway-10s,78,0.47507449464443907
lan-gateway-10s,78,0.47511476201981157
lan-gateway-10s,78,0.475155029395184
lan-gateway-10s,78,0.4751952967705565
lan-gateway-10s,78,0.475235564145929
lan-gateway-10s,78,0.47527583152130143
lan-gateway-10s,78,0.4753160988966739
lan-gateway-10s,78,0.4753563662720464
lan-gateway-10s,78,0.47539663364741885
lan-gateway-10s,78,0.47543690102279135
lan-gateway-10s,78,0.4754771683981638
lan-gateway-10s,78,0.4755174357735363
lan-gateway-10s,78,0.4755577031489088
lan-gateway-10s,78,0.4755979705242812
lan-gateway-10s,78,0.4756382378996537
lan-gateway-10s,78,0.4756785052750262
lan-gateway-10s,78,0.47571877265039864
lan-gateway-10s,78,0.47575904002577113
lan-gateway-10s,78,0.47579930740114357
lan-gateway-10s,78,0.47583957477651606
lan-gateway-10s,78,0.47587984215188855
lan-gateway-10s,78,0.475920109527261
lan-gateway-10s,78,0.4759603769026335
lan-gateway-10s,78,0.476000644278006
lan-gateway-10s,78,0.4760409116533784
lan-gateway-10s,78,0.4760811790287509
lan-gateway-10s,78,0.4761214464041234
lan-gateway-10s,78,0.47616171377949584
lan-gateway-10s,78,0.47620198115486834
lan-gateway-10s,78,0.4762422485302408
lan-gateway-10s,78,0.47628251590561327
lan-gateway-10s,78,0.47632278328098576
lan-gateway-10s,78,0.4763630506563582
lan-gateway-10s,78,0.4764033180317307
lan-gateway-10s,78,0.4764435854071032
lan-gateway-10s,78,0.4764838527824756
lan-gateway-10s,78,0.4765241201578481
lan-gateway-10s,78,0.47656438753322056
lan-gateway-10s,78,0.47660465490859305
lan-gateway-10s,78,0.47664492228396554
lan-gateway-10s,78,0.476685189659338
lan-gateway-10s,78,0.4767254570347105
lan-gateway-10s,78,0.47676572441008297
lan-gateway-10s,78,0.4768059917854554
lan-gateway-10s,78,0.4768462591608279
lan-gateway-10s,78,0.4768865265362004
lan-gateway-10s,78,0.47692679391157283
lan-gateway-10s,78,0.4769670612869453
lan-gateway-10s,78,0.47700732866231776
lan-gateway-10s,78,0.47704759603769026
lan-gateway-10s,78,0.47708786341306275
lan-gateway-10s,78,0.4771281307884352
lan-gateway-10s,78,0.4771683981638077
lan-gateway-10s,78,0.4772086655391802
lan-gateway-10s,78,0.4772489329145526
lan-gateway-10s,78,0.4772892002899251
lan-gateway-10s,78,0.4773294676652976
lan-gateway-10s,78,0.47736973504067004
lan-gateway-10s,78,0.47741000241604253
lan-gateway-10s,78,0.47745026979141497
lan-gateway-10s,78,0.47749053716678747
lan-gateway-10s,78,0.47753080454215996
lan-gateway-10s,78,0.4775710719175324
lan-gateway-10s,78,0.4776113392929049
lan-gateway-10s,78,0.4776516066682774
lan-gateway-10s,78,0.4776918740436498
lan-gateway-10s,78,0.4777321414190223
lan-gateway-10s,78,0.47777240879439475
lan-gateway-10s,78,0.47781267616976725
lan-gateway-10s,78,0.47785294354513974
lan-gateway-10s,78,0.4778932109205122
lan-gateway-10s,78,0.4779334782958847
lan-gateway-10s,78,0.47797374567125717
lan-gateway-10s,78,0.4780140130466296
lan-gateway-10s,78,0.4780542804220021
lan-gateway-10s,78,0.4780945477973746
lan-gateway-10s,78,0.47813481517274703
lan-gateway-10s,78,0.4781750825481195
lan-gateway-10s,78,0.47821534992349196
lan-gateway-10s,78,0.47825561729886445
lan-gateway-10s,78,0.47829588467423695
lan-gateway-10s,78,0.4783361520496094
lan-gateway-10s,78,0.4783764194249819
lan-gateway-10s,78,0.4784166868003544
lan-gateway-10s,78,0.4784569541757268
lan-gateway-10s,78,0.4784972215510993
lan-gateway-10s,78,0.4785374889264718
lan-gateway-10s,78,0.47857775630184424
lan-gateway-10s,78,0.47861802367721673
lan-gateway-10s,78,0.47865829105258917
lan-gateway-10s,78,0.47869855842796166
lan-gateway-10s,78,0.47873882580333416
lan-gateway-10s,78,0.4787790931787066
lan-gateway-10s,78,0.4788193605540791
lan-gateway-10s,78,0.4788596279294516
lan-gateway-10s,78,0.478899895304824
lan-gateway-10s,78,0.4789401626801965
lan-gateway-10s,78,0.47898043005556895
lan-gateway-10s,78,0.47902069743094144
lan-gateway-10s,78,0.47906096480631394
lan-gateway-10s,78,0.4791012321816864
lan-gateway-10s,78,0.47914149955705887
lan-gateway-10s,78,0.47918176693243136
lan-gateway-10s,78,0.4792220343078038
lan-gateway-10s,78,0.4792623016831763
lan-gateway-10s,78,0.4793025690585488
lan-gateway-10s,78,0.4793428364339212
lan-gateway-10s,78,0.4793831038092937
lan-gateway-10s,78,0.47942337118466616
lan-gateway-10s,78,0.47946363856003865
lan-gateway-10s,78,0.47950390593541115
lan-gateway-10s,78,0.4795441733107836
lan-gateway-10s,78,0.4795844406861561
lan-gateway-10s,78,0.47962470806152857
lan-gateway-10s,78,0.479664975436901
lan-gateway-10s,78,0.4797052428122735
lan-gateway-10s,78,0.479745510187646
lan-gateway-10s,78,0.47978577756301843
lan-gateway-10s,78,0.4798260449383909
lan-gateway-10s,78,0.47986631231376337
lan-gateway-10s,78,0.47990657968913586
lan-gateway-10s,79,0.47994684706450835
lan-gateway-10s,79,0.4799871144398808
lan-gateway-10s,79,0.4800273818152533
lan-gateway-10s,79,0.4800676491906258
lan-gateway-10s,79,0.4801079165659982
lan-gateway-10s,79,0.4801481839413707
lan-gateway-10s,79,0.48018845131674315
lan-gateway-10s,79,0.48022871869211564
lan-gateway-10s,79,0.48026898606748814
lan-gateway-10s,79,0.4803092534428606
lan-gateway-10s,79,0.48034952081823307
lan-gateway-10s,80,0.48038978819360556
lan-gateway-10s,80,0.480430055568978
lan-gateway-10s,80,0.4804703229443505
lan-gateway-10s,80,0.480510590319723
lan-gateway-10s,80,0.4805508576950954
lan-gateway-10s,80,0.4805911250704679
lan-gateway-10s,80,0.48063139244584036
lan-gateway-10s,80,0.48067165982121285
lan-gateway-10s,80,0.48071192719658534
lan-gateway-10s,80,0.4807521945719578
lan-gateway-10s,80,0.4807924619473303
lan-gateway-10s,80,0.48083272932270277
lan-gateway-10s,81,0.4808729966980752
lan-gateway-10s,81,0.4809132640734477
lan-gateway-10s,81,0.4809535314488202
lan-gateway-10s,81,0.48099379882419263
lan-gateway-10s,81,0.4810340661995651
lan-gateway-10s,81,0.48107433357493756
lan-gateway-10s,81,0.48111460095031006
lan-gateway-10s,81,0.48115486832568255
lan-gateway-10s,81,0.481195135701055
lan-gateway-10s,81,0.4812354030764275
lan-gateway-10s,81,0.4812756704518
lan-gateway-10s,81,0.4813159378271724
lan-gateway-10s,81,0.4813562052025449
lan-gateway-10s,81,0.48139647257791734
lan-gateway-10s,81,0.48143673995328984
lan-gateway-10s,82,0.48147700732866233
lan-gateway-10s,82,0.48151727470403477
lan-gateway-10s,82,0.48155754207940726
lan-gateway-10s,82,0.48159780945477976
lan-gateway-10s,82,0.4816380768301522
lan-gateway-10s,82,0.4816783442055247
lan-gateway-10s,82,0.4817186115808972
lan-gateway-10s,82,0.4817588789562696
lan-gateway-10s,82,0.4817991463316421
lan-gateway-10s,82,0.48183941370701455
lan-gateway-10s,82,0.48187968108238705
lan-gateway-10s,82,0.48191994845775954
lan-gateway-10s,82,0.481960215833132
lan-gateway-10s,82,0.48200048320850447
lan-gateway-10s,82,0.48204075058387696
lan-gateway-10s,82,0.4820810179592494
lan-gateway-10s,82,0.4821212853346219
lan-gateway-10s,82,0.4821615527099944
lan-gateway-10s,82,0.48220182008536683
lan-gateway-10s,82,0.4822420874607393
lan-gateway-10s,82,0.48228235483611176
lan-gateway-10s,82,0.48232262221148425
lan-gateway-10s,82,0.48236288958685675
lan-gateway-10s,82,0.4824031569622292
lan-gateway-10s,82,0.4824434243376017
lan-gateway-10s,82,0.48248369171297417
lan-gateway-10s,82,0.4825239590883466
lan-gateway-10s,82,0.4825642264637191
lan-gateway-10s,82,0.48260449383909154
lan-gateway-10s,82,0.48264476121446404
lan-gateway-10s,82,0.48268502858983653
lan-gateway-10s,82,0.48272529596520897
lan-gateway-10s,82,0.48276556334058146
lan-gateway-10s,82,0.48280583071595395
lan-gateway-10s,82,0.4828460980913264
lan-gateway-10s,82,0.4828863654666989
lan-gateway-10s,82,0.4829266328420714
lan-gateway-10s,82,0.4829669002174438
lan-gateway-10s,82,0.4830071675928163
lan-gateway-10s,82,0.48304743496818875
lan-gateway-10s,82,0.48308770234356124
lan-gateway-10s,82,0.48312796971893374
lan-gateway-10s,83,0.4831682370943062
lan-gateway-10s,83,0.48320850446967867
lan-gateway-10s,83,0.48324877184505116
lan-gateway-10s,83,0.4832890392204236
lan-gateway-10s,83,0.4833293065957961
lan-gateway-10s,83,0.4833695739711686
lan-gateway-10s,83,0.483409841346541
lan-gateway-10s,83,0.4834501087219135
lan-gateway-10s,83,0.48349037609728596
lan-gateway-10s,83,0.48353064347265845
lan-gateway-10s,83,0.48357091084803094
lan-gateway-10s,83,0.4836111782234034
lan-gateway-10s,83,0.4836514455987759
lan-gateway-10s,83,0.48369171297414837
lan-gateway-10s,83,0.4837319803495208
lan-gateway-10s,83,0.4837722477248933
lan-gateway-10s,83,0.48381251510026574
lan-gateway-10s,83,0.48385278247563823
lan-gateway-10s,84,0.4838930498510107
lan-gateway-10s,84,0.48393331722638316
lan-gateway-10s,84,0.48397358460175566
lan-gateway-10s,84,0.48401385197712815
lan-gateway-10s,84,0.4840541193525006
lan-gateway-10s,84,0.4840943867278731
lan-gateway-10s,84,0.4841346541032456
lan-gateway-10s,84,0.484174921478618
lan-gateway-10s,84,0.4842151888539905
lan-gateway-10s,84,0.48425545622936295
lan-gateway-10s,84,0.48429572360473544
lan-gateway-10s,84,0.48433599098010793
lan-gateway-10s,84,0.48437625835548037
lan-gateway-10s,84,0.48441652573085286
lan-gateway-10s,85,0.48445679310622536
lan-gateway-10s,85,0.4844970604815978
lan-gateway-10s,85,0.4845373278569703
lan-gateway-10s,85,0.48457759523234273
lan-gateway-10s,85,0.4846178626077152
lan-gateway-10s,85,0.4846581299830877
lan-gateway-10s,85,0.48469839735846015
lan-gateway-10s,85,0.48473866473383265
lan-gateway-10s,85,0.48477893210920514
lan-gateway-10s,85,0.4848191994845776
lan-gateway-10s,85,0.4848594668599501
lan-gateway-10s,85,0.48489973423532257
lan-gateway-10s,85,0.484940001610695
lan-gateway-10s,85,0.4849802689860675
lan-gateway-10s,85,0.48502053636143994
lan-gateway-10s,85,0.48506080373681243
lan-gateway-10s,85,0.4851010711121849
lan-gateway-10s,85,0.48514133848755736
lan-gateway-10s,85,0.48518160586292985
lan-gateway-10s,85,0.48522187323830235
lan-gateway-10s,85,0.4852621406136748
lan-gateway-10s,85,0.4853024079890473
lan-gateway-10s,85,0.4853426753644198
lan-gateway-10s,85,0.4853829427397922
lan-gateway-10s,85,0.4854232101151647
lan-gateway-10s,85,0.48546347749053714
lan-gateway-10s,85,0.48550374486590964
lan-gateway-10s,85,0.48554401224128213
lan-gateway-10s,85,0.48558427961665457
lan-gateway-10s,85,0.48562454699202706
lan-gateway-10s,86,0.48566481436739956
lan-gateway-10s,86,0.485705081742772
lan-gateway-10s,86,0.4857453491181445
lan-gateway-10s,86,0.4857856164935169
lan-gateway-10s,86,0.4858258838688894
lan-gateway-10s,86,0.4858661512442619
lan-gateway-10s,86,0.48590641861963435
lan-gateway-10s,86,0.48594668599500684
lan-gateway-10s,86,0.48598695337037934
lan-gateway-10s,86,0.4860272207457518
lan-gateway-10s,86,0.48606748812112427
lan-gateway-10s,86,0.48610775549649676
lan-gateway-10s,86,0.4861480228718692
lan-gateway-10s,86,0.4861882902472417
lan-gateway-10s,86,0.48622855762261413
lan-gateway-10s,86,0.4862688249979866
lan-gateway-10s,86,0.4863090923733591
lan-gateway-10s,86,0.48634935974873156
lan-gateway-10s,86,0.48638962712410405
lan-gateway-10s,86,0.48642989449947655
lan-gateway-10s,87,0.486470161874849
lan-gateway-10s,87,0.4865104292502215
lan-gateway-10s,87,0.48655069662559397
lan-gateway-10s,87,0.4865909640009664
lan-gateway-10s,87,0.4866312313763389
lan-gateway-10s,87,0.48667149875171134
lan-gateway-10s,87,0.48671176612708383
lan-gateway-10s,87,0.4867520335024563
lan-gateway-10s,87,0.48679230087782877
lan-gateway-10s,88,0.48683256825320126
lan-gateway-10s,88,0.48687283562857375
lan-gateway-10s,88,0.4869131030039462
lan-gateway-10s,88,0.4869533703793187
lan-gateway-10s,88,0.4869936377546911
lan-gateway-10s,88,0.4870339051300636
lan-gateway-10s,89,0.4870741725054361
lan-gateway-10s,89,0.48711443988080855
lan-gateway-10s,89,0.48715470725618104
lan-gateway-10s,89,0.48719497463155353
lan-gateway-10s,89,0.487235242006926
lan-gateway-10s,89,0.48727550938229847
lan-gateway-10s,89,0.48731577675767096
lan-gateway-10s,89,0.4873560441330434
lan-gateway-10s,89,0.4873963115084159
lan-gateway-10s,89,0.48743657888378833
lan-gateway-10s,89,0.4874768462591608
lan-gateway-10s,89,0.4875171136345333
lan-gateway-10s,89,0.48755738100990575
lan-gateway-10s,89,0.48759764838527825
lan-gateway-10s,89,0.48763791576065074
lan-gateway-10s,89,0.4876781831360232
lan-gateway-10s,89,0.4877184505113957
lan-gateway-10s,89,0.48775871788676817
lan-gateway-10s,89,0.4877989852621406
lan-gateway-10s,89,0.4878392526375131
lan-gateway-10s,89,0.48787952001288554
lan-gateway-10s,89,0.48791978738825803
lan-gateway-10s,89,0.4879600547636305
lan-gateway-10s,89,0.48800032213900296
lan-gateway-10s,89,0.48804058951437546
lan-gateway-10s,89,0.48808085688974795
lan-gateway-10s,89,0.4881211242651204
lan-gateway-10s,89,0.4881613916404929
lan-gateway-10s,89,0.4882016590158653
lan-gateway-10s,89,0.4882419263912378
lan-gateway-10s,89,0.4882821937666103
lan-gateway-10s,89,0.48832246114198274
lan-gateway-10s,89,0.48836272851735524
lan-gateway-10s,89,0.48840299589272773
lan-gateway-10s,89,0.48844326326810017
lan-gateway-10s,89,0.48848353064347266
lan-gateway-10s,89,0.48852379801884516
lan-gateway-10s,89,0.4885640653942176
lan-gateway-10s,89,0.4886043327695901
lan-gateway-10s,89,0.4886446001449625
lan-gateway-10s,89,0.488684867520335
lan-gateway-10s,89,0.4887251348957075
lan-gateway-10s,89,0.48876540227107995
lan-gateway-10s,89,0.48880566964645245
lan-gateway-10s,89,0.48884593702182494
lan-gateway-10s,89,0.4888862043971974
lan-gateway-10s,89,0.48892647177256987
lan-gateway-10s,89,0.48896673914794236
lan-gateway-10s,89,0.4890070065233148
lan-gateway-10s,89,0.4890472738986873
lan-gateway-10s,89,0.48908754127405973
lan-gateway-10s,89,0.4891278086494322
lan-gateway-10s,89,0.4891680760248047
lan-gateway-10s,89,0.48920834340017716
lan-gateway-10s,89,0.48924861077554965
lan-gateway-10s,89,0.48928887815092215
lan-gateway-10s,89,0.4893291455262946
lan-gateway-10s,89,0.4893694129016671
lan-gateway-10s,89,0.4894096802770395
lan-gateway-10s,89,0.489449947652412
lan-gateway-10s,89,0.4894902150277845
lan-gateway-10s,89,0.48953048240315694
lan-gateway-10s,89,0.48957074977852943
lan-gateway-10s,89,0.48961101715390193
lan-gateway-10s,89,0.48965128452927437
lan-gateway-10s,89,0.48969155190464686
lan-gateway-10s,89,0.48973181928001935
lan-gateway-10s,89,0.4897720866553918
lan-gateway-10s,89,0.4898123540307643
lan-gateway-10s,89,0.4898526214061367
lan-gateway-10s,89,0.4898928887815092
lan-gateway-10s,89,0.4899331561568817
lan-gateway-10s,89,0.48997342353225415
lan-gateway-10s,89,0.49001369090762664
lan-gateway-10s,89,0.49005395828299914
lan-gateway-10s,89,0.4900942256583716
lan-gateway-10s,89,0.49013449303374407
lan-gateway-10s,89,0.49017476040911656
lan-gateway-10s,89,0.490215027784489
lan-gateway-10s,89,0.4902552951598615
lan-gateway-10s,89,0.49029556253523393
lan-gateway-10s,89,0.4903358299106064
lan-gateway-10s,89,0.4903760972859789
lan-gateway-10s,89,0.49041636466135136
lan-gateway-10s,89,0.49045663203672385
lan-gateway-10s,89,0.49049689941209634
lan-gateway-10s,89,0.4905371667874688
lan-gateway-10s,89,0.4905774341628413
lan-gateway-10s,89,0.4906177015382137
lan-gateway-10s,89,0.4906579689135862
lan-gateway-10s,89,0.4906982362889587
lan-gateway-10s,89,0.49073850366433114
lan-gateway-10s,89,0.49077877103970363
lan-gateway-10s,89,0.4908190384150761
lan-gateway-10s,89,0.49085930579044856
lan-gateway-10s,89,0.49089957316582106
lan-gateway-10s,89,0.49093984054119355
lan-gateway-10s,89,0.490980107916566
lan-gateway-10s,89,0.4910203752919385
lan-gateway-10s,89,0.4910606426673109
lan-gateway-10s,89,0.4911009100426834
lan-gateway-10s,89,0.4911411774180559
lan-gateway-10s,89,0.49118144479342835
lan-gateway-10s,89,0.49122171216880084
lan-gateway-10s,89,0.49126197954417333
lan-gateway-10s,89,0.49130224691954577
lan-gateway-10s,89,0.49134251429491826
lan-gateway-10s,89,0.49138278167029076
lan-gateway-10s,89,0.4914230490456632
lan-gateway-10s,89,0.4914633164210357
lan-gateway-10s,89,0.49150358379640813
lan-gateway-10s,89,0.4915438511717806
lan-gateway-10s,89,0.4915841185471531
lan-gateway-10s,89,0.49162438592252555
lan-gateway-10s,89,0.49166465329789805
lan-gateway-10s,89,0.49170492067327054
lan-gateway-10s,89,0.491745188048643
lan-gateway-10s,89,0.49178545542401547
lan-gateway-10s,89,0.4918257227993879
lan-gateway-10s,89,0.4918659901747604
lan-gateway-10s,89,0.4919062575501329
lan-gateway-10s,89,0.49194652492550534
lan-gateway-10s,89,0.49198679230087783
lan-gateway-10s,89,0.4920270596762503
lan-gateway-10s,89,0.49206732705162276
lan-gateway-10s,89,0.49210759442699525
lan-gateway-10s,89,0.49214786180236775
lan-gateway-10s,89,0.4921881291777402
lan-gateway-10s,89,0.4922283965531127
lan-gateway-10s,89,0.4922686639284851
lan-gateway-10s,89,0.4923089313038576
lan-gateway-10s,89,0.4923491986792301
lan-gateway-10s,89,0.49238946605460254
lan-gateway-10s,89,0.49242973342997504
lan-gateway-10s,89,0.49247000080534753
lan-gateway-10s,89,0.49251026818071997
lan-gateway-10s,89,0.49255053555609246
lan-gateway-10s,89,0.4925908029314649
lan-gateway-10s,89,0.4926310703068374
lan-gateway-10s,89,0.4926713376822099
lan-gateway-10s,89,0.4927116050575823
lan-gateway-10s,89,0.4927518724329548
lan-gateway-10s,89,0.4927921398083273
lan-gateway-10s,89,0.49283240718369975
lan-gateway-10s,89,0.49287267455907224
lan-gateway-10s,89,0.49291294193444474
lan-gateway-10s,89,0.4929532093098172
lan-gateway-10s,89,0.49299347668518967
lan-gateway-10s,89,0.4930337440605621
lan-gateway-10s,89,0.4930740114359346
lan-gateway-10s,89,0.4931142788113071
lan-gateway-10s,89,0.49315454618667953
lan-gateway-10s,89,0.493194813562052
lan-gateway-10s,89,0.4932350809374245
lan-gateway-10s,89,0.49327534831279696
lan-gateway-10s,89,0.49331561568816945
lan-gateway-10s,89,0.49335588306354194
lan-gateway-10s,89,0.4933961504389144
lan-gateway-10s,89,0.4934364178142869
lan-gateway-10s,89,0.4934766851896593
lan-gateway-10s,89,0.4935169525650318
lan-gateway-10s,89,0.4935572199404043
lan-gateway-10s,89,0.49359748731577674
lan-gateway-10s,89,0.49363775469114923
lan-gateway-10s,89,0.4936780220665217
lan-gateway-10s,89,0.49371828944189416
lan-gateway-10s,89,0.49375855681726666
lan-gateway-10s,89,0.4937988241926391
lan-gateway-10s,89,0.4938390915680116
lan-gateway-10s,89,0.4938793589433841
lan-gateway-10s,89,0.4939196263187565
lan-gateway-10s,89,0.493959893694129
lan-gateway-10s,89,0.4940001610695015
lan-gateway-10s,89,0.49404042844487395
lan-gateway-10s,89,0.49408069582024644
lan-gateway-10s,90,0.49412096319561893
lan-gateway-10s,90,0.49416123057099137
lan-gateway-10s,90,0.49420149794636387
lan-gateway-10s,90,0.4942417653217363
lan-gateway-10s,91,0.4942820326971088
lan-gateway-10s,91,0.4943223000724813
lan-gateway-10s,91,0.49436256744785373
lan-gateway-10s,91,0.4944028348232262
lan-gateway-10s,91,0.4944431021985987
lan-gateway-10s,91,0.49448336957397115
lan-gateway-10s,91,0.49452363694934365
lan-gateway-10s,91,0.49456390432471614
lan-gateway-10s,91,0.4946041717000886
lan-gateway-10s,91,0.4946444390754611
lan-gateway-10s,91,0.4946847064508335
lan-gateway-10s,91,0.494724973826206
lan-gateway-10s,91,0.4947652412015785
lan-gateway-10s,91,0.49480550857695094
lan-gateway-10s,91,0.49484577595232343
lan-gateway-10s,91,0.4948860433276959
lan-gateway-10s,91,0.49492631070306836
lan-gateway-10s,91,0.49496657807844086
lan-gateway-10s,91,0.4950068454538133
lan-gateway-10s,91,0.4950471128291858
lan-gateway-10s,91,0.4950873802045583
lan-gateway-10s,91,0.4951276475799307
lan-gateway-10s,91,0.4951679149553032
lan-gateway-10s,91,0.4952081823306757
lan-gateway-10s,91,0.49524844970604814
lan-gateway-10s,91,0.49528871708142064
lan-gateway-10s,91,0.49532898445679313
lan-gateway-10s,91,0.49536925183216557
lan-gateway-10s,91,0.49540951920753806
lan-gateway-10s,91,0.4954497865829105
lan-gateway-10s,91,0.495490053958283
lan-gateway-10s,91,0.4955303213336555
lan-gateway-10s,91,0.4955705887090279
lan-gateway-10s,91,0.4956108560844004
lan-gateway-10s,91,0.4956511234597729
lan-gateway-10s,91,0.49569139083514535
lan-gateway-10s,91,0.49573165821051784
lan-gateway-10s,91,0.49577192558589034
lan-gateway-10s,91,0.4958121929612628
lan-gateway-10s,91,0.49585246033663527
lan-gateway-10s,91,0.4958927277120077
lan-gateway-10s,91,0.4959329950873802
lan-gateway-10s,91,0.4959732624627527
lan-gateway-10s,91,0.49601352983812513
lan-gateway-10s,91,0.4960537972134976
lan-gateway-10s,91,0.4960940645888701
lan-gateway-10s,91,0.49613433196424256
lan-gateway-10s,91,0.49617459933961505
lan-gateway-10s,91,0.4962148667149875
lan-gateway-10s,91,0.49625513409036
lan-gateway-10s,91,0.4962954014657325
lan-gateway-10s,91,0.4963356688411049
lan-gateway-10s,91,0.4963759362164774
lan-gateway-10s,91,0.4964162035918499
lan-gateway-10s,91,0.49645647096722234
lan-gateway-10s,91,0.49649673834259483
lan-gateway-10s,91,0.49653700571796733
lan-gateway-10s,91,0.49657727309333977
lan-gateway-10s,91,0.49661754046871226
lan-gateway-10s,91,0.4966578078440847
lan-gateway-10s,91,0.4966980752194572
lan-gateway-10s,91,0.4967383425948297
lan-gateway-10s,91,0.4967786099702021
lan-gateway-10s,91,0.4968188773455746
lan-gateway-10s,91,0.4968591447209471
lan-gateway-10s,91,0.49689941209631955
lan-gateway-10s,91,0.49693967947169204
lan-gateway-10s,91,0.49697994684706454
lan-gateway-10s,91,0.497020214222437
lan-gateway-10s,91,0.49706048159780947
lan-gateway-10s,91,0.4971007489731819
lan-gateway-10s,91,0.4971410163485544
lan-gateway-10s,91,0.4971812837239269
lan-gateway-10s,91,0.49722155109929933
lan-gateway-10s,91,0.4972618184746718
lan-gateway-10s,91,0.4973020858500443
lan-gateway-10s,91,0.49734235322541676
lan-gateway-10s,91,0.49738262060078925
lan-gateway-10s,91,0.4974228879761617
lan-gateway-10s,91,0.4974631553515342
lan-gateway-10s,91,0.4975034227269067
lan-gateway-10s,91,0.4975436901022791
lan-gateway-10s,91,0.4975839574776516
lan-gateway-10s,91,0.4976242248530241
lan-gateway-10s,91,0.49766449222839654
lan-gateway-10s,91,0.49770475960376903
lan-gateway-10s,91,0.4977450269791415
lan-gateway-10s,91,0.49778529435451396
lan-gateway-10s,91,0.49782556172988646
lan-gateway-10s,91,0.4978658291052589
lan-gateway-10s,91,0.4979060964806314
lan-gateway-10s,91,0.4979463638560039
lan-gateway-10s,91,0.4979866312313763
lan-gateway-10s,91,0.4980268986067488
lan-gateway-10s,91,0.4980671659821213
lan-gateway-10s,91,0.49810743335749375
lan-gateway-10s,91,0.49814770073286624
lan-gateway-10s,91,0.49818796810823873
lan-gateway-10s,91,0.49822823548361117
lan-gateway-10s,91,0.49826850285898366
lan-gateway-10s,91,0.4983087702343561
lan-gateway-10s,91,0.4983490376097286
lan-gateway-10s,91,0.4983893049851011
lan-gateway-10s,91,0.4984295723604735
lan-gateway-10s,91,0.498469839735846
lan-gateway-10s,91,0.4985101071112185
lan-gateway-10s,91,0.49855037448659095
lan-gateway-10s,91,0.49859064186196345
lan-gateway-10s,91,0.4986309092373359
lan-gateway-10s,91,0.4986711766127084
lan-gateway-10s,91,0.49871144398808087
lan-gateway-10s,91,0.4987517113634533
lan-gateway-10s,91,0.4987919787388258
lan-gateway-10s,91,0.4988322461141983
lan-gateway-10s,91,0.49887251348957073
lan-gateway-10s,91,0.49891278086494323
lan-gateway-10s,91,0.4989530482403157
lan-gateway-10s,91,0.49899331561568816
lan-gateway-10s,91,0.49903358299106065
lan-gateway-10s,91,0.4990738503664331
lan-gateway-10s,91,0.4991141177418056
lan-gateway-10s,91,0.4991543851171781
lan-gateway-10s,91,0.4991946524925505
lan-gateway-10s,91,0.499234919867923
lan-gateway-10s,91,0.4992751872432955
lan-gateway-10s,91,0.49931545461866794
lan-gateway-10s,91,0.49935572199404044
lan-gateway-10s,91,0.49939598936941293
lan-gateway-10s,91,0.49943625674478537
lan-gateway-10s,91,0.49947652412015786
lan-gateway-10s,91,0.4995167914955303
lan-gateway-10s,91,0.4995570588709028
lan-gateway-10s,91,0.4995973262462753
lan-gateway-10s,91,0.4996375936216477
lan-gateway-10s,91,0.4996778609970202
lan-gateway-10s,91,0.4997181283723927
lan-gateway-10s,91,0.49975839574776515
lan-gateway-10s,91,0.49979866312313764
lan-gateway-10s,91,0.4998389304985101
lan-gateway-10s,91,0.4998791978738826
lan-gateway-10s,91,0.49991946524925507
lan-gateway-10s,91,0.4999597326246275
lan-gateway-10s,91,0.5
lan-gateway-10s,91,0.5000402673753724
lan-gateway-10s,91,0.500080534750745
lan-gateway-10s,91,0.5001208021261174
lan-gateway-10s,91,0.5001610695014899
lan-gateway-10s,91,0.5002013368768624
lan-gateway-10s,91,0.5002416042522349
lan-gateway-10s,91,0.5002818716276073
lan-gateway-10s,91,0.5003221390029798
lan-gateway-10s,91,0.5003624063783523
lan-gateway-10s,91,0.5004026737537247
lan-gateway-10s,91,0.5004429411290972
lan-gateway-10s,91,0.5004832085044697
lan-gateway-10s,91,0.5005234758798421
lan-gateway-10s,91,0.5005637432552146
lan-gateway-10s,91,0.5006040106305871
lan-gateway-10s,91,0.5006442780059596
lan-gateway-10s,91,0.500684545381332
lan-gateway-10s,91,0.5007248127567046
lan-gateway-10s,91,0.500765080132077
lan-gateway-10s,91,0.5008053475074494
lan-gateway-10s,91,0.500845614882822
lan-gateway-10s,91,0.5008858822581944
lan-gateway-10s,91,0.5009261496335669
lan-gateway-10s,91,0.5009664170089394
lan-gateway-10s,91,0.5010066843843118
lan-gateway-10s,91,0.5010469517596843
lan-gateway-10s,91,0.5010872191350568
lan-gateway-10s,91,0.5011274865104293
lan-gateway-10s,91,0.5011677538858017
lan-gateway-10s,91,0.5012080212611741
lan-gateway-10s,91,0.5012482886365467
lan-gateway-10s,91,0.5012885560119191
lan-gateway-10s,91,0.5013288233872916
lan-gateway-10s,91,0.5013690907626641
lan-gateway-10s,91,0.5014093581380366
lan-gateway-10s,91,0.501449625513409
lan-gateway-10s,91,0.5014898928887815
lan-gateway-10s,91,0.501530160264154
lan-gateway-10s,91,0.5015704276395264
lan-gateway-10s,91,0.501610695014899
lan-gateway-10s,91,0.5016509623902714
lan-gateway-10s,91,0.5016912297656438
lan-gateway-10s,91,0.5017314971410164
lan-gateway-10s,91,0.5017717645163888
lan-gateway-10s,91,0.5018120318917613
lan-gateway-10s,91,0.5018522992671338
lan-gateway-10s,91,0.5018925666425063
lan-gateway-10s,91,0.5019328340178787
lan-gateway-10s,91,0.5019731013932512
lan-gateway-10s,91,0.5020133687686237
lan-gateway-10s,91,0.5020536361439961
lan-gateway-10s,91,0.5020939035193686
lan-gateway-10s,91,0.5021341708947411
lan-gateway-10s,91,0.5021744382701135
lan-gateway-10s,91,0.502214705645486
lan-gateway-10s,91,0.5022549730208585
lan-gateway-10s,91,0.502295240396231
lan-gateway-10s,91,0.5023355077716034
lan-gateway-10s,91,0.502375775146976
lan-gateway-10s,91,0.5024160425223484
lan-gateway-10s,91,0.5024563098977208
lan-gateway-10s,91,0.5024965772730934
lan-gateway-10s,91,0.5025368446484658
lan-gateway-10s,91,0.5025771120238383
lan-gateway-10s,91,0.5026173793992108
lan-gateway-10s,91,0.5026576467745832
lan-gateway-10s,91,0.5026979141499557
lan-gateway-10s,91,0.5027381815253282
lan-gateway-10s,91,0.5027784489007007
lan-gateway-10s,91,0.5028187162760731
lan-gateway-10s,91,0.5028589836514455
lan-gateway-10s,91,0.5028992510268181
lan-gateway-10s,91,0.5029395184021905
lan-gateway-10s,91,0.502979785777563
lan-gateway-10s,91,0.5030200531529355
lan-gateway-10s,91,0.503060320528308
lan-gateway-10s,91,0.5031005879036804
lan-gateway-10s,91,0.503140855279053
lan-gateway-10s,91,0.5031811226544254
lan-gateway-10s,91,0.5032213900297978
lan-gateway-10s,91,0.5032616574051704
lan-gateway-10s,91,0.5033019247805428
lan-gateway-10s,91,0.5033421921559152
lan-gateway-10s,91,0.5033824595312878
lan-gateway-10s,91,0.5034227269066602
lan-gateway-10s,91,0.5034629942820327
lan-gateway-10s,91,0.5035032616574052
lan-gateway-10s,91,0.5035435290327777
lan-gateway-10s,91,0.5035837964081501
lan-gateway-10s,91,0.5036240637835225
lan-gateway-10s,91,0.5036643311588951
lan-gateway-10s,91,0.5037045985342675
lan-gateway-10s,91,0.50374486590964
lan-gateway-10s,91,0.5037851332850125
lan-gateway-10s,91,0.503825400660385
lan-gateway-10s,91,0.5038656680357574
lan-gateway-10s,91,0.5039059354111299
lan-gateway-10s,91,0.5039462027865024
lan-gateway-10s,91,0.5039864701618748
lan-gateway-10s,91,0.5040267375372474
lan-gateway-10s,91,0.5040670049126198
lan-gateway-10s,91,0.5041072722879922
lan-gateway-10s,91,0.5041475396633648
lan-gateway-10s,91,0.5041878070387372
lan-gateway-10s,91,0.5042280744141097
lan-gateway-10s,91,0.5042683417894822
lan-gateway-10s,91,0.5043086091648546
lan-gateway-10s,91,0.5043488765402271
lan-gateway-10s,91,0.5043891439155996
lan-gateway-10s,91,0.5044294112909721
lan-gateway-10s,91,0.5044696786663445
lan-gateway-10s,91,0.504509946041717
lan-gateway-10s,91,0.5045502134170895
lan-gateway-10s,91,0.5045904807924619
lan-gateway-10s,91,0.5046307481678344
lan-gateway-10s,91,0.5046710155432069
lan-gateway-10s,91,0.5047112829185794
lan-gateway-10s,91,0.5047515502939518
lan-gateway-10s,91,0.5047918176693243
lan-gateway-10s,91,0.5048320850446968
lan-gateway-10s,91,0.5048723524200692
lan-gateway-10s,91,0.5049126197954418
lan-gateway-10s,91,0.5049528871708142
lan-gateway-10s,91,0.5049931545461867
lan-gateway-10s,91,0.5050334219215592
lan-gateway-10s,91,0.5050736892969316
lan-gateway-10s,91,0.5051139566723041
lan-gateway-10s,91,0.5051542240476766
lan-gateway-10s,91,0.5051944914230491
lan-gateway-10s,91,0.5052347587984215
lan-gateway-10s,91,0.5052750261737939
lan-gateway-10s,91,0.5053152935491665
lan-gateway-10s,91,0.5053555609245389
lan-gateway-10s,91,0.5053958282999114
lan-gateway-10s,91,0.5054360956752839
lan-gateway-10s,91,0.5054763630506564
lan-gateway-10s,91,0.5055166304260288
lan-gateway-10s,91,0.5055568978014013
lan-gateway-10s,91,0.5055971651767738
lan-gateway-10s,91,0.5056374325521462
lan-gateway-10s,91,0.5056776999275188
lan-gateway-10s,91,0.5057179673028912
lan-gateway-10s,91,0.5057582346782636
lan-gateway-10s,91,0.5057985020536362
lan-gateway-10s,91,0.5058387694290086
lan-gateway-10s,91,0.5058790368043811
lan-gateway-10s,91,0.5059193041797536
lan-gateway-10s,91,0.505959571555126
lan-gateway-10s,91,0.5059998389304985
lan-gateway-10s,91,0.5060401063058709
lan-gateway-10s,91,0.5060803736812435
lan-gateway-10s,91,0.5061206410566159
lan-gateway-10s,91,0.5061609084319884
lan-gateway-10s,91,0.5062011758073609
lan-gateway-10s,91,0.5062414431827333
lan-gateway-10s,91,0.5062817105581058
lan-gateway-10s,91,0.5063219779334783
lan-gateway-10s,91,0.5063622453088508
lan-gateway-10s,91,0.5064025126842232
lan-gateway-10s,91,0.5064427800595958
lan-gateway-10s,91,0.5064830474349682
lan-gateway-10s,91,0.5065233148103406
lan-gateway-10s,91,0.5065635821857132
lan-gateway-10s,91,0.5066038495610856
lan-gateway-10s,91,0.506644116936458
lan-gateway-10s,91,0.5066843843118306
lan-gateway-10s,91,0.506724651687203
lan-gateway-10s,91,0.5067649190625755
lan-gateway-10s,91,0.506805186437948
lan-gateway-10s,91,0.5068454538133205
lan-gateway-10s,91,0.5068857211886929
lan-gateway-10s,91,0.5069259885640653
lan-gateway-10s,91,0.5069662559394379
lan-gateway-10s,91,0.5070065233148103
lan-gateway-10s,91,0.5070467906901828
lan-gateway-10s,91,0.5070870580655553
lan-gateway-10s,91,0.5071273254409278
lan-gateway-10s,91,0.5071675928163002
lan-gateway-10s,91,0.5072078601916727
lan-gateway-10s,91,0.5072481275670452
lan-gateway-10s,91,0.5072883949424176
lan-gateway-10s,91,0.5073286623177902
lan-gateway-10s,91,0.5073689296931626
lan-gateway-10s,91,0.507409197068535
lan-gateway-10s,91,0.5074494644439076
lan-gateway-10s,91,0.50748973181928
lan-gateway-10s,91,0.5075299991946525
lan-gateway-10s,91,0.507570266570025
lan-gateway-10s,91,0.5076105339453975
lan-gateway-10s,91,0.5076508013207699
lan-gateway-10s,91,0.5076910686961423
lan-gateway-10s,91,0.5077313360715149
lan-gateway-10s,91,0.5077716034468873
lan-gateway-10s,91,0.5078118708222598
lan-gateway-10s,91,0.5078521381976323
lan-gateway-10s,91,0.5078924055730047
lan-gateway-10s,91,0.5079326729483772
lan-gateway-10s,91,0.5079729403237497
lan-gateway-10s,91,0.5080132076991222
lan-gateway-10s,91,0.5080534750744946
lan-gateway-10s,91,0.5080937424498672
lan-gateway-10s,91,0.5081340098252396
lan-gateway-10s,91,0.508174277200612
lan-gateway-10s,91,0.5082145445759846
lan-gateway-10s,91,0.508254811951357
lan-gateway-10s,91,0.5082950793267295
lan-gateway-10s,91,0.508335346702102
lan-gateway-10s,91,0.5083756140774744
lan-gateway-10s,91,0.5084158814528469
lan-gateway-10s,91,0.5084561488282193
lan-gateway-10s,91,0.5084964162035919
lan-gateway-10s,91,0.5085366835789643
lan-gateway-10s,91,0.5085769509543367
lan-gateway-10s,91,0.5086172183297093
lan-gateway-10s,91,0.5086574857050817
lan-gateway-10s,91,0.5086977530804542
lan-gateway-10s,91,0.5087380204558267
lan-gateway-10s,91,0.5087782878311992
lan-gateway-10s,91,0.5088185552065716
lan-gateway-10s,91,0.5088588225819441
lan-gateway-10s,91,0.5088990899573166
lan-gateway-10s,91,0.508939357332689
lan-gateway-10s,91,0.5089796247080616
lan-gateway-10s,91,0.509019892083434
lan-gateway-10s,91,0.5090601594588064
lan-gateway-10s,91,0.509100426834179
lan-gateway-10s,91,0.5091406942095514
lan-gateway-10s,91,0.5091809615849239
lan-gateway-10s,91,0.5092212289602963
lan-gateway-10s,91,0.5092614963356689
lan-gateway-10s,91,0.5093017637110413
lan-gateway-10s,91,0.5093420310864137
lan-gateway-10s,91,0.5093822984617863
lan-gateway-10s,91,0.5094225658371587
lan-gateway-10s,91,0.5094628332125312
lan-gateway-10s,91,0.5095031005879037
lan-gateway-10s,91,0.5095433679632762
lan-gateway-10s,91,0.5095836353386486
lan-gateway-10s,91,0.5096239027140211
lan-gateway-10s,91,0.5096641700893936
lan-gateway-10s,91,0.509704437464766
lan-gateway-10s,91,0.5097447048401386
lan-gateway-10s,91,0.509784972215511
lan-gateway-10s,91,0.5098252395908834
lan-gateway-10s,91,0.509865506966256
lan-gateway-10s,91,0.5099057743416284
lan-gateway-10s,91,0.5099460417170009
lan-gateway-10s,91,0.5099863090923734
lan-gateway-10s,91,0.5100265764677459
lan-gateway-10s,91,0.5100668438431183
lan-gateway-10s,91,0.5101071112184907
lan-gateway-10s,91,0.5101473785938633
lan-gateway-10s,91,0.5101876459692357
lan-gateway-10s,91,0.5102279133446082
lan-gateway-10s,91,0.5102681807199807
lan-gateway-10s,91,0.5103084480953531
lan-gateway-10s,91,0.5103487154707256
lan-gateway-10s,91,0.5103889828460981
lan-gateway-10s,91,0.5104292502214706
lan-gateway-10s,91,0.510469517596843
lan-gateway-10s,91,0.5105097849722156
lan-gateway-10s,91,0.510550052347588
lan-gateway-10s,91,0.5105903197229604
lan-gateway-10s,91,0.510630587098333
lan-gateway-10s,91,0.5106708544737054
lan-gateway-10s,91,0.5107111218490779
lan-gateway-10s,91,0.5107513892244504
lan-gateway-10s,91,0.5107916565998228
lan-gateway-10s,91,0.5108319239751953
lan-gateway-10s,91,0.5108721913505677
lan-gateway-10s,91,0.5109124587259403
lan-gateway-10s,91,0.5109527261013127
lan-gateway-10s,91,0.5109929934766851
lan-gateway-10s,91,0.5110332608520577
lan-gateway-10s,91,0.5110735282274301
lan-gateway-10s,91,0.5111137956028026
lan-gateway-10s,91,0.5111540629781751
lan-gateway-10s,91,0.5111943303535476
lan-gateway-10s,91,0.51123459772892
lan-gateway-10s,91,0.5112748651042925
lan-gateway-10s,91,0.511315132479665
lan-gateway-10s,91,0.5113553998550374
lan-gateway-10s,91,0.51139566723041
lan-gateway-10s,91,0.5114359346057824
lan-gateway-10s,91,0.5114762019811548
lan-gateway-10s,91,0.5115164693565274
lan-gateway-10s,91,0.5115567367318998
lan-gateway-10s,91,0.5115970041072723
lan-gateway-10s,91,0.5116372714826447
lan-gateway-10s,91,0.5116775388580173
lan-gateway-10s,91,0.5117178062333897
lan-gateway-10s,91,0.5117580736087621
lan-gateway-10s,91,0.5117983409841347
lan-gateway-10s,91,0.5118386083595071
lan-gateway-10s,91,0.5118788757348796
lan-gateway-10s,91,0.5119191431102521
lan-gateway-10s,91,0.5119594104856245
lan-gateway-10s,91,0.511999677860997
lan-gateway-10s,91,0.5120399452363695
lan-gateway-10s,91,0.512080212611742
lan-gateway-10s,91,0.5121204799871144
lan-gateway-10s,91,0.512160747362487
lan-gateway-10s,91,0.5122010147378594
lan-gateway-10s,91,0.5122412821132318
lan-gateway-10s,91,0.5122815494886044
lan-gateway-10s,91,0.5123218168639768
lan-gateway-10s,91,0.5123620842393493
lan-gateway-10s,91,0.5124023516147218
lan-gateway-10s,91,0.5124426189900942
lan-gateway-10s,91,0.5124828863654667
lan-gateway-10s,91,0.5125231537408391
lan-gateway-10s,91,0.5125634211162117
lan-gateway-10s,91,0.5126036884915841
lan-gateway-10s,91,0.5126439558669565
lan-gateway-10s,91,0.5126842232423291
lan-gateway-10s,91,0.5127244906177015
lan-gateway-10s,91,0.512764757993074
lan-gateway-10s,91,0.5128050253684465
lan-gateway-10s,91,0.512845292743819
lan-gateway-10s,91,0.5128855601191914
lan-gateway-10s,91,0.512925827494564
lan-gateway-10s,91,0.5129660948699364
lan-gateway-10s,91,0.5130063622453088
lan-gateway-10s,91,0.5130466296206814
lan-gateway-10s,91,0.5130868969960538
lan-gateway-10s,91,0.5131271643714262
lan-gateway-10s,91,0.5131674317467988
lan-gateway-10s,91,0.5132076991221712
lan-gateway-10s,91,0.5132479664975437
lan-gateway-10s,91,0.5132882338729161
lan-gateway-10s,91,0.5133285012482887
lan-gateway-10s,91,0.5133687686236611
lan-gateway-10s,91,0.5134090359990335
lan-gateway-10s,91,0.5134493033744061
lan-gateway-10s,91,0.5134895707497785
lan-gateway-10s,91,0.513529838125151
lan-gateway-10s,91,0.5135701055005235
lan-gateway-10s,91,0.513610372875896
lan-gateway-10s,91,0.5136506402512684
lan-gateway-10s,91,0.5136909076266409
lan-gateway-10s,91,0.5137311750020134
lan-gateway-10s,91,0.5137714423773858
lan-gateway-10s,91,0.5138117097527584
lan-gateway-10s,91,0.5138519771281308
lan-gateway-10s,91,0.5138922445035032
lan-gateway-10s,91,0.5139325118788758
lan-gateway-10s,91,0.5139727792542482
lan-gateway-10s,91,0.5140130466296207
lan-gateway-10s,91,0.5140533140049931
lan-gateway-10s,91,0.5140935813803656
lan-gateway-10s,91,0.5141338487557381
lan-gateway-10s,91,0.5141741161311105
lan-gateway-10s,91,0.5142143835064831
lan-gateway-10s,91,0.5142546508818555
lan-gateway-10s,91,0.514294918257228
lan-gateway-10s,91,0.5143351856326005
lan-gateway-10s,91,0.5143754530079729
lan-gateway-10s,91,0.5144157203833454
lan-gateway-10s,91,0.5144559877587179
lan-gateway-10s,91,0.5144962551340904
lan-gateway-10s,91,0.5145365225094628
lan-gateway-10s,91,0.5145767898848354
lan-gateway-10s,91,0.5146170572602078
lan-gateway-10s,91,0.5146573246355802
lan-gateway-10s,91,0.5146975920109528
lan-gateway-10s,91,0.5147378593863252
lan-gateway-10s,91,0.5147781267616977
lan-gateway-10s,91,0.5148183941370702
lan-gateway-10s,91,0.5148586615124426
lan-gateway-10s,91,0.5148989288878151
lan-gateway-10s,91,0.5149391962631875
lan-gateway-10s,91,0.5149794636385601
lan-gateway-10s,91,0.5150197310139325
lan-gateway-10s,91,0.5150599983893049
lan-gateway-10s,91,0.5151002657646775
lan-gateway-10s,91,0.5151405331400499
lan-gateway-10s,91,0.5151808005154224
lan-gateway-10s,91,0.5152210678907949
lan-gateway-10s,91,0.5152613352661674
lan-gateway-10s,91,0.5153016026415398
lan-gateway-10s,91,0.5153418700169123
lan-gateway-10s,91,0.5153821373922848
lan-gateway-10s,91,0.5154224047676572
lan-gateway-10s,91,0.5154626721430298
lan-gateway-10s,91,0.5155029395184022
lan-gateway-10s,91,0.5155432068937746
lan-gateway-10s,91,0.5155834742691472
lan-gateway-10s,91,0.5156237416445196
lan-gateway-10s,91,0.5156640090198921
lan-gateway-10s,91,0.5157042763952645
lan-gateway-10s,91,0.515744543770637
lan-gateway-10s,91,0.5157848111460095
lan-gateway-10s,91,0.5158250785213819
lan-gateway-10s,91,0.5158653458967545
lan-gateway-10s,91,0.5159056132721269
lan-gateway-10s,91,0.5159458806474994
lan-gateway-10s,91,0.5159861480228719
lan-gateway-10s,91,0.5160264153982443
lan-gateway-10s,91,0.5160666827736168
lan-gateway-10s,91,0.5161069501489893
lan-gateway-10s,91,0.5161472175243618
lan-gateway-10s,91,0.5161874848997342
lan-gateway-10s,91,0.5162277522751068
lan-gateway-10s,91,0.5162680196504792
lan-gateway-10s,91,0.5163082870258516
lan-gateway-10s,91,0.5163485544012242
lan-gateway-10s,91,0.5163888217765966
lan-gateway-10s,91,0.5164290891519691
lan-gateway-10s,91,0.5164693565273415
lan-gateway-10s,91,0.516509623902714
lan-gateway-10s,91,0.5165498912780865
lan-gateway-10s,91,0.5165901586534589
lan-gateway-10s,91,0.5166304260288315
lan-gateway-10s,91,0.5166706934042039
lan-gateway-10s,91,0.5167109607795763
lan-gateway-10s,91,0.5167512281549489
lan-gateway-10s,91,0.5167914955303213
lan-gateway-10s,91,0.5168317629056938
lan-gateway-10s,91,0.5168720302810663
lan-gateway-10s,91,0.5169122976564388
lan-gateway-10s,91,0.5169525650318112
lan-gateway-10s,91,0.5169928324071837
lan-gateway-10s,91,0.5170330997825562
lan-gateway-10s,91,0.5170733671579286
lan-gateway-10s,91,0.5171136345333012
lan-gateway-10s,91,0.5171539019086736
lan-gateway-10s,91,0.517194169284046
lan-gateway-10s,91,0.5172344366594185
lan-gateway-10s,91,0.517274704034791
lan-gateway-10s,91,0.5173149714101635
lan-gateway-10s,91,0.5173552387855359
lan-gateway-10s,91,0.5173955061609085
lan-gateway-10s,91,0.5174357735362809
lan-gateway-10s,91,0.5174760409116533
lan-gateway-10s,91,0.5175163082870259
lan-gateway-10s,91,0.5175565756623983
lan-gateway-10s,91,0.5175968430377708
lan-gateway-10s,91,0.5176371104131433
lan-gateway-10s,91,0.5176773777885157
lan-gateway-10s,91,0.5177176451638882
lan-gateway-10s,91,0.5177579125392607
lan-gateway-10s,91,0.5177981799146332
lan-gateway-10s,91,0.5178384472900056
lan-gateway-10s,91,0.5178787146653782
lan-gateway-10s,91,0.5179189820407506
lan-gateway-10s,91,0.517959249416123
lan-gateway-10s,91,0.5179995167914956
lan-gateway-10s,91,0.518039784166868
lan-gateway-10s,91,0.5180800515422405
lan-gateway-10s,91,0.5181203189176129
lan-gateway-10s,91,0.5181605862929854
lan-gateway-10s,91,0.5182008536683579
lan-gateway-10s,91,0.5182411210437303
lan-gateway-10s,91,0.5182813884191029
lan-gateway-10s,91,0.5183216557944753
lan-gateway-10s,91,0.5183619231698477
lan-gateway-10s,91,0.5184021905452203
lan-gateway-10s,91,0.5184424579205927
lan-gateway-10s,91,0.5184827252959652
lan-gateway-10s,91,0.5185229926713377
lan-gateway-10s,91,0.5185632600467102
lan-gateway-10s,91,0.5186035274220826
lan-gateway-10s,91,0.5186437947974551
lan-gateway-10s,91,0.5186840621728276
lan-gateway-10s,91,0.5187243295482
lan-gateway-10s,91,0.5187645969235726
lan-gateway-10s,91,0.518804864298945
lan-gateway-10s,91,0.5188451316743175
lan-gateway-10s,91,0.5188853990496899
lan-gateway-10s,91,0.5189256664250624
lan-gateway-10s,91,0.5189659338004349
lan-gateway-10s,91,0.5190062011758073
lan-gateway-10s,91,0.5190464685511799
lan-gateway-10s,91,0.5190867359265523
lan-gateway-10s,91,0.5191270033019247
lan-gateway-10s,91,0.5191672706772973
lan-gateway-10s,91,0.5192075380526697
lan-gateway-10s,91,0.5192478054280422
lan-gateway-10s,91,0.5192880728034147
lan-gateway-10s,91,0.5193283401787872
lan-gateway-10s,91,0.5193686075541596
lan-gateway-10s,91,0.5194088749295321
lan-gateway-10s,91,0.5194491423049046
lan-gateway-10s,91,0.519489409680277
lan-gateway-10s,91,0.5195296770556496
lan-gateway-10s,91,0.519569944431022
lan-gateway-10s,91,0.5196102118063944
lan-gateway-10s,91,0.5196504791817669
lan-gateway-10s,91,0.5196907465571394
lan-gateway-10s,91,0.5197310139325119
lan-gateway-10s,91,0.5197712813078843
lan-gateway-10s,91,0.5198115486832569
lan-gateway-10s,91,0.5198518160586293
lan-gateway-10s,91,0.5198920834340017
lan-gateway-10s,91,0.5199323508093743
lan-gateway-10s,91,0.5199726181847467
lan-gateway-10s,91,0.5200128855601192
lan-gateway-10s,91,0.5200531529354917
lan-gateway-10s,91,0.5200934203108641
lan-gateway-10s,91,0.5201336876862366
lan-gateway-10s,91,0.5201739550616091
lan-gateway-10s,91,0.5202142224369816
lan-gateway-10s,92,0.520254489812354
lan-gateway-10s,92,0.5202947571877266
lan-gateway-10s,92,0.520335024563099
lan-gateway-10s,92,0.5203752919384714
lan-gateway-10s,92,0.520415559313844
lan-gateway-10s,92,0.5204558266892164
lan-gateway-10s,92,0.5204960940645889
lan-gateway-10s,92,0.5205363614399613
lan-gateway-10s,92,0.5205766288153338
lan-gateway-10s,92,0.5206168961907063
lan-gateway-10s,92,0.5206571635660787
lan-gateway-10s,92,0.5206974309414513
lan-gateway-10s,92,0.5207376983168237
lan-gateway-10s,92,0.5207779656921961
lan-gateway-10s,92,0.5208182330675687
lan-gateway-10s,92,0.5208585004429411
lan-gateway-10s,92,0.5208987678183136
lan-gateway-10s,92,0.5209390351936861
lan-gateway-10s,92,0.5209793025690586
lan-gateway-10s,92,0.521019569944431
lan-gateway-10s,92,0.5210598373198035
lan-gateway-10s,92,0.521100104695176
lan-gateway-10s,92,0.5211403720705484
lan-gateway-10s,92,0.521180639445921
lan-gateway-10s,92,0.5212209068212934
lan-gateway-10s,93,0.5212611741966658
lan-gateway-10s,93,0.5213014415720383
lan-gateway-10s,94,0.5213417089474108
lan-gateway-10s,94,0.5213819763227833
lan-gateway-10s,94,0.5214222436981557
lan-gateway-10s,94,0.5214625110735283
lan-gateway-10s,94,0.5215027784489007
lan-gateway-10s,94,0.5215430458242731
lan-gateway-10s,94,0.5215833131996457
lan-gateway-10s,94,0.5216235805750181
lan-gateway-10s,94,0.5216638479503906
lan-gateway-10s,94,0.5217041153257631
lan-gateway-10s,94,0.5217443827011355
lan-gateway-10s,94,0.521784650076508
lan-gateway-10s,94,0.5218249174518805
lan-gateway-10s,95,0.521865184827253
lan-gateway-10s,95,0.5219054522026254
lan-gateway-10s,95,0.521945719577998
lan-gateway-10s,95,0.5219859869533704
lan-gateway-10s,95,0.5220262543287428
lan-gateway-10s,95,0.5220665217041153
lan-gateway-10s,95,0.5221067890794878
lan-gateway-10s,95,0.5221470564548603
lan-gateway-10s,95,0.5221873238302327
lan-gateway-10s,95,0.5222275912056052
lan-gateway-10s,95,0.5222678585809777
lan-gateway-10s,95,0.5223081259563501
lan-gateway-10s,95,0.5223483933317227
lan-gateway-10s,95,0.5223886607070951
lan-gateway-10s,95,0.5224289280824675
lan-gateway-10s,95,0.5224691954578401
lan-gateway-10s,95,0.5225094628332125
lan-gateway-10s,95,0.522549730208585
lan-gateway-10s,95,0.5225899975839575
lan-gateway-10s,95,0.52263026495933
lan-gateway-10s,95,0.5226705323347024
lan-gateway-10s,95,0.522710799710075
lan-gateway-10s,95,0.5227510670854474
lan-gateway-10s,95,0.5227913344608198
lan-gateway-10s,95,0.5228316018361924
lan-gateway-10s,95,0.5228718692115648
lan-gateway-10s,95,0.5229121365869372
lan-gateway-10s,95,0.5229524039623097
lan-gateway-10s,95,0.5229926713376822
lan-gateway-10s,95,0.5230329387130547
lan-gateway-10s,95,0.5230732060884271
lan-gateway-10s,95,0.5231134734637997
lan-gateway-10s,95,0.5231537408391721
lan-gateway-10s,95,0.5231940082145445
lan-gateway-10s,95,0.5232342755899171
lan-gateway-10s,95,0.5232745429652895
lan-gateway-10s,95,0.523314810340662
lan-gateway-10s,95,0.5233550777160345
lan-gateway-10s,95,0.523395345091407
lan-gateway-10s,95,0.5234356124667794
lan-gateway-10s,95,0.5234758798421519
lan-gateway-10s,95,0.5235161472175244
lan-gateway-10s,95,0.5235564145928968
lan-gateway-10s,95,0.5235966819682694
lan-gateway-10s,95,0.5236369493436418
lan-gateway-10s,95,0.5236772167190142
lan-gateway-10s,95,0.5237174840943867
lan-gateway-10s,95,0.5237577514697592
lan-gateway-10s,95,0.5237980188451317
lan-gateway-10s,95,0.5238382862205041
lan-gateway-10s,95,0.5238785535958767
lan-gateway-10s,95,0.5239188209712491
lan-gateway-10s,95,0.5239590883466215
lan-gateway-10s,95,0.5239993557219941
lan-gateway-10s,95,0.5240396230973665
lan-gateway-10s,96,0.524079890472739
lan-gateway-10s,96,0.5241201578481115
lan-gateway-10s,96,0.5241604252234839
lan-gateway-10s,96,0.5242006925988564
lan-gateway-10s,96,0.5242409599742289
lan-gateway-10s,96,0.5242812273496014
lan-gateway-10s,96,0.5243214947249738
lan-gateway-10s,96,0.5243617621003464
lan-gateway-10s,96,0.5244020294757188
lan-gateway-10s,96,0.5244422968510912
lan-gateway-10s,96,0.5244825642264637
lan-gateway-10s,96,0.5245228316018362
lan-gateway-10s,96,0.5245630989772087
lan-gateway-10s,96,0.5246033663525811
lan-gateway-10s,96,0.5246436337279536
lan-gateway-10s,96,0.5246839011033261
lan-gateway-10s,96,0.5247241684786985
lan-gateway-10s,96,0.5247644358540711
lan-gateway-10s,96,0.5248047032294435
lan-gateway-10s,96,0.5248449706048159
lan-gateway-10s,96,0.5248852379801885
lan-gateway-10s,96,0.5249255053555609
lan-gateway-10s,96,0.5249657727309334
lan-gateway-10s,96,0.5250060401063059
lan-gateway-10s,96,0.5250463074816784
lan-gateway-10s,96,0.5250865748570508
lan-gateway-10s,96,0.5251268422324233
lan-gateway-10s,96,0.5251671096077958
lan-gateway-10s,96,0.5252073769831682
lan-gateway-10s,97,0.5252476443585407
lan-gateway-10s,97,0.5252879117339132
lan-gateway-10s,97,0.5253281791092856
lan-gateway-10s,97,0.5253684464846581
lan-gateway-10s,97,0.5254087138600306
lan-gateway-10s,97,0.5254489812354031
lan-gateway-10s,97,0.5254892486107755
lan-gateway-10s,97,0.525529515986148
lan-gateway-10s,97,0.5255697833615205
lan-gateway-10s,97,0.5256100507368929
lan-gateway-10s,97,0.5256503181122655
lan-gateway-10s,97,0.5256905854876379
lan-gateway-10s,97,0.5257308528630104
lan-gateway-10s,97,0.5257711202383829
lan-gateway-10s,97,0.5258113876137553
lan-gateway-10s,97,0.5258516549891278
lan-gateway-10s,97,0.5258919223645003
lan-gateway-10s,97,0.5259321897398728
lan-gateway-10s,97,0.5259724571152452
lan-gateway-10s,97,0.5260127244906178
lan-gateway-10s,97,0.5260529918659902
lan-gateway-10s,97,0.5260932592413626
lan-gateway-10s,97,0.5261335266167351
lan-gateway-10s,97,0.5261737939921076
lan-gateway-10s,97,0.5262140613674801
lan-gateway-10s,97,0.5262543287428525
lan-gateway-10s,97,0.526294596118225
lan-gateway-10s,97,0.5263348634935975
lan-gateway-10s,97,0.5263751308689699
lan-gateway-10s,97,0.5264153982443425
lan-gateway-10s,97,0.5264556656197149
lan-gateway-10s,97,0.5264959329950873
lan-gateway-10s,97,0.5265362003704599
lan-gateway-10s,97,0.5265764677458323
lan-gateway-10s,97,0.5266167351212048
lan-gateway-10s,97,0.5266570024965773
lan-gateway-10s,97,0.5266972698719498
lan-gateway-10s,98,0.5267375372473222
lan-gateway-10s,98,0.5267778046226947
lan-gateway-10s,98,0.5268180719980672
lan-gateway-10s,98,0.5268583393734396
lan-gateway-10s,98,0.5268986067488121
lan-gateway-10s,98,0.5269388741241846
lan-gateway-10s,98,0.526979141499557
lan-gateway-10s,98,0.5270194088749295
lan-gateway-10s,98,0.527059676250302
lan-gateway-10s,98,0.5270999436256745
lan-gateway-10s,98,0.5271402110010469
lan-gateway-10s,98,0.5271804783764195
lan-gateway-10s,98,0.5272207457517919
lan-gateway-10s,98,0.5272610131271643
lan-gateway-10s,98,0.5273012805025369
lan-gateway-10s,98,0.5273415478779093
lan-gateway-10s,98,0.5273818152532818
lan-gateway-10s,98,0.5274220826286543
lan-gateway-10s,98,0.5274623500040267
lan-gateway-10s,99,0.5275026173793992
lan-gateway-10s,99,0.5275428847547717
lan-gateway-10s,99,0.5275831521301442
lan-gateway-10s,99,0.5276234195055166
lan-gateway-10s,99,0.527663686880889
lan-gateway-10s,99,0.5277039542562616
lan-gateway-10s,99,0.527744221631634
lan-gateway-10s,99,0.5277844890070065
lan-gateway-10s,99,0.527824756382379
lan-gateway-10s,99,0.5278650237577515
lan-gateway-10s,99,0.5279052911331239
lan-gateway-10s,99,0.5279455585084964
lan-gateway-10s,99,0.5279858258838689
lan-gateway-10s,99,0.5280260932592413
lan-gateway-10s,99,0.5280663606346139
lan-gateway-10s,99,0.5281066280099863
lan-gateway-10s,99,0.5281468953853588
lan-gateway-10s,99,0.5281871627607313
lan-gateway-10s,99,0.5282274301361037
lan-gateway-10s,99,0.5282676975114762
lan-gateway-10s,99,0.5283079648868487
lan-gateway-10s,99,0.5283482322622212
lan-gateway-10s,99,0.5283884996375936
lan-gateway-10s,99,0.5284287670129661
lan-gateway-10s,99,0.5284690343883386
lan-gateway-10s,100,0.528509301763711
lan-gateway-10s,100,0.5285495691390835
lan-gateway-10s,100,0.528589836514456
lan-gateway-10s,100,0.5286301038898285
lan-gateway-10s,100,0.5286703712652009
lan-gateway-10s,100,0.5287106386405734
lan-gateway-10s,100,0.5287509060159459
lan-gateway-10s,100,0.5287911733913183
lan-gateway-10s,100,0.5288314407666909
lan-gateway-10s,100,0.5288717081420633
lan-gateway-10s,100,0.5289119755174357
lan-gateway-10s,100,0.5289522428928083
lan-gateway-10s,100,0.5289925102681807
lan-gateway-10s,100,0.5290327776435532
lan-gateway-10s,100,0.5290730450189257
lan-gateway-10s,100,0.5291133123942982
lan-gateway-10s,101,0.5291535797696706
lan-gateway-10s,101,0.5291938471450431
lan-gateway-10s,101,0.5292341145204156
lan-gateway-10s,101,0.529274381895788
lan-gateway-10s,101,0.5293146492711605
lan-gateway-10s,101,0.529354916646533
lan-gateway-10s,101,0.5293951840219054
lan-gateway-10s,101,0.5294354513972779
lan-gateway-10s,101,0.5294757187726504
lan-gateway-10s,101,0.5295159861480229
lan-gateway-10s,101,0.5295562535233953
lan-gateway-10s,101,0.5295965208987679
lan-gateway-10s,101,0.5296367882741403
lan-gateway-10s,101,0.5296770556495127
lan-gateway-10s,101,0.5297173230248853
lan-gateway-10s,101,0.5297575904002577
lan-gateway-10s,101,0.5297978577756302
lan-gateway-10s,101,0.5298381251510027
lan-gateway-10s,102,0.5298783925263751
lan-gateway-10s,102,0.5299186599017476
lan-gateway-10s,102,0.5299589272771201
lan-gateway-10s,102,0.5299991946524926
lan-gateway-10s,102,0.530039462027865
lan-gateway-10s,102,0.5300797294032374
lan-gateway-10s,102,0.53011999677861
lan-gateway-10s,102,0.5301602641539824
lan-gateway-10s,102,0.5302005315293549
lan-gateway-10s,102,0.5302407989047274
lan-gateway-10s,102,0.5302810662800999
lan-gateway-10s,102,0.5303213336554723
lan-gateway-10s,102,0.5303616010308448
lan-gateway-10s,102,0.5304018684062173
lan-gateway-10s,102,0.5304421357815897
lan-gateway-10s,102,0.5304824031569623
lan-gateway-10s,102,0.5305226705323347
lan-gateway-10s,102,0.5305629379077071
lan-gateway-10s,102,0.5306032052830797
lan-gateway-10s,102,0.5306434726584521
lan-gateway-10s,102,0.5306837400338246
lan-gateway-10s,102,0.5307240074091971
lan-gateway-10s,102,0.5307642747845696
lan-gateway-10s,102,0.530804542159942
lan-gateway-10s,102,0.5308448095353145
lan-gateway-10s,102,0.530885076910687
lan-gateway-10s,102,0.5309253442860594
lan-gateway-10s,102,0.5309656116614319
lan-gateway-10s,102,0.5310058790368044
lan-gateway-10s,103,0.5310461464121768
lan-gateway-10s,103,0.5310864137875493
lan-gateway-10s,103,0.5311266811629218
lan-gateway-10s,103,0.5311669485382943
lan-gateway-10s,103,0.5312072159136667
lan-gateway-10s,103,0.5312474832890393
lan-gateway-10s,103,0.5312877506644117
lan-gateway-10s,103,0.5313280180397841
lan-gateway-10s,103,0.5313682854151567
lan-gateway-10s,103,0.5314085527905291
lan-gateway-10s,103,0.5314488201659016
lan-gateway-10s,103,0.5314890875412741
lan-gateway-10s,103,0.5315293549166465
lan-gateway-10s,103,0.531569622292019
lan-gateway-10s,103,0.5316098896673915
lan-gateway-10s,103,0.531650157042764
lan-gateway-10s,103,0.5316904244181364
lan-gateway-10s,103,0.5317306917935088
lan-gateway-10s,103,0.5317709591688814
lan-gateway-10s,103,0.5318112265442538
lan-gateway-10s,103,0.5318514939196263
lan-gateway-10s,103,0.5318917612949988
lan-gateway-10s,103,0.5319320286703713
lan-gateway-10s,103,0.5319722960457437
lan-gateway-10s,103,0.5320125634211162
lan-gateway-10s,103,0.5320528307964887
lan-gateway-10s,103,0.5320930981718611
lan-gateway-10s,103,0.5321333655472337
lan-gateway-10s,103,0.5321736329226061
lan-gateway-10s,103,0.5322139002979785
lan-gateway-10s,103,0.5322541676733511
lan-gateway-10s,103,0.5322944350487235
lan-gateway-10s,103,0.532334702424096
lan-gateway-10s,103,0.5323749697994685
lan-gateway-10s,103,0.532415237174841
lan-gateway-10s,103,0.5324555045502134
lan-gateway-10s,103,0.5324957719255858
lan-gateway-10s,103,0.5325360393009584
lan-gateway-10s,103,0.5325763066763308
lan-gateway-10s,103,0.5326165740517033
lan-gateway-10s,103,0.5326568414270758
lan-gateway-10s,103,0.5326971088024482
lan-gateway-10s,103,0.5327373761778207
lan-gateway-10s,103,0.5327776435531932
lan-gateway-10s,103,0.5328179109285657
lan-gateway-10s,103,0.5328581783039381
lan-gateway-10s,103,0.5328984456793107
lan-gateway-10s,103,0.5329387130546831
lan-gateway-10s,103,0.5329789804300555
lan-gateway-10s,103,0.5330192478054281
lan-gateway-10s,103,0.5330595151808005
lan-gateway-10s,103,0.533099782556173
lan-gateway-10s,103,0.5331400499315455
lan-gateway-10s,103,0.533180317306918
lan-gateway-10s,103,0.5332205846822904
lan-gateway-10s,103,0.5332608520576628
lan-gateway-10s,103,0.5333011194330354
lan-gateway-10s,103,0.5333413868084078
lan-gateway-10s,103,0.5333816541837803
lan-gateway-10s,103,0.5334219215591528
lan-gateway-10s,103,0.5334621889345252
lan-gateway-10s,103,0.5335024563098977
lan-gateway-10s,103,0.5335427236852702
lan-gateway-10s,103,0.5335829910606427
lan-gateway-10s,103,0.5336232584360151
lan-gateway-10s,103,0.5336635258113877
lan-gateway-10s,103,0.5337037931867601
lan-gateway-10s,103,0.5337440605621325
lan-gateway-10s,103,0.5337843279375051
lan-gateway-10s,103,0.5338245953128775
lan-gateway-10s,103,0.53386486268825
lan-gateway-10s,103,0.5339051300636225
lan-gateway-10s,103,0.5339453974389949
lan-gateway-10s,103,0.5339856648143674
lan-gateway-10s,103,0.5340259321897399
lan-gateway-10s,103,0.5340661995651124
lan-gateway-10s,103,0.5341064669404848
lan-gateway-10s,103,0.5341467343158572
lan-gateway-10s,103,0.5341870016912298
lan-gateway-10s,103,0.5342272690666022
lan-gateway-10s,103,0.5342675364419747
lan-gateway-10s,103,0.5343078038173472
lan-gateway-10s,103,0.5343480711927197
lan-gateway-10s,103,0.5343883385680921
lan-gateway-10s,103,0.5344286059434646
lan-gateway-10s,103,0.5344688733188371
lan-gateway-10s,103,0.5345091406942095
lan-gateway-10s,103,0.5345494080695821
lan-gateway-10s,103,0.5345896754449545
lan-gateway-10s,103,0.5346299428203269
lan-gateway-10s,103,0.5346702101956995
lan-gateway-10s,103,0.5347104775710719
lan-gateway-10s,103,0.5347507449464444
lan-gateway-10s,103,0.5347910123218169
lan-gateway-10s,103,0.5348312796971894
lan-gateway-10s,103,0.5348715470725618
lan-gateway-10s,103,0.5349118144479342
lan-gateway-10s,103,0.5349520818233068
lan-gateway-10s,103,0.5349923491986792
lan-gateway-10s,103,0.5350326165740517
lan-gateway-10s,103,0.5350728839494242
lan-gateway-10s,103,0.5351131513247966
lan-gateway-10s,103,0.5351534187001691
lan-gateway-10s,103,0.5351936860755416
lan-gateway-10s,103,0.5352339534509141
lan-gateway-10s,103,0.5352742208262865
lan-gateway-10s,103,0.5353144882016591
lan-gateway-10s,103,0.5353547555770315
lan-gateway-10s,103,0.5353950229524039
lan-gateway-10s,103,0.5354352903277765
lan-gateway-10s,103,0.5354755577031489
lan-gateway-10s,103,0.5355158250785214
lan-gateway-10s,103,0.5355560924538939
lan-gateway-10s,103,0.5355963598292663
lan-gateway-10s,103,0.5356366272046388
lan-gateway-10s,103,0.5356768945800112
lan-gateway-10s,103,0.5357171619553838
lan-gateway-10s,103,0.5357574293307562
lan-gateway-10s,103,0.5357976967061286
lan-gateway-10s,103,0.5358379640815012
lan-gateway-10s,103,0.5358782314568736
lan-gateway-10s,103,0.5359184988322461
lan-gateway-10s,103,0.5359587662076186
lan-gateway-10s,103,0.5359990335829911
lan-gateway-10s,103,0.5360393009583635
lan-gateway-10s,104,0.536079568333736
lan-gateway-10s,104,0.5361198357091085
lan-gateway-10s,104,0.5361601030844809
lan-gateway-10s,104,0.5362003704598535
lan-gateway-10s,104,0.5362406378352259
lan-gateway-10s,104,0.5362809052105983
lan-gateway-10s,104,0.5363211725859709
lan-gateway-10s,104,0.5363614399613433
lan-gateway-10s,104,0.5364017073367158
lan-gateway-10s,104,0.5364419747120883
lan-gateway-10s,105,0.5364822420874608
lan-gateway-10s,105,0.5365225094628332
lan-gateway-10s,105,0.5365627768382056
lan-gateway-10s,105,0.5366030442135782
lan-gateway-10s,105,0.5366433115889506
lan-gateway-10s,105,0.5366835789643231
lan-gateway-10s,105,0.5367238463396956
lan-gateway-10s,105,0.536764113715068
lan-gateway-10s,105,0.5368043810904405
lan-gateway-10s,105,0.536844648465813
lan-gateway-10s,105,0.5368849158411855
lan-gateway-10s,105,0.5369251832165579
lan-gateway-10s,105,0.5369654505919305
lan-gateway-10s,105,0.5370057179673029
lan-gateway-10s,105,0.5370459853426753
lan-gateway-10s,105,0.5370862527180479
lan-gateway-10s,105,0.5371265200934203
lan-gateway-10s,106,0.5371667874687928
lan-gateway-10s,106,0.5372070548441653
lan-gateway-10s,106,0.5372473222195377
lan-gateway-10s,106,0.5372875895949102
lan-gateway-10s,106,0.5373278569702826
lan-gateway-10s,106,0.5373681243456552
lan-gateway-10s,106,0.5374083917210276
lan-gateway-10s,106,0.5374486590964
lan-gateway-10s,106,0.5374889264717726
lan-gateway-10s,106,0.537529193847145
lan-gateway-10s,106,0.5375694612225175
lan-gateway-10s,106,0.53760972859789
lan-gateway-10s,106,0.5376499959732625
lan-gateway-10s,106,0.5376902633486349
lan-gateway-10s,106,0.5377305307240074
lan-gateway-10s,106,0.5377707980993799
lan-gateway-10s,106,0.5378110654747523
lan-gateway-10s,106,0.5378513328501249
lan-gateway-10s,106,0.5378916002254973
lan-gateway-10s,106,0.5379318676008698
lan-gateway-10s,106,0.5379721349762423
lan-gateway-10s,106,0.5380124023516147
lan-gateway-10s,106,0.5380526697269872
lan-gateway-10s,106,0.5380929371023596
lan-gateway-10s,106,0.5381332044777322
lan-gateway-10s,106,0.5381734718531046
lan-gateway-10s,106,0.538213739228477
lan-gateway-10s,106,0.5382540066038496
lan-gateway-10s,106,0.538294273979222
lan-gateway-10s,106,0.5383345413545945
lan-gateway-10s,106,0.538374808729967
lan-gateway-10s,106,0.5384150761053395
lan-gateway-10s,106,0.5384553434807119
lan-gateway-10s,106,0.5384956108560844
lan-gateway-10s,106,0.5385358782314569
lan-gateway-10s,106,0.5385761456068293
lan-gateway-10s,106,0.5386164129822019
lan-gateway-10s,106,0.5386566803575743
lan-gateway-10s,106,0.5386969477329467
lan-gateway-10s,106,0.5387372151083193
lan-gateway-10s,106,0.5387774824836917
lan-gateway-10s,106,0.5388177498590642
lan-gateway-10s,106,0.5388580172344367
lan-gateway-10s,106,0.5388982846098092
lan-gateway-10s,106,0.5389385519851816
lan-gateway-10s,106,0.538978819360554
lan-gateway-10s,106,0.5390190867359266
lan-gateway-10s,106,0.539059354111299
lan-gateway-10s,106,0.5390996214866715
lan-gateway-10s,106,0.539139888862044
lan-gateway-10s,106,0.5391801562374164
lan-gateway-10s,106,0.5392204236127889
lan-gateway-10s,106,0.5392606909881614
lan-gateway-10s,106,0.5393009583635339
lan-gateway-10s,106,0.5393412257389063
lan-gateway-10s,106,0.5393814931142789
lan-gateway-10s,106,0.5394217604896513
lan-gateway-10s,106,0.5394620278650237
lan-gateway-10s,106,0.5395022952403963
lan-gateway-10s,106,0.5395425626157687
lan-gateway-10s,106,0.5395828299911412
lan-gateway-10s,106,0.5396230973665137
lan-gateway-10s,106,0.5396633647418861
lan-gateway-10s,106,0.5397036321172586
lan-gateway-10s,106,0.539743899492631
lan-gateway-10s,106,0.5397841668680036
lan-gateway-10s,106,0.539824434243376
lan-gateway-10s,106,0.5398647016187484
lan-gateway-10s,106,0.539904968994121
lan-gateway-10s,106,0.5399452363694934
lan-gateway-10s,106,0.5399855037448659
lan-gateway-10s,106,0.5400257711202384
lan-gateway-10s,106,0.5400660384956109
lan-gateway-10s,106,0.5401063058709833
lan-gateway-10s,106,0.5401465732463558
lan-gateway-10s,106,0.5401868406217283
lan-gateway-10s,106,0.5402271079971007
lan-gateway-10s,106,0.5402673753724733
lan-gateway-10s,106,0.5403076427478457
lan-gateway-10s,106,0.5403479101232181
lan-gateway-10s,106,0.5403881774985907
lan-gateway-10s,106,0.5404284448739631
lan-gateway-10s,106,0.5404687122493356
lan-gateway-10s,106,0.540508979624708
lan-gateway-10s,106,0.5405492470000806
lan-gateway-10s,106,0.540589514375453
lan-gateway-10s,106,0.5406297817508254
lan-gateway-10s,106,0.540670049126198
lan-gateway-10s,106,0.5407103165015704
lan-gateway-10s,106,0.5407505838769429
lan-gateway-10s,106,0.5407908512523154
lan-gateway-10s,106,0.5408311186276878
lan-gateway-10s,106,0.5408713860030603
lan-gateway-10s,106,0.5409116533784328
lan-gateway-10s,106,0.5409519207538053
lan-gateway-10s,106,0.5409921881291777
lan-gateway-10s,106,0.5410324555045503
lan-gateway-10s,106,0.5410727228799227
lan-gateway-10s,106,0.5411129902552951
lan-gateway-10s,106,0.5411532576306677
lan-gateway-10s,106,0.5411935250060401
lan-gateway-10s,106,0.5412337923814126
lan-gateway-10s,106,0.541274059756785
lan-gateway-10s,106,0.5413143271321575
lan-gateway-10s,106,0.54135459450753
lan-gateway-10s,106,0.5413948618829024
lan-gateway-10s,106,0.541435129258275
lan-gateway-10s,106,0.5414753966336474
lan-gateway-10s,106,0.5415156640090198
lan-gateway-10s,106,0.5415559313843924
lan-gateway-10s,106,0.5415961987597648
lan-gateway-10s,106,0.5416364661351373
lan-gateway-10s,106,0.5416767335105098
lan-gateway-10s,106,0.5417170008858823
lan-gateway-10s,106,0.5417572682612547
lan-gateway-10s,106,0.5417975356366272
lan-gateway-10s,106,0.5418378030119997
lan-gateway-10s,106,0.5418780703873721
lan-gateway-10s,106,0.5419183377627447
lan-gateway-10s,106,0.5419586051381171
lan-gateway-10s,106,0.5419988725134895
lan-gateway-10s,106,0.5420391398888621
lan-gateway-10s,107,0.5420794072642345
lan-gateway-10s,107,0.542119674639607
lan-gateway-10s,107,0.5421599420149794
lan-gateway-10s,107,0.542200209390352
lan-gateway-10s,107,0.5422404767657244
lan-gateway-10s,107,0.5422807441410968
lan-gateway-10s,107,0.5423210115164694
lan-gateway-10s,107,0.5423612788918418
lan-gateway-10s,107,0.5424015462672143
lan-gateway-10s,107,0.5424418136425868
lan-gateway-10s,107,0.5424820810179593
lan-gateway-10s,107,0.5425223483933317
lan-gateway-10s,107,0.5425626157687042
lan-gateway-10s,107,0.5426028831440767
lan-gateway-10s,107,0.5426431505194491
lan-gateway-10s,107,0.5426834178948217
lan-gateway-10s,107,0.5427236852701941
lan-gateway-10s,107,0.5427639526455665
lan-gateway-10s,107,0.5428042200209391
lan-gateway-10s,107,0.5428444873963115
lan-gateway-10s,107,0.542884754771684
lan-gateway-10s,107,0.5429250221470564
lan-gateway-10s,107,0.542965289522429
lan-gateway-10s,107,0.5430055568978014
lan-gateway-10s,107,0.5430458242731738
lan-gateway-10s,107,0.5430860916485464
lan-gateway-10s,107,0.5431263590239188
lan-gateway-10s,108,0.5431666263992913
lan-gateway-10s,108,0.5432068937746638
lan-gateway-10s,108,0.5432471611500362
lan-gateway-10s,109,0.5432874285254087
lan-gateway-10s,109,0.5433276959007812
lan-gateway-10s,109,0.5433679632761537
lan-gateway-10s,109,0.5434082306515261
lan-gateway-10s,109,0.5434484980268987
lan-gateway-10s,109,0.5434887654022711
lan-gateway-10s,109,0.5435290327776435
lan-gateway-10s,109,0.5435693001530161
lan-gateway-10s,109,0.5436095675283885
lan-gateway-10s,109,0.543649834903761
lan-gateway-10s,109,0.5436901022791334
lan-gateway-10s,109,0.5437303696545059
lan-gateway-10s,110,0.5437706370298784
lan-gateway-10s,110,0.5438109044052508
lan-gateway-10s,110,0.5438511717806234
lan-gateway-10s,110,0.5438914391559958
lan-gateway-10s,110,0.5439317065313682
lan-gateway-10s,111,0.5439719739067408
lan-gateway-10s,111,0.5440122412821132
lan-gateway-10s,111,0.5440525086574857
lan-gateway-10s,112,0.5440927760328582
lan-gateway-10s,112,0.5441330434082307
lan-gateway-10s,112,0.5441733107836031
lan-gateway-10s,112,0.5442135781589756
lan-gateway-10s,113,0.5442538455343481
lan-gateway-10s,113,0.5442941129097205
lan-gateway-10s,113,0.5443343802850931
lan-gateway-10s,113,0.5443746476604655
lan-gateway-10s,113,0.5444149150358379
lan-gateway-10s,113,0.5444551824112105
lan-gateway-10s,113,0.5444954497865829
lan-gateway-10s,113,0.5445357171619554
lan-gateway-10s,113,0.5445759845373278
lan-gateway-10s,113,0.5446162519127004
lan-gateway-10s,113,0.5446565192880728
lan-gateway-10s,113,0.5446967866634452
lan-gateway-10s,113,0.5447370540388178
lan-gateway-10s,113,0.5447773214141902
lan-gateway-10s,113,0.5448175887895627
lan-gateway-10s,113,0.5448578561649352
lan-gateway-10s,114,0.5448981235403076
lan-gateway-10s,114,0.5449383909156801
lan-gateway-10s,114,0.5449786582910526
lan-gateway-10s,114,0.5450189256664251
lan-gateway-10s,114,0.5450591930417975
lan-gateway-10s,114,0.5450994604171701
lan-gateway-10s,114,0.5451397277925425
lan-gateway-10s,114,0.5451799951679149
lan-gateway-10s,114,0.5452202625432875
lan-gateway-10s,114,0.5452605299186599
lan-gateway-10s,114,0.5453007972940324
lan-gateway-10s,114,0.5453410646694048
lan-gateway-10s,114,0.5453813320447773
lan-gateway-10s,114,0.5454215994201498
lan-gateway-10s,114,0.5454618667955222
lan-gateway-10s,114,0.5455021341708948
lan-gateway-10s,114,0.5455424015462672
lan-gateway-10s,114,0.5455826689216396
lan-gateway-10s,114,0.5456229362970122
lan-gateway-10s,114,0.5456632036723846
lan-gateway-10s,114,0.5457034710477571
lan-gateway-10s,114,0.5457437384231296
lan-gateway-10s,114,0.5457840057985021
lan-gateway-10s,114,0.5458242731738745
lan-gateway-10s,114,0.545864540549247
lan-gateway-10s,114,0.5459048079246195
lan-gateway-10s,115,0.5459450752999919
lan-gateway-10s,115,0.5459853426753645
lan-gateway-10s,115,0.5460256100507369
lan-gateway-10s,115,0.5460658774261093
lan-gateway-10s,115,0.5461061448014818
lan-gateway-10s,115,0.5461464121768543
lan-gateway-10s,115,0.5461866795522268
lan-gateway-10s,115,0.5462269469275992
lan-gateway-10s,115,0.5462672143029718
lan-gateway-10s,115,0.5463074816783442
lan-gateway-10s,115,0.5463477490537166
lan-gateway-10s,115,0.5463880164290892
lan-gateway-10s,115,0.5464282838044616
lan-gateway-10s,115,0.5464685511798341
lan-gateway-10s,115,0.5465088185552066
lan-gateway-10s,115,0.546549085930579
lan-gateway-10s,116,0.5465893533059515
lan-gateway-10s,117,0.546629620681324
lan-gateway-10s,117,0.5466698880566965
lan-gateway-10s,117,0.5467101554320689
lan-gateway-10s,117,0.5467504228074415
lan-gateway-10s,117,0.5467906901828139
lan-gateway-10s,117,0.5468309575581863
lan-gateway-10s,117,0.5468712249335589
lan-gateway-10s,117,0.5469114923089313
lan-gateway-10s,117,0.5469517596843038
lan-gateway-10s,117,0.5469920270596762
lan-gateway-10s,117,0.5470322944350487
lan-gateway-10s,117,0.5470725618104212
lan-gateway-10s,117,0.5471128291857936
lan-gateway-10s,117,0.5471530965611662
lan-gateway-10s,117,0.5471933639365386
lan-gateway-10s,117,0.547233631311911
lan-gateway-10s,117,0.5472738986872836
lan-gateway-10s,117,0.547314166062656
lan-gateway-10s,117,0.5473544334380285
lan-gateway-10s,117,0.547394700813401
lan-gateway-10s,117,0.5474349681887735
lan-gateway-10s,117,0.5474752355641459
lan-gateway-10s,117,0.5475155029395185
lan-gateway-10s,117,0.5475557703148909
lan-gateway-10s,117,0.5475960376902633
lan-gateway-10s,117,0.5476363050656359
lan-gateway-10s,117,0.5476765724410083
lan-gateway-10s,117,0.5477168398163808
lan-gateway-10s,117,0.5477571071917532
lan-gateway-10s,117,0.5477973745671257
lan-gateway-10s,117,0.5478376419424982
lan-gateway-10s,117,0.5478779093178706
lan-gateway-10s,117,0.5479181766932432
lan-gateway-10s,117,0.5479584440686156
lan-gateway-10s,117,0.547998711443988
lan-gateway-10s,117,0.5480389788193606
lan-gateway-10s,117,0.548079246194733
lan-gateway-10s,117,0.5481195135701055
lan-gateway-10s,117,0.548159780945478
lan-gateway-10s,117,0.5482000483208505
lan-gateway-10s,117,0.5482403156962229
lan-gateway-10s,117,0.5482805830715954
lan-gateway-10s,118,0.5483208504469679
lan-gateway-10s,119,0.5483611178223403
lan-gateway-10s,119,0.5484013851977129
lan-gateway-10s,119,0.5484416525730853
lan-gateway-10s,120,0.5484819199484577
lan-gateway-10s,120,0.5485221873238302
lan-gateway-10s,121,0.5485624546992027
lan-gateway-10s,121,0.5486027220745752
lan-gateway-10s,122,0.5486429894499476
lan-gateway-10s,122,0.5486832568253202
lan-gateway-10s,122,0.5487235242006926
lan-gateway-10s,122,0.548763791576065
lan-gateway-10s,122,0.5488040589514376
lan-gateway-10s,122,0.54884432632681
lan-gateway-10s,123,0.5488845937021825
lan-gateway-10s,123,0.548924861077555
lan-gateway-10s,123,0.5489651284529274
lan-gateway-10s,123,0.5490053958282999
lan-gateway-10s,123,0.5490456632036724
lan-gateway-10s,123,0.5490859305790449
lan-gateway-10s,123,0.5491261979544173
lan-gateway-10s,123,0.5491664653297899
lan-gateway-10s,123,0.5492067327051623
lan-gateway-10s,123,0.5492470000805347
lan-gateway-10s,123,0.5492872674559072
lan-gateway-10s,123,0.5493275348312797
lan-gateway-10s,123,0.5493678022066522
lan-gateway-10s,123,0.5494080695820246
lan-gateway-10s,123,0.5494483369573971
lan-gateway-10s,124,0.5494886043327696
lan-gateway-10s,124,0.549528871708142
lan-gateway-10s,124,0.5495691390835146
lan-gateway-10s,124,0.549609406458887
lan-gateway-10s,124,0.5496496738342594
lan-gateway-10s,124,0.549689941209632
lan-gateway-10s,124,0.5497302085850044
lan-gateway-10s,125,0.5497704759603769
lan-gateway-10s,126,0.5498107433357494
lan-gateway-10s,126,0.5498510107111219
lan-gateway-10s,126,0.5498912780864943
lan-gateway-10s,127,0.5499315454618668
lan-gateway-10s,127,0.5499718128372393
lan-gateway-10s,127,0.5500120802126117
lan-gateway-10s,128,0.5500523475879843
lan-gateway-10s,128,0.5500926149633567
lan-gateway-10s,129,0.5501328823387291
lan-gateway-10s,129,0.5501731497141016
lan-gateway-10s,129,0.5502134170894741
lan-gateway-10s,129,0.5502536844648466
lan-gateway-10s,129,0.550293951840219
lan-gateway-10s,129,0.5503342192155916
lan-gateway-10s,129,0.550374486590964
lan-gateway-10s,129,0.5504147539663364
lan-gateway-10s,129,0.550455021341709
lan-gateway-10s,129,0.5504952887170814
lan-gateway-10s,129,0.5505355560924539
lan-gateway-10s,129,0.5505758234678264
lan-gateway-10s,129,0.5506160908431988
lan-gateway-10s,129,0.5506563582185713
lan-gateway-10s,129,0.5506966255939438
lan-gateway-10s,130,0.5507368929693163
lan-gateway-10s,130,0.5507771603446887
lan-gateway-10s,130,0.5508174277200613
lan-gateway-10s,130,0.5508576950954337
lan-gateway-10s,130,0.5508979624708061
lan-gateway-10s,131,0.5509382298461786
lan-gateway-10s,131,0.5509784972215511
lan-gateway-10s,131,0.5510187645969236
lan-gateway-10s,131,0.551059031972296
lan-gateway-10s,131,0.5510992993476685
lan-gateway-10s,132,0.551139566723041
lan-gateway-10s,132,0.5511798340984134
lan-gateway-10s,133,0.551220101473786
lan-gateway-10s,133,0.5512603688491584
lan-gateway-10s,133,0.5513006362245308
lan-gateway-10s,133,0.5513409035999034
lan-gateway-10s,133,0.5513811709752758
lan-gateway-10s,134,0.5514214383506483
lan-gateway-10s,134,0.5514617057260208
lan-gateway-10s,134,0.5515019731013933
lan-gateway-10s,134,0.5515422404767657
lan-gateway-10s,134,0.5515825078521382
lan-gateway-10s,134,0.5516227752275107
lan-gateway-10s,134,0.5516630426028831
lan-gateway-10s,134,0.5517033099782556
lan-gateway-10s,134,0.5517435773536281
lan-gateway-10s,134,0.5517838447290005
lan-gateway-10s,135,0.551824112104373
lan-gateway-10s,135,0.5518643794797455
lan-gateway-10s,135,0.551904646855118
lan-gateway-10s,136,0.5519449142304904
lan-gateway-10s,137,0.551985181605863
lan-gateway-10s,137,0.5520254489812354
lan-gateway-10s,138,0.5520657163566078
lan-gateway-10s,138,0.5521059837319804
lan-gateway-10s,138,0.5521462511073528
lan-gateway-10s,138,0.5521865184827253
lan-gateway-10s,138,0.5522267858580978
lan-gateway-10s,138,0.5522670532334703
lan-gateway-10s,138,0.5523073206088427
lan-gateway-10s,138,0.5523475879842152
lan-gateway-10s,138,0.5523878553595877
lan-gateway-10s,138,0.5524281227349601
lan-gateway-10s,138,0.5524683901103327
lan-gateway-10s,138,0.5525086574857051
lan-gateway-10s,138,0.5525489248610775
lan-gateway-10s,138,0.55258919223645
lan-gateway-10s,138,0.5526294596118225
lan-gateway-10s,138,0.552669726987195
lan-gateway-10s,138,0.5527099943625674
lan-gateway-10s,138,0.55275026173794
lan-gateway-10s,138,0.5527905291133124
lan-gateway-10s,138,0.5528307964886848
lan-gateway-10s,138,0.5528710638640574
lan-gateway-10s,138,0.5529113312394298
lan-gateway-10s,138,0.5529515986148023
lan-gateway-10s,138,0.5529918659901748
lan-gateway-10s,138,0.5530321333655472
lan-gateway-10s,138,0.5530724007409197
lan-gateway-10s,138,0.5531126681162922
lan-gateway-10s,138,0.5531529354916647
lan-gateway-10s,138,0.5531932028670371
lan-gateway-10s,138,0.5532334702424097
lan-gateway-10s,138,0.5532737376177821
lan-gateway-10s,138,0.5533140049931545
lan-gateway-10s,138,0.553354272368527
lan-gateway-10s,138,0.5533945397438995
lan-gateway-10s,138,0.553434807119272
lan-gateway-10s,138,0.5534750744946444
lan-gateway-10s,138,0.5535153418700169
lan-gateway-10s,138,0.5535556092453894
lan-gateway-10s,138,0.5535958766207618
lan-gateway-10s,138,0.5536361439961344
lan-gateway-10s,138,0.5536764113715068
lan-gateway-10s,138,0.5537166787468792
lan-gateway-10s,138,0.5537569461222518
lan-gateway-10s,138,0.5537972134976242
lan-gateway-10s,138,0.5538374808729967
lan-gateway-10s,138,0.5538777482483692
lan-gateway-10s,138,0.5539180156237417
lan-gateway-10s,138,0.5539582829991141
lan-gateway-10s,138,0.5539985503744866
lan-gateway-10s,138,0.5540388177498591
lan-gateway-10s,138,0.5540790851252315
lan-gateway-10s,138,0.554119352500604
lan-gateway-10s,138,0.5541596198759765
lan-gateway-10s,138,0.5541998872513489
lan-gateway-10s,138,0.5542401546267214
lan-gateway-10s,138,0.5542804220020939
lan-gateway-10s,138,0.5543206893774664
lan-gateway-10s,138,0.5543609567528388
lan-gateway-10s,138,0.5544012241282114
lan-gateway-10s,138,0.5544414915035838
lan-gateway-10s,138,0.5544817588789562
lan-gateway-10s,138,0.5545220262543288
lan-gateway-10s,138,0.5545622936297012
lan-gateway-10s,138,0.5546025610050737
lan-gateway-10s,138,0.5546428283804462
lan-gateway-10s,138,0.5546830957558186
lan-gateway-10s,138,0.5547233631311911
lan-gateway-10s,138,0.5547636305065636
lan-gateway-10s,138,0.5548038978819361
lan-gateway-10s,138,0.5548441652573085
lan-gateway-10s,138,0.5548844326326811
lan-gateway-10s,138,0.5549247000080535
lan-gateway-10s,138,0.5549649673834259
lan-gateway-10s,138,0.5550052347587984
lan-gateway-10s,138,0.5550455021341709
lan-gateway-10s,138,0.5550857695095434
lan-gateway-10s,138,0.5551260368849158
lan-gateway-10s,138,0.5551663042602883
lan-gateway-10s,138,0.5552065716356608
lan-gateway-10s,138,0.5552468390110332
lan-gateway-10s,138,0.5552871063864058
lan-gateway-10s,138,0.5553273737617782
lan-gateway-10s,138,0.5553676411371506
lan-gateway-10s,138,0.5554079085125232
lan-gateway-10s,138,0.5554481758878956
lan-gateway-10s,138,0.5554884432632681
lan-gateway-10s,138,0.5555287106386406
lan-gateway-10s,138,0.5555689780140131
lan-gateway-10s,138,0.5556092453893855
lan-gateway-10s,138,0.555649512764758
lan-gateway-10s,138,0.5556897801401305
lan-gateway-10s,138,0.5557300475155029
lan-gateway-10s,138,0.5557703148908754
lan-gateway-10s,138,0.5558105822662479
lan-gateway-10s,138,0.5558508496416203
lan-gateway-10s,138,0.5558911170169928
lan-gateway-10s,138,0.5559313843923653
lan-gateway-10s,138,0.5559716517677378
lan-gateway-10s,138,0.5560119191431102
lan-gateway-10s,138,0.5560521865184828
lan-gateway-10s,138,0.5560924538938552
lan-gateway-10s,138,0.5561327212692276
lan-gateway-10s,138,0.5561729886446002
lan-gateway-10s,138,0.5562132560199726
lan-gateway-10s,138,0.5562535233953451
lan-gateway-10s,138,0.5562937907707176
lan-gateway-10s,138,0.55633405814609
lan-gateway-10s,138,0.5563743255214625
lan-gateway-10s,138,0.556414592896835
lan-gateway-10s,138,0.5564548602722075
lan-gateway-10s,138,0.5564951276475799
lan-gateway-10s,138,0.5565353950229524
lan-gateway-10s,138,0.5565756623983249
lan-gateway-10s,138,0.5566159297736973
lan-gateway-10s,138,0.5566561971490698
lan-gateway-10s,138,0.5566964645244423
lan-gateway-10s,138,0.5567367318998148
lan-gateway-10s,138,0.5567769992751872
lan-gateway-10s,138,0.5568172666505598
lan-gateway-10s,138,0.5568575340259322
lan-gateway-10s,138,0.5568978014013046
lan-gateway-10s,138,0.5569380687766772
lan-gateway-10s,138,0.5569783361520496
lan-gateway-10s,138,0.557018603527422
lan-gateway-10s,138,0.5570588709027946
lan-gateway-10s,138,0.557099138278167
lan-gateway-10s,138,0.5571394056535395
lan-gateway-10s,138,0.557179673028912
lan-gateway-10s,138,0.5572199404042845
lan-gateway-10s,138,0.5572602077796569
lan-gateway-10s,138,0.5573004751550293
lan-gateway-10s,138,0.5573407425304019
lan-gateway-10s,138,0.5573810099057743
lan-gateway-10s,138,0.5574212772811468
lan-gateway-10s,138,0.5574615446565193
lan-gateway-10s,138,0.5575018120318918
lan-gateway-10s,138,0.5575420794072642
lan-gateway-10s,138,0.5575823467826367
lan-gateway-10s,138,0.5576226141580092
lan-gateway-10s,138,0.5576628815333816
lan-gateway-10s,138,0.5577031489087542
lan-gateway-10s,138,0.5577434162841266
lan-gateway-10s,138,0.557783683659499
lan-gateway-10s,138,0.5578239510348716
lan-gateway-10s,138,0.557864218410244
lan-gateway-10s,138,0.5579044857856165
lan-gateway-10s,138,0.557944753160989
lan-gateway-10s,138,0.5579850205363615
lan-gateway-10s,138,0.5580252879117339
lan-gateway-10s,138,0.5580655552871064
lan-gateway-10s,138,0.5581058226624789
lan-gateway-10s,138,0.5581460900378513
lan-gateway-10s,138,0.5581863574132238
lan-gateway-10s,138,0.5582266247885963
lan-gateway-10s,138,0.5582668921639687
lan-gateway-10s,138,0.5583071595393412
lan-gateway-10s,138,0.5583474269147137
lan-gateway-10s,138,0.5583876942900862
lan-gateway-10s,138,0.5584279616654586
lan-gateway-10s,138,0.5584682290408312
lan-gateway-10s,138,0.5585084964162036
lan-gateway-10s,138,0.558548763791576
lan-gateway-10s,138,0.5585890311669486
lan-gateway-10s,138,0.558629298542321
lan-gateway-10s,138,0.5586695659176935
lan-gateway-10s,138,0.558709833293066
lan-gateway-10s,138,0.5587501006684384
lan-gateway-10s,138,0.5587903680438109
lan-gateway-10s,138,0.5588306354191834
lan-gateway-10s,138,0.5588709027945559
lan-gateway-10s,138,0.5589111701699283
lan-gateway-10s,138,0.5589514375453007
lan-gateway-10s,138,0.5589917049206733
lan-gateway-10s,138,0.5590319722960457
lan-gateway-10s,138,0.5590722396714182
lan-gateway-10s,138,0.5591125070467907
lan-gateway-10s,138,0.5591527744221632
lan-gateway-10s,138,0.5591930417975356
lan-gateway-10s,138,0.5592333091729081
lan-gateway-10s,138,0.5592735765482806
lan-gateway-10s,138,0.559313843923653
lan-gateway-10s,138,0.5593541112990256
lan-gateway-10s,138,0.559394378674398
lan-gateway-10s,138,0.5594346460497704
lan-gateway-10s,138,0.559474913425143
lan-gateway-10s,138,0.5595151808005154
lan-gateway-10s,138,0.5595554481758879
lan-gateway-10s,138,0.5595957155512604
lan-gateway-10s,138,0.5596359829266329
lan-gateway-10s,138,0.5596762503020053
lan-gateway-10s,138,0.5597165176773777
lan-gateway-10s,138,0.5597567850527503
lan-gateway-10s,138,0.5597970524281227
lan-gateway-10s,138,0.5598373198034952
lan-gateway-10s,138,0.5598775871788677
lan-gateway-10s,138,0.5599178545542401
lan-gateway-10s,138,0.5599581219296126
lan-gateway-10s,138,0.5599983893049851
lan-gateway-10s,138,0.5600386566803576
lan-gateway-10s,138,0.56007892405573
lan-gateway-10s,138,0.5601191914311026
lan-gateway-10s,138,0.560159458806475
lan-gateway-10s,138,0.5601997261818474
lan-gateway-10s,138,0.56023999355722
lan-gateway-10s,138,0.5602802609325924
lan-gateway-10s,138,0.5603205283079649
lan-gateway-10s,138,0.5603607956833374
lan-gateway-10s,138,0.5604010630587098
lan-gateway-10s,138,0.5604413304340823
lan-gateway-10s,138,0.5604815978094548
lan-gateway-10s,138,0.5605218651848273
lan-gateway-10s,138,0.5605621325601997
lan-gateway-10s,138,0.5606023999355721
lan-gateway-10s,138,0.5606426673109447
lan-gateway-10s,138,0.5606829346863171
lan-gateway-10s,138,0.5607232020616896
lan-gateway-10s,138,0.5607634694370621
lan-gateway-10s,138,0.5608037368124346
lan-gateway-10s,138,0.560844004187807
lan-gateway-10s,138,0.5608842715631795
lan-gateway-10s,138,0.560924538938552
lan-gateway-10s,138,0.5609648063139244
lan-gateway-10s,138,0.561005073689297
lan-gateway-10s,138,0.5610453410646694
lan-gateway-10s,138,0.5610856084400418
lan-gateway-10s,138,0.5611258758154144
lan-gateway-10s,138,0.5611661431907868
lan-gateway-10s,138,0.5612064105661593
lan-gateway-10s,138,0.5612466779415318
lan-gateway-10s,138,0.5612869453169043
lan-gateway-10s,138,0.5613272126922767
lan-gateway-10s,138,0.5613674800676491
lan-gateway-10s,138,0.5614077474430217
lan-gateway-10s,138,0.5614480148183941
lan-gateway-10s,138,0.5614882821937666
lan-gateway-10s,138,0.5615285495691391
lan-gateway-10s,138,0.5615688169445116
lan-gateway-10s,138,0.561609084319884
lan-gateway-10s,138,0.5616493516952565
lan-gateway-10s,138,0.561689619070629
lan-gateway-10s,138,0.5617298864460014
lan-gateway-10s,138,0.561770153821374
lan-gateway-10s,138,0.5618104211967464
lan-gateway-10s,138,0.5618506885721188
lan-gateway-10s,138,0.5618909559474914
lan-gateway-10s,138,0.5619312233228638
lan-gateway-10s,138,0.5619714906982363
lan-gateway-10s,138,0.5620117580736088
lan-gateway-10s,138,0.5620520254489813
lan-gateway-10s,138,0.5620922928243537
lan-gateway-10s,138,0.5621325601997261
lan-gateway-10s,138,0.5621728275750987
lan-gateway-10s,138,0.5622130949504711
lan-gateway-10s,138,0.5622533623258436
lan-gateway-10s,138,0.5622936297012161
lan-gateway-10s,138,0.5623338970765885
lan-gateway-10s,138,0.562374164451961
lan-gateway-10s,138,0.5624144318273335
lan-gateway-10s,138,0.562454699202706
lan-gateway-10s,138,0.5624949665780784
lan-gateway-10s,138,0.562535233953451
lan-gateway-10s,138,0.5625755013288234
lan-gateway-10s,138,0.5626157687041958
lan-gateway-10s,138,0.5626560360795684
lan-gateway-10s,138,0.5626963034549408
lan-gateway-10s,138,0.5627365708303133
lan-gateway-10s,138,0.5627768382056858
lan-gateway-10s,138,0.5628171055810582
lan-gateway-10s,138,0.5628573729564307
lan-gateway-10s,138,0.5628976403318032
lan-gateway-10s,138,0.5629379077071757
lan-gateway-10s,138,0.5629781750825481
lan-gateway-10s,138,0.5630184424579205
lan-gateway-10s,138,0.5630587098332931
lan-gateway-10s,138,0.5630989772086655
lan-gateway-10s,138,0.563139244584038
lan-gateway-10s,138,0.5631795119594105
lan-gateway-10s,138,0.563219779334783
lan-gateway-10s,138,0.5632600467101554
lan-gateway-10s,138,0.5633003140855279
lan-gateway-10s,138,0.5633405814609004
lan-gateway-10s,138,0.5633808488362728
lan-gateway-10s,138,0.5634211162116454
lan-gateway-10s,138,0.5634613835870178
lan-gateway-10s,138,0.5635016509623902
lan-gateway-10s,138,0.5635419183377628
lan-gateway-10s,138,0.5635821857131352
lan-gateway-10s,138,0.5636224530885077
lan-gateway-10s,138,0.5636627204638802
lan-gateway-10s,138,0.5637029878392527
lan-gateway-10s,138,0.5637432552146251
lan-gateway-10s,138,0.5637835225899975
lan-gateway-10s,138,0.5638237899653701
lan-gateway-10s,138,0.5638640573407425
lan-gateway-10s,138,0.563904324716115
lan-gateway-10s,138,0.5639445920914875
lan-gateway-10s,138,0.56398485946686
lan-gateway-10s,138,0.5640251268422324
lan-gateway-10s,139,0.5640653942176049
lan-gateway-10s,139,0.5641056615929774
lan-gateway-10s,139,0.5641459289683498
lan-gateway-10s,139,0.5641861963437224
lan-gateway-10s,139,0.5642264637190948
lan-gateway-10s,139,0.5642667310944672
lan-gateway-10s,139,0.5643069984698398
lan-gateway-10s,139,0.5643472658452122
lan-gateway-10s,139,0.5643875332205847
lan-gateway-10s,139,0.5644278005959572
lan-gateway-10s,139,0.5644680679713296
lan-gateway-10s,139,0.5645083353467021
lan-gateway-10s,139,0.5645486027220745
lan-gateway-10s,139,0.5645888700974471
lan-gateway-10s,139,0.5646291374728195
lan-gateway-10s,139,0.564669404848192
lan-gateway-10s,139,0.5647096722235645
lan-gateway-10s,139,0.5647499395989369
lan-gateway-10s,139,0.5647902069743094
lan-gateway-10s,139,0.5648304743496819
lan-gateway-10s,140,0.5648707417250544
lan-gateway-10s,140,0.5649110091004268
lan-gateway-10s,140,0.5649512764757993
lan-gateway-10s,140,0.5649915438511718
lan-gateway-10s,140,0.5650318112265442
lan-gateway-10s,140,0.5650720786019168
lan-gateway-10s,140,0.5651123459772892
lan-gateway-10s,140,0.5651526133526616
lan-gateway-10s,140,0.5651928807280342
lan-gateway-10s,140,0.5652331481034066
lan-gateway-10s,140,0.5652734154787791
lan-gateway-10s,140,0.5653136828541515
lan-gateway-10s,140,0.5653539502295241
lan-gateway-10s,140,0.5653942176048965
lan-gateway-10s,140,0.5654344849802689
lan-gateway-10s,141,0.5654747523556415
lan-gateway-10s,142,0.5655150197310139
lan-gateway-10s,142,0.5655552871063864
lan-gateway-10s,142,0.5655955544817589
lan-gateway-10s,142,0.5656358218571313
lan-gateway-10s,142,0.5656760892325038
lan-gateway-10s,143,0.5657163566078763
lan-gateway-10s,143,0.5657566239832488
lan-gateway-10s,143,0.5657968913586212
lan-gateway-10s,143,0.5658371587339938
lan-gateway-10s,143,0.5658774261093662
lan-gateway-10s,143,0.5659176934847386
lan-gateway-10s,143,0.5659579608601112
lan-gateway-10s,143,0.5659982282354836
lan-gateway-10s,144,0.5660384956108561
lan-gateway-10s,144,0.5660787629862286
lan-gateway-10s,144,0.566119030361601
lan-gateway-10s,144,0.5661592977369735
lan-gateway-10s,144,0.5661995651123459
lan-gateway-10s,144,0.5662398324877185
lan-gateway-10s,144,0.5662800998630909
lan-gateway-10s,144,0.5663203672384634
lan-gateway-10s,144,0.5663606346138359
lan-gateway-10s,145,0.5664009019892083
lan-gateway-10s,146,0.5664411693645808
lan-gateway-10s,146,0.5664814367399533
lan-gateway-10s,146,0.5665217041153258
lan-gateway-10s,146,0.5665619714906982
lan-gateway-10s,147,0.5666022388660708
lan-gateway-10s,147,0.5666425062414432
lan-gateway-10s,147,0.5666827736168156
lan-gateway-10s,149,0.5667230409921882
lan-gateway-10s,149,0.5667633083675606
lan-gateway-10s,150,0.566803575742933
lan-gateway-10s,150,0.5668438431183056
lan-gateway-10s,150,0.566884110493678
lan-gateway-10s,150,0.5669243778690505
lan-gateway-10s,151,0.5669646452444229
lan-gateway-10s,152,0.5670049126197955
lan-gateway-10s,152,0.5670451799951679
lan-gateway-10s,152,0.5670854473705403
lan-gateway-10s,152,0.5671257147459129
lan-gateway-10s,153,0.5671659821212853
lan-gateway-10s,154,0.5672062494966578
lan-gateway-10s,154,0.5672465168720303
lan-gateway-10s,154,0.5672867842474028
lan-gateway-10s,155,0.5673270516227752
lan-gateway-10s,155,0.5673673189981477
lan-gateway-10s,155,0.5674075863735202
lan-gateway-10s,155,0.5674478537488926
lan-gateway-10s,155,0.5674881211242652
lan-gateway-10s,155,0.5675283884996376
lan-gateway-10s,155,0.56756865587501
lan-gateway-10s,155,0.5676089232503826
lan-gateway-10s,155,0.567649190625755
lan-gateway-10s,155,0.5676894580011275
lan-gateway-10s,155,0.5677297253764999
lan-gateway-10s,155,0.5677699927518725
lan-gateway-10s,155,0.5678102601272449
lan-gateway-10s,155,0.5678505275026173
lan-gateway-10s,155,0.5678907948779899
lan-gateway-10s,155,0.5679310622533623
lan-gateway-10s,155,0.5679713296287348
lan-gateway-10s,155,0.5680115970041073
lan-gateway-10s,155,0.5680518643794797
lan-gateway-10s,155,0.5680921317548522
lan-gateway-10s,155,0.5681323991302247
lan-gateway-10s,155,0.5681726665055972
lan-gateway-10s,155,0.5682129338809696
lan-gateway-10s,155,0.5682532012563422
lan-gateway-10s,155,0.5682934686317146
lan-gateway-10s,155,0.568333736007087
lan-gateway-10s,155,0.5683740033824596
lan-gateway-10s,155,0.568414270757832
lan-gateway-10s,155,0.5684545381332045
lan-gateway-10s,155,0.568494805508577
lan-gateway-10s,155,0.5685350728839494
lan-gateway-10s,155,0.5685753402593219
lan-gateway-10s,155,0.5686156076346943
lan-gateway-10s,155,0.5686558750100669
lan-gateway-10s,155,0.5686961423854393
lan-gateway-10s,155,0.5687364097608117
lan-gateway-10s,155,0.5687766771361843
lan-gateway-10s,155,0.5688169445115567
lan-gateway-10s,155,0.5688572118869292
lan-gateway-10s,155,0.5688974792623017
lan-gateway-10s,155,0.5689377466376742
lan-gateway-10s,155,0.5689780140130466
lan-gateway-10s,155,0.5690182813884191
lan-gateway-10s,155,0.5690585487637916
lan-gateway-10s,155,0.569098816139164
lan-gateway-10s,155,0.5691390835145366
lan-gateway-10s,155,0.569179350889909
lan-gateway-10s,155,0.5692196182652814
lan-gateway-10s,155,0.569259885640654
lan-gateway-10s,155,0.5693001530160264
lan-gateway-10s,155,0.5693404203913989
lan-gateway-10s,155,0.5693806877667713
lan-gateway-10s,155,0.5694209551421439
lan-gateway-10s,155,0.5694612225175163
lan-gateway-10s,155,0.5695014898928887
lan-gateway-10s,155,0.5695417572682613
lan-gateway-10s,155,0.5695820246436337
lan-gateway-10s,155,0.5696222920190062
lan-gateway-10s,155,0.5696625593943787
lan-gateway-10s,155,0.5697028267697511
lan-gateway-10s,155,0.5697430941451236
lan-gateway-10s,155,0.5697833615204961
lan-gateway-10s,155,0.5698236288958686
lan-gateway-10s,155,0.569863896271241
lan-gateway-10s,155,0.5699041636466136
lan-gateway-10s,155,0.569944431021986
lan-gateway-10s,155,0.5699846983973584
lan-gateway-10s,155,0.570024965772731
lan-gateway-10s,155,0.5700652331481034
lan-gateway-10s,155,0.5701055005234759
lan-gateway-10s,155,0.5701457678988483
lan-gateway-10s,155,0.5701860352742208
lan-gateway-10s,155,0.5702263026495933
lan-gateway-10s,155,0.5702665700249657
lan-gateway-10s,155,0.5703068374003383
lan-gateway-10s,156,0.5703471047757107
lan-gateway-10s,156,0.5703873721510831
lan-gateway-10s,156,0.5704276395264557
lan-gateway-10s,156,0.5704679069018281
lan-gateway-10s,156,0.5705081742772006
lan-gateway-10s,156,0.5705484416525731
lan-gateway-10s,156,0.5705887090279456
lan-gateway-10s,156,0.570628976403318
lan-gateway-10s,156,0.5706692437786905
lan-gateway-10s,157,0.570709511154063
lan-gateway-10s,157,0.5707497785294354
lan-gateway-10s,159,0.570790045904808
lan-gateway-10s,159,0.5708303132801804
lan-gateway-10s,159,0.5708705806555529
lan-gateway-10s,159,0.5709108480309254
lan-gateway-10s,159,0.5709511154062978
lan-gateway-10s,159,0.5709913827816703
lan-gateway-10s,159,0.5710316501570427
lan-gateway-10s,159,0.5710719175324153
lan-gateway-10s,159,0.5711121849077877
lan-gateway-10s,159,0.5711524522831601
lan-gateway-10s,159,0.5711927196585327
lan-gateway-10s,159,0.5712329870339051
lan-gateway-10s,160,0.5712732544092776
lan-gateway-10s,160,0.5713135217846501
lan-gateway-10s,160,0.5713537891600226
lan-gateway-10s,160,0.571394056535395
lan-gateway-10s,160,0.5714343239107675
lan-gateway-10s,160,0.57147459128614
lan-gateway-10s,160,0.5715148586615124
lan-gateway-10s,160,0.571555126036885
lan-gateway-10s,160,0.5715953934122574
lan-gateway-10s,160,0.5716356607876298
lan-gateway-10s,160,0.5716759281630024
lan-gateway-10s,160,0.5717161955383748
lan-gateway-10s,160,0.5717564629137473
lan-gateway-10s,160,0.5717967302891197
lan-gateway-10s,160,0.5718369976644923
lan-gateway-10s,160,0.5718772650398647
lan-gateway-10s,160,0.5719175324152371
lan-gateway-10s,161,0.5719577997906097
lan-gateway-10s,161,0.5719980671659821
lan-gateway-10s,161,0.5720383345413546
lan-gateway-10s,162,0.5720786019167271
lan-gateway-10s,163,0.5721188692920995
lan-gateway-10s,163,0.572159136667472
lan-gateway-10s,164,0.5721994040428445
lan-gateway-10s,165,0.572239671418217
lan-gateway-10s,165,0.5722799387935894
lan-gateway-10s,165,0.572320206168962
lan-gateway-10s,165,0.5723604735443344
lan-gateway-10s,165,0.5724007409197068
lan-gateway-10s,165,0.5724410082950794
lan-gateway-10s,165,0.5724812756704518
lan-gateway-10s,165,0.5725215430458243
lan-gateway-10s,165,0.5725618104211967
lan-gateway-10s,165,0.5726020777965692
lan-gateway-10s,166,0.5726423451719417
lan-gateway-10s,166,0.5726826125473141
lan-gateway-10s,166,0.5727228799226867
lan-gateway-10s,166,0.5727631472980591
lan-gateway-10s,167,0.5728034146734315
lan-gateway-10s,167,0.5728436820488041
lan-gateway-10s,167,0.5728839494241765
lan-gateway-10s,167,0.572924216799549
lan-gateway-10s,167,0.5729644841749215
lan-gateway-10s,167,0.573004751550294
lan-gateway-10s,167,0.5730450189256664
lan-gateway-10s,167,0.5730852863010389
lan-gateway-10s,167,0.5731255536764114
lan-gateway-10s,167,0.5731658210517838
lan-gateway-10s,167,0.5732060884271564
lan-gateway-10s,167,0.5732463558025288
lan-gateway-10s,167,0.5732866231779012
lan-gateway-10s,167,0.5733268905532737
lan-gateway-10s,167,0.5733671579286462
lan-gateway-10s,167,0.5734074253040187
lan-gateway-10s,167,0.5734476926793911
lan-gateway-10s,167,0.5734879600547637
lan-gateway-10s,167,0.5735282274301361
lan-gateway-10s,167,0.5735684948055085
lan-gateway-10s,167,0.5736087621808811
lan-gateway-10s,167,0.5736490295562535
lan-gateway-10s,167,0.573689296931626
lan-gateway-10s,167,0.5737295643069985
lan-gateway-10s,167,0.573769831682371
lan-gateway-10s,167,0.5738100990577434
lan-gateway-10s,167,0.5738503664331159
lan-gateway-10s,167,0.5738906338084884
lan-gateway-10s,167,0.5739309011838608
lan-gateway-10s,167,0.5739711685592334
lan-gateway-10s,167,0.5740114359346058
lan-gateway-10s,167,0.5740517033099782
lan-gateway-10s,167,0.5740919706853508
lan-gateway-10s,167,0.5741322380607232
lan-gateway-10s,167,0.5741725054360957
lan-gateway-10s,167,0.5742127728114681
lan-gateway-10s,167,0.5742530401868406
lan-gateway-10s,167,0.5742933075622131
lan-gateway-10s,167,0.5743335749375855
lan-gateway-10s,167,0.5743738423129581
lan-gateway-10s,167,0.5744141096883305
lan-gateway-10s,167,0.574454377063703
lan-gateway-10s,167,0.5744946444390755
lan-gateway-10s,167,0.5745349118144479
lan-gateway-10s,167,0.5745751791898204
lan-gateway-10s,167,0.5746154465651929
lan-gateway-10s,167,0.5746557139405654
lan-gateway-10s,167,0.5746959813159378
lan-gateway-10s,167,0.5747362486913103
lan-gateway-10s,167,0.5747765160666828
lan-gateway-10s,167,0.5748167834420552
lan-gateway-10s,167,0.5748570508174278
lan-gateway-10s,167,0.5748973181928002
lan-gateway-10s,167,0.5749375855681726
lan-gateway-10s,167,0.5749778529435451
lan-gateway-10s,167,0.5750181203189176
lan-gateway-10s,167,0.5750583876942901
lan-gateway-10s,167,0.5750986550696625
lan-gateway-10s,167,0.5751389224450351
lan-gateway-10s,167,0.5751791898204075
lan-gateway-10s,167,0.5752194571957799
lan-gateway-10s,167,0.5752597245711525
lan-gateway-10s,167,0.5752999919465249
lan-gateway-10s,167,0.5753402593218974
lan-gateway-10s,167,0.5753805266972699
lan-gateway-10s,167,0.5754207940726423
lan-gateway-10s,167,0.5754610614480148
lan-gateway-10s,167,0.5755013288233873
lan-gateway-10s,167,0.5755415961987598
lan-gateway-10s,167,0.5755818635741322
lan-gateway-10s,167,0.5756221309495048
lan-gateway-10s,167,0.5756623983248772
lan-gateway-10s,167,0.5757026657002496
lan-gateway-10s,167,0.5757429330756221
lan-gateway-10s,167,0.5757832004509946
lan-gateway-10s,167,0.5758234678263671
lan-gateway-10s,167,0.5758637352017395
lan-gateway-10s,167,0.575904002577112
lan-gateway-10s,167,0.5759442699524845
lan-gateway-10s,167,0.5759845373278569
lan-gateway-10s,167,0.5760248047032295
lan-gateway-10s,167,0.5760650720786019
lan-gateway-10s,167,0.5761053394539744
lan-gateway-10s,167,0.5761456068293469
lan-gateway-10s,167,0.5761858742047193
lan-gateway-10s,167,0.5762261415800918
lan-gateway-10s,167,0.5762664089554643
lan-gateway-10s,167,0.5763066763308368
lan-gateway-10s,167,0.5763469437062092
lan-gateway-10s,167,0.5763872110815818
lan-gateway-10s,167,0.5764274784569542
lan-gateway-10s,167,0.5764677458323266
lan-gateway-10s,167,0.5765080132076992
lan-gateway-10s,167,0.5765482805830716
lan-gateway-10s,167,0.576588547958444
lan-gateway-10s,167,0.5766288153338165
lan-gateway-10s,167,0.576669082709189
lan-gateway-10s,167,0.5767093500845615
lan-gateway-10s,167,0.5767496174599339
lan-gateway-10s,167,0.5767898848353065
lan-gateway-10s,167,0.5768301522106789
lan-gateway-10s,167,0.5768704195860513
lan-gateway-10s,167,0.5769106869614239
lan-gateway-10s,167,0.5769509543367963
lan-gateway-10s,167,0.5769912217121688
lan-gateway-10s,167,0.5770314890875413
lan-gateway-10s,167,0.5770717564629138
lan-gateway-10s,167,0.5771120238382862
lan-gateway-10s,167,0.5771522912136587
lan-gateway-10s,167,0.5771925585890312
lan-gateway-10s,167,0.5772328259644036
lan-gateway-10s,167,0.5772730933397762
lan-gateway-10s,167,0.5773133607151486
lan-gateway-10s,167,0.577353628090521
lan-gateway-10s,167,0.5773938954658935
lan-gateway-10s,167,0.577434162841266
lan-gateway-10s,167,0.5774744302166385
lan-gateway-10s,167,0.5775146975920109
lan-gateway-10s,167,0.5775549649673835
lan-gateway-10s,167,0.5775952323427559
lan-gateway-10s,167,0.5776354997181283
lan-gateway-10s,167,0.5776757670935009
lan-gateway-10s,167,0.5777160344688733
lan-gateway-10s,167,0.5777563018442458
lan-gateway-10s,167,0.5777965692196183
lan-gateway-10s,167,0.5778368365949907
lan-gateway-10s,167,0.5778771039703632
lan-gateway-10s,167,0.5779173713457357
lan-gateway-10s,167,0.5779576387211082
lan-gateway-10s,167,0.5779979060964806
lan-gateway-10s,167,0.5780381734718532
lan-gateway-10s,167,0.5780784408472256
lan-gateway-10s,167,0.578118708222598
lan-gateway-10s,167,0.5781589755979705
lan-gateway-10s,167,0.578199242973343
lan-gateway-10s,167,0.5782395103487155
lan-gateway-10s,167,0.5782797777240879
lan-gateway-10s,167,0.5783200450994604
lan-gateway-10s,167,0.5783603124748329
lan-gateway-10s,167,0.5784005798502053
lan-gateway-10s,167,0.5784408472255779
lan-gateway-10s,167,0.5784811146009503
lan-gateway-10s,167,0.5785213819763227
lan-gateway-10s,167,0.5785616493516953
lan-gateway-10s,167,0.5786019167270677
lan-gateway-10s,167,0.5786421841024402
lan-gateway-10s,167,0.5786824514778127
lan-gateway-10s,167,0.5787227188531852
lan-gateway-10s,167,0.5787629862285576
lan-gateway-10s,167,0.5788032536039301
lan-gateway-10s,167,0.5788435209793026
lan-gateway-10s,167,0.578883788354675
lan-gateway-10s,167,0.5789240557300476
lan-gateway-10s,167,0.57896432310542
lan-gateway-10s,167,0.5790045904807924
lan-gateway-10s,167,0.5790448578561649
lan-gateway-10s,167,0.5790851252315374
lan-gateway-10s,167,0.5791253926069099
lan-gateway-10s,167,0.5791656599822823
lan-gateway-10s,167,0.5792059273576549
lan-gateway-10s,167,0.5792461947330273
lan-gateway-10s,167,0.5792864621083997
lan-gateway-10s,167,0.5793267294837723
lan-gateway-10s,167,0.5793669968591447
lan-gateway-10s,167,0.5794072642345172
lan-gateway-10s,167,0.5794475316098897
lan-gateway-10s,167,0.5794877989852621
lan-gateway-10s,167,0.5795280663606346
lan-gateway-10s,167,0.5795683337360071
lan-gateway-10s,167,0.5796086011113796
lan-gateway-10s,167,0.579648868486752
lan-gateway-10s,167,0.5796891358621246
lan-gateway-10s,167,0.579729403237497
lan-gateway-10s,167,0.5797696706128694
lan-gateway-10s,167,0.5798099379882419
lan-gateway-10s,167,0.5798502053636144
lan-gateway-10s,167,0.5798904727389869
lan-gateway-10s,167,0.5799307401143593
lan-gateway-10s,167,0.5799710074897318
lan-gateway-10s,167,0.5800112748651043
lan-gateway-10s,167,0.5800515422404767
lan-gateway-10s,167,0.5800918096158493
lan-gateway-10s,167,0.5801320769912217
lan-gateway-10s,167,0.5801723443665942
lan-gateway-10s,167,0.5802126117419667
lan-gateway-10s,167,0.5802528791173391
lan-gateway-10s,167,0.5802931464927116
lan-gateway-10s,167,0.5803334138680841
lan-gateway-10s,167,0.5803736812434566
lan-gateway-10s,167,0.580413948618829
lan-gateway-10s,167,0.5804542159942016
lan-gateway-10s,167,0.580494483369574
lan-gateway-10s,167,0.5805347507449464
lan-gateway-10s,167,0.5805750181203189
lan-gateway-10s,167,0.5806152854956914
lan-gateway-10s,167,0.5806555528710639
lan-gateway-10s,167,0.5806958202464363
lan-gateway-10s,167,0.5807360876218088
lan-gateway-10s,167,0.5807763549971813
lan-gateway-10s,167,0.5808166223725537
lan-gateway-10s,167,0.5808568897479263
lan-gateway-10s,167,0.5808971571232987
lan-gateway-10s,167,0.5809374244986711
lan-gateway-10s,167,0.5809776918740437
lan-gateway-10s,167,0.5810179592494161
lan-gateway-10s,167,0.5810582266247886
lan-gateway-10s,167,0.5810984940001611
lan-gateway-10s,167,0.5811387613755336
lan-gateway-10s,167,0.581179028750906
lan-gateway-10s,167,0.5812192961262785
lan-gateway-10s,167,0.581259563501651
lan-gateway-10s,167,0.5812998308770234
lan-gateway-10s,167,0.5813400982523959
lan-gateway-10s,167,0.5813803656277684
lan-gateway-10s,167,0.5814206330031408
lan-gateway-10s,167,0.5814609003785133
lan-gateway-10s,167,0.5815011677538858
lan-gateway-10s,167,0.5815414351292583
lan-gateway-10s,167,0.5815817025046307
lan-gateway-10s,167,0.5816219698800033
lan-gateway-10s,167,0.5816622372553757
lan-gateway-10s,167,0.5817025046307481
lan-gateway-10s,167,0.5817427720061207
lan-gateway-10s,167,0.5817830393814931
lan-gateway-10s,167,0.5818233067568656
lan-gateway-10s,167,0.5818635741322381
lan-gateway-10s,167,0.5819038415076105
lan-gateway-10s,167,0.581944108882983
lan-gateway-10s,167,0.5819843762583555
lan-gateway-10s,167,0.582024643633728
lan-gateway-10s,167,0.5820649110091004
lan-gateway-10s,167,0.582105178384473
lan-gateway-10s,167,0.5821454457598454
lan-gateway-10s,167,0.5821857131352178
lan-gateway-10s,167,0.5822259805105903
lan-gateway-10s,167,0.5822662478859628
lan-gateway-10s,167,0.5823065152613353
lan-gateway-10s,167,0.5823467826367077
lan-gateway-10s,167,0.5823870500120802
lan-gateway-10s,167,0.5824273173874527
lan-gateway-10s,167,0.5824675847628251
lan-gateway-10s,167,0.5825078521381977
lan-gateway-10s,167,0.5825481195135701
lan-gateway-10s,167,0.5825883868889425
lan-gateway-10s,167,0.5826286542643151
lan-gateway-10s,167,0.5826689216396875
lan-gateway-10s,167,0.58270918901506
lan-gateway-10s,167,0.5827494563904325
lan-gateway-10s,167,0.582789723765805
lan-gateway-10s,167,0.5828299911411774
lan-gateway-10s,167,0.5828702585165499
lan-gateway-10s,167,0.5829105258919224
lan-gateway-10s,167,0.5829507932672948
lan-gateway-10s,167,0.5829910606426673
lan-gateway-10s,167,0.5830313280180398
lan-gateway-10s,167,0.5830715953934122
lan-gateway-10s,167,0.5831118627687847
lan-gateway-10s,167,0.5831521301441572
lan-gateway-10s,167,0.5831923975195297
lan-gateway-10s,167,0.5832326648949021
lan-gateway-10s,167,0.5832729322702747
lan-gateway-10s,167,0.5833131996456471
lan-gateway-10s,167,0.5833534670210195
lan-gateway-10s,167,0.5833937343963921
lan-gateway-10s,167,0.5834340017717645
lan-gateway-10s,167,0.583474269147137
lan-gateway-10s,167,0.5835145365225095
lan-gateway-10s,167,0.583554803897882
lan-gateway-10s,167,0.5835950712732544
lan-gateway-10s,167,0.5836353386486269
lan-gateway-10s,167,0.5836756060239994
lan-gateway-10s,167,0.5837158733993718
lan-gateway-10s,167,0.5837561407747442
lan-gateway-10s,167,0.5837964081501168
lan-gateway-10s,167,0.5838366755254892
lan-gateway-10s,167,0.5838769429008617
lan-gateway-10s,167,0.5839172102762342
lan-gateway-10s,167,0.5839574776516067
lan-gateway-10s,167,0.5839977450269791
lan-gateway-10s,167,0.5840380124023516
lan-gateway-10s,167,0.5840782797777241
lan-gateway-10s,167,0.5841185471530965
lan-gateway-10s,167,0.5841588145284691
lan-gateway-10s,167,0.5841990819038415
lan-gateway-10s,167,0.584239349279214
lan-gateway-10s,167,0.5842796166545865
lan-gateway-10s,167,0.5843198840299589
lan-gateway-10s,167,0.5843601514053314
lan-gateway-10s,167,0.5844004187807039
lan-gateway-10s,167,0.5844406861560764
lan-gateway-10s,167,0.5844809535314488
lan-gateway-10s,167,0.5845212209068213
lan-gateway-10s,167,0.5845614882821938
lan-gateway-10s,167,0.5846017556575662
lan-gateway-10s,167,0.5846420230329387
lan-gateway-10s,167,0.5846822904083112
lan-gateway-10s,167,0.5847225577836836
lan-gateway-10s,167,0.5847628251590561
lan-gateway-10s,167,0.5848030925344286
lan-gateway-10s,167,0.5848433599098011
lan-gateway-10s,167,0.5848836272851735
lan-gateway-10s,167,0.5849238946605461
lan-gateway-10s,167,0.5849641620359185
lan-gateway-10s,167,0.5850044294112909
lan-gateway-10s,167,0.5850446967866635
lan-gateway-10s,167,0.5850849641620359
lan-gateway-10s,167,0.5851252315374084
lan-gateway-10s,167,0.5851654989127809
lan-gateway-10s,167,0.5852057662881534
lan-gateway-10s,167,0.5852460336635258
lan-gateway-10s,167,0.5852863010388983
lan-gateway-10s,167,0.5853265684142708
lan-gateway-10s,167,0.5853668357896432
lan-gateway-10s,167,0.5854071031650157
lan-gateway-10s,167,0.5854473705403882
lan-gateway-10s,167,0.5854876379157606
lan-gateway-10s,167,0.5855279052911331
lan-gateway-10s,167,0.5855681726665056
lan-gateway-10s,167,0.5856084400418781
lan-gateway-10s,167,0.5856487074172505
lan-gateway-10s,167,0.585688974792623
lan-gateway-10s,167,0.5857292421679955
lan-gateway-10s,167,0.5857695095433679
lan-gateway-10s,167,0.5858097769187405
lan-gateway-10s,167,0.5858500442941129
lan-gateway-10s,167,0.5858903116694854
lan-gateway-10s,167,0.5859305790448579
lan-gateway-10s,167,0.5859708464202303
lan-gateway-10s,167,0.5860111137956028
lan-gateway-10s,167,0.5860513811709753
lan-gateway-10s,167,0.5860916485463478
lan-gateway-10s,167,0.5861319159217202
lan-gateway-10s,167,0.5861721832970926
lan-gateway-10s,167,0.5862124506724652
lan-gateway-10s,167,0.5862527180478376
lan-gateway-10s,167,0.5862929854232101
lan-gateway-10s,167,0.5863332527985826
lan-gateway-10s,167,0.586373520173955
lan-gateway-10s,167,0.5864137875493275
lan-gateway-10s,167,0.5864540549247
lan-gateway-10s,167,0.5864943223000725
lan-gateway-10s,167,0.5865345896754449
lan-gateway-10s,167,0.5865748570508175
lan-gateway-10s,167,0.5866151244261899
lan-gateway-10s,167,0.5866553918015623
lan-gateway-10s,167,0.5866956591769349
lan-gateway-10s,167,0.5867359265523073
lan-gateway-10s,167,0.5867761939276798
lan-gateway-10s,167,0.5868164613030523
lan-gateway-10s,167,0.5868567286784248
lan-gateway-10s,167,0.5868969960537972
lan-gateway-10s,167,0.5869372634291697
lan-gateway-10s,167,0.5869775308045422
lan-gateway-10s,167,0.5870177981799146
lan-gateway-10s,167,0.5870580655552871
lan-gateway-10s,167,0.5870983329306596
lan-gateway-10s,167,0.587138600306032
lan-gateway-10s,167,0.5871788676814045
lan-gateway-10s,167,0.587219135056777
lan-gateway-10s,167,0.5872594024321495
lan-gateway-10s,167,0.5872996698075219
lan-gateway-10s,167,0.5873399371828945
lan-gateway-10s,167,0.5873802045582669
lan-gateway-10s,167,0.5874204719336393
lan-gateway-10s,167,0.5874607393090119
lan-gateway-10s,167,0.5875010066843843
lan-gateway-10s,167,0.5875412740597568
lan-gateway-10s,167,0.5875815414351293
lan-gateway-10s,167,0.5876218088105017
lan-gateway-10s,167,0.5876620761858742
lan-gateway-10s,167,0.5877023435612467
lan-gateway-10s,167,0.5877426109366192
lan-gateway-10s,167,0.5877828783119916
lan-gateway-10s,167,0.587823145687364
lan-gateway-10s,167,0.5878634130627366
lan-gateway-10s,167,0.587903680438109
lan-gateway-10s,167,0.5879439478134815
lan-gateway-10s,167,0.587984215188854
lan-gateway-10s,167,0.5880244825642265
lan-gateway-10s,167,0.5880647499395989
lan-gateway-10s,167,0.5881050173149714
lan-gateway-10s,167,0.5881452846903439
lan-gateway-10s,167,0.5881855520657163
lan-gateway-10s,167,0.5882258194410889
lan-gateway-10s,167,0.5882660868164613
lan-gateway-10s,167,0.5883063541918337
lan-gateway-10s,167,0.5883466215672063
lan-gateway-10s,167,0.5883868889425787
lan-gateway-10s,167,0.5884271563179512
lan-gateway-10s,167,0.5884674236933237
lan-gateway-10s,167,0.5885076910686962
lan-gateway-10s,167,0.5885479584440686
lan-gateway-10s,167,0.588588225819441
lan-gateway-10s,167,0.5886284931948136
lan-gateway-10s,167,0.588668760570186
lan-gateway-10s,167,0.5887090279455585
lan-gateway-10s,167,0.588749295320931
lan-gateway-10s,167,0.5887895626963034
lan-gateway-10s,167,0.5888298300716759
lan-gateway-10s,167,0.5888700974470484
lan-gateway-10s,167,0.5889103648224209
lan-gateway-10s,167,0.5889506321977933
lan-gateway-10s,167,0.5889908995731659
lan-gateway-10s,167,0.5890311669485383
lan-gateway-10s,167,0.5890714343239107
lan-gateway-10s,167,0.5891117016992833
lan-gateway-10s,167,0.5891519690746557
lan-gateway-10s,167,0.5891922364500282
lan-gateway-10s,167,0.5892325038254007
lan-gateway-10s,167,0.5892727712007731
lan-gateway-10s,167,0.5893130385761456
lan-gateway-10s,167,0.589353305951518
lan-gateway-10s,167,0.5893935733268906
lan-gateway-10s,167,0.589433840702263
lan-gateway-10s,167,0.5894741080776355
lan-gateway-10s,167,0.589514375453008
lan-gateway-10s,167,0.5895546428283804
lan-gateway-10s,167,0.5895949102037529
lan-gateway-10s,167,0.5896351775791254
lan-gateway-10s,167,0.5896754449544979
lan-gateway-10s,167,0.5897157123298703
lan-gateway-10s,167,0.5897559797052428
lan-gateway-10s,167,0.5897962470806153
lan-gateway-10s,167,0.5898365144559877
lan-gateway-10s,167,0.5898767818313603
lan-gateway-10s,167,0.5899170492067327
lan-gateway-10s,167,0.5899573165821052
lan-gateway-10s,167,0.5899975839574777
lan-gateway-10s,167,0.5900378513328501
lan-gateway-10s,167,0.5900781187082226
lan-gateway-10s,167,0.5901183860835951
lan-gateway-10s,167,0.5901586534589676
lan-gateway-10s,167,0.59019892083434
lan-gateway-10s,167,0.5902391882097124
lan-gateway-10s,167,0.590279455585085
lan-gateway-10s,167,0.5903197229604574
lan-gateway-10s,167,0.5903599903358299
lan-gateway-10s,167,0.5904002577112024
lan-gateway-10s,167,0.5904405250865749
lan-gateway-10s,167,0.5904807924619473
lan-gateway-10s,167,0.5905210598373198
lan-gateway-10s,167,0.5905613272126923
lan-gateway-10s,167,0.5906015945880647
lan-gateway-10s,167,0.5906418619634373
lan-gateway-10s,167,0.5906821293388097
lan-gateway-10s,167,0.5907223967141821
lan-gateway-10s,167,0.5907626640895547
lan-gateway-10s,167,0.5908029314649271
lan-gateway-10s,167,0.5908431988402996
lan-gateway-10s,167,0.5908834662156721
lan-gateway-10s,167,0.5909237335910446
lan-gateway-10s,167,0.590964000966417
lan-gateway-10s,167,0.5910042683417894
lan-gateway-10s,167,0.591044535717162
lan-gateway-10s,167,0.5910848030925344
lan-gateway-10s,167,0.5911250704679069
lan-gateway-10s,167,0.5911653378432794
lan-gateway-10s,167,0.5912056052186518
lan-gateway-10s,167,0.5912458725940243
lan-gateway-10s,167,0.5912861399693968
lan-gateway-10s,167,0.5913264073447693
lan-gateway-10s,167,0.5913666747201417
lan-gateway-10s,167,0.5914069420955143
lan-gateway-10s,167,0.5914472094708867
lan-gateway-10s,167,0.5914874768462591
lan-gateway-10s,167,0.5915277442216317
lan-gateway-10s,167,0.5915680115970041
lan-gateway-10s,167,0.5916082789723766
lan-gateway-10s,167,0.5916485463477491
lan-gateway-10s,167,0.5916888137231215
lan-gateway-10s,167,0.591729081098494
lan-gateway-10s,167,0.5917693484738664
lan-gateway-10s,167,0.591809615849239
lan-gateway-10s,167,0.5918498832246114
lan-gateway-10s,167,0.5918901505999838
lan-gateway-10s,167,0.5919304179753564
lan-gateway-10s,167,0.5919706853507288
lan-gateway-10s,167,0.5920109527261013
lan-gateway-10s,167,0.5920512201014738
lan-gateway-10s,167,0.5920914874768463
lan-gateway-10s,167,0.5921317548522187
lan-gateway-10s,167,0.5921720222275912
lan-gateway-10s,167,0.5922122896029637
lan-gateway-10s,167,0.5922525569783361
lan-gateway-10s,167,0.5922928243537087
lan-gateway-10s,167,0.5923330917290811
lan-gateway-10s,167,0.5923733591044535
lan-gateway-10s,167,0.5924136264798261
lan-gateway-10s,167,0.5924538938551985
lan-gateway-10s,167,0.592494161230571
lan-gateway-10s,167,0.5925344286059435
lan-gateway-10s,167,0.592574695981316
lan-gateway-10s,167,0.5926149633566884
lan-gateway-10s,167,0.5926552307320608
lan-gateway-10s,167,0.5926954981074334
lan-gateway-10s,167,0.5927357654828058
lan-gateway-10s,167,0.5927760328581783
lan-gateway-10s,167,0.5928163002335508
lan-gateway-10s,167,0.5928565676089232
lan-gateway-10s,167,0.5928968349842957
lan-gateway-10s,167,0.5929371023596682
lan-gateway-10s,167,0.5929773697350407
lan-gateway-10s,167,0.5930176371104131
lan-gateway-10s,167,0.5930579044857857
lan-gateway-10s,167,0.5930981718611581
lan-gateway-10s,167,0.5931384392365305
lan-gateway-10s,167,0.5931787066119031
lan-gateway-10s,167,0.5932189739872755
lan-gateway-10s,167,0.593259241362648
lan-gateway-10s,167,0.5932995087380205
lan-gateway-10s,167,0.593339776113393
lan-gateway-10s,167,0.5933800434887654
lan-gateway-10s,167,0.5934203108641378
lan-gateway-10s,167,0.5934605782395104
lan-gateway-10s,167,0.5935008456148828
lan-gateway-10s,167,0.5935411129902552
lan-gateway-10s,167,0.5935813803656278
lan-gateway-10s,167,0.5936216477410002
lan-gateway-10s,167,0.5936619151163727
lan-gateway-10s,167,0.5937021824917452
lan-gateway-10s,167,0.5937424498671177
lan-gateway-10s,167,0.5937827172424901
lan-gateway-10s,167,0.5938229846178626
lan-gateway-10s,167,0.5938632519932351
lan-gateway-10s,167,0.5939035193686075
lan-gateway-10s,167,0.5939437867439801
lan-gateway-10s,167,0.5939840541193525
lan-gateway-10s,167,0.594024321494725
lan-gateway-10s,167,0.5940645888700975
lan-gateway-10s,167,0.5941048562454699
lan-gateway-10s,167,0.5941451236208424
lan-gateway-10s,167,0.5941853909962148
lan-gateway-10s,167,0.5942256583715874
lan-gateway-10s,167,0.5942659257469598
lan-gateway-10s,167,0.5943061931223322
lan-gateway-10s,167,0.5943464604977048
lan-gateway-10s,167,0.5943867278730772
lan-gateway-10s,167,0.5944269952484497
lan-gateway-10s,167,0.5944672626238222
lan-gateway-10s,167,0.5945075299991947
lan-gateway-10s,167,0.5945477973745671
lan-gateway-10s,167,0.5945880647499396
lan-gateway-10s,167,0.5946283321253121
lan-gateway-10s,167,0.5946685995006845
lan-gateway-10s,167,0.5947088668760571
lan-gateway-10s,167,0.5947491342514295
lan-gateway-10s,167,0.5947894016268019
lan-gateway-10s,167,0.5948296690021745
lan-gateway-10s,167,0.5948699363775469
lan-gateway-10s,167,0.5949102037529194
lan-gateway-10s,167,0.5949504711282919
lan-gateway-10s,167,0.5949907385036644
lan-gateway-10s,167,0.5950310058790368
lan-gateway-10s,167,0.5950712732544092
lan-gateway-10s,167,0.5951115406297818
lan-gateway-10s,167,0.5951518080051542
lan-gateway-10s,167,0.5951920753805267
lan-gateway-10s,167,0.5952323427558992
lan-gateway-10s,167,0.5952726101312716
lan-gateway-10s,167,0.5953128775066441
lan-gateway-10s,167,0.5953531448820166
lan-gateway-10s,167,0.5953934122573891
lan-gateway-10s,167,0.5954336796327615
lan-gateway-10s,167,0.595473947008134
lan-gateway-10s,167,0.5955142143835065
lan-gateway-10s,167,0.5955544817588789
lan-gateway-10s,167,0.5955947491342515
lan-gateway-10s,167,0.5956350165096239
lan-gateway-10s,167,0.5956752838849964
lan-gateway-10s,167,0.5957155512603689
lan-gateway-10s,167,0.5957558186357413
lan-gateway-10s,167,0.5957960860111138
lan-gateway-10s,167,0.5958363533864862
lan-gateway-10s,167,0.5958766207618588
lan-gateway-10s,167,0.5959168881372312
lan-gateway-10s,167,0.5959571555126036
lan-gateway-10s,167,0.5959974228879762
lan-gateway-10s,167,0.5960376902633486
lan-gateway-10s,167,0.5960779576387211
lan-gateway-10s,167,0.5961182250140936
lan-gateway-10s,167,0.596158492389466
lan-gateway-10s,167,0.5961987597648385
lan-gateway-10s,167,0.596239027140211
lan-gateway-10s,167,0.5962792945155835
lan-gateway-10s,167,0.5963195618909559
lan-gateway-10s,167,0.5963598292663285
lan-gateway-10s,167,0.5964000966417009
lan-gateway-10s,167,0.5964403640170733
lan-gateway-10s,167,0.5964806313924459
lan-gateway-10s,167,0.5965208987678183
lan-gateway-10s,167,0.5965611661431908
lan-gateway-10s,167,0.5966014335185632
lan-gateway-10s,167,0.5966417008939358
lan-gateway-10s,167,0.5966819682693082
lan-gateway-10s,167,0.5967222356446806
lan-gateway-10s,167,0.5967625030200532
lan-gateway-10s,167,0.5968027703954256
lan-gateway-10s,167,0.5968430377707981
lan-gateway-10s,167,0.5968833051461706
lan-gateway-10s,167,0.596923572521543
lan-gateway-10s,167,0.5969638398969155
lan-gateway-10s,167,0.597004107272288
lan-gateway-10s,167,0.5970443746476605
lan-gateway-10s,167,0.5970846420230329
lan-gateway-10s,167,0.5971249093984055
lan-gateway-10s,167,0.5971651767737779
lan-gateway-10s,167,0.5972054441491503
lan-gateway-10s,167,0.5972457115245229
lan-gateway-10s,167,0.5972859788998953
lan-gateway-10s,167,0.5973262462752678
lan-gateway-10s,167,0.5973665136506402
lan-gateway-10s,167,0.5974067810260127
lan-gateway-10s,167,0.5974470484013852
lan-gateway-10s,167,0.5974873157767576
lan-gateway-10s,167,0.5975275831521302
lan-gateway-10s,167,0.5975678505275026
lan-gateway-10s,167,0.597608117902875
lan-gateway-10s,167,0.5976483852782476
lan-gateway-10s,167,0.59768865265362
lan-gateway-10s,167,0.5977289200289925
lan-gateway-10s,167,0.597769187404365
lan-gateway-10s,167,0.5978094547797375
lan-gateway-10s,167,0.5978497221551099
lan-gateway-10s,167,0.5978899895304824
lan-gateway-10s,167,0.5979302569058549
lan-gateway-10s,167,0.5979705242812273
lan-gateway-10s,167,0.5980107916565999
lan-gateway-10s,167,0.5980510590319723
lan-gateway-10s,167,0.5980913264073447
lan-gateway-10s,167,0.5981315937827173
lan-gateway-10s,167,0.5981718611580897
lan-gateway-10s,167,0.5982121285334622
lan-gateway-10s,167,0.5982523959088346
lan-gateway-10s,167,0.5982926632842072
lan-gateway-10s,167,0.5983329306595796
lan-gateway-10s,167,0.598373198034952
lan-gateway-10s,167,0.5984134654103246
lan-gateway-10s,167,0.598453732785697
lan-gateway-10s,167,0.5984940001610695
lan-gateway-10s,167,0.598534267536442
lan-gateway-10s,167,0.5985745349118144
lan-gateway-10s,167,0.5986148022871869
lan-gateway-10s,167,0.5986550696625594
lan-gateway-10s,167,0.5986953370379319
lan-gateway-10s,167,0.5987356044133043
lan-gateway-10s,167,0.5987758717886769
lan-gateway-10s,167,0.5988161391640493
lan-gateway-10s,167,0.5988564065394217
lan-gateway-10s,167,0.5988966739147943
lan-gateway-10s,167,0.5989369412901667
lan-gateway-10s,167,0.5989772086655392
lan-gateway-10s,167,0.5990174760409116
lan-gateway-10s,167,0.5990577434162841
lan-gateway-10s,167,0.5990980107916566
lan-gateway-10s,167,0.599138278167029
lan-gateway-10s,167,0.5991785455424016
lan-gateway-10s,167,0.599218812917774
lan-gateway-10s,167,0.5992590802931465
lan-gateway-10s,167,0.599299347668519
lan-gateway-10s,167,0.5993396150438914
lan-gateway-10s,167,0.5993798824192639
lan-gateway-10s,167,0.5994201497946364
lan-gateway-10s,167,0.5994604171700089
lan-gateway-10s,167,0.5995006845453813
lan-gateway-10s,167,0.5995409519207539
lan-gateway-10s,167,0.5995812192961263
lan-gateway-10s,167,0.5996214866714987
lan-gateway-10s,167,0.5996617540468713
lan-gateway-10s,167,0.5997020214222437
lan-gateway-10s,167,0.5997422887976162
lan-gateway-10s,167,0.5997825561729886
lan-gateway-10s,167,0.5998228235483611
lan-gateway-10s,167,0.5998630909237336
lan-gateway-10s,167,0.599903358299106
lan-gateway-10s,167,0.5999436256744786
lan-gateway-10s,167,0.599983893049851
lan-gateway-10s,167,0.6000241604252234
lan-gateway-10s,167,0.600064427800596
lan-gateway-10s,167,0.6001046951759684
lan-gateway-10s,167,0.6001449625513409
lan-gateway-10s,167,0.6001852299267134
lan-gateway-10s,167,0.6002254973020859
lan-gateway-10s,167,0.6002657646774583
lan-gateway-10s,167,0.6003060320528308
lan-gateway-10s,167,0.6003462994282033
lan-gateway-10s,167,0.6003865668035757
lan-gateway-10s,167,0.6004268341789483
lan-gateway-10s,167,0.6004671015543207
lan-gateway-10s,167,0.6005073689296931
lan-gateway-10s,167,0.6005476363050657
lan-gateway-10s,167,0.6005879036804381
lan-gateway-10s,167,0.6006281710558106
lan-gateway-10s,167,0.600668438431183
lan-gateway-10s,167,0.6007087058065556
lan-gateway-10s,167,0.600748973181928
lan-gateway-10s,167,0.6007892405573004
lan-gateway-10s,167,0.600829507932673
lan-gateway-10s,167,0.6008697753080454
lan-gateway-10s,167,0.6009100426834179
lan-gateway-10s,167,0.6009503100587904
lan-gateway-10s,167,0.6009905774341628
lan-gateway-10s,167,0.6010308448095353
lan-gateway-10s,167,0.6010711121849078
lan-gateway-10s,167,0.6011113795602803
lan-gateway-10s,167,0.6011516469356527
lan-gateway-10s,167,0.6011919143110253
lan-gateway-10s,167,0.6012321816863977
lan-gateway-10s,167,0.6012724490617701
lan-gateway-10s,167,0.6013127164371427
lan-gateway-10s,167,0.6013529838125151
lan-gateway-10s,167,0.6013932511878876
lan-gateway-10s,167,0.60143351856326
lan-gateway-10s,167,0.6014737859386325
lan-gateway-10s,167,0.601514053314005
lan-gateway-10s,167,0.6015543206893774
lan-gateway-10s,167,0.60159458806475
lan-gateway-10s,167,0.6016348554401224
lan-gateway-10s,167,0.6016751228154948
lan-gateway-10s,167,0.6017153901908674
lan-gateway-10s,167,0.6017556575662398
lan-gateway-10s,167,0.6017959249416123
lan-gateway-10s,167,0.6018361923169848
lan-gateway-10s,167,0.6018764596923573
lan-gateway-10s,167,0.6019167270677297
lan-gateway-10s,167,0.6019569944431022
lan-gateway-10s,167,0.6019972618184747
lan-gateway-10s,167,0.6020375291938471
lan-gateway-10s,167,0.6020777965692197
lan-gateway-10s,167,0.6021180639445921
lan-gateway-10s,167,0.6021583313199645
lan-gateway-10s,167,0.602198598695337
lan-gateway-10s,167,0.6022388660707095
lan-gateway-10s,167,0.602279133446082
lan-gateway-10s,167,0.6023194008214544
lan-gateway-10s,167,0.602359668196827
lan-gateway-10s,167,0.6023999355721994
lan-gateway-10s,167,0.6024402029475718
lan-gateway-10s,167,0.6024804703229444
lan-gateway-10s,167,0.6025207376983168
lan-gateway-10s,167,0.6025610050736893
lan-gateway-10s,167,0.6026012724490618
lan-gateway-10s,167,0.6026415398244342
lan-gateway-10s,167,0.6026818071998067
lan-gateway-10s,167,0.6027220745751792
lan-gateway-10s,167,0.6027623419505517
lan-gateway-10s,167,0.6028026093259241
lan-gateway-10s,167,0.6028428767012967
lan-gateway-10s,167,0.6028831440766691
lan-gateway-10s,167,0.6029234114520415
lan-gateway-10s,167,0.6029636788274141
lan-gateway-10s,167,0.6030039462027865
lan-gateway-10s,167,0.603044213578159
lan-gateway-10s,167,0.6030844809535314
lan-gateway-10s,167,0.603124748328904
lan-gateway-10s,167,0.6031650157042764
lan-gateway-10s,167,0.6032052830796488
lan-gateway-10s,167,0.6032455504550214
lan-gateway-10s,167,0.6032858178303938
lan-gateway-10s,167,0.6033260852057662
lan-gateway-10s,167,0.6033663525811388
lan-gateway-10s,167,0.6034066199565112
lan-gateway-10s,167,0.6034468873318837
lan-gateway-10s,167,0.6034871547072562
lan-gateway-10s,167,0.6035274220826287
lan-gateway-10s,167,0.6035676894580011
lan-gateway-10s,167,0.6036079568333736
lan-gateway-10s,167,0.6036482242087461
lan-gateway-10s,167,0.6036884915841185
lan-gateway-10s,167,0.6037287589594911
lan-gateway-10s,167,0.6037690263348635
lan-gateway-10s,167,0.603809293710236
lan-gateway-10s,167,0.6038495610856084
lan-gateway-10s,167,0.6038898284609809
lan-gateway-10s,167,0.6039300958363534
lan-gateway-10s,167,0.6039703632117258
lan-gateway-10s,167,0.6040106305870984
lan-gateway-10s,167,0.6040508979624708
lan-gateway-10s,167,0.6040911653378432
lan-gateway-10s,167,0.6041314327132158
lan-gateway-10s,167,0.6041717000885882
lan-gateway-10s,167,0.6042119674639607
lan-gateway-10s,167,0.6042522348393332
lan-gateway-10s,167,0.6042925022147057
lan-gateway-10s,167,0.6043327695900781
lan-gateway-10s,167,0.6043730369654506
lan-gateway-10s,167,0.6044133043408231
lan-gateway-10s,167,0.6044535717161955
lan-gateway-10s,167,0.6044938390915681
lan-gateway-10s,167,0.6045341064669405
lan-gateway-10s,167,0.6045743738423129
lan-gateway-10s,167,0.6046146412176854
lan-gateway-10s,167,0.6046549085930579
lan-gateway-10s,167,0.6046951759684304
lan-gateway-10s,167,0.6047354433438028
lan-gateway-10s,167,0.6047757107191754
lan-gateway-10s,167,0.6048159780945478
lan-gateway-10s,167,0.6048562454699202
lan-gateway-10s,167,0.6048965128452928
lan-gateway-10s,167,0.6049367802206652
lan-gateway-10s,167,0.6049770475960377
lan-gateway-10s,167,0.6050173149714102
lan-gateway-10s,167,0.6050575823467826
lan-gateway-10s,167,0.6050978497221551
lan-gateway-10s,167,0.6051381170975276
lan-gateway-10s,167,0.6051783844729001
lan-gateway-10s,167,0.6052186518482725
lan-gateway-10s,167,0.605258919223645
lan-gateway-10s,167,0.6052991865990175
lan-gateway-10s,167,0.6053394539743899
lan-gateway-10s,167,0.6053797213497624
lan-gateway-10s,167,0.6054199887251349
lan-gateway-10s,167,0.6054602561005074
lan-gateway-10s,167,0.6055005234758798
lan-gateway-10s,167,0.6055407908512523
lan-gateway-10s,167,0.6055810582266248
lan-gateway-10s,167,0.6056213256019972
lan-gateway-10s,167,0.6056615929773698
lan-gateway-10s,167,0.6057018603527422
lan-gateway-10s,167,0.6057421277281146
lan-gateway-10s,167,0.6057823951034872
lan-gateway-10s,167,0.6058226624788596
lan-gateway-10s,167,0.6058629298542321
lan-gateway-10s,167,0.6059031972296046
lan-gateway-10s,167,0.6059434646049771
lan-gateway-10s,167,0.6059837319803495
lan-gateway-10s,167,0.606023999355722
lan-gateway-10s,167,0.6060642667310945
lan-gateway-10s,167,0.6061045341064669
lan-gateway-10s,167,0.6061448014818395
lan-gateway-10s,167,0.6061850688572119
lan-gateway-10s,167,0.6062253362325843
lan-gateway-10s,167,0.6062656036079568
lan-gateway-10s,167,0.6063058709833293
lan-gateway-10s,167,0.6063461383587018
lan-gateway-10s,167,0.6063864057340742
lan-gateway-10s,167,0.6064266731094468
lan-gateway-10s,167,0.6064669404848192
lan-gateway-10s,167,0.6065072078601916
lan-gateway-10s,167,0.6065474752355642
lan-gateway-10s,167,0.6065877426109366
lan-gateway-10s,167,0.6066280099863091
lan-gateway-10s,167,0.6066682773616816
lan-gateway-10s,167,0.606708544737054
lan-gateway-10s,167,0.6067488121124265
lan-gateway-10s,167,0.606789079487799
lan-gateway-10s,167,0.6068293468631715
lan-gateway-10s,167,0.6068696142385439
lan-gateway-10s,167,0.6069098816139165
lan-gateway-10s,167,0.6069501489892889
lan-gateway-10s,167,0.6069904163646613
lan-gateway-10s,167,0.6070306837400338
lan-gateway-10s,167,0.6070709511154063
lan-gateway-10s,167,0.6071112184907788
lan-gateway-10s,167,0.6071514858661512
lan-gateway-10s,167,0.6071917532415237
lan-gateway-10s,167,0.6072320206168962
lan-gateway-10s,167,0.6072722879922686
lan-gateway-10s,167,0.6073125553676412
lan-gateway-10s,167,0.6073528227430136
lan-gateway-10s,167,0.607393090118386
lan-gateway-10s,167,0.6074333574937586
lan-gateway-10s,167,0.607473624869131
lan-gateway-10s,167,0.6075138922445035
lan-gateway-10s,167,0.607554159619876
lan-gateway-10s,167,0.6075944269952485
lan-gateway-10s,167,0.6076346943706209
lan-gateway-10s,167,0.6076749617459934
lan-gateway-10s,167,0.6077152291213659
lan-gateway-10s,167,0.6077554964967383
lan-gateway-10s,167,0.6077957638721108
lan-gateway-10s,167,0.6078360312474833
lan-gateway-10s,167,0.6078762986228557
lan-gateway-10s,167,0.6079165659982282
lan-gateway-10s,167,0.6079568333736007
lan-gateway-10s,167,0.6079971007489732
lan-gateway-10s,167,0.6080373681243456
lan-gateway-10s,167,0.6080776354997182
lan-gateway-10s,167,0.6081179028750906
lan-gateway-10s,167,0.608158170250463
lan-gateway-10s,167,0.6081984376258356
lan-gateway-10s,167,0.608238705001208
lan-gateway-10s,167,0.6082789723765805
lan-gateway-10s,167,0.608319239751953
lan-gateway-10s,167,0.6083595071273254
lan-gateway-10s,167,0.6083997745026979
lan-gateway-10s,167,0.6084400418780704
lan-gateway-10s,167,0.6084803092534429
lan-gateway-10s,167,0.6085205766288153
lan-gateway-10s,167,0.6085608440041879
lan-gateway-10s,167,0.6086011113795603
lan-gateway-10s,167,0.6086413787549327
lan-gateway-10s,167,0.6086816461303052
lan-gateway-10s,167,0.6087219135056777
lan-gateway-10s,167,0.6087621808810502
lan-gateway-10s,167,0.6088024482564226
lan-gateway-10s,167,0.6088427156317952
lan-gateway-10s,167,0.6088829830071676
lan-gateway-10s,167,0.60892325038254
lan-gateway-10s,167,0.6089635177579126
lan-gateway-10s,167,0.609003785133285
lan-gateway-10s,167,0.6090440525086575
lan-gateway-10s,167,0.60908431988403
lan-gateway-10s,167,0.6091245872594024
lan-gateway-10s,167,0.6091648546347749
lan-gateway-10s,167,0.6092051220101474
lan-gateway-10s,167,0.6092453893855199
lan-gateway-10s,167,0.6092856567608923
lan-gateway-10s,167,0.6093259241362649
lan-gateway-10s,167,0.6093661915116373
lan-gateway-10s,167,0.6094064588870097
lan-gateway-10s,167,0.6094467262623822
lan-gateway-10s,167,0.6094869936377547
lan-gateway-10s,167,0.6095272610131272
lan-gateway-10s,167,0.6095675283884996
lan-gateway-10s,167,0.6096077957638721
lan-gateway-10s,167,0.6096480631392446
lan-gateway-10s,167,0.609688330514617
lan-gateway-10s,167,0.6097285978899896
lan-gateway-10s,167,0.609768865265362
lan-gateway-10s,167,0.6098091326407344
lan-gateway-10s,167,0.609849400016107
lan-gateway-10s,167,0.6098896673914794
lan-gateway-10s,167,0.6099299347668519
lan-gateway-10s,167,0.6099702021422244
lan-gateway-10s,167,0.6100104695175969
lan-gateway-10s,167,0.6100507368929693
lan-gateway-10s,167,0.6100910042683418
lan-gateway-10s,167,0.6101312716437143
lan-gateway-10s,167,0.6101715390190867
lan-gateway-10s,167,0.6102118063944592
lan-gateway-10s,167,0.6102520737698317
lan-gateway-10s,167,0.6102923411452041
lan-gateway-10s,167,0.6103326085205766
lan-gateway-10s,167,0.6103728758959491
lan-gateway-10s,167,0.6104131432713216
lan-gateway-10s,167,0.610453410646694
lan-gateway-10s,167,0.6104936780220666
lan-gateway-10s,167,0.610533945397439
lan-gateway-10s,167,0.6105742127728114
lan-gateway-10s,167,0.610614480148184
lan-gateway-10s,167,0.6106547475235564
lan-gateway-10s,167,0.6106950148989289
lan-gateway-10s,167,0.6107352822743014
lan-gateway-10s,167,0.6107755496496738
lan-gateway-10s,167,0.6108158170250463
lan-gateway-10s,167,0.6108560844004188
lan-gateway-10s,167,0.6108963517757913
lan-gateway-10s,167,0.6109366191511637
lan-gateway-10s,167,0.6109768865265363
lan-gateway-10s,167,0.6110171539019087
lan-gateway-10s,167,0.6110574212772811
lan-gateway-10s,167,0.6110976886526536
lan-gateway-10s,167,0.6111379560280261
lan-gateway-10s,167,0.6111782234033986
lan-gateway-10s,167,0.611218490778771
lan-gateway-10s,167,0.6112587581541435
lan-gateway-10s,167,0.611299025529516
lan-gateway-10s,167,0.6113392929048884
lan-gateway-10s,167,0.611379560280261
lan-gateway-10s,167,0.6114198276556334
lan-gateway-10s,167,0.6114600950310058
lan-gateway-10s,167,0.6115003624063784
lan-gateway-10s,167,0.6115406297817508
lan-gateway-10s,167,0.6115808971571233
lan-gateway-10s,167,0.6116211645324958
lan-gateway-10s,167,0.6116614319078683
lan-gateway-10s,167,0.6117016992832407
lan-gateway-10s,167,0.6117419666586132
lan-gateway-10s,167,0.6117822340339857
lan-gateway-10s,167,0.6118225014093581
lan-gateway-10s,167,0.6118627687847306
lan-gateway-10s,167,0.6119030361601031
lan-gateway-10s,167,0.6119433035354755
lan-gateway-10s,167,0.611983570910848
lan-gateway-10s,167,0.6120238382862205
lan-gateway-10s,167,0.612064105661593
lan-gateway-10s,167,0.6121043730369654
lan-gateway-10s,167,0.612144640412338
lan-gateway-10s,167,0.6121849077877104
lan-gateway-10s,167,0.6122251751630828
lan-gateway-10s,167,0.6122654425384554
lan-gateway-10s,167,0.6123057099138278
lan-gateway-10s,167,0.6123459772892003
lan-gateway-10s,167,0.6123862446645728
lan-gateway-10s,167,0.6124265120399452
lan-gateway-10s,167,0.6124667794153177
lan-gateway-10s,167,0.6125070467906902
lan-gateway-10s,167,0.6125473141660627
lan-gateway-10s,167,0.6125875815414351
lan-gateway-10s,167,0.6126278489168075
lan-gateway-10s,167,0.6126681162921801
lan-gateway-10s,167,0.6127083836675525
lan-gateway-10s,167,0.612748651042925
lan-gateway-10s,167,0.6127889184182975
lan-gateway-10s,167,0.61282918579367
lan-gateway-10s,167,0.6128694531690424
lan-gateway-10s,167,0.612909720544415
lan-gateway-10s,167,0.6129499879197874
lan-gateway-10s,167,0.6129902552951598
lan-gateway-10s,167,0.6130305226705324
lan-gateway-10s,167,0.6130707900459048
lan-gateway-10s,167,0.6131110574212773
lan-gateway-10s,167,0.6131513247966498
lan-gateway-10s,167,0.6131915921720222
lan-gateway-10s,167,0.6132318595473947
lan-gateway-10s,167,0.6132721269227672
lan-gateway-10s,167,0.6133123942981397
lan-gateway-10s,167,0.6133526616735121
lan-gateway-10s,167,0.6133929290488845
lan-gateway-10s,167,0.6134331964242571
lan-gateway-10s,167,0.6134734637996295
lan-gateway-10s,167,0.613513731175002
lan-gateway-10s,167,0.6135539985503745
lan-gateway-10s,167,0.613594265925747
lan-gateway-10s,167,0.6136345333011194
lan-gateway-10s,167,0.6136748006764919
lan-gateway-10s,167,0.6137150680518644
lan-gateway-10s,167,0.6137553354272368
lan-gateway-10s,167,0.6137956028026094
lan-gateway-10s,167,0.6138358701779818
lan-gateway-10s,167,0.6138761375533542
lan-gateway-10s,167,0.6139164049287268
lan-gateway-10s,167,0.6139566723040992
lan-gateway-10s,167,0.6139969396794717
lan-gateway-10s,167,0.6140372070548442
lan-gateway-10s,167,0.6140774744302167
lan-gateway-10s,167,0.6141177418055891
lan-gateway-10s,167,0.6141580091809616
lan-gateway-10s,167,0.6141982765563341
lan-gateway-10s,167,0.6142385439317065
lan-gateway-10s,167,0.614278811307079
lan-gateway-10s,167,0.6143190786824515
lan-gateway-10s,167,0.6143593460578239
lan-gateway-10s,167,0.6143996134331964
lan-gateway-10s,167,0.6144398808085689
lan-gateway-10s,167,0.6144801481839414
lan-gateway-10s,167,0.6145204155593138
lan-gateway-10s,167,0.6145606829346864
lan-gateway-10s,167,0.6146009503100588
lan-gateway-10s,167,0.6146412176854312
lan-gateway-10s,167,0.6146814850608038
lan-gateway-10s,167,0.6147217524361762
lan-gateway-10s,167,0.6147620198115487
lan-gateway-10s,167,0.6148022871869212
lan-gateway-10s,167,0.6148425545622936
lan-gateway-10s,167,0.6148828219376661
lan-gateway-10s,167,0.6149230893130386
lan-gateway-10s,167,0.6149633566884111
lan-gateway-10s,167,0.6150036240637835
lan-gateway-10s,167,0.6150438914391559
lan-gateway-10s,167,0.6150841588145285
lan-gateway-10s,167,0.6151244261899009
lan-gateway-10s,167,0.6151646935652734
lan-gateway-10s,167,0.6152049609406459
lan-gateway-10s,167,0.6152452283160184
lan-gateway-10s,167,0.6152854956913908
lan-gateway-10s,167,0.6153257630667633
lan-gateway-10s,167,0.6153660304421358
lan-gateway-10s,167,0.6154062978175082
lan-gateway-10s,167,0.6154465651928808
lan-gateway-10s,167,0.6154868325682532
lan-gateway-10s,167,0.6155270999436256
lan-gateway-10s,167,0.6155673673189982
lan-gateway-10s,167,0.6156076346943706
lan-gateway-10s,167,0.6156479020697431
lan-gateway-10s,167,0.6156881694451156
lan-gateway-10s,167,0.6157284368204881
lan-gateway-10s,167,0.6157687041958605
lan-gateway-10s,167,0.6158089715712329
lan-gateway-10s,167,0.6158492389466055
lan-gateway-10s,167,0.6158895063219779
lan-gateway-10s,167,0.6159297736973504
lan-gateway-10s,167,0.6159700410727229
lan-gateway-10s,167,0.6160103084480953
lan-gateway-10s,167,0.6160505758234678
lan-gateway-10s,167,0.6160908431988403
lan-gateway-10s,167,0.6161311105742128
lan-gateway-10s,167,0.6161713779495852
lan-gateway-10s,167,0.6162116453249578
lan-gateway-10s,167,0.6162519127003302
lan-gateway-10s,167,0.6162921800757026
lan-gateway-10s,167,0.6163324474510752
lan-gateway-10s,167,0.6163727148264476
lan-gateway-10s,167,0.6164129822018201
lan-gateway-10s,167,0.6164532495771926
lan-gateway-10s,167,0.616493516952565
lan-gateway-10s,167,0.6165337843279375
lan-gateway-10s,167,0.61657405170331
lan-gateway-10s,167,0.6166143190786825
lan-gateway-10s,167,0.6166545864540549
lan-gateway-10s,167,0.6166948538294273
lan-gateway-10s,167,0.6167351212047999
lan-gateway-10s,167,0.6167753885801723
lan-gateway-10s,167,0.6168156559555448
lan-gateway-10s,167,0.6168559233309173
lan-gateway-10s,167,0.6168961907062898
lan-gateway-10s,167,0.6169364580816622
lan-gateway-10s,167,0.6169767254570347
lan-gateway-10s,167,0.6170169928324072
lan-gateway-10s,167,0.6170572602077796
lan-gateway-10s,167,0.6170975275831522
lan-gateway-10s,167,0.6171377949585246
lan-gateway-10s,167,0.617178062333897
lan-gateway-10s,167,0.6172183297092696
lan-gateway-10s,167,0.617258597084642
lan-gateway-10s,167,0.6172988644600145
lan-gateway-10s,167,0.617339131835387
lan-gateway-10s,167,0.6173793992107595
lan-gateway-10s,167,0.6174196665861319
lan-gateway-10s,167,0.6174599339615043
lan-gateway-10s,167,0.6175002013368769
lan-gateway-10s,167,0.6175404687122493
lan-gateway-10s,167,0.6175807360876218
lan-gateway-10s,167,0.6176210034629943
lan-gateway-10s,167,0.6176612708383667
lan-gateway-10s,167,0.6177015382137392
lan-gateway-10s,167,0.6177418055891117
lan-gateway-10s,167,0.6177820729644842
lan-gateway-10s,167,0.6178223403398566
lan-gateway-10s,167,0.6178626077152292
lan-gateway-10s,167,0.6179028750906016
lan-gateway-10s,167,0.617943142465974
lan-gateway-10s,167,0.6179834098413466
lan-gateway-10s,167,0.618023677216719
lan-gateway-10s,167,0.6180639445920915
lan-gateway-10s,167,0.618104211967464
lan-gateway-10s,167,0.6181444793428365
lan-gateway-10s,167,0.6181847467182089
lan-gateway-10s,167,0.6182250140935813
lan-gateway-10s,167,0.6182652814689539
lan-gateway-10s,167,0.6183055488443263
lan-gateway-10s,167,0.6183458162196988
lan-gateway-10s,167,0.6183860835950713
lan-gateway-10s,167,0.6184263509704437
lan-gateway-10s,167,0.6184666183458162
lan-gateway-10s,167,0.6185068857211887
lan-gateway-10s,167,0.6185471530965612
lan-gateway-10s,167,0.6185874204719336
lan-gateway-10s,167,0.6186276878473062
lan-gateway-10s,167,0.6186679552226786
lan-gateway-10s,167,0.618708222598051
lan-gateway-10s,167,0.6187484899734236
lan-gateway-10s,167,0.618788757348796
lan-gateway-10s,167,0.6188290247241685
lan-gateway-10s,167,0.618869292099541
lan-gateway-10s,167,0.6189095594749134
lan-gateway-10s,167,0.6189498268502859
lan-gateway-10s,167,0.6189900942256584
lan-gateway-10s,167,0.6190303616010309
lan-gateway-10s,167,0.6190706289764033
lan-gateway-10s,167,0.6191108963517757
lan-gateway-10s,167,0.6191511637271483
lan-gateway-10s,167,0.6191914311025207
lan-gateway-10s,167,0.6192316984778932
lan-gateway-10s,167,0.6192719658532657
lan-gateway-10s,167,0.6193122332286382
lan-gateway-10s,167,0.6193525006040106
lan-gateway-10s,167,0.6193927679793831
lan-gateway-10s,167,0.6194330353547556
lan-gateway-10s,167,0.619473302730128
lan-gateway-10s,167,0.6195135701055006
lan-gateway-10s,167,0.619553837480873
lan-gateway-10s,167,0.6195941048562454
lan-gateway-10s,167,0.619634372231618
lan-gateway-10s,167,0.6196746396069904
lan-gateway-10s,167,0.6197149069823629
lan-gateway-10s,167,0.6197551743577354
lan-gateway-10s,167,0.6197954417331079
lan-gateway-10s,167,0.6198357091084803
lan-gateway-10s,167,0.6198759764838527
lan-gateway-10s,167,0.6199162438592253
lan-gateway-10s,167,0.6199565112345977
lan-gateway-10s,167,0.6199967786099702
lan-gateway-10s,167,0.6200370459853427
lan-gateway-10s,167,0.6200773133607151
lan-gateway-10s,167,0.6201175807360876
lan-gateway-10s,167,0.6201578481114601
lan-gateway-10s,167,0.6201981154868326
lan-gateway-10s,167,0.620238382862205
lan-gateway-10s,167,0.6202786502375776
lan-gateway-10s,167,0.62031891761295
lan-gateway-10s,167,0.6203591849883224
lan-gateway-10s,167,0.620399452363695
lan-gateway-10s,167,0.6204397197390674
lan-gateway-10s,167,0.6204799871144399
lan-gateway-10s,167,0.6205202544898124
lan-gateway-10s,167,0.6205605218651848
lan-gateway-10s,167,0.6206007892405573
lan-gateway-10s,167,0.6206410566159297
lan-gateway-10s,167,0.6206813239913023
lan-gateway-10s,167,0.6207215913666747
lan-gateway-10s,167,0.6207618587420471
lan-gateway-10s,167,0.6208021261174197
lan-gateway-10s,167,0.6208423934927921
lan-gateway-10s,167,0.6208826608681646
lan-gateway-10s,167,0.6209229282435371
lan-gateway-10s,167,0.6209631956189096
lan-gateway-10s,167,0.621003462994282
lan-gateway-10s,167,0.6210437303696545
lan-gateway-10s,167,0.621083997745027
lan-gateway-10s,167,0.6211242651203994
lan-gateway-10s,167,0.621164532495772
lan-gateway-10s,167,0.6212047998711444
lan-gateway-10s,167,0.6212450672465168
lan-gateway-10s,167,0.6212853346218894
lan-gateway-10s,167,0.6213256019972618
lan-gateway-10s,167,0.6213658693726343
lan-gateway-10s,167,0.6214061367480067
lan-gateway-10s,167,0.6214464041233793
lan-gateway-10s,167,0.6214866714987517
lan-gateway-10s,167,0.6215269388741241
lan-gateway-10s,167,0.6215672062494967
lan-gateway-10s,167,0.6216074736248691
lan-gateway-10s,167,0.6216477410002416
lan-gateway-10s,167,0.6216880083756141
lan-gateway-10s,167,0.6217282757509865
lan-gateway-10s,167,0.621768543126359
lan-gateway-10s,167,0.6218088105017315
lan-gateway-10s,167,0.621849077877104
lan-gateway-10s,167,0.6218893452524764
lan-gateway-10s,167,0.621929612627849
lan-gateway-10s,167,0.6219698800032214
lan-gateway-10s,167,0.6220101473785938
lan-gateway-10s,167,0.6220504147539664
lan-gateway-10s,167,0.6220906821293388
lan-gateway-10s,167,0.6221309495047113
lan-gateway-10s,167,0.6221712168800838
lan-gateway-10s,167,0.6222114842554562
lan-gateway-10s,167,0.6222517516308287
lan-gateway-10s,167,0.6222920190062011
lan-gateway-10s,167,0.6223322863815737
lan-gateway-10s,167,0.6223725537569461
lan-gateway-10s,167,0.6224128211323185
lan-gateway-10s,167,0.6224530885076911
lan-gateway-10s,167,0.6224933558830635
lan-gateway-10s,167,0.622533623258436
lan-gateway-10s,167,0.6225738906338085
lan-gateway-10s,167,0.622614158009181
lan-gateway-10s,167,0.6226544253845534
lan-gateway-10s,167,0.622694692759926
lan-gateway-10s,167,0.6227349601352984
lan-gateway-10s,167,0.6227752275106708
lan-gateway-10s,167,0.6228154948860434
lan-gateway-10s,167,0.6228557622614158
lan-gateway-10s,167,0.6228960296367883
lan-gateway-10s,167,0.6229362970121608
lan-gateway-10s,167,0.6229765643875332
lan-gateway-10s,167,0.6230168317629057
lan-gateway-10s,167,0.6230570991382781
lan-gateway-10s,167,0.6230973665136507
lan-gateway-10s,167,0.6231376338890231
lan-gateway-10s,167,0.6231779012643955
lan-gateway-10s,167,0.6232181686397681
lan-gateway-10s,167,0.6232584360151405
lan-gateway-10s,167,0.623298703390513
lan-gateway-10s,167,0.6233389707658855
lan-gateway-10s,167,0.623379238141258
lan-gateway-10s,167,0.6234195055166304
lan-gateway-10s,167,0.6234597728920029
lan-gateway-10s,167,0.6235000402673754
lan-gateway-10s,167,0.6235403076427478
lan-gateway-10s,167,0.6235805750181204
lan-gateway-10s,167,0.6236208423934928
lan-gateway-10s,167,0.6236611097688652
lan-gateway-10s,167,0.6237013771442378
lan-gateway-10s,167,0.6237416445196102
lan-gateway-10s,167,0.6237819118949827
lan-gateway-10s,167,0.6238221792703551
lan-gateway-10s,167,0.6238624466457277
lan-gateway-10s,167,0.6239027140211001
lan-gateway-10s,167,0.6239429813964725
lan-gateway-10s,167,0.6239832487718451
lan-gateway-10s,167,0.6240235161472175
lan-gateway-10s,167,0.62406378352259
lan-gateway-10s,167,0.6241040508979625
lan-gateway-10s,167,0.6241443182733349
lan-gateway-10s,167,0.6241845856487074
lan-gateway-10s,167,0.6242248530240799
lan-gateway-10s,167,0.6242651203994524
lan-gateway-10s,167,0.6243053877748248
lan-gateway-10s,167,0.6243456551501974
lan-gateway-10s,167,0.6243859225255698
lan-gateway-10s,167,0.6244261899009422
lan-gateway-10s,167,0.6244664572763148
lan-gateway-10s,167,0.6245067246516872
lan-gateway-10s,167,0.6245469920270597
lan-gateway-10s,167,0.6245872594024322
lan-gateway-10s,167,0.6246275267778046
lan-gateway-10s,167,0.6246677941531771
lan-gateway-10s,167,0.6247080615285495
lan-gateway-10s,167,0.6247483289039221
lan-gateway-10s,167,0.6247885962792945
lan-gateway-10s,167,0.6248288636546669
lan-gateway-10s,167,0.6248691310300395
lan-gateway-10s,167,0.6249093984054119
lan-gateway-10s,167,0.6249496657807844
lan-gateway-10s,167,0.6249899331561569
lan-gateway-10s,167,0.6250302005315294
lan-gateway-10s,167,0.6250704679069018
lan-gateway-10s,167,0.6251107352822743
lan-gateway-10s,167,0.6251510026576468
lan-gateway-10s,167,0.6251912700330192
lan-gateway-10s,167,0.6252315374083918
lan-gateway-10s,167,0.6252718047837642
lan-gateway-10s,167,0.6253120721591366
lan-gateway-10s,167,0.6253523395345092
lan-gateway-10s,167,0.6253926069098816
lan-gateway-10s,167,0.6254328742852541
lan-gateway-10s,167,0.6254731416606265
lan-gateway-10s,167,0.6255134090359991
lan-gateway-10s,167,0.6255536764113715
lan-gateway-10s,167,0.6255939437867439
lan-gateway-10s,167,0.6256342111621165
lan-gateway-10s,167,0.6256744785374889
lan-gateway-10s,167,0.6257147459128614
lan-gateway-10s,167,0.6257550132882339
lan-gateway-10s,167,0.6257952806636063
lan-gateway-10s,167,0.6258355480389788
lan-gateway-10s,167,0.6258758154143513
lan-gateway-10s,167,0.6259160827897238
lan-gateway-10s,167,0.6259563501650962
lan-gateway-10s,167,0.6259966175404688
lan-gateway-10s,167,0.6260368849158412
lan-gateway-10s,167,0.6260771522912136
lan-gateway-10s,167,0.6261174196665862
lan-gateway-10s,167,0.6261576870419586
lan-gateway-10s,167,0.6261979544173311
lan-gateway-10s,167,0.6262382217927035
lan-gateway-10s,167,0.626278489168076
lan-gateway-10s,167,0.6263187565434485
lan-gateway-10s,167,0.6263590239188209
lan-gateway-10s,167,0.6263992912941935
lan-gateway-10s,167,0.6264395586695659
lan-gateway-10s,167,0.6264798260449383
lan-gateway-10s,167,0.6265200934203109
lan-gateway-10s,167,0.6265603607956833
lan-gateway-10s,167,0.6266006281710558
lan-gateway-10s,167,0.6266408955464283
lan-gateway-10s,167,0.6266811629218008
lan-gateway-10s,167,0.6267214302971732
lan-gateway-10s,167,0.6267616976725457
lan-gateway-10s,167,0.6268019650479182
lan-gateway-10s,167,0.6268422324232906
lan-gateway-10s,167,0.6268824997986632
lan-gateway-10s,167,0.6269227671740356
lan-gateway-10s,167,0.626963034549408
lan-gateway-10s,167,0.6270033019247805
lan-gateway-10s,167,0.627043569300153
lan-gateway-10s,167,0.6270838366755255
lan-gateway-10s,167,0.6271241040508979
lan-gateway-10s,167,0.6271643714262705
lan-gateway-10s,167,0.6272046388016429
lan-gateway-10s,167,0.6272449061770153
lan-gateway-10s,167,0.6272851735523879
lan-gateway-10s,167,0.6273254409277603
lan-gateway-10s,167,0.6273657083031328
lan-gateway-10s,167,0.6274059756785053
lan-gateway-10s,167,0.6274462430538778
lan-gateway-10s,167,0.6274865104292502
lan-gateway-10s,167,0.6275267778046227
lan-gateway-10s,167,0.6275670451799952
lan-gateway-10s,167,0.6276073125553676
lan-gateway-10s,167,0.6276475799307402
lan-gateway-10s,167,0.6276878473061126
lan-gateway-10s,167,0.627728114681485
lan-gateway-10s,167,0.6277683820568576
lan-gateway-10s,167,0.62780864943223
lan-gateway-10s,167,0.6278489168076025
lan-gateway-10s,167,0.6278891841829749
lan-gateway-10s,167,0.6279294515583475
lan-gateway-10s,167,0.6279697189337199
lan-gateway-10s,167,0.6280099863090923
lan-gateway-10s,167,0.6280502536844649
lan-gateway-10s,167,0.6280905210598373
lan-gateway-10s,167,0.6281307884352098
lan-gateway-10s,167,0.6281710558105823
lan-gateway-10s,167,0.6282113231859547
lan-gateway-10s,167,0.6282515905613272
lan-gateway-10s,167,0.6282918579366997
lan-gateway-10s,167,0.6283321253120722
lan-gateway-10s,167,0.6283723926874446
lan-gateway-10s,167,0.6284126600628172
lan-gateway-10s,167,0.6284529274381896
lan-gateway-10s,167,0.628493194813562
lan-gateway-10s,167,0.6285334621889346
lan-gateway-10s,167,0.628573729564307
lan-gateway-10s,167,0.6286139969396795
lan-gateway-10s,167,0.6286542643150519
lan-gateway-10s,167,0.6286945316904244
lan-gateway-10s,167,0.6287347990657969
lan-gateway-10s,167,0.6287750664411693
lan-gateway-10s,167,0.6288153338165419
lan-gateway-10s,167,0.6288556011919143
lan-gateway-10s,167,0.6288958685672867
lan-gateway-10s,167,0.6289361359426593
lan-gateway-10s,167,0.6289764033180317
lan-gateway-10s,167,0.6290166706934042
lan-gateway-10s,167,0.6290569380687767
lan-gateway-10s,167,0.6290972054441492
lan-gateway-10s,167,0.6291374728195216
lan-gateway-10s,167,0.6291777401948941
lan-gateway-10s,167,0.6292180075702666
lan-gateway-10s,167,0.629258274945639
lan-gateway-10s,167,0.6292985423210116
lan-gateway-10s,167,0.629338809696384
lan-gateway-10s,167,0.6293790770717564
lan-gateway-10s,167,0.6294193444471289
lan-gateway-10s,167,0.6294596118225014
lan-gateway-10s,167,0.6294998791978739
lan-gateway-10s,167,0.6295401465732463
lan-gateway-10s,167,0.6295804139486189
lan-gateway-10s,167,0.6296206813239913
lan-gateway-10s,167,0.6296609486993637
lan-gateway-10s,167,0.6297012160747363
lan-gateway-10s,167,0.6297414834501087
lan-gateway-10s,167,0.6297817508254812
lan-gateway-10s,167,0.6298220182008537
lan-gateway-10s,167,0.6298622855762261
lan-gateway-10s,167,0.6299025529515986
lan-gateway-10s,167,0.6299428203269711
lan-gateway-10s,167,0.6299830877023436
lan-gateway-10s,167,0.630023355077716
lan-gateway-10s,167,0.6300636224530886
lan-gateway-10s,167,0.630103889828461
lan-gateway-10s,167,0.6301441572038334
lan-gateway-10s,167,0.630184424579206
lan-gateway-10s,167,0.6302246919545784
lan-gateway-10s,167,0.6302649593299509
lan-gateway-10s,167,0.6303052267053233
lan-gateway-10s,167,0.6303454940806958
lan-gateway-10s,167,0.6303857614560683
lan-gateway-10s,167,0.6304260288314407
lan-gateway-10s,167,0.6304662962068133
lan-gateway-10s,167,0.6305065635821857
lan-gateway-10s,167,0.6305468309575581
lan-gateway-10s,167,0.6305870983329307
lan-gateway-10s,167,0.6306273657083031
lan-gateway-10s,167,0.6306676330836756
lan-gateway-10s,167,0.6307079004590481
lan-gateway-10s,167,0.6307481678344206
lan-gateway-10s,167,0.630788435209793
lan-gateway-10s,167,0.6308287025851655
lan-gateway-10s,167,0.630868969960538
lan-gateway-10s,167,0.6309092373359104
lan-gateway-10s,167,0.630949504711283
lan-gateway-10s,167,0.6309897720866554
lan-gateway-10s,167,0.6310300394620278
lan-gateway-10s,167,0.6310703068374003
lan-gateway-10s,167,0.6311105742127728
lan-gateway-10s,167,0.6311508415881453
lan-gateway-10s,167,0.6311911089635177
lan-gateway-10s,167,0.6312313763388903
lan-gateway-10s,167,0.6312716437142627
lan-gateway-10s,167,0.6313119110896351
lan-gateway-10s,167,0.6313521784650077
lan-gateway-10s,167,0.6313924458403801
lan-gateway-10s,167,0.6314327132157526
lan-gateway-10s,167,0.6314729805911251
lan-gateway-10s,167,0.6315132479664975
lan-gateway-10s,167,0.63155351534187
lan-gateway-10s,167,0.6315937827172425
lan-gateway-10s,167,0.631634050092615
lan-gateway-10s,167,0.6316743174679874
lan-gateway-10s,167,0.63171458484336
lan-gateway-10s,167,0.6317548522187324
lan-gateway-10s,167,0.6317951195941048
lan-gateway-10s,167,0.6318353869694773
lan-gateway-10s,167,0.6318756543448498
lan-gateway-10s,167,0.6319159217202223
lan-gateway-10s,167,0.6319561890955947
lan-gateway-10s,167,0.6319964564709672
lan-gateway-10s,167,0.6320367238463397
lan-gateway-10s,167,0.6320769912217121
lan-gateway-10s,167,0.6321172585970847
lan-gateway-10s,167,0.6321575259724571
lan-gateway-10s,167,0.6321977933478296
lan-gateway-10s,167,0.6322380607232021
lan-gateway-10s,167,0.6322783280985745
lan-gateway-10s,167,0.632318595473947
lan-gateway-10s,167,0.6323588628493195
lan-gateway-10s,167,0.632399130224692
lan-gateway-10s,167,0.6324393976000644
lan-gateway-10s,167,0.632479664975437
lan-gateway-10s,167,0.6325199323508094
lan-gateway-10s,167,0.6325601997261818
lan-gateway-10s,167,0.6326004671015544
lan-gateway-10s,167,0.6326407344769268
lan-gateway-10s,167,0.6326810018522993
lan-gateway-10s,167,0.6327212692276717
lan-gateway-10s,167,0.6327615366030442
lan-gateway-10s,167,0.6328018039784167
lan-gateway-10s,167,0.6328420713537891
lan-gateway-10s,167,0.6328823387291617
lan-gateway-10s,167,0.6329226061045341
lan-gateway-10s,167,0.6329628734799065
lan-gateway-10s,167,0.6330031408552791
lan-gateway-10s,167,0.6330434082306515
lan-gateway-10s,167,0.633083675606024
lan-gateway-10s,167,0.6331239429813965
lan-gateway-10s,167,0.633164210356769
lan-gateway-10s,167,0.6332044777321414
lan-gateway-10s,167,0.6332447451075139
lan-gateway-10s,167,0.6332850124828864
lan-gateway-10s,167,0.6333252798582588
lan-gateway-10s,167,0.6333655472336314
lan-gateway-10s,167,0.6334058146090038
lan-gateway-10s,167,0.6334460819843762
lan-gateway-10s,167,0.6334863493597487
lan-gateway-10s,167,0.6335266167351212
lan-gateway-10s,167,0.6335668841104937
lan-gateway-10s,167,0.6336071514858661
lan-gateway-10s,167,0.6336474188612387
lan-gateway-10s,167,0.6336876862366111
lan-gateway-10s,167,0.6337279536119835
lan-gateway-10s,167,0.6337682209873561
lan-gateway-10s,167,0.6338084883627285
lan-gateway-10s,167,0.633848755738101
lan-gateway-10s,167,0.6338890231134735
lan-gateway-10s,167,0.6339292904888459
lan-gateway-10s,167,0.6339695578642184
lan-gateway-10s,167,0.6340098252395909
lan-gateway-10s,167,0.6340500926149634
lan-gateway-10s,167,0.6340903599903358
lan-gateway-10s,167,0.6341306273657084
lan-gateway-10s,167,0.6341708947410808
lan-gateway-10s,167,0.6342111621164532
lan-gateway-10s,167,0.6342514294918257
lan-gateway-10s,167,0.6342916968671982
lan-gateway-10s,167,0.6343319642425707
lan-gateway-10s,167,0.6343722316179431
lan-gateway-10s,167,0.6344124989933156
lan-gateway-10s,167,0.6344527663686881
lan-gateway-10s,167,0.6344930337440605
lan-gateway-10s,167,0.6345333011194331
lan-gateway-10s,167,0.6345735684948055
lan-gateway-10s,167,0.634613835870178
lan-gateway-10s,167,0.6346541032455505
lan-gateway-10s,167,0.6346943706209229
lan-gateway-10s,167,0.6347346379962954
lan-gateway-10s,167,0.6347749053716679
lan-gateway-10s,167,0.6348151727470404
lan-gateway-10s,167,0.6348554401224128
lan-gateway-10s,167,0.6348957074977853
lan-gateway-10s,167,0.6349359748731578
lan-gateway-10s,167,0.6349762422485302
lan-gateway-10s,167,0.6350165096239027
lan-gateway-10s,167,0.6350567769992752
lan-gateway-10s,167,0.6350970443746476
lan-gateway-10s,167,0.6351373117500201
lan-gateway-10s,167,0.6351775791253926
lan-gateway-10s,167,0.6352178465007651
lan-gateway-10s,167,0.6352581138761375
lan-gateway-10s,167,0.6352983812515101
lan-gateway-10s,167,0.6353386486268825
lan-gateway-10s,167,0.6353789160022549
lan-gateway-10s,167,0.6354191833776275
lan-gateway-10s,167,0.6354594507529999
lan-gateway-10s,167,0.6354997181283724
lan-gateway-10s,167,0.6355399855037449
lan-gateway-10s,167,0.6355802528791173
lan-gateway-10s,167,0.6356205202544898
lan-gateway-10s,167,0.6356607876298623
lan-gateway-10s,167,0.6357010550052348
lan-gateway-10s,167,0.6357413223806072
lan-gateway-10s,167,0.6357815897559798
lan-gateway-10s,167,0.6358218571313522
lan-gateway-10s,167,0.6358621245067246
lan-gateway-10s,167,0.6359023918820971
lan-gateway-10s,167,0.6359426592574696
lan-gateway-10s,167,0.6359829266328421
lan-gateway-10s,167,0.6360231940082145
lan-gateway-10s,167,0.636063461383587
lan-gateway-10s,167,0.6361037287589595
lan-gateway-10s,167,0.6361439961343319
lan-gateway-10s,167,0.6361842635097045
lan-gateway-10s,167,0.6362245308850769
lan-gateway-10s,167,0.6362647982604493
lan-gateway-10s,167,0.6363050656358219
lan-gateway-10s,167,0.6363453330111943
lan-gateway-10s,167,0.6363856003865668
lan-gateway-10s,167,0.6364258677619393
lan-gateway-10s,167,0.6364661351373118
lan-gateway-10s,167,0.6365064025126842
lan-gateway-10s,167,0.6365466698880567
lan-gateway-10s,167,0.6365869372634292
lan-gateway-10s,167,0.6366272046388016
lan-gateway-10s,167,0.6366674720141741
lan-gateway-10s,167,0.6367077393895466
lan-gateway-10s,167,0.636748006764919
lan-gateway-10s,167,0.6367882741402915
lan-gateway-10s,167,0.636828541515664
lan-gateway-10s,167,0.6368688088910365
lan-gateway-10s,167,0.6369090762664089
lan-gateway-10s,167,0.6369493436417815
lan-gateway-10s,167,0.6369896110171539
lan-gateway-10s,167,0.6370298783925263
lan-gateway-10s,167,0.6370701457678989
lan-gateway-10s,167,0.6371104131432713
lan-gateway-10s,167,0.6371506805186438
lan-gateway-10s,167,0.6371909478940163
lan-gateway-10s,167,0.6372312152693888
lan-gateway-10s,167,0.6372714826447612
lan-gateway-10s,167,0.6373117500201337
lan-gateway-10s,167,0.6373520173955062
lan-gateway-10s,167,0.6373922847708786
lan-gateway-10s,167,0.637432552146251
lan-gateway-10s,167,0.6374728195216236
lan-gateway-10s,167,0.637513086896996
lan-gateway-10s,167,0.6375533542723685
lan-gateway-10s,167,0.637593621647741
lan-gateway-10s,167,0.6376338890231135
lan-gateway-10s,167,0.6376741563984859
lan-gateway-10s,167,0.6377144237738585
lan-gateway-10s,167,0.6377546911492309
lan-gateway-10s,167,0.6377949585246033
lan-gateway-10s,167,0.6378352258999759
lan-gateway-10s,167,0.6378754932753483
lan-gateway-10s,167,0.6379157606507208
lan-gateway-10s,167,0.6379560280260933
lan-gateway-10s,167,0.6379962954014657
lan-gateway-10s,167,0.6380365627768382
lan-gateway-10s,167,0.6380768301522107
lan-gateway-10s,167,0.6381170975275832
lan-gateway-10s,167,0.6381573649029556
lan-gateway-10s,167,0.6381976322783282
lan-gateway-10s,167,0.6382378996537006
lan-gateway-10s,167,0.638278167029073
lan-gateway-10s,167,0.6383184344044455
lan-gateway-10s,167,0.638358701779818
lan-gateway-10s,167,0.6383989691551905
lan-gateway-10s,167,0.6384392365305629
lan-gateway-10s,167,0.6384795039059354
lan-gateway-10s,167,0.6385197712813079
lan-gateway-10s,167,0.6385600386566803
lan-gateway-10s,167,0.6386003060320529
lan-gateway-10s,167,0.6386405734074253
lan-gateway-10s,167,0.6386808407827977
lan-gateway-10s,167,0.6387211081581703
lan-gateway-10s,167,0.6387613755335427
lan-gateway-10s,167,0.6388016429089152
lan-gateway-10s,167,0.6388419102842877
lan-gateway-10s,167,0.6388821776596602
lan-gateway-10s,167,0.6389224450350326
lan-gateway-10s,167,0.6389627124104051
lan-gateway-10s,167,0.6390029797857776
lan-gateway-10s,167,0.63904324716115
lan-gateway-10s,167,0.6390835145365225
lan-gateway-10s,167,0.639123781911895
lan-gateway-10s,167,0.6391640492872674
lan-gateway-10s,167,0.6392043166626399
lan-gateway-10s,167,0.6392445840380124
lan-gateway-10s,167,0.6392848514133849
lan-gateway-10s,167,0.6393251187887573
lan-gateway-10s,167,0.6393653861641299
lan-gateway-10s,167,0.6394056535395023
lan-gateway-10s,167,0.6394459209148747
lan-gateway-10s,167,0.6394861882902473
lan-gateway-10s,167,0.6395264556656197
lan-gateway-10s,167,0.6395667230409922
lan-gateway-10s,167,0.6396069904163647
lan-gateway-10s,167,0.6396472577917371
lan-gateway-10s,167,0.6396875251671096
lan-gateway-10s,167,0.6397277925424821
lan-gateway-10s,167,0.6397680599178546
lan-gateway-10s,167,0.639808327293227
lan-gateway-10s,167,0.6398485946685994
lan-gateway-10s,167,0.639888862043972
lan-gateway-10s,167,0.6399291294193444
lan-gateway-10s,167,0.6399693967947169
lan-gateway-10s,167,0.6400096641700894
lan-gateway-10s,167,0.6400499315454619
lan-gateway-10s,167,0.6400901989208343
lan-gateway-10s,167,0.6401304662962068
lan-gateway-10s,167,0.6401707336715793
lan-gateway-10s,167,0.6402110010469517
lan-gateway-10s,167,0.6402512684223243
lan-gateway-10s,167,0.6402915357976967
lan-gateway-10s,167,0.6403318031730691
lan-gateway-10s,167,0.6403720705484417
lan-gateway-10s,167,0.6404123379238141
lan-gateway-10s,167,0.6404526052991866
lan-gateway-10s,167,0.6404928726745591
lan-gateway-10s,167,0.6405331400499316
lan-gateway-10s,167,0.640573407425304
lan-gateway-10s,167,0.6406136748006765
lan-gateway-10s,167,0.640653942176049
lan-gateway-10s,167,0.6406942095514214
lan-gateway-10s,167,0.6407344769267939
lan-gateway-10s,167,0.6407747443021664
lan-gateway-10s,167,0.6408150116775388
lan-gateway-10s,167,0.6408552790529113
lan-gateway-10s,167,0.6408955464282838
lan-gateway-10s,167,0.6409358138036563
lan-gateway-10s,167,0.6409760811790287
lan-gateway-10s,167,0.6410163485544013
lan-gateway-10s,167,0.6410566159297737
lan-gateway-10s,167,0.6410968833051461
lan-gateway-10s,167,0.6411371506805187
lan-gateway-10s,167,0.6411774180558911
lan-gateway-10s,167,0.6412176854312636
lan-gateway-10s,167,0.6412579528066361
lan-gateway-10s,167,0.6412982201820085
lan-gateway-10s,167,0.641338487557381
lan-gateway-10s,167,0.6413787549327535
lan-gateway-10s,167,0.641419022308126
lan-gateway-10s,167,0.6414592896834984
lan-gateway-10s,167,0.6414995570588709
lan-gateway-10s,167,0.6415398244342434
lan-gateway-10s,167,0.6415800918096158
lan-gateway-10s,167,0.6416203591849883
lan-gateway-10s,167,0.6416606265603608
lan-gateway-10s,167,0.6417008939357333
lan-gateway-10s,167,0.6417411613111057
lan-gateway-10s,167,0.6417814286864783
lan-gateway-10s,167,0.6418216960618507
lan-gateway-10s,167,0.6418619634372231
lan-gateway-10s,167,0.6419022308125957
lan-gateway-10s,167,0.6419424981879681
lan-gateway-10s,167,0.6419827655633406
lan-gateway-10s,167,0.6420230329387131
lan-gateway-10s,167,0.6420633003140855
lan-gateway-10s,167,0.642103567689458
lan-gateway-10s,167,0.6421438350648305
lan-gateway-10s,167,0.642184102440203
lan-gateway-10s,167,0.6422243698155754
lan-gateway-10s,167,0.6422646371909478
lan-gateway-10s,167,0.6423049045663204
lan-gateway-10s,167,0.6423451719416928
lan-gateway-10s,167,0.6423854393170653
lan-gateway-10s,167,0.6424257066924378
lan-gateway-10s,167,0.6424659740678103
lan-gateway-10s,167,0.6425062414431827
lan-gateway-10s,167,0.6425465088185552
lan-gateway-10s,167,0.6425867761939277
lan-gateway-10s,167,0.6426270435693001
lan-gateway-10s,167,0.6426673109446727
lan-gateway-10s,167,0.6427075783200451
lan-gateway-10s,167,0.6427478456954175
lan-gateway-10s,167,0.6427881130707901
lan-gateway-10s,167,0.6428283804461625
lan-gateway-10s,167,0.642868647821535
lan-gateway-10s,167,0.6429089151969075
lan-gateway-10s,167,0.64294918257228
lan-gateway-10s,167,0.6429894499476524
lan-gateway-10s,167,0.6430297173230248
lan-gateway-10s,167,0.6430699846983974
lan-gateway-10s,167,0.6431102520737698
lan-gateway-10s,167,0.6431505194491423
lan-gateway-10s,167,0.6431907868245148
lan-gateway-10s,167,0.6432310541998872
lan-gateway-10s,167,0.6432713215752597
lan-gateway-10s,167,0.6433115889506322
lan-gateway-10s,167,0.6433518563260047
lan-gateway-10s,167,0.6433921237013771
lan-gateway-10s,167,0.6434323910767497
lan-gateway-10s,167,0.6434726584521221
lan-gateway-10s,167,0.6435129258274945
lan-gateway-10s,167,0.6435531932028671
lan-gateway-10s,167,0.6435934605782395
lan-gateway-10s,167,0.643633727953612
lan-gateway-10s,167,0.6436739953289845
lan-gateway-10s,167,0.6437142627043569
lan-gateway-10s,167,0.6437545300797294
lan-gateway-10s,167,0.6437947974551019
lan-gateway-10s,167,0.6438350648304744
lan-gateway-10s,167,0.6438753322058468
lan-gateway-10s,167,0.6439155995812192
lan-gateway-10s,167,0.6439558669565918
lan-gateway-10s,167,0.6439961343319642
lan-gateway-10s,167,0.6440364017073367
lan-gateway-10s,167,0.6440766690827092
lan-gateway-10s,167,0.6441169364580817
lan-gateway-10s,167,0.6441572038334541
lan-gateway-10s,167,0.6441974712088266
lan-gateway-10s,167,0.6442377385841991
lan-gateway-10s,167,0.6442780059595715
lan-gateway-10s,167,0.6443182733349441
lan-gateway-10s,167,0.6443585407103165
lan-gateway-10s,167,0.644398808085689
lan-gateway-10s,167,0.6444390754610615
lan-gateway-10s,167,0.6444793428364339
lan-gateway-10s,167,0.6445196102118064
lan-gateway-10s,167,0.6445598775871789
lan-gateway-10s,167,0.6446001449625514
lan-gateway-10s,167,0.6446404123379238
lan-gateway-10s,167,0.6446806797132962
lan-gateway-10s,167,0.6447209470886688
lan-gateway-10s,167,0.6447612144640412
lan-gateway-10s,167,0.6448014818394137
lan-gateway-10s,167,0.6448417492147862
lan-gateway-10s,167,0.6448820165901586
lan-gateway-10s,167,0.6449222839655311
lan-gateway-10s,167,0.6449625513409036
lan-gateway-10s,167,0.6450028187162761
lan-gateway-10s,167,0.6450430860916485
lan-gateway-10s,167,0.6450833534670211
lan-gateway-10s,167,0.6451236208423935
lan-gateway-10s,167,0.6451638882177659
lan-gateway-10s,167,0.6452041555931385
lan-gateway-10s,167,0.6452444229685109
lan-gateway-10s,167,0.6452846903438834
lan-gateway-10s,167,0.6453249577192559
lan-gateway-10s,167,0.6453652250946283
lan-gateway-10s,167,0.6454054924700008
lan-gateway-10s,167,0.6454457598453732
lan-gateway-10s,167,0.6454860272207458
lan-gateway-10s,167,0.6455262945961182
lan-gateway-10s,167,0.6455665619714906
lan-gateway-10s,167,0.6456068293468632
lan-gateway-10s,167,0.6456470967222356
lan-gateway-10s,167,0.6456873640976081
lan-gateway-10s,167,0.6457276314729806
lan-gateway-10s,167,0.6457678988483531
lan-gateway-10s,167,0.6458081662237255
lan-gateway-10s,167,0.645848433599098
lan-gateway-10s,167,0.6458887009744705
lan-gateway-10s,167,0.6459289683498429
lan-gateway-10s,167,0.6459692357252155
lan-gateway-10s,167,0.6460095031005879
lan-gateway-10s,167,0.6460497704759603
lan-gateway-10s,167,0.6460900378513329
lan-gateway-10s,167,0.6461303052267053
lan-gateway-10s,167,0.6461705726020778
lan-gateway-10s,167,0.6462108399774503
lan-gateway-10s,167,0.6462511073528228
lan-gateway-10s,167,0.6462913747281952
lan-gateway-10s,167,0.6463316421035676
lan-gateway-10s,167,0.6463719094789402
lan-gateway-10s,167,0.6464121768543126
lan-gateway-10s,167,0.6464524442296851
lan-gateway-10s,167,0.6464927116050576
lan-gateway-10s,167,0.64653297898043
lan-gateway-10s,167,0.6465732463558025
lan-gateway-10s,167,0.646613513731175
lan-gateway-10s,167,0.6466537811065475
lan-gateway-10s,167,0.6466940484819199
lan-gateway-10s,167,0.6467343158572925
lan-gateway-10s,167,0.6467745832326649
lan-gateway-10s,167,0.6468148506080373
lan-gateway-10s,167,0.6468551179834099
lan-gateway-10s,167,0.6468953853587823
lan-gateway-10s,167,0.6469356527341548
lan-gateway-10s,167,0.6469759201095273
lan-gateway-10s,167,0.6470161874848998
lan-gateway-10s,167,0.6470564548602722
lan-gateway-10s,167,0.6470967222356446
lan-gateway-10s,167,0.6471369896110172
lan-gateway-10s,167,0.6471772569863896
lan-gateway-10s,167,0.647217524361762
lan-gateway-10s,167,0.6472577917371346
lan-gateway-10s,167,0.647298059112507
lan-gateway-10s,167,0.6473383264878795
lan-gateway-10s,167,0.647378593863252
lan-gateway-10s,167,0.6474188612386245
lan-gateway-10s,167,0.6474591286139969
lan-gateway-10s,167,0.6474993959893695
lan-gateway-10s,167,0.6475396633647419
lan-gateway-10s,167,0.6475799307401143
lan-gateway-10s,167,0.6476201981154869
lan-gateway-10s,167,0.6476604654908593
lan-gateway-10s,167,0.6477007328662318
lan-gateway-10s,167,0.6477410002416043
lan-gateway-10s,167,0.6477812676169767
lan-gateway-10s,167,0.6478215349923492
lan-gateway-10s,167,0.6478618023677216
lan-gateway-10s,167,0.6479020697430942
lan-gateway-10s,167,0.6479423371184666
lan-gateway-10s,167,0.647982604493839
lan-gateway-10s,167,0.6480228718692116
lan-gateway-10s,167,0.648063139244584
lan-gateway-10s,167,0.6481034066199565
lan-gateway-10s,167,0.648143673995329
lan-gateway-10s,167,0.6481839413707015
lan-gateway-10s,167,0.6482242087460739
lan-gateway-10s,167,0.6482644761214464
lan-gateway-10s,167,0.6483047434968189
lan-gateway-10s,167,0.6483450108721913
lan-gateway-10s,167,0.6483852782475639
lan-gateway-10s,167,0.6484255456229363
lan-gateway-10s,167,0.6484658129983087
lan-gateway-10s,167,0.6485060803736813
lan-gateway-10s,167,0.6485463477490537
lan-gateway-10s,167,0.6485866151244262
lan-gateway-10s,167,0.6486268824997987
lan-gateway-10s,167,0.6486671498751712
lan-gateway-10s,167,0.6487074172505436
lan-gateway-10s,167,0.648747684625916
lan-gateway-10s,167,0.6487879520012886
lan-gateway-10s,167,0.648828219376661
lan-gateway-10s,167,0.6488684867520335
lan-gateway-10s,167,0.648908754127406
lan-gateway-10s,167,0.6489490215027784
lan-gateway-10s,167,0.6489892888781509
lan-gateway-10s,167,0.6490295562535234
lan-gateway-10s,167,0.6490698236288959
lan-gateway-10s,167,0.6491100910042683
lan-gateway-10s,167,0.6491503583796409
lan-gateway-10s,167,0.6491906257550133
lan-gateway-10s,167,0.6492308931303857
lan-gateway-10s,167,0.6492711605057583
lan-gateway-10s,167,0.6493114278811307
lan-gateway-10s,167,0.6493516952565032
lan-gateway-10s,167,0.6493919626318757
lan-gateway-10s,167,0.6494322300072481
lan-gateway-10s,167,0.6494724973826206
lan-gateway-10s,167,0.649512764757993
lan-gateway-10s,167,0.6495530321333656
lan-gateway-10s,167,0.649593299508738
lan-gateway-10s,167,0.6496335668841104
lan-gateway-10s,167,0.649673834259483
lan-gateway-10s,167,0.6497141016348554
lan-gateway-10s,167,0.6497543690102279
lan-gateway-10s,167,0.6497946363856004
lan-gateway-10s,167,0.6498349037609729
lan-gateway-10s,167,0.6498751711363453
lan-gateway-10s,167,0.6499154385117178
lan-gateway-10s,167,0.6499557058870903
lan-gateway-10s,167,0.6499959732624627
lan-gateway-10s,167,0.6500362406378353
lan-gateway-10s,167,0.6500765080132077
lan-gateway-10s,167,0.6501167753885801
lan-gateway-10s,167,0.6501570427639527
lan-gateway-10s,167,0.6501973101393251
lan-gateway-10s,167,0.6502375775146976
lan-gateway-10s,167,0.65027784489007
lan-gateway-10s,167,0.6503181122654426
lan-gateway-10s,167,0.650358379640815
lan-gateway-10s,167,0.6503986470161874
lan-gateway-10s,167,0.65043891439156
lan-gateway-10s,167,0.6504791817669324
lan-gateway-10s,167,0.6505194491423049
lan-gateway-10s,167,0.6505597165176774
lan-gateway-10s,167,0.6505999838930498
lan-gateway-10s,167,0.6506402512684223
lan-gateway-10s,167,0.6506805186437948
lan-gateway-10s,167,0.6507207860191673
lan-gateway-10s,167,0.6507610533945397
lan-gateway-10s,167,0.6508013207699123
lan-gateway-10s,167,0.6508415881452847
lan-gateway-10s,167,0.6508818555206571
lan-gateway-10s,167,0.6509221228960297
lan-gateway-10s,167,0.6509623902714021
lan-gateway-10s,167,0.6510026576467746
lan-gateway-10s,167,0.651042925022147
lan-gateway-10s,167,0.6510831923975196
lan-gateway-10s,167,0.651123459772892
lan-gateway-10s,167,0.6511637271482644
lan-gateway-10s,167,0.651203994523637
lan-gateway-10s,167,0.6512442618990094
lan-gateway-10s,167,0.6512845292743819
lan-gateway-10s,167,0.6513247966497544
lan-gateway-10s,167,0.6513650640251268
lan-gateway-10s,167,0.6514053314004993
lan-gateway-10s,167,0.6514455987758718
lan-gateway-10s,167,0.6514858661512443
lan-gateway-10s,167,0.6515261335266167
lan-gateway-10s,167,0.6515664009019893
lan-gateway-10s,167,0.6516066682773617
lan-gateway-10s,167,0.6516469356527341
lan-gateway-10s,167,0.6516872030281067
lan-gateway-10s,167,0.6517274704034791
lan-gateway-10s,167,0.6517677377788516
lan-gateway-10s,167,0.6518080051542241
lan-gateway-10s,167,0.6518482725295965
lan-gateway-10s,167,0.651888539904969
lan-gateway-10s,167,0.6519288072803414
lan-gateway-10s,167,0.651969074655714
lan-gateway-10s,167,0.6520093420310864
lan-gateway-10s,167,0.6520496094064588
lan-gateway-10s,167,0.6520898767818314
lan-gateway-10s,167,0.6521301441572038
lan-gateway-10s,167,0.6521704115325763
lan-gateway-10s,167,0.6522106789079488
lan-gateway-10s,167,0.6522509462833213
lan-gateway-10s,167,0.6522912136586937
lan-gateway-10s,167,0.6523314810340662
lan-gateway-10s,167,0.6523717484094387
lan-gateway-10s,167,0.6524120157848111
lan-gateway-10s,167,0.6524522831601837
lan-gateway-10s,167,0.6524925505355561
lan-gateway-10s,167,0.6525328179109285
lan-gateway-10s,167,0.6525730852863011
lan-gateway-10s,167,0.6526133526616735
lan-gateway-10s,167,0.652653620037046
lan-gateway-10s,167,0.6526938874124184
lan-gateway-10s,167,0.652734154787791
lan-gateway-10s,167,0.6527744221631634
lan-gateway-10s,167,0.6528146895385358
lan-gateway-10s,167,0.6528549569139084
lan-gateway-10s,167,0.6528952242892808
lan-gateway-10s,167,0.6529354916646533
lan-gateway-10s,167,0.6529757590400258
lan-gateway-10s,167,0.6530160264153982
lan-gateway-10s,167,0.6530562937907707
lan-gateway-10s,167,0.6530965611661432
lan-gateway-10s,167,0.6531368285415157
lan-gateway-10s,167,0.6531770959168881
lan-gateway-10s,167,0.6532173632922607
lan-gateway-10s,167,0.6532576306676331
lan-gateway-10s,167,0.6532978980430055
lan-gateway-10s,167,0.6533381654183781
lan-gateway-10s,167,0.6533784327937505
lan-gateway-10s,167,0.653418700169123
lan-gateway-10s,167,0.6534589675444954
lan-gateway-10s,167,0.6534992349198679
lan-gateway-10s,167,0.6535395022952404
lan-gateway-10s,167,0.6535797696706128
lan-gateway-10s,167,0.6536200370459854
lan-gateway-10s,167,0.6536603044213578
lan-gateway-10s,167,0.6537005717967302
lan-gateway-10s,167,0.6537408391721028
lan-gateway-10s,167,0.6537811065474752
lan-gateway-10s,167,0.6538213739228477
lan-gateway-10s,167,0.6538616412982202
lan-gateway-10s,167,0.6539019086735927
lan-gateway-10s,167,0.6539421760489651
lan-gateway-10s,167,0.6539824434243376
lan-gateway-10s,167,0.6540227107997101
lan-gateway-10s,167,0.6540629781750825
lan-gateway-10s,167,0.6541032455504551
lan-gateway-10s,167,0.6541435129258275
lan-gateway-10s,167,0.6541837803012
lan-gateway-10s,167,0.6542240476765725
lan-gateway-10s,167,0.6542643150519449
lan-gateway-10s,167,0.6543045824273174
lan-gateway-10s,167,0.6543448498026898
lan-gateway-10s,167,0.6543851171780624
lan-gateway-10s,167,0.6544253845534348
lan-gateway-10s,167,0.6544656519288072
lan-gateway-10s,167,0.6545059193041798
lan-gateway-10s,167,0.6545461866795522
lan-gateway-10s,167,0.6545864540549247
lan-gateway-10s,167,0.6546267214302972
lan-gateway-10s,167,0.6546669888056696
lan-gateway-10s,167,0.6547072561810421
lan-gateway-10s,167,0.6547475235564146
lan-gateway-10s,167,0.6547877909317871
lan-gateway-10s,167,0.6548280583071595
lan-gateway-10s,167,0.6548683256825321
lan-gateway-10s,167,0.6549085930579045
lan-gateway-10s,167,0.6549488604332769
lan-gateway-10s,167,0.6549891278086495
lan-gateway-10s,167,0.6550293951840219
lan-gateway-10s,167,0.6550696625593944
lan-gateway-10s,167,0.6551099299347668
lan-gateway-10s,167,0.6551501973101393
lan-gateway-10s,167,0.6551904646855118
lan-gateway-10s,167,0.6552307320608842
lan-gateway-10s,167,0.6552709994362568
lan-gateway-10s,167,0.6553112668116292
lan-gateway-10s,167,0.6553515341870016
lan-gateway-10s,167,0.6553918015623742
lan-gateway-10s,167,0.6554320689377466
lan-gateway-10s,167,0.6554723363131191
lan-gateway-10s,167,0.6555126036884916
lan-gateway-10s,167,0.6555528710638641
lan-gateway-10s,167,0.6555931384392365
lan-gateway-10s,167,0.655633405814609
lan-gateway-10s,167,0.6556736731899815
lan-gateway-10s,167,0.6557139405653539
lan-gateway-10s,167,0.6557542079407265
lan-gateway-10s,167,0.6557944753160989
lan-gateway-10s,167,0.6558347426914714
lan-gateway-10s,167,0.6558750100668438
lan-gateway-10s,167,0.6559152774422163
lan-gateway-10s,167,0.6559555448175888
lan-gateway-10s,167,0.6559958121929612
lan-gateway-10s,167,0.6560360795683338
lan-gateway-10s,167,0.6560763469437062
lan-gateway-10s,167,0.6561166143190786
lan-gateway-10s,167,0.6561568816944512
lan-gateway-10s,167,0.6561971490698236
lan-gateway-10s,167,0.6562374164451961
lan-gateway-10s,167,0.6562776838205686
lan-gateway-10s,167,0.656317951195941
lan-gateway-10s,167,0.6563582185713135
lan-gateway-10s,167,0.656398485946686
lan-gateway-10s,167,0.6564387533220585
lan-gateway-10s,167,0.6564790206974309
lan-gateway-10s,167,0.6565192880728035
lan-gateway-10s,167,0.6565595554481759
lan-gateway-10s,167,0.6565998228235483
lan-gateway-10s,167,0.6566400901989209
lan-gateway-10s,167,0.6566803575742933
lan-gateway-10s,167,0.6567206249496658
lan-gateway-10s,167,0.6567608923250382
lan-gateway-10s,167,0.6568011597004108
lan-gateway-10s,167,0.6568414270757832
lan-gateway-10s,167,0.6568816944511556
lan-gateway-10s,167,0.6569219618265282
lan-gateway-10s,167,0.6569622292019006
lan-gateway-10s,167,0.657002496577273
lan-gateway-10s,167,0.6570427639526456
lan-gateway-10s,167,0.657083031328018
lan-gateway-10s,167,0.6571232987033905
lan-gateway-10s,167,0.657163566078763
lan-gateway-10s,167,0.6572038334541355
lan-gateway-10s,167,0.6572441008295079
lan-gateway-10s,167,0.6572843682048805
lan-gateway-10s,167,0.6573246355802529
lan-gateway-10s,167,0.6573649029556253
lan-gateway-10s,167,0.6574051703309979
lan-gateway-10s,167,0.6574454377063703
lan-gateway-10s,167,0.6574857050817428
lan-gateway-10s,167,0.6575259724571152
lan-gateway-10s,167,0.6575662398324877
lan-gateway-10s,167,0.6576065072078602
lan-gateway-10s,167,0.6576467745832326
lan-gateway-10s,167,0.6576870419586052
lan-gateway-10s,167,0.6577273093339776
lan-gateway-10s,167,0.65776757670935
lan-gateway-10s,167,0.6578078440847226
lan-gateway-10s,167,0.657848111460095
lan-gateway-10s,167,0.6578883788354675
lan-gateway-10s,167,0.65792864621084
lan-gateway-10s,167,0.6579689135862125
lan-gateway-10s,167,0.6580091809615849
lan-gateway-10s,167,0.6580494483369574
lan-gateway-10s,167,0.6580897157123299
lan-gateway-10s,167,0.6581299830877023
lan-gateway-10s,167,0.6581702504630749
lan-gateway-10s,167,0.6582105178384473
lan-gateway-10s,167,0.6582507852138197
lan-gateway-10s,167,0.6582910525891922
lan-gateway-10s,167,0.6583313199645647
lan-gateway-10s,167,0.6583715873399372
lan-gateway-10s,167,0.6584118547153096
lan-gateway-10s,167,0.6584521220906822
lan-gateway-10s,167,0.6584923894660546
lan-gateway-10s,167,0.658532656841427
lan-gateway-10s,167,0.6585729242167996
lan-gateway-10s,167,0.658613191592172
lan-gateway-10s,167,0.6586534589675445
lan-gateway-10s,167,0.658693726342917
lan-gateway-10s,167,0.6587339937182894
lan-gateway-10s,167,0.6587742610936619
lan-gateway-10s,167,0.6588145284690344
lan-gateway-10s,167,0.6588547958444069
lan-gateway-10s,167,0.6588950632197793
lan-gateway-10s,167,0.6589353305951519
lan-gateway-10s,167,0.6589755979705243
lan-gateway-10s,167,0.6590158653458967
lan-gateway-10s,167,0.6590561327212692
lan-gateway-10s,167,0.6590964000966417
lan-gateway-10s,167,0.6591366674720142
lan-gateway-10s,167,0.6591769348473866
lan-gateway-10s,167,0.6592172022227591
lan-gateway-10s,167,0.6592574695981316
lan-gateway-10s,167,0.659297736973504
lan-gateway-10s,167,0.6593380043488766
lan-gateway-10s,167,0.659378271724249
lan-gateway-10s,167,0.6594185390996214
lan-gateway-10s,167,0.659458806474994
lan-gateway-10s,167,0.6594990738503664
lan-gateway-10s,167,0.6595393412257389
lan-gateway-10s,167,0.6595796086011114
lan-gateway-10s,167,0.6596198759764839
lan-gateway-10s,167,0.6596601433518563
lan-gateway-10s,167,0.6597004107272288
lan-gateway-10s,167,0.6597406781026013
lan-gateway-10s,167,0.6597809454779737
lan-gateway-10s,167,0.6598212128533463
lan-gateway-10s,167,0.6598614802287187
lan-gateway-10s,167,0.6599017476040911
lan-gateway-10s,167,0.6599420149794636
lan-gateway-10s,167,0.6599822823548361
lan-gateway-10s,167,0.6600225497302086
lan-gateway-10s,167,0.660062817105581
lan-gateway-10s,167,0.6601030844809536
lan-gateway-10s,167,0.660143351856326
lan-gateway-10s,167,0.6601836192316984
lan-gateway-10s,167,0.660223886607071
lan-gateway-10s,167,0.6602641539824434
lan-gateway-10s,167,0.6603044213578159
lan-gateway-10s,167,0.6603446887331884
lan-gateway-10s,167,0.6603849561085608
lan-gateway-10s,167,0.6604252234839333
lan-gateway-10s,167,0.6604654908593058
lan-gateway-10s,167,0.6605057582346783
lan-gateway-10s,167,0.6605460256100507
lan-gateway-10s,167,0.6605862929854233
lan-gateway-10s,167,0.6606265603607957
lan-gateway-10s,167,0.6606668277361681
lan-gateway-10s,167,0.6607070951115406
lan-gateway-10s,167,0.6607473624869131
lan-gateway-10s,167,0.6607876298622856
lan-gateway-10s,167,0.660827897237658
lan-gateway-10s,167,0.6608681646130306
lan-gateway-10s,167,0.660908431988403
lan-gateway-10s,167,0.6609486993637754
lan-gateway-10s,167,0.660988966739148
lan-gateway-10s,167,0.6610292341145204
lan-gateway-10s,167,0.6610695014898929
lan-gateway-10s,167,0.6611097688652654
lan-gateway-10s,167,0.6611500362406378
lan-gateway-10s,167,0.6611903036160103
lan-gateway-10s,167,0.6612305709913828
lan-gateway-10s,167,0.6612708383667553
lan-gateway-10s,167,0.6613111057421277
lan-gateway-10s,167,0.6613513731175003
lan-gateway-10s,167,0.6613916404928727
lan-gateway-10s,167,0.6614319078682451
lan-gateway-10s,167,0.6614721752436176
lan-gateway-10s,167,0.6615124426189901
lan-gateway-10s,167,0.6615527099943626
lan-gateway-10s,167,0.661592977369735
lan-gateway-10s,167,0.6616332447451075
lan-gateway-10s,167,0.66167351212048
lan-gateway-10s,167,0.6617137794958524
lan-gateway-10s,167,0.661754046871225
lan-gateway-10s,167,0.6617943142465974
lan-gateway-10s,167,0.6618345816219698
lan-gateway-10s,167,0.6618748489973424
lan-gateway-10s,167,0.6619151163727148
lan-gateway-10s,167,0.6619553837480873
lan-gateway-10s,167,0.6619956511234598
lan-gateway-10s,167,0.6620359184988323
lan-gateway-10s,167,0.6620761858742047
lan-gateway-10s,167,0.6621164532495772
lan-gateway-10s,167,0.6621567206249497
lan-gateway-10s,167,0.6621969880003221
lan-gateway-10s,167,0.6622372553756947
lan-gateway-10s,167,0.6622775227510671
lan-gateway-10s,167,0.6623177901264395
lan-gateway-10s,167,0.662358057501812
lan-gateway-10s,167,0.6623983248771845
lan-gateway-10s,167,0.662438592252557
lan-gateway-10s,167,0.6624788596279294
lan-gateway-10s,167,0.662519127003302
lan-gateway-10s,167,0.6625593943786744
lan-gateway-10s,167,0.6625996617540468
lan-gateway-10s,167,0.6626399291294194
lan-gateway-10s,167,0.6626801965047918
lan-gateway-10s,167,0.6627204638801643
lan-gateway-10s,167,0.6627607312555368
lan-gateway-10s,167,0.6628009986309092
lan-gateway-10s,167,0.6628412660062817
lan-gateway-10s,167,0.6628815333816542
lan-gateway-10s,167,0.6629218007570267
lan-gateway-10s,167,0.6629620681323991
lan-gateway-10s,167,0.6630023355077717
lan-gateway-10s,167,0.6630426028831441
lan-gateway-10s,167,0.6630828702585165
lan-gateway-10s,167,0.663123137633889
lan-gateway-10s,167,0.6631634050092615
lan-gateway-10s,167,0.663203672384634
lan-gateway-10s,167,0.6632439397600064
lan-gateway-10s,167,0.663284207135379
lan-gateway-10s,167,0.6633244745107514
lan-gateway-10s,167,0.6633647418861238
lan-gateway-10s,167,0.6634050092614964
lan-gateway-10s,167,0.6634452766368688
lan-gateway-10s,167,0.6634855440122412
lan-gateway-10s,167,0.6635258113876138
lan-gateway-10s,167,0.6635660787629862
lan-gateway-10s,167,0.6636063461383587
lan-gateway-10s,167,0.6636466135137312
lan-gateway-10s,167,0.6636868808891037
lan-gateway-10s,167,0.6637271482644761
lan-gateway-10s,167,0.6637674156398486
lan-gateway-10s,167,0.6638076830152211
lan-gateway-10s,167,0.6638479503905935
lan-gateway-10s,167,0.663888217765966
lan-gateway-10s,167,0.6639284851413385
lan-gateway-10s,167,0.663968752516711
lan-gateway-10s,167,0.6640090198920834
lan-gateway-10s,167,0.6640492872674559
lan-gateway-10s,167,0.6640895546428284
lan-gateway-10s,167,0.6641298220182008
lan-gateway-10s,167,0.6641700893935734
lan-gateway-10s,167,0.6642103567689458
lan-gateway-10s,167,0.6642506241443182
lan-gateway-10s,167,0.6642908915196908
lan-gateway-10s,167,0.6643311588950632
lan-gateway-10s,167,0.6643714262704357
lan-gateway-10s,167,0.6644116936458082
lan-gateway-10s,167,0.6644519610211806
lan-gateway-10s,167,0.6644922283965531
lan-gateway-10s,167,0.6645324957719256
lan-gateway-10s,167,0.6645727631472981
lan-gateway-10s,167,0.6646130305226705
lan-gateway-10s,167,0.6646532978980431
lan-gateway-10s,167,0.6646935652734155
lan-gateway-10s,167,0.6647338326487879
lan-gateway-10s,167,0.6647741000241604
lan-gateway-10s,167,0.6648143673995329
lan-gateway-10s,167,0.6648546347749054
lan-gateway-10s,167,0.6648949021502778
lan-gateway-10s,167,0.6649351695256503
lan-gateway-10s,167,0.6649754369010228
lan-gateway-10s,167,0.6650157042763952
lan-gateway-10s,167,0.6650559716517678
lan-gateway-10s,167,0.6650962390271402
lan-gateway-10s,167,0.6651365064025127
lan-gateway-10s,167,0.6651767737778852
lan-gateway-10s,167,0.6652170411532576
lan-gateway-10s,167,0.6652573085286301
lan-gateway-10s,167,0.6652975759040026
lan-gateway-10s,167,0.6653378432793751
lan-gateway-10s,167,0.6653781106547475
lan-gateway-10s,167,0.66541837803012
lan-gateway-10s,167,0.6654586454054925
lan-gateway-10s,167,0.6654989127808649
lan-gateway-10s,167,0.6655391801562374
lan-gateway-10s,167,0.6655794475316099
lan-gateway-10s,167,0.6656197149069824
lan-gateway-10s,167,0.6656599822823548
lan-gateway-10s,167,0.6657002496577273
lan-gateway-10s,167,0.6657405170330998
lan-gateway-10s,167,0.6657807844084722
lan-gateway-10s,167,0.6658210517838448
lan-gateway-10s,167,0.6658613191592172
lan-gateway-10s,167,0.6659015865345896
lan-gateway-10s,167,0.6659418539099622
lan-gateway-10s,167,0.6659821212853346
lan-gateway-10s,167,0.6660223886607071
lan-gateway-10s,167,0.6660626560360796
lan-gateway-10s,167,0.666102923411452
lan-gateway-10s,167,0.6661431907868245
lan-gateway-10s,167,0.666183458162197
lan-gateway-10s,167,0.6662237255375695
lan-gateway-10s,167,0.6662639929129419
lan-gateway-10s,167,0.6663042602883144
lan-gateway-10s,167,0.6663445276636869
lan-gateway-10s,167,0.6663847950390593
lan-gateway-10s,167,0.6664250624144318
lan-gateway-10s,167,0.6664653297898043
lan-gateway-10s,167,0.6665055971651768
lan-gateway-10s,167,0.6665458645405492
lan-gateway-10s,167,0.6665861319159218
lan-gateway-10s,167,0.6666263992912942
lan-gateway-10s,167,0.6666666666666666
lan-gateway-10s,167,0.6667069340420392
lan-gateway-10s,167,0.6667472014174116
lan-gateway-10s,167,0.666787468792784
lan-gateway-10s,167,0.6668277361681566
lan-gateway-10s,167,0.666868003543529
lan-gateway-10s,167,0.6669082709189015
lan-gateway-10s,167,0.666948538294274
lan-gateway-10s,167,0.6669888056696465
lan-gateway-10s,167,0.6670290730450189
lan-gateway-10s,167,0.6670693404203913
lan-gateway-10s,167,0.6671096077957639
lan-gateway-10s,167,0.6671498751711363
lan-gateway-10s,167,0.6671901425465088
lan-gateway-10s,167,0.6672304099218813
lan-gateway-10s,167,0.6672706772972538
lan-gateway-10s,167,0.6673109446726262
lan-gateway-10s,167,0.6673512120479987
lan-gateway-10s,167,0.6673914794233712
lan-gateway-10s,167,0.6674317467987436
lan-gateway-10s,167,0.6674720141741162
lan-gateway-10s,167,0.6675122815494886
lan-gateway-10s,167,0.667552548924861
lan-gateway-10s,167,0.6675928163002336
lan-gateway-10s,167,0.667633083675606
lan-gateway-10s,167,0.6676733510509785
lan-gateway-10s,167,0.667713618426351
lan-gateway-10s,167,0.6677538858017235
lan-gateway-10s,167,0.6677941531770959
lan-gateway-10s,167,0.6678344205524684
lan-gateway-10s,167,0.6678746879278409
lan-gateway-10s,167,0.6679149553032133
lan-gateway-10s,167,0.6679552226785858
lan-gateway-10s,167,0.6679954900539583
lan-gateway-10s,167,0.6680357574293307
lan-gateway-10s,167,0.6680760248047032
lan-gateway-10s,167,0.6681162921800757
lan-gateway-10s,167,0.6681565595554482
lan-gateway-10s,167,0.6681968269308206
lan-gateway-10s,167,0.6682370943061932
lan-gateway-10s,167,0.6682773616815656
lan-gateway-10s,167,0.668317629056938
lan-gateway-10s,167,0.6683578964323106
lan-gateway-10s,167,0.668398163807683
lan-gateway-10s,167,0.6684384311830555
lan-gateway-10s,167,0.668478698558428
lan-gateway-10s,167,0.6685189659338004
lan-gateway-10s,167,0.6685592333091729
lan-gateway-10s,167,0.6685995006845454
lan-gateway-10s,167,0.6686397680599179
lan-gateway-10s,167,0.6686800354352903
lan-gateway-10s,167,0.6687203028106627
lan-gateway-10s,167,0.6687605701860353
lan-gateway-10s,167,0.6688008375614077
lan-gateway-10s,167,0.6688411049367802
lan-gateway-10s,167,0.6688813723121527
lan-gateway-10s,167,0.6689216396875252
lan-gateway-10s,167,0.6689619070628976
lan-gateway-10s,167,0.6690021744382701
lan-gateway-10s,167,0.6690424418136426
lan-gateway-10s,167,0.669082709189015
lan-gateway-10s,167,0.6691229765643876
lan-gateway-10s,167,0.66916324393976
lan-gateway-10s,167,0.6692035113151324
lan-gateway-10s,167,0.669243778690505
lan-gateway-10s,167,0.6692840460658774
lan-gateway-10s,167,0.6693243134412499
lan-gateway-10s,167,0.6693645808166224
lan-gateway-10s,167,0.6694048481919949
lan-gateway-10s,167,0.6694451155673673
lan-gateway-10s,167,0.6694853829427397
lan-gateway-10s,167,0.6695256503181123
lan-gateway-10s,167,0.6695659176934847
lan-gateway-10s,167,0.6696061850688572
lan-gateway-10s,167,0.6696464524442297
lan-gateway-10s,167,0.6696867198196021
lan-gateway-10s,167,0.6697269871949746
lan-gateway-10s,167,0.6697672545703471
lan-gateway-10s,167,0.6698075219457196
lan-gateway-10s,167,0.669847789321092
lan-gateway-10s,167,0.6698880566964646
lan-gateway-10s,167,0.669928324071837
lan-gateway-10s,167,0.6699685914472094
lan-gateway-10s,167,0.670008858822582
lan-gateway-10s,167,0.6700491261979544
lan-gateway-10s,167,0.6700893935733269
lan-gateway-10s,167,0.6701296609486994
lan-gateway-10s,167,0.6701699283240719
lan-gateway-10s,167,0.6702101956994443
lan-gateway-10s,167,0.6702504630748168
lan-gateway-10s,167,0.6702907304501893
lan-gateway-10s,167,0.6703309978255617
lan-gateway-10s,167,0.6703712652009342
lan-gateway-10s,167,0.6704115325763067
lan-gateway-10s,167,0.6704517999516791
lan-gateway-10s,167,0.6704920673270516
lan-gateway-10s,167,0.6705323347024241
lan-gateway-10s,167,0.6705726020777966
lan-gateway-10s,167,0.670612869453169
lan-gateway-10s,167,0.6706531368285416
lan-gateway-10s,167,0.670693404203914
lan-gateway-10s,167,0.6707336715792864
lan-gateway-10s,167,0.670773938954659
lan-gateway-10s,167,0.6708142063300314
lan-gateway-10s,167,0.6708544737054039
lan-gateway-10s,167,0.6708947410807764
lan-gateway-10s,167,0.6709350084561488
lan-gateway-10s,167,0.6709752758315213
lan-gateway-10s,167,0.6710155432068938
lan-gateway-10s,167,0.6710558105822663
lan-gateway-10s,167,0.6710960779576387
lan-gateway-10s,167,0.6711363453330111
lan-gateway-10s,167,0.6711766127083837
lan-gateway-10s,167,0.6712168800837561
lan-gateway-10s,167,0.6712571474591286
lan-gateway-10s,167,0.6712974148345011
lan-gateway-10s,167,0.6713376822098736
lan-gateway-10s,167,0.671377949585246
lan-gateway-10s,167,0.6714182169606185
lan-gateway-10s,167,0.671458484335991
lan-gateway-10s,167,0.6714987517113634
lan-gateway-10s,167,0.671539019086736
lan-gateway-10s,167,0.6715792864621084
lan-gateway-10s,167,0.6716195538374808
lan-gateway-10s,167,0.6716598212128534
lan-gateway-10s,167,0.6717000885882258
lan-gateway-10s,167,0.6717403559635983
lan-gateway-10s,167,0.6717806233389708
lan-gateway-10s,167,0.6718208907143433
lan-gateway-10s,167,0.6718611580897157
lan-gateway-10s,167,0.6719014254650881
lan-gateway-10s,167,0.6719416928404607
lan-gateway-10s,167,0.6719819602158331
lan-gateway-10s,167,0.6720222275912056
lan-gateway-10s,167,0.6720624949665781
lan-gateway-10s,167,0.6721027623419505
lan-gateway-10s,167,0.672143029717323
lan-gateway-10s,167,0.6721832970926955
lan-gateway-10s,167,0.672223564468068
lan-gateway-10s,167,0.6722638318434404
lan-gateway-10s,167,0.672304099218813
lan-gateway-10s,167,0.6723443665941854
lan-gateway-10s,167,0.6723846339695578
lan-gateway-10s,167,0.6724249013449304
lan-gateway-10s,167,0.6724651687203028
lan-gateway-10s,167,0.6725054360956753
lan-gateway-10s,167,0.6725457034710478
lan-gateway-10s,167,0.6725859708464202
lan-gateway-10s,167,0.6726262382217927
lan-gateway-10s,167,0.6726665055971652
lan-gateway-10s,167,0.6727067729725377
lan-gateway-10s,167,0.6727470403479101
lan-gateway-10s,167,0.6727873077232825
lan-gateway-10s,167,0.6728275750986551
lan-gateway-10s,167,0.6728678424740275
lan-gateway-10s,167,0.6729081098494
lan-gateway-10s,167,0.6729483772247725
lan-gateway-10s,167,0.672988644600145
lan-gateway-10s,167,0.6730289119755174
lan-gateway-10s,167,0.67306917935089
lan-gateway-10s,167,0.6731094467262624
lan-gateway-10s,167,0.6731497141016348
lan-gateway-10s,167,0.6731899814770074
lan-gateway-10s,167,0.6732302488523798
lan-gateway-10s,167,0.6732705162277522
lan-gateway-10s,167,0.6733107836031248
lan-gateway-10s,167,0.6733510509784972
lan-gateway-10s,167,0.6733913183538697
lan-gateway-10s,167,0.6734315857292422
lan-gateway-10s,167,0.6734718531046147
lan-gateway-10s,167,0.6735121204799871
lan-gateway-10s,167,0.6735523878553595
lan-gateway-10s,167,0.6735926552307321
lan-gateway-10s,167,0.6736329226061045
lan-gateway-10s,167,0.673673189981477
lan-gateway-10s,167,0.6737134573568495
lan-gateway-10s,167,0.673753724732222
lan-gateway-10s,167,0.6737939921075944
lan-gateway-10s,167,0.6738342594829669
lan-gateway-10s,167,0.6738745268583394
lan-gateway-10s,167,0.6739147942337118
lan-gateway-10s,167,0.6739550616090844
lan-gateway-10s,167,0.6739953289844568
lan-gateway-10s,167,0.6740355963598292
lan-gateway-10s,167,0.6740758637352018
lan-gateway-10s,167,0.6741161311105742
lan-gateway-10s,167,0.6741563984859467
lan-gateway-10s,167,0.6741966658613192
lan-gateway-10s,167,0.6742369332366916
lan-gateway-10s,167,0.6742772006120641
lan-gateway-10s,167,0.6743174679874365
lan-gateway-10s,167,0.6743577353628091
lan-gateway-10s,167,0.6743980027381815
lan-gateway-10s,167,0.674438270113554
lan-gateway-10s,167,0.6744785374889265
lan-gateway-10s,167,0.6745188048642989
lan-gateway-10s,167,0.6745590722396714
lan-gateway-10s,167,0.6745993396150439
lan-gateway-10s,167,0.6746396069904164
lan-gateway-10s,167,0.6746798743657888
lan-gateway-10s,167,0.6747201417411613
lan-gateway-10s,167,0.6747604091165338
lan-gateway-10s,167,0.6748006764919062
lan-gateway-10s,167,0.6748409438672788
lan-gateway-10s,167,0.6748812112426512
lan-gateway-10s,167,0.6749214786180237
lan-gateway-10s,167,0.6749617459933962
lan-gateway-10s,167,0.6750020133687686
lan-gateway-10s,167,0.6750422807441411
lan-gateway-10s,167,0.6750825481195135
lan-gateway-10s,167,0.6751228154948861
lan-gateway-10s,167,0.6751630828702585
lan-gateway-10s,167,0.6752033502456309
lan-gateway-10s,167,0.6752436176210035
lan-gateway-10s,167,0.6752838849963759
lan-gateway-10s,167,0.6753241523717484
lan-gateway-10s,167,0.6753644197471209
lan-gateway-10s,167,0.6754046871224934
lan-gateway-10s,167,0.6754449544978658
lan-gateway-10s,167,0.6754852218732383
lan-gateway-10s,167,0.6755254892486108
lan-gateway-10s,167,0.6755657566239832
lan-gateway-10s,167,0.6756060239993558
lan-gateway-10s,167,0.6756462913747282
lan-gateway-10s,167,0.6756865587501006
lan-gateway-10s,167,0.6757268261254732
lan-gateway-10s,167,0.6757670935008456
lan-gateway-10s,167,0.6758073608762181
lan-gateway-10s,167,0.6758476282515906
lan-gateway-10s,167,0.675887895626963
lan-gateway-10s,167,0.6759281630023355
lan-gateway-10s,167,0.6759684303777079
lan-gateway-10s,167,0.6760086977530805
lan-gateway-10s,167,0.6760489651284529
lan-gateway-10s,167,0.6760892325038254
lan-gateway-10s,167,0.6761294998791979
lan-gateway-10s,167,0.6761697672545703
lan-gateway-10s,167,0.6762100346299428
lan-gateway-10s,167,0.6762503020053153
lan-gateway-10s,167,0.6762905693806878
lan-gateway-10s,167,0.6763308367560602
lan-gateway-10s,167,0.6763711041314328
lan-gateway-10s,167,0.6764113715068052
lan-gateway-10s,167,0.6764516388821776
lan-gateway-10s,167,0.6764919062575502
lan-gateway-10s,167,0.6765321736329226
lan-gateway-10s,167,0.6765724410082951
lan-gateway-10s,167,0.6766127083836676
lan-gateway-10s,167,0.67665297575904
lan-gateway-10s,167,0.6766932431344125
lan-gateway-10s,167,0.6767335105097849
lan-gateway-10s,167,0.6767737778851575
lan-gateway-10s,167,0.6768140452605299
lan-gateway-10s,167,0.6768543126359023
lan-gateway-10s,167,0.6768945800112749
lan-gateway-10s,167,0.6769348473866473
lan-gateway-10s,167,0.6769751147620198
lan-gateway-10s,167,0.6770153821373923
lan-gateway-10s,167,0.6770556495127648
lan-gateway-10s,167,0.6770959168881372
lan-gateway-10s,167,0.6771361842635097
lan-gateway-10s,167,0.6771764516388822
lan-gateway-10s,167,0.6772167190142546
lan-gateway-10s,167,0.6772569863896272
lan-gateway-10s,167,0.6772972537649996
lan-gateway-10s,167,0.677337521140372
lan-gateway-10s,167,0.6773777885157446
lan-gateway-10s,167,0.677418055891117
lan-gateway-10s,167,0.6774583232664895
lan-gateway-10s,167,0.6774985906418619
lan-gateway-10s,167,0.6775388580172345
lan-gateway-10s,167,0.6775791253926069
lan-gateway-10s,167,0.6776193927679793
lan-gateway-10s,167,0.6776596601433519
lan-gateway-10s,167,0.6776999275187243
lan-gateway-10s,167,0.6777401948940968
lan-gateway-10s,167,0.6777804622694693
lan-gateway-10s,167,0.6778207296448417
lan-gateway-10s,167,0.6778609970202142
lan-gateway-10s,167,0.6779012643955867
lan-gateway-10s,167,0.6779415317709592
lan-gateway-10s,167,0.6779817991463316
lan-gateway-10s,167,0.6780220665217042
lan-gateway-10s,167,0.6780623338970766
lan-gateway-10s,167,0.678102601272449
lan-gateway-10s,167,0.6781428686478216
lan-gateway-10s,167,0.678183136023194
lan-gateway-10s,167,0.6782234033985665
lan-gateway-10s,167,0.678263670773939
lan-gateway-10s,167,0.6783039381493114
lan-gateway-10s,167,0.6783442055246839
lan-gateway-10s,167,0.6783844729000563
lan-gateway-10s,167,0.6784247402754289
lan-gateway-10s,167,0.6784650076508013
lan-gateway-10s,167,0.6785052750261737
lan-gateway-10s,167,0.6785455424015463
lan-gateway-10s,167,0.6785858097769187
lan-gateway-10s,167,0.6786260771522912
lan-gateway-10s,167,0.6786663445276637
lan-gateway-10s,167,0.6787066119030362
lan-gateway-10s,167,0.6787468792784086
lan-gateway-10s,167,0.6787871466537811
lan-gateway-10s,167,0.6788274140291536
lan-gateway-10s,167,0.678867681404526
lan-gateway-10s,167,0.6789079487798986
lan-gateway-10s,167,0.678948216155271
lan-gateway-10s,167,0.6789884835306434
lan-gateway-10s,167,0.679028750906016
lan-gateway-10s,167,0.6790690182813884
lan-gateway-10s,167,0.6791092856567609
lan-gateway-10s,167,0.6791495530321333
lan-gateway-10s,167,0.6791898204075059
lan-gateway-10s,167,0.6792300877828783
lan-gateway-10s,167,0.6792703551582507
lan-gateway-10s,167,0.6793106225336233
lan-gateway-10s,167,0.6793508899089957
lan-gateway-10s,167,0.6793911572843682
lan-gateway-10s,167,0.6794314246597407
lan-gateway-10s,167,0.6794716920351132
lan-gateway-10s,167,0.6795119594104856
lan-gateway-10s,167,0.6795522267858581
lan-gateway-10s,167,0.6795924941612306
lan-gateway-10s,167,0.679632761536603
lan-gateway-10s,167,0.6796730289119756
lan-gateway-10s,167,0.679713296287348
lan-gateway-10s,167,0.6797535636627204
lan-gateway-10s,167,0.679793831038093
lan-gateway-10s,167,0.6798340984134654
lan-gateway-10s,167,0.6798743657888379
lan-gateway-10s,167,0.6799146331642103
lan-gateway-10s,167,0.6799549005395829
lan-gateway-10s,167,0.6799951679149553
lan-gateway-10s,167,0.6800354352903277
lan-gateway-10s,167,0.6800757026657003
lan-gateway-10s,167,0.6801159700410727
lan-gateway-10s,167,0.6801562374164452
lan-gateway-10s,167,0.6801965047918177
lan-gateway-10s,167,0.6802367721671901
lan-gateway-10s,167,0.6802770395425626
lan-gateway-10s,167,0.6803173069179351
lan-gateway-10s,167,0.6803575742933076
lan-gateway-10s,167,0.68039784166868
lan-gateway-10s,167,0.6804381090440526
lan-gateway-10s,167,0.680478376419425
lan-gateway-10s,167,0.6805186437947974
lan-gateway-10s,167,0.68055891117017
lan-gateway-10s,167,0.6805991785455424
lan-gateway-10s,167,0.6806394459209149
lan-gateway-10s,167,0.6806797132962874
lan-gateway-10s,167,0.6807199806716598
lan-gateway-10s,167,0.6807602480470323
lan-gateway-10s,167,0.6808005154224047
lan-gateway-10s,167,0.6808407827977773
lan-gateway-10s,167,0.6808810501731497
lan-gateway-10s,167,0.6809213175485221
lan-gateway-10s,167,0.6809615849238947
lan-gateway-10s,167,0.6810018522992671
lan-gateway-10s,167,0.6810421196746396
lan-gateway-10s,167,0.6810823870500121
lan-gateway-10s,167,0.6811226544253846
lan-gateway-10s,167,0.681162921800757
lan-gateway-10s,167,0.6812031891761295
lan-gateway-10s,167,0.681243456551502
lan-gateway-10s,167,0.6812837239268744
lan-gateway-10s,167,0.681323991302247
lan-gateway-10s,167,0.6813642586776194
lan-gateway-10s,167,0.6814045260529918
lan-gateway-10s,167,0.6814447934283644
lan-gateway-10s,167,0.6814850608037368
lan-gateway-10s,167,0.6815253281791093
lan-gateway-10s,167,0.6815655955544817
lan-gateway-10s,167,0.6816058629298543
lan-gateway-10s,167,0.6816461303052267
lan-gateway-10s,167,0.6816863976805991
lan-gateway-10s,167,0.6817266650559717
lan-gateway-10s,167,0.6817669324313441
lan-gateway-10s,167,0.6818071998067166
lan-gateway-10s,167,0.6818474671820891
lan-gateway-10s,167,0.6818877345574615
lan-gateway-10s,167,0.681928001932834
lan-gateway-10s,167,0.6819682693082065
lan-gateway-10s,167,0.682008536683579
lan-gateway-10s,167,0.6820488040589514
lan-gateway-10s,167,0.682089071434324
lan-gateway-10s,167,0.6821293388096964
lan-gateway-10s,167,0.6821696061850688
lan-gateway-10s,167,0.6822098735604414
lan-gateway-10s,167,0.6822501409358138
lan-gateway-10s,167,0.6822904083111863
lan-gateway-10s,167,0.6823306756865587
lan-gateway-10s,167,0.6823709430619312
lan-gateway-10s,167,0.6824112104373037
lan-gateway-10s,167,0.6824514778126761
lan-gateway-10s,167,0.6824917451880487
lan-gateway-10s,167,0.6825320125634211
lan-gateway-10s,167,0.6825722799387935
lan-gateway-10s,167,0.6826125473141661
lan-gateway-10s,167,0.6826528146895385
lan-gateway-10s,167,0.682693082064911
lan-gateway-10s,167,0.6827333494402835
lan-gateway-10s,167,0.682773616815656
lan-gateway-10s,167,0.6828138841910284
lan-gateway-10s,167,0.682854151566401
lan-gateway-10s,167,0.6828944189417734
lan-gateway-10s,167,0.6829346863171458
lan-gateway-10s,167,0.6829749536925184
lan-gateway-10s,167,0.6830152210678908
lan-gateway-10s,167,0.6830554884432632
lan-gateway-10s,167,0.6830957558186357
lan-gateway-10s,167,0.6831360231940082
lan-gateway-10s,167,0.6831762905693807
lan-gateway-10s,167,0.6832165579447531
lan-gateway-10s,167,0.6832568253201257
lan-gateway-10s,167,0.6832970926954981
lan-gateway-10s,167,0.6833373600708705
lan-gateway-10s,167,0.6833776274462431
lan-gateway-10s,167,0.6834178948216155
lan-gateway-10s,167,0.683458162196988
lan-gateway-10s,167,0.6834984295723605
lan-gateway-10s,167,0.683538696947733
lan-gateway-10s,167,0.6835789643231054
lan-gateway-10s,167,0.6836192316984779
lan-gateway-10s,167,0.6836594990738504
lan-gateway-10s,167,0.6836997664492228
lan-gateway-10s,167,0.6837400338245954
lan-gateway-10s,167,0.6837803011999678
lan-gateway-10s,167,0.6838205685753402
lan-gateway-10s,167,0.6838608359507128
lan-gateway-10s,167,0.6839011033260852
lan-gateway-10s,167,0.6839413707014577
lan-gateway-10s,167,0.6839816380768301
lan-gateway-10s,167,0.6840219054522026
lan-gateway-10s,167,0.6840621728275751
lan-gateway-10s,167,0.6841024402029475
lan-gateway-10s,167,0.6841427075783201
lan-gateway-10s,167,0.6841829749536925
lan-gateway-10s,167,0.684223242329065
lan-gateway-10s,167,0.6842635097044375
lan-gateway-10s,167,0.6843037770798099
lan-gateway-10s,167,0.6843440444551824
lan-gateway-10s,167,0.6843843118305549
lan-gateway-10s,167,0.6844245792059274
lan-gateway-10s,167,0.6844648465812998
lan-gateway-10s,167,0.6845051139566724
lan-gateway-10s,167,0.6845453813320448
lan-gateway-10s,167,0.6845856487074172
lan-gateway-10s,167,0.6846259160827898
lan-gateway-10s,167,0.6846661834581622
lan-gateway-10s,167,0.6847064508335347
lan-gateway-10s,167,0.6847467182089071
lan-gateway-10s,167,0.6847869855842796
lan-gateway-10s,167,0.6848272529596521
lan-gateway-10s,167,0.6848675203350245
lan-gateway-10s,167,0.6849077877103971
lan-gateway-10s,167,0.6849480550857695
lan-gateway-10s,167,0.6849883224611419
lan-gateway-10s,167,0.6850285898365145
lan-gateway-10s,167,0.6850688572118869
lan-gateway-10s,167,0.6851091245872594
lan-gateway-10s,167,0.6851493919626319
lan-gateway-10s,167,0.6851896593380044
lan-gateway-10s,167,0.6852299267133768
lan-gateway-10s,167,0.6852701940887493
lan-gateway-10s,167,0.6853104614641218
lan-gateway-10s,167,0.6853507288394942
lan-gateway-10s,167,0.6853909962148668
lan-gateway-10s,167,0.6854312635902392
lan-gateway-10s,167,0.6854715309656116
lan-gateway-10s,167,0.6855117983409841
lan-gateway-10s,167,0.6855520657163566
lan-gateway-10s,167,0.6855923330917291
lan-gateway-10s,167,0.6856326004671015
lan-gateway-10s,167,0.685672867842474
lan-gateway-10s,167,0.6857131352178465
lan-gateway-10s,167,0.6857534025932189
lan-gateway-10s,167,0.6857936699685915
lan-gateway-10s,167,0.6858339373439639
lan-gateway-10s,167,0.6858742047193364
lan-gateway-10s,167,0.6859144720947089
lan-gateway-10s,167,0.6859547394700813
lan-gateway-10s,167,0.6859950068454538
lan-gateway-10s,167,0.6860352742208263
lan-gateway-10s,167,0.6860755415961988
lan-gateway-10s,167,0.6861158089715712
lan-gateway-10s,167,0.6861560763469438
lan-gateway-10s,167,0.6861963437223162
lan-gateway-10s,167,0.6862366110976886
lan-gateway-10s,167,0.6862768784730612
lan-gateway-10s,167,0.6863171458484336
lan-gateway-10s,167,0.6863574132238061
lan-gateway-10s,167,0.6863976805991785
lan-gateway-10s,167,0.686437947974551
lan-gateway-10s,167,0.6864782153499235
lan-gateway-10s,167,0.6865184827252959
lan-gateway-10s,167,0.6865587501006685
lan-gateway-10s,167,0.6865990174760409
lan-gateway-10s,167,0.6866392848514133
lan-gateway-10s,167,0.6866795522267859
lan-gateway-10s,167,0.6867198196021583
lan-gateway-10s,167,0.6867600869775308
lan-gateway-10s,167,0.6868003543529033
lan-gateway-10s,167,0.6868406217282758
lan-gateway-10s,167,0.6868808891036482
lan-gateway-10s,167,0.6869211564790207
lan-gateway-10s,167,0.6869614238543932
lan-gateway-10s,167,0.6870016912297656
lan-gateway-10s,167,0.6870419586051382
lan-gateway-10s,167,0.6870822259805106
lan-gateway-10s,167,0.687122493355883
lan-gateway-10s,167,0.6871627607312555
lan-gateway-10s,167,0.687203028106628
lan-gateway-10s,167,0.6872432954820005
lan-gateway-10s,167,0.6872835628573729
lan-gateway-10s,167,0.6873238302327455
lan-gateway-10s,167,0.6873640976081179
lan-gateway-10s,167,0.6874043649834903
lan-gateway-10s,167,0.6874446323588629
lan-gateway-10s,167,0.6874848997342353
lan-gateway-10s,167,0.6875251671096078
lan-gateway-10s,167,0.6875654344849803
lan-gateway-10s,167,0.6876057018603527
lan-gateway-10s,167,0.6876459692357252
lan-gateway-10s,167,0.6876862366110977
lan-gateway-10s,167,0.6877265039864702
lan-gateway-10s,167,0.6877667713618426
lan-gateway-10s,167,0.6878070387372152
lan-gateway-10s,167,0.6878473061125876
lan-gateway-10s,167,0.68788757348796
lan-gateway-10s,167,0.6879278408633325
lan-gateway-10s,167,0.687968108238705
lan-gateway-10s,167,0.6880083756140775
lan-gateway-10s,167,0.6880486429894499
lan-gateway-10s,167,0.6880889103648224
lan-gateway-10s,167,0.6881291777401949
lan-gateway-10s,167,0.6881694451155673
lan-gateway-10s,167,0.6882097124909399
lan-gateway-10s,167,0.6882499798663123
lan-gateway-10s,167,0.6882902472416847
lan-gateway-10s,167,0.6883305146170573
lan-gateway-10s,167,0.6883707819924297
lan-gateway-10s,167,0.6884110493678022
lan-gateway-10s,167,0.6884513167431747
lan-gateway-10s,167,0.6884915841185472
lan-gateway-10s,167,0.6885318514939196
lan-gateway-10s,167,0.6885721188692921
lan-gateway-10s,167,0.6886123862446646
lan-gateway-10s,167,0.688652653620037
lan-gateway-10s,167,0.6886929209954096
lan-gateway-10s,167,0.688733188370782
lan-gateway-10s,167,0.6887734557461545
lan-gateway-10s,167,0.6888137231215269
lan-gateway-10s,167,0.6888539904968994
lan-gateway-10s,167,0.6888942578722719
lan-gateway-10s,167,0.6889345252476443
lan-gateway-10s,167,0.6889747926230169
lan-gateway-10s,167,0.6890150599983893
lan-gateway-10s,167,0.6890553273737617
lan-gateway-10s,167,0.6890955947491343
lan-gateway-10s,167,0.6891358621245067
lan-gateway-10s,167,0.6891761294998792
lan-gateway-10s,167,0.6892163968752517
lan-gateway-10s,167,0.6892566642506242
lan-gateway-10s,167,0.6892969316259966
lan-gateway-10s,167,0.6893371990013691
lan-gateway-10s,167,0.6893774663767416
lan-gateway-10s,167,0.689417733752114
lan-gateway-10s,167,0.6894580011274866
lan-gateway-10s,167,0.689498268502859
lan-gateway-10s,167,0.6895385358782314
lan-gateway-10s,167,0.6895788032536039
lan-gateway-10s,167,0.6896190706289764
lan-gateway-10s,167,0.6896593380043489
lan-gateway-10s,167,0.6896996053797213
lan-gateway-10s,167,0.6897398727550939
lan-gateway-10s,167,0.6897801401304663
lan-gateway-10s,167,0.6898204075058387
lan-gateway-10s,167,0.6898606748812113
lan-gateway-10s,167,0.6899009422565837
lan-gateway-10s,167,0.6899412096319562
lan-gateway-10s,167,0.6899814770073287
lan-gateway-10s,167,0.6900217443827011
lan-gateway-10s,167,0.6900620117580736
lan-gateway-10s,167,0.6901022791334461
lan-gateway-10s,167,0.6901425465088186
lan-gateway-10s,167,0.690182813884191
lan-gateway-10s,167,0.6902230812595636
lan-gateway-10s,167,0.690263348634936
lan-gateway-10s,167,0.6903036160103084
lan-gateway-10s,167,0.6903438833856809
lan-gateway-10s,167,0.6903841507610534
lan-gateway-10s,167,0.6904244181364259
lan-gateway-10s,167,0.6904646855117983
lan-gateway-10s,167,0.6905049528871708
lan-gateway-10s,167,0.6905452202625433
lan-gateway-10s,167,0.6905854876379157
lan-gateway-10s,167,0.6906257550132883
lan-gateway-10s,167,0.6906660223886607
lan-gateway-10s,167,0.6907062897640331
lan-gateway-10s,167,0.6907465571394057
lan-gateway-10s,167,0.6907868245147781
lan-gateway-10s,167,0.6908270918901506
lan-gateway-10s,167,0.6908673592655231
lan-gateway-10s,167,0.6909076266408956
lan-gateway-10s,167,0.690947894016268
lan-gateway-10s,167,0.6909881613916405
lan-gateway-10s,167,0.691028428767013
lan-gateway-10s,167,0.6910686961423854
lan-gateway-10s,167,0.6911089635177579
lan-gateway-10s,167,0.6911492308931304
lan-gateway-10s,167,0.6911894982685028
lan-gateway-10s,167,0.6912297656438753
lan-gateway-10s,167,0.6912700330192478
lan-gateway-10s,167,0.6913103003946203
lan-gateway-10s,167,0.6913505677699927
lan-gateway-10s,167,0.6913908351453653
lan-gateway-10s,167,0.6914311025207377
lan-gateway-10s,167,0.6914713698961101
lan-gateway-10s,167,0.6915116372714827
lan-gateway-10s,167,0.6915519046468551
lan-gateway-10s,167,0.6915921720222276
lan-gateway-10s,167,0.6916324393976001
lan-gateway-10s,167,0.6916727067729725
lan-gateway-10s,167,0.691712974148345
lan-gateway-10s,167,0.6917532415237175
lan-gateway-10s,167,0.69179350889909
lan-gateway-10s,167,0.6918337762744624
lan-gateway-10s,167,0.691874043649835
lan-gateway-10s,167,0.6919143110252074
lan-gateway-10s,167,0.6919545784005798
lan-gateway-10s,167,0.6919948457759523
lan-gateway-10s,167,0.6920351131513248
lan-gateway-10s,167,0.6920753805266973
lan-gateway-10s,167,0.6921156479020697
lan-gateway-10s,167,0.6921559152774422
lan-gateway-10s,167,0.6921961826528147
lan-gateway-10s,167,0.6922364500281871
lan-gateway-10s,167,0.6922767174035597
lan-gateway-10s,167,0.6923169847789321
lan-gateway-10s,167,0.6923572521543045
lan-gateway-10s,167,0.6923975195296771
lan-gateway-10s,167,0.6924377869050495
lan-gateway-10s,167,0.692478054280422
lan-gateway-10s,167,0.6925183216557945
lan-gateway-10s,167,0.692558589031167
lan-gateway-10s,167,0.6925988564065394
lan-gateway-10s,167,0.692639123781912
lan-gateway-10s,167,0.6926793911572844
lan-gateway-10s,167,0.6927196585326568
lan-gateway-10s,167,0.6927599259080293
lan-gateway-10s,167,0.6928001932834018
lan-gateway-10s,167,0.6928404606587742
lan-gateway-10s,167,0.6928807280341467
lan-gateway-10s,167,0.6929209954095192
lan-gateway-10s,167,0.6929612627848917
lan-gateway-10s,167,0.6930015301602641
lan-gateway-10s,167,0.6930417975356367
lan-gateway-10s,167,0.6930820649110091
lan-gateway-10s,167,0.6931223322863815
lan-gateway-10s,167,0.6931625996617541
lan-gateway-10s,167,0.6932028670371265
lan-gateway-10s,167,0.693243134412499
lan-gateway-10s,167,0.6932834017878715
lan-gateway-10s,167,0.693323669163244
lan-gateway-10s,167,0.6933639365386164
lan-gateway-10s,167,0.6934042039139889
lan-gateway-10s,167,0.6934444712893614
lan-gateway-10s,167,0.6934847386647338
lan-gateway-10s,167,0.6935250060401063
lan-gateway-10s,167,0.6935652734154788
lan-gateway-10s,167,0.6936055407908512
lan-gateway-10s,167,0.6936458081662237
lan-gateway-10s,167,0.6936860755415962
lan-gateway-10s,167,0.6937263429169687
lan-gateway-10s,167,0.6937666102923411
lan-gateway-10s,167,0.6938068776677137
lan-gateway-10s,167,0.6938471450430861
lan-gateway-10s,167,0.6938874124184585
lan-gateway-10s,167,0.6939276797938311
lan-gateway-10s,167,0.6939679471692035
lan-gateway-10s,167,0.694008214544576
lan-gateway-10s,167,0.6940484819199485
lan-gateway-10s,167,0.6940887492953209
lan-gateway-10s,167,0.6941290166706934
lan-gateway-10s,167,0.6941692840460659
lan-gateway-10s,167,0.6942095514214384
lan-gateway-10s,167,0.6942498187968108
lan-gateway-10s,167,0.6942900861721834
lan-gateway-10s,167,0.6943303535475558
lan-gateway-10s,167,0.6943706209229282
lan-gateway-10s,167,0.6944108882983007
lan-gateway-10s,167,0.6944511556736732
lan-gateway-10s,167,0.6944914230490457
lan-gateway-10s,167,0.6945316904244181
lan-gateway-10s,167,0.6945719577997906
lan-gateway-10s,167,0.6946122251751631
lan-gateway-10s,167,0.6946524925505355
lan-gateway-10s,167,0.6946927599259081
lan-gateway-10s,167,0.6947330273012805
lan-gateway-10s,167,0.6947732946766529
lan-gateway-10s,167,0.6948135620520255
lan-gateway-10s,167,0.6948538294273979
lan-gateway-10s,167,0.6948940968027704
lan-gateway-10s,167,0.6949343641781429
lan-gateway-10s,167,0.6949746315535154
lan-gateway-10s,167,0.6950148989288878
lan-gateway-10s,167,0.6950551663042603
lan-gateway-10s,167,0.6950954336796328
lan-gateway-10s,167,0.6951357010550052
lan-gateway-10s,167,0.6951759684303777
lan-gateway-10s,167,0.6952162358057502
lan-gateway-10s,167,0.6952565031811226
lan-gateway-10s,167,0.6952967705564951
lan-gateway-10s,167,0.6953370379318676
lan-gateway-10s,167,0.6953773053072401
lan-gateway-10s,167,0.6954175726826125
lan-gateway-10s,167,0.695457840057985
lan-gateway-10s,167,0.6954981074333575
lan-gateway-10s,167,0.6955383748087299
lan-gateway-10s,167,0.6955786421841025
lan-gateway-10s,167,0.6956189095594749
lan-gateway-10s,167,0.6956591769348474
lan-gateway-10s,167,0.6956994443102199
lan-gateway-10s,167,0.6957397116855923
lan-gateway-10s,167,0.6957799790609648
lan-gateway-10s,167,0.6958202464363373
lan-gateway-10s,167,0.6958605138117098
lan-gateway-10s,167,0.6959007811870822
lan-gateway-10s,167,0.6959410485624546
lan-gateway-10s,167,0.6959813159378272
lan-gateway-10s,167,0.6960215833131996
lan-gateway-10s,167,0.6960618506885721
lan-gateway-10s,167,0.6961021180639446
lan-gateway-10s,167,0.6961423854393171
lan-gateway-10s,167,0.6961826528146895
lan-gateway-10s,167,0.696222920190062
lan-gateway-10s,167,0.6962631875654345
lan-gateway-10s,167,0.6963034549408069
lan-gateway-10s,167,0.6963437223161795
lan-gateway-10s,167,0.6963839896915519
lan-gateway-10s,167,0.6964242570669243
lan-gateway-10s,167,0.6964645244422969
lan-gateway-10s,167,0.6965047918176693
lan-gateway-10s,167,0.6965450591930418
lan-gateway-10s,167,0.6965853265684143
lan-gateway-10s,167,0.6966255939437868
lan-gateway-10s,167,0.6966658613191592
lan-gateway-10s,167,0.6967061286945317
lan-gateway-10s,167,0.6967463960699042
lan-gateway-10s,167,0.6967866634452766
lan-gateway-10s,167,0.6968269308206491
lan-gateway-10s,167,0.6968671981960216
lan-gateway-10s,167,0.696907465571394
lan-gateway-10s,167,0.6969477329467665
lan-gateway-10s,167,0.696988000322139
lan-gateway-10s,167,0.6970282676975115
lan-gateway-10s,167,0.6970685350728839
lan-gateway-10s,167,0.6971088024482565
lan-gateway-10s,167,0.6971490698236289
lan-gateway-10s,167,0.6971893371990013
lan-gateway-10s,167,0.6972296045743739
lan-gateway-10s,167,0.6972698719497463
lan-gateway-10s,167,0.6973101393251188
lan-gateway-10s,167,0.6973504067004913
lan-gateway-10s,167,0.6973906740758637
lan-gateway-10s,167,0.6974309414512362
lan-gateway-10s,167,0.6974712088266087
lan-gateway-10s,167,0.6975114762019812
lan-gateway-10s,167,0.6975517435773536
lan-gateway-10s,167,0.697592010952726
lan-gateway-10s,167,0.6976322783280986
lan-gateway-10s,167,0.697672545703471
lan-gateway-10s,167,0.6977128130788435
lan-gateway-10s,167,0.697753080454216
lan-gateway-10s,167,0.6977933478295885
lan-gateway-10s,167,0.6978336152049609
lan-gateway-10s,167,0.6978738825803334
lan-gateway-10s,167,0.6979141499557059
lan-gateway-10s,167,0.6979544173310783
lan-gateway-10s,167,0.6979946847064509
lan-gateway-10s,167,0.6980349520818233
lan-gateway-10s,167,0.6980752194571958
lan-gateway-10s,167,0.6981154868325683
lan-gateway-10s,167,0.6981557542079407
lan-gateway-10s,167,0.6981960215833132
lan-gateway-10s,167,0.6982362889586857
lan-gateway-10s,167,0.6982765563340582
lan-gateway-10s,167,0.6983168237094306
lan-gateway-10s,167,0.698357091084803
lan-gateway-10s,167,0.6983973584601756
lan-gateway-10s,167,0.698437625835548
lan-gateway-10s,167,0.6984778932109205
lan-gateway-10s,167,0.698518160586293
lan-gateway-10s,167,0.6985584279616655
lan-gateway-10s,167,0.6985986953370379
lan-gateway-10s,167,0.6986389627124104
lan-gateway-10s,167,0.6986792300877829
lan-gateway-10s,167,0.6987194974631553
lan-gateway-10s,167,0.6987597648385279
lan-gateway-10s,167,0.6988000322139003
lan-gateway-10s,167,0.6988402995892727
lan-gateway-10s,167,0.6988805669646453
lan-gateway-10s,167,0.6989208343400177
lan-gateway-10s,167,0.6989611017153902
lan-gateway-10s,167,0.6990013690907627
lan-gateway-10s,167,0.6990416364661352
lan-gateway-10s,167,0.6990819038415076
lan-gateway-10s,167,0.69912217121688
lan-gateway-10s,167,0.6991624385922526
lan-gateway-10s,167,0.699202705967625
lan-gateway-10s,167,0.6992429733429975
lan-gateway-10s,167,0.69928324071837
lan-gateway-10s,167,0.6993235080937424
lan-gateway-10s,167,0.6993637754691149
lan-gateway-10s,167,0.6994040428444874
lan-gateway-10s,167,0.6994443102198599
lan-gateway-10s,167,0.6994845775952323
lan-gateway-10s,167,0.6995248449706049
lan-gateway-10s,167,0.6995651123459773
lan-gateway-10s,167,0.6996053797213497
lan-gateway-10s,167,0.6996456470967223
lan-gateway-10s,167,0.6996859144720947
lan-gateway-10s,167,0.6997261818474672
lan-gateway-10s,167,0.6997664492228397
lan-gateway-10s,167,0.6998067165982121
lan-gateway-10s,167,0.6998469839735846
lan-gateway-10s,167,0.6998872513489571
lan-gateway-10s,167,0.6999275187243296
lan-gateway-10s,167,0.699967786099702
lan-gateway-10s,167,0.7000080534750744
lan-gateway-10s,167,0.700048320850447
lan-gateway-10s,167,0.7000885882258194
lan-gateway-10s,167,0.7001288556011919
lan-gateway-10s,167,0.7001691229765644
lan-gateway-10s,167,0.7002093903519369
lan-gateway-10s,167,0.7002496577273093
lan-gateway-10s,167,0.7002899251026818
lan-gateway-10s,167,0.7003301924780543
lan-gateway-10s,167,0.7003704598534267
lan-gateway-10s,167,0.7004107272287993
lan-gateway-10s,167,0.7004509946041717
lan-gateway-10s,167,0.7004912619795441
lan-gateway-10s,167,0.7005315293549167
lan-gateway-10s,167,0.7005717967302891
lan-gateway-10s,167,0.7006120641056616
lan-gateway-10s,167,0.7006523314810341
lan-gateway-10s,167,0.7006925988564066
lan-gateway-10s,167,0.700732866231779
lan-gateway-10s,167,0.7007731336071514
lan-gateway-10s,167,0.700813400982524
lan-gateway-10s,167,0.7008536683578964
lan-gateway-10s,167,0.7008939357332689
lan-gateway-10s,167,0.7009342031086414
lan-gateway-10s,167,0.7009744704840138
lan-gateway-10s,167,0.7010147378593863
lan-gateway-10s,167,0.7010550052347588
lan-gateway-10s,167,0.7010952726101313
lan-gateway-10s,167,0.7011355399855037
lan-gateway-10s,167,0.7011758073608763
lan-gateway-10s,167,0.7012160747362487
lan-gateway-10s,167,0.7012563421116211
lan-gateway-10s,167,0.7012966094869937
lan-gateway-10s,167,0.7013368768623661
lan-gateway-10s,167,0.7013771442377386
lan-gateway-10s,167,0.7014174116131111
lan-gateway-10s,167,0.7014576789884835
lan-gateway-10s,167,0.701497946363856
lan-gateway-10s,167,0.7015382137392284
lan-gateway-10s,167,0.701578481114601
lan-gateway-10s,167,0.7016187484899734
lan-gateway-10s,167,0.7016590158653458
lan-gateway-10s,167,0.7016992832407184
lan-gateway-10s,167,0.7017395506160908
lan-gateway-10s,167,0.7017798179914633
lan-gateway-10s,168,0.7018200853668358
lan-gateway-10s,168,0.7018603527422083
lan-gateway-10s,168,0.7019006201175807
lan-gateway-10s,169,0.7019408874929532
lan-gateway-10s,169,0.7019811548683257
lan-gateway-10s,170,0.7020214222436981
lan-gateway-10s,170,0.7020616896190707
lan-gateway-10s,170,0.7021019569944431
lan-gateway-10s,171,0.7021422243698155
lan-gateway-10s,171,0.7021824917451881
lan-gateway-10s,171,0.7022227591205605
lan-gateway-10s,171,0.702263026495933
lan-gateway-10s,171,0.7023032938713055
lan-gateway-10s,171,0.702343561246678
lan-gateway-10s,171,0.7023838286220504
lan-gateway-10s,171,0.7024240959974228
lan-gateway-10s,171,0.7024643633727954
lan-gateway-10s,171,0.7025046307481678
lan-gateway-10s,171,0.7025448981235403
lan-gateway-10s,171,0.7025851654989128
lan-gateway-10s,171,0.7026254328742852
lan-gateway-10s,171,0.7026657002496577
lan-gateway-10s,171,0.7027059676250302
lan-gateway-10s,171,0.7027462350004027
lan-gateway-10s,171,0.7027865023757751
lan-gateway-10s,171,0.7028267697511477
lan-gateway-10s,171,0.7028670371265201
lan-gateway-10s,171,0.7029073045018925
lan-gateway-10s,171,0.7029475718772651
lan-gateway-10s,171,0.7029878392526375
lan-gateway-10s,171,0.70302810662801
lan-gateway-10s,171,0.7030683740033825
lan-gateway-10s,171,0.703108641378755
lan-gateway-10s,171,0.7031489087541274
lan-gateway-10s,171,0.7031891761294998
lan-gateway-10s,171,0.7032294435048724
lan-gateway-10s,171,0.7032697108802448
lan-gateway-10s,171,0.7033099782556173
lan-gateway-10s,171,0.7033502456309898
lan-gateway-10s,171,0.7033905130063622
lan-gateway-10s,171,0.7034307803817347
lan-gateway-10s,171,0.7034710477571072
lan-gateway-10s,171,0.7035113151324797
lan-gateway-10s,171,0.7035515825078521
lan-gateway-10s,171,0.7035918498832247
lan-gateway-10s,171,0.7036321172585971
lan-gateway-10s,171,0.7036723846339695
lan-gateway-10s,171,0.7037126520093421
lan-gateway-10s,171,0.7037529193847145
lan-gateway-10s,171,0.703793186760087
lan-gateway-10s,171,0.7038334541354595
lan-gateway-10s,171,0.7038737215108319
lan-gateway-10s,171,0.7039139888862044
lan-gateway-10s,171,0.7039542562615768
lan-gateway-10s,171,0.7039945236369494
lan-gateway-10s,171,0.7040347910123218
lan-gateway-10s,171,0.7040750583876942
lan-gateway-10s,171,0.7041153257630668
lan-gateway-10s,171,0.7041555931384392
lan-gateway-10s,171,0.7041958605138117
lan-gateway-10s,171,0.7042361278891842
lan-gateway-10s,171,0.7042763952645567
lan-gateway-10s,171,0.7043166626399291
lan-gateway-10s,171,0.7043569300153016
lan-gateway-10s,171,0.7043971973906741
lan-gateway-10s,171,0.7044374647660465
lan-gateway-10s,171,0.7044777321414191
lan-gateway-10s,171,0.7045179995167915
lan-gateway-10s,172,0.7045582668921639
lan-gateway-10s,172,0.7045985342675365
lan-gateway-10s,172,0.7046388016429089
lan-gateway-10s,174,0.7046790690182814
lan-gateway-10s,174,0.7047193363936539
lan-gateway-10s,175,0.7047596037690264
lan-gateway-10s,175,0.7047998711443988
lan-gateway-10s,175,0.7048401385197712
lan-gateway-10s,175,0.7048804058951438
lan-gateway-10s,175,0.7049206732705162
lan-gateway-10s,175,0.7049609406458887
lan-gateway-10s,175,0.7050012080212612
lan-gateway-10s,175,0.7050414753966336
lan-gateway-10s,175,0.7050817427720061
lan-gateway-10s,175,0.7051220101473786
lan-gateway-10s,175,0.7051622775227511
lan-gateway-10s,175,0.7052025448981235
lan-gateway-10s,175,0.7052428122734961
lan-gateway-10s,175,0.7052830796488685
lan-gateway-10s,175,0.7053233470242409
lan-gateway-10s,175,0.7053636143996135
lan-gateway-10s,175,0.7054038817749859
lan-gateway-10s,175,0.7054441491503584
lan-gateway-10s,175,0.7054844165257309
lan-gateway-10s,175,0.7055246839011033
lan-gateway-10s,175,0.7055649512764758
lan-gateway-10s,175,0.7056052186518482
lan-gateway-10s,175,0.7056454860272208
lan-gateway-10s,175,0.7056857534025932
lan-gateway-10s,175,0.7057260207779656
lan-gateway-10s,175,0.7057662881533382
lan-gateway-10s,175,0.7058065555287106
lan-gateway-10s,176,0.7058468229040831
lan-gateway-10s,176,0.7058870902794556
lan-gateway-10s,176,0.7059273576548281
lan-gateway-10s,176,0.7059676250302005
lan-gateway-10s,176,0.706007892405573
lan-gateway-10s,176,0.7060481597809455
lan-gateway-10s,176,0.7060884271563179
lan-gateway-10s,176,0.7061286945316905
lan-gateway-10s,177,0.7061689619070629
lan-gateway-10s,177,0.7062092292824353
lan-gateway-10s,177,0.7062494966578079
lan-gateway-10s,178,0.7062897640331803
lan-gateway-10s,179,0.7063300314085528
lan-gateway-10s,179,0.7063702987839252
lan-gateway-10s,180,0.7064105661592978
lan-gateway-10s,180,0.7064508335346702
lan-gateway-10s,180,0.7064911009100426
lan-gateway-10s,180,0.7065313682854152
lan-gateway-10s,180,0.7065716356607876
lan-gateway-10s,181,0.7066119030361601
lan-gateway-10s,181,0.7066521704115326
lan-gateway-10s,181,0.706692437786905
lan-gateway-10s,181,0.7067327051622775
lan-gateway-10s,182,0.70677297253765
lan-gateway-10s,182,0.7068132399130225
lan-gateway-10s,182,0.7068535072883949
lan-gateway-10s,182,0.7068937746637675
lan-gateway-10s,182,0.7069340420391399
lan-gateway-10s,182,0.7069743094145123
lan-gateway-10s,182,0.7070145767898849
lan-gateway-10s,182,0.7070548441652573
lan-gateway-10s,182,0.7070951115406298
lan-gateway-10s,182,0.7071353789160022
lan-gateway-10s,182,0.7071756462913747
lan-gateway-10s,182,0.7072159136667472
lan-gateway-10s,182,0.7072561810421196
lan-gateway-10s,182,0.7072964484174922
lan-gateway-10s,182,0.7073367157928646
lan-gateway-10s,183,0.707376983168237
lan-gateway-10s,183,0.7074172505436096
lan-gateway-10s,183,0.707457517918982
lan-gateway-10s,183,0.7074977852943545
lan-gateway-10s,183,0.707538052669727
lan-gateway-10s,183,0.7075783200450995
lan-gateway-10s,183,0.7076185874204719
lan-gateway-10s,183,0.7076588547958444
lan-gateway-10s,183,0.7076991221712169
lan-gateway-10s,183,0.7077393895465893
lan-gateway-10s,183,0.7077796569219619
lan-gateway-10s,183,0.7078199242973343
lan-gateway-10s,183,0.7078601916727068
lan-gateway-10s,183,0.7079004590480793
lan-gateway-10s,183,0.7079407264234517
lan-gateway-10s,183,0.7079809937988242
lan-gateway-10s,183,0.7080212611741966
lan-gateway-10s,183,0.7080615285495692
lan-gateway-10s,183,0.7081017959249416
lan-gateway-10s,183,0.708142063300314
lan-gateway-10s,183,0.7081823306756866
lan-gateway-10s,183,0.708222598051059
lan-gateway-10s,183,0.7082628654264315
lan-gateway-10s,183,0.708303132801804
lan-gateway-10s,183,0.7083434001771765
lan-gateway-10s,183,0.7083836675525489
lan-gateway-10s,183,0.7084239349279214
lan-gateway-10s,183,0.7084642023032939
lan-gateway-10s,183,0.7085044696786663
lan-gateway-10s,183,0.7085447370540389
lan-gateway-10s,183,0.7085850044294113
lan-gateway-10s,183,0.7086252718047837
lan-gateway-10s,184,0.7086655391801563
lan-gateway-10s,184,0.7087058065555287
lan-gateway-10s,184,0.7087460739309012
lan-gateway-10s,184,0.7087863413062736
lan-gateway-10s,184,0.7088266086816462
lan-gateway-10s,185,0.7088668760570186
lan-gateway-10s,185,0.708907143432391
lan-gateway-10s,185,0.7089474108077636
lan-gateway-10s,185,0.708987678183136
lan-gateway-10s,185,0.7090279455585085
lan-gateway-10s,185,0.709068212933881
lan-gateway-10s,185,0.7091084803092534
lan-gateway-10s,186,0.7091487476846259
lan-gateway-10s,187,0.7091890150599984
lan-gateway-10s,187,0.7092292824353709
lan-gateway-10s,187,0.7092695498107433
lan-gateway-10s,187,0.7093098171861159
lan-gateway-10s,187,0.7093500845614883
lan-gateway-10s,187,0.7093903519368607
lan-gateway-10s,187,0.7094306193122333
lan-gateway-10s,187,0.7094708866876057
lan-gateway-10s,187,0.7095111540629782
lan-gateway-10s,187,0.7095514214383506
lan-gateway-10s,187,0.7095916888137231
lan-gateway-10s,187,0.7096319561890956
lan-gateway-10s,187,0.709672223564468
lan-gateway-10s,187,0.7097124909398406
lan-gateway-10s,187,0.709752758315213
lan-gateway-10s,187,0.7097930256905854
lan-gateway-10s,187,0.709833293065958
lan-gateway-10s,187,0.7098735604413304
lan-gateway-10s,187,0.7099138278167029
lan-gateway-10s,187,0.7099540951920754
lan-gateway-10s,187,0.7099943625674479
lan-gateway-10s,187,0.7100346299428203
lan-gateway-10s,187,0.7100748973181928
lan-gateway-10s,187,0.7101151646935653
lan-gateway-10s,187,0.7101554320689377
lan-gateway-10s,187,0.7101956994443103
lan-gateway-10s,187,0.7102359668196827
lan-gateway-10s,187,0.7102762341950551
lan-gateway-10s,188,0.7103165015704277
lan-gateway-10s,188,0.7103567689458001
lan-gateway-10s,189,0.7103970363211726
lan-gateway-10s,189,0.710437303696545
lan-gateway-10s,189,0.7104775710719176
lan-gateway-10s,189,0.71051783844729
lan-gateway-10s,189,0.7105581058226624
lan-gateway-10s,190,0.710598373198035
lan-gateway-10s,190,0.7106386405734074
lan-gateway-10s,191,0.7106789079487799
lan-gateway-10s,191,0.7107191753241524
lan-gateway-10s,191,0.7107594426995248
lan-gateway-10s,191,0.7107997100748973
lan-gateway-10s,191,0.7108399774502698
lan-gateway-10s,192,0.7108802448256423
lan-gateway-10s,192,0.7109205122010147
lan-gateway-10s,192,0.7109607795763873
lan-gateway-10s,192,0.7110010469517597
lan-gateway-10s,192,0.7110413143271321
lan-gateway-10s,192,0.7110815817025047
lan-gateway-10s,192,0.7111218490778771
lan-gateway-10s,192,0.7111621164532496
lan-gateway-10s,192,0.711202383828622
lan-gateway-10s,193,0.7112426512039945
lan-gateway-10s,193,0.711282918579367
lan-gateway-10s,193,0.7113231859547394
lan-gateway-10s,193,0.711363453330112
lan-gateway-10s,193,0.7114037207054844
lan-gateway-10s,194,0.7114439880808568
lan-gateway-10s,194,0.7114842554562294
lan-gateway-10s,194,0.7115245228316018
lan-gateway-10s,194,0.7115647902069743
lan-gateway-10s,194,0.7116050575823468
lan-gateway-10s,194,0.7116453249577193
lan-gateway-10s,196,0.7116855923330917
lan-gateway-10s,198,0.7117258597084642
lan-gateway-10s,198,0.7117661270838367
lan-gateway-10s,198,0.7118063944592091
lan-gateway-10s,198,0.7118466618345817
lan-gateway-10s,198,0.7118869292099541
lan-gateway-10s,198,0.7119271965853265
lan-gateway-10s,198,0.711967463960699
lan-gateway-10s,198,0.7120077313360715
lan-gateway-10s,198,0.712047998711444
lan-gateway-10s,198,0.7120882660868164
lan-gateway-10s,199,0.712128533462189
lan-gateway-10s,199,0.7121688008375614
lan-gateway-10s,199,0.7122090682129338
lan-gateway-10s,199,0.7122493355883064
lan-gateway-10s,199,0.7122896029636788
lan-gateway-10s,200,0.7123298703390513
lan-gateway-10s,200,0.7123701377144238
lan-gateway-10s,201,0.7124104050897963
lan-gateway-10s,201,0.7124506724651687
lan-gateway-10s,202,0.7124909398405412
lan-gateway-10s,202,0.7125312072159137
lan-gateway-10s,202,0.7125714745912861
lan-gateway-10s,202,0.7126117419666587
lan-gateway-10s,203,0.7126520093420311
lan-gateway-10s,204,0.7126922767174035
lan-gateway-10s,204,0.7127325440927761
lan-gateway-10s,205,0.7127728114681485
lan-gateway-10s,206,0.712813078843521
lan-gateway-10s,206,0.7128533462188934
lan-gateway-10s,206,0.712893613594266
lan-gateway-10s,206,0.7129338809696384
lan-gateway-10s,206,0.7129741483450108
lan-gateway-10s,206,0.7130144157203834
lan-gateway-10s,206,0.7130546830957558
lan-gateway-10s,206,0.7130949504711283
lan-gateway-10s,206,0.7131352178465008
lan-gateway-10s,206,0.7131754852218732
lan-gateway-10s,206,0.7132157525972457
lan-gateway-10s,206,0.7132560199726182
lan-gateway-10s,206,0.7132962873479907
lan-gateway-10s,206,0.7133365547233631
lan-gateway-10s,206,0.7133768220987357
lan-gateway-10s,206,0.7134170894741081
lan-gateway-10s,206,0.7134573568494805
lan-gateway-10s,206,0.7134976242248531
lan-gateway-10s,206,0.7135378916002255
lan-gateway-10s,206,0.713578158975598
lan-gateway-10s,206,0.7136184263509704
lan-gateway-10s,206,0.7136586937263429
lan-gateway-10s,206,0.7136989611017154
lan-gateway-10s,206,0.7137392284770878
lan-gateway-10s,206,0.7137794958524604
lan-gateway-10s,206,0.7138197632278328
lan-gateway-10s,206,0.7138600306032052
lan-gateway-10s,206,0.7139002979785778
lan-gateway-10s,206,0.7139405653539502
lan-gateway-10s,206,0.7139808327293227
lan-gateway-10s,206,0.7140211001046952
lan-gateway-10s,206,0.7140613674800677
lan-gateway-10s,207,0.7141016348554401
lan-gateway-10s,209,0.7141419022308126
lan-gateway-10s,209,0.7141821696061851
lan-gateway-10s,210,0.7142224369815575
lan-gateway-10s,210,0.7142627043569301
lan-gateway-10s,210,0.7143029717323025
lan-gateway-10s,210,0.7143432391076749
lan-gateway-10s,210,0.7143835064830474
lan-gateway-10s,210,0.7144237738584199
lan-gateway-10s,210,0.7144640412337924
lan-gateway-10s,210,0.7145043086091648
lan-gateway-10s,210,0.7145445759845374
lan-gateway-10s,210,0.7145848433599098
lan-gateway-10s,210,0.7146251107352822
lan-gateway-10s,210,0.7146653781106548
lan-gateway-10s,210,0.7147056454860272
lan-gateway-10s,210,0.7147459128613997
lan-gateway-10s,210,0.7147861802367722
lan-gateway-10s,210,0.7148264476121446
lan-gateway-10s,213,0.7148667149875171
lan-gateway-10s,214,0.7149069823628896
lan-gateway-10s,216,0.7149472497382621
lan-gateway-10s,216,0.7149875171136345
lan-gateway-10s,217,0.7150277844890071
lan-gateway-10s,217,0.7150680518643795
lan-gateway-10s,217,0.7151083192397519
lan-gateway-10s,217,0.7151485866151244
lan-gateway-10s,217,0.7151888539904969
lan-gateway-10s,217,0.7152291213658694
lan-gateway-10s,218,0.7152693887412418
lan-gateway-10s,218,0.7153096561166143
lan-gateway-10s,218,0.7153499234919868
lan-gateway-10s,218,0.7153901908673592
lan-gateway-10s,218,0.7154304582427318
lan-gateway-10s,218,0.7154707256181042
lan-gateway-10s,218,0.7155109929934766
lan-gateway-10s,218,0.7155512603688492
lan-gateway-10s,218,0.7155915277442216
lan-gateway-10s,219,0.7156317951195941
lan-gateway-10s,219,0.7156720624949666
lan-gateway-10s,219,0.7157123298703391
lan-gateway-10s,219,0.7157525972457115
lan-gateway-10s,219,0.715792864621084
lan-gateway-10s,219,0.7158331319964565
lan-gateway-10s,219,0.7158733993718289
lan-gateway-10s,219,0.7159136667472015
lan-gateway-10s,220,0.7159539341225739
lan-gateway-10s,221,0.7159942014979463
lan-gateway-10s,221,0.7160344688733188
lan-gateway-10s,221,0.7160747362486913
lan-gateway-10s,221,0.7161150036240638
lan-gateway-10s,222,0.7161552709994362
lan-gateway-10s,223,0.7161955383748088
lan-gateway-10s,223,0.7162358057501812
lan-gateway-10s,223,0.7162760731255536
lan-gateway-10s,224,0.7163163405009262
lan-gateway-10s,224,0.7163566078762986
lan-gateway-10s,224,0.7163968752516711
lan-gateway-10s,226,0.7164371426270436
lan-gateway-10s,226,0.716477410002416
lan-gateway-10s,226,0.7165176773777885
lan-gateway-10s,227,0.716557944753161
lan-gateway-10s,227,0.7165982121285335
lan-gateway-10s,228,0.7166384795039059
lan-gateway-10s,228,0.7166787468792785
lan-gateway-10s,228,0.7167190142546509
lan-gateway-10s,228,0.7167592816300233
lan-gateway-10s,228,0.7167995490053958
lan-gateway-10s,229,0.7168398163807683
lan-gateway-10s,229,0.7168800837561408
lan-gateway-10s,231,0.7169203511315132
lan-gateway-10s,232,0.7169606185068857
lan-gateway-10s,233,0.7170008858822582
lan-gateway-10s,233,0.7170411532576306
lan-gateway-10s,233,0.7170814206330032
lan-gateway-10s,233,0.7171216880083756
lan-gateway-10s,233,0.717161955383748
lan-gateway-10s,233,0.7172022227591206
lan-gateway-10s,234,0.717242490134493
lan-gateway-10s,234,0.7172827575098655
lan-gateway-10s,234,0.717323024885238
lan-gateway-10s,234,0.7173632922606105
lan-gateway-10s,234,0.7174035596359829
lan-gateway-10s,235,0.7174438270113555
lan-gateway-10s,235,0.7174840943867279
lan-gateway-10s,235,0.7175243617621003
lan-gateway-10s,235,0.7175646291374728
lan-gateway-10s,235,0.7176048965128453
lan-gateway-10s,235,0.7176451638882178
lan-gateway-10s,235,0.7176854312635902
lan-gateway-10s,235,0.7177256986389627
lan-gateway-10s,235,0.7177659660143352
lan-gateway-10s,235,0.7178062333897076
lan-gateway-10s,235,0.7178465007650802
lan-gateway-10s,235,0.7178867681404526
lan-gateway-10s,235,0.717927035515825
lan-gateway-10s,236,0.7179673028911976
lan-gateway-10s,236,0.71800757026657
lan-gateway-10s,236,0.7180478376419425
lan-gateway-10s,236,0.718088105017315
lan-gateway-10s,236,0.7181283723926875
lan-gateway-10s,236,0.7181686397680599
lan-gateway-10s,236,0.7182089071434324
lan-gateway-10s,236,0.7182491745188049
lan-gateway-10s,236,0.7182894418941773
lan-gateway-10s,236,0.7183297092695499
lan-gateway-10s,237,0.7183699766449223
lan-gateway-10s,238,0.7184102440202947
lan-gateway-10s,239,0.7184505113956672
lan-gateway-10s,239,0.7184907787710397
lan-gateway-10s,239,0.7185310461464122
lan-gateway-10s,239,0.7185713135217846
lan-gateway-10s,240,0.7186115808971572
lan-gateway-10s,240,0.7186518482725296
lan-gateway-10s,240,0.718692115647902
lan-gateway-10s,241,0.7187323830232746
lan-gateway-10s,241,0.718772650398647
lan-gateway-10s,242,0.7188129177740195
lan-gateway-10s,242,0.718853185149392
lan-gateway-10s,242,0.7188934525247644
lan-gateway-10s,242,0.7189337199001369
lan-gateway-10s,242,0.7189739872755094
lan-gateway-10s,242,0.7190142546508819
lan-gateway-10s,243,0.7190545220262543
lan-gateway-10s,243,0.7190947894016269
lan-gateway-10s,243,0.7191350567769993
lan-gateway-10s,244,0.7191753241523717
lan-gateway-10s,244,0.7192155915277442
lan-gateway-10s,244,0.7192558589031167
lan-gateway-10s,244,0.7192961262784892
lan-gateway-10s,245,0.7193363936538616
lan-gateway-10s,247,0.7193766610292341
lan-gateway-10s,247,0.7194169284046066
lan-gateway-10s,247,0.719457195779979
lan-gateway-10s,249,0.7194974631553516
lan-gateway-10s,250,0.719537730530724
lan-gateway-10s,251,0.7195779979060964
lan-gateway-10s,251,0.719618265281469
lan-gateway-10s,251,0.7196585326568414
lan-gateway-10s,251,0.7196988000322139
lan-gateway-10s,251,0.7197390674075864
lan-gateway-10s,251,0.7197793347829589
lan-gateway-10s,251,0.7198196021583313
lan-gateway-10s,251,0.7198598695337038
lan-gateway-10s,251,0.7199001369090763
lan-gateway-10s,251,0.7199404042844487
lan-gateway-10s,251,0.7199806716598212
lan-gateway-10s,252,0.7200209390351937
lan-gateway-10s,252,0.7200612064105661
lan-gateway-10s,252,0.7201014737859386
lan-gateway-10s,253,0.7201417411613111
lan-gateway-10s,253,0.7201820085366836
lan-gateway-10s,253,0.720222275912056
lan-gateway-10s,253,0.7202625432874286
lan-gateway-10s,253,0.720302810662801
lan-gateway-10s,253,0.7203430780381734
lan-gateway-10s,255,0.720383345413546
lan-gateway-10s,255,0.7204236127889184
lan-gateway-10s,255,0.7204638801642909
lan-gateway-10s,255,0.7205041475396634
lan-gateway-10s,255,0.7205444149150358
lan-gateway-10s,255,0.7205846822904083
lan-gateway-10s,256,0.7206249496657808
lan-gateway-10s,258,0.7206652170411533
lan-gateway-10s,258,0.7207054844165257
lan-gateway-10s,258,0.7207457517918983
lan-gateway-10s,258,0.7207860191672707
lan-gateway-10s,258,0.7208262865426431
lan-gateway-10s,258,0.7208665539180156
lan-gateway-10s,258,0.7209068212933881
lan-gateway-10s,258,0.7209470886687606
lan-gateway-10s,258,0.720987356044133
lan-gateway-10s,259,0.7210276234195055
lan-gateway-10s,260,0.721067890794878
lan-gateway-10s,261,0.7211081581702504
lan-gateway-10s,261,0.721148425545623
lan-gateway-10s,261,0.7211886929209954
lan-gateway-10s,261,0.7212289602963678
lan-gateway-10s,261,0.7212692276717404
lan-gateway-10s,261,0.7213094950471128
lan-gateway-10s,261,0.7213497624224853
lan-gateway-10s,262,0.7213900297978578
lan-gateway-10s,262,0.7214302971732303
lan-gateway-10s,262,0.7214705645486027
lan-gateway-10s,262,0.7215108319239752
lan-gateway-10s,262,0.7215510992993477
lan-gateway-10s,263,0.7215913666747201
lan-gateway-10s,263,0.7216316340500926
lan-gateway-10s,264,0.7216719014254651
lan-gateway-10s,264,0.7217121688008376
lan-gateway-10s,264,0.72175243617621
lan-gateway-10s,264,0.7217927035515825
lan-gateway-10s,264,0.721832970926955
lan-gateway-10s,264,0.7218732383023274
lan-gateway-10s,265,0.7219135056777
lan-gateway-10s,265,0.7219537730530724
lan-gateway-10s,265,0.7219940404284448
lan-gateway-10s,265,0.7220343078038174
lan-gateway-10s,265,0.7220745751791898
lan-gateway-10s,265,0.7221148425545623
lan-gateway-10s,265,0.7221551099299348
lan-gateway-10s,265,0.7221953773053073
lan-gateway-10s,265,0.7222356446806797
lan-gateway-10s,265,0.7222759120560522
lan-gateway-10s,265,0.7223161794314247
lan-gateway-10s,265,0.7223564468067971
lan-gateway-10s,265,0.7223967141821696
lan-gateway-10s,265,0.7224369815575421
lan-gateway-10s,265,0.7224772489329145
lan-gateway-10s,265,0.722517516308287
lan-gateway-10s,265,0.7225577836836595
lan-gateway-10s,265,0.722598051059032
lan-gateway-10s,265,0.7226383184344044
lan-gateway-10s,265,0.722678585809777
lan-gateway-10s,265,0.7227188531851494
lan-gateway-10s,265,0.7227591205605218
lan-gateway-10s,265,0.7227993879358944
lan-gateway-10s,265,0.7228396553112668
lan-gateway-10s,265,0.7228799226866393
lan-gateway-10s,265,0.7229201900620118
lan-gateway-10s,265,0.7229604574373842
lan-gateway-10s,265,0.7230007248127567
lan-gateway-10s,265,0.7230409921881292
lan-gateway-10s,265,0.7230812595635017
lan-gateway-10s,265,0.7231215269388741
lan-gateway-10s,265,0.7231617943142465
lan-gateway-10s,265,0.7232020616896191
lan-gateway-10s,265,0.7232423290649915
lan-gateway-10s,265,0.723282596440364
lan-gateway-10s,265,0.7233228638157365
lan-gateway-10s,265,0.723363131191109
lan-gateway-10s,265,0.7234033985664814
lan-gateway-10s,265,0.7234436659418539
lan-gateway-10s,265,0.7234839333172264
lan-gateway-10s,265,0.7235242006925988
lan-gateway-10s,265,0.7235644680679714
lan-gateway-10s,265,0.7236047354433438
lan-gateway-10s,265,0.7236450028187162
lan-gateway-10s,265,0.7236852701940888
lan-gateway-10s,265,0.7237255375694612
lan-gateway-10s,265,0.7237658049448337
lan-gateway-10s,265,0.7238060723202062
lan-gateway-10s,265,0.7238463396955787
lan-gateway-10s,265,0.7238866070709511
lan-gateway-10s,265,0.7239268744463236
lan-gateway-10s,265,0.7239671418216961
lan-gateway-10s,265,0.7240074091970685
lan-gateway-10s,265,0.724047676572441
lan-gateway-10s,265,0.7240879439478135
lan-gateway-10s,265,0.7241282113231859
lan-gateway-10s,265,0.7241684786985584
lan-gateway-10s,265,0.7242087460739309
lan-gateway-10s,265,0.7242490134493034
lan-gateway-10s,265,0.7242892808246758
lan-gateway-10s,265,0.7243295482000484
lan-gateway-10s,265,0.7243698155754208
lan-gateway-10s,265,0.7244100829507932
lan-gateway-10s,265,0.7244503503261658
lan-gateway-10s,265,0.7244906177015382
lan-gateway-10s,265,0.7245308850769107
lan-gateway-10s,265,0.7245711524522832
lan-gateway-10s,265,0.7246114198276556
lan-gateway-10s,265,0.7246516872030281
lan-gateway-10s,265,0.7246919545784006
lan-gateway-10s,265,0.7247322219537731
lan-gateway-10s,265,0.7247724893291455
lan-gateway-10s,265,0.724812756704518
lan-gateway-10s,265,0.7248530240798905
lan-gateway-10s,265,0.7248932914552629
lan-gateway-10s,265,0.7249335588306354
lan-gateway-10s,265,0.7249738262060079
lan-gateway-10s,265,0.7250140935813804
lan-gateway-10s,265,0.7250543609567528
lan-gateway-10s,265,0.7250946283321253
lan-gateway-10s,265,0.7251348957074978
lan-gateway-10s,265,0.7251751630828702
lan-gateway-10s,265,0.7252154304582428
lan-gateway-10s,265,0.7252556978336152
lan-gateway-10s,265,0.7252959652089876
lan-gateway-10s,265,0.7253362325843602
lan-gateway-10s,265,0.7253764999597326
lan-gateway-10s,265,0.7254167673351051
lan-gateway-10s,265,0.7254570347104776
lan-gateway-10s,265,0.7254973020858501
lan-gateway-10s,265,0.7255375694612225
lan-gateway-10s,265,0.7255778368365949
lan-gateway-10s,265,0.7256181042119675
lan-gateway-10s,265,0.7256583715873399
lan-gateway-10s,265,0.7256986389627124
lan-gateway-10s,265,0.7257389063380849
lan-gateway-10s,265,0.7257791737134573
lan-gateway-10s,265,0.7258194410888298
lan-gateway-10s,265,0.7258597084642023
lan-gateway-10s,265,0.7258999758395748
lan-gateway-10s,265,0.7259402432149472
lan-gateway-10s,265,0.7259805105903198
lan-gateway-10s,265,0.7260207779656922
lan-gateway-10s,265,0.7260610453410646
lan-gateway-10s,265,0.7261013127164372
lan-gateway-10s,265,0.7261415800918096
lan-gateway-10s,265,0.7261818474671821
lan-gateway-10s,265,0.7262221148425546
lan-gateway-10s,265,0.726262382217927
lan-gateway-10s,265,0.7263026495932995
lan-gateway-10s,265,0.726342916968672
lan-gateway-10s,265,0.7263831843440445
lan-gateway-10s,265,0.7264234517194169
lan-gateway-10s,265,0.7264637190947894
lan-gateway-10s,265,0.7265039864701619
lan-gateway-10s,265,0.7265442538455343
lan-gateway-10s,265,0.7265845212209068
lan-gateway-10s,265,0.7266247885962793
lan-gateway-10s,265,0.7266650559716518
lan-gateway-10s,265,0.7267053233470242
lan-gateway-10s,265,0.7267455907223968
lan-gateway-10s,265,0.7267858580977692
lan-gateway-10s,265,0.7268261254731416
lan-gateway-10s,265,0.7268663928485142
lan-gateway-10s,265,0.7269066602238866
lan-gateway-10s,265,0.726946927599259
lan-gateway-10s,265,0.7269871949746316
lan-gateway-10s,265,0.727027462350004
lan-gateway-10s,265,0.7270677297253765
lan-gateway-10s,265,0.727107997100749
lan-gateway-10s,265,0.7271482644761215
lan-gateway-10s,265,0.7271885318514939
lan-gateway-10s,265,0.7272287992268663
lan-gateway-10s,265,0.7272690666022389
lan-gateway-10s,265,0.7273093339776113
lan-gateway-10s,265,0.7273496013529838
lan-gateway-10s,265,0.7273898687283563
lan-gateway-10s,265,0.7274301361037288
lan-gateway-10s,265,0.7274704034791012
lan-gateway-10s,265,0.7275106708544737
lan-gateway-10s,265,0.7275509382298462
lan-gateway-10s,265,0.7275912056052186
lan-gateway-10s,265,0.7276314729805912
lan-gateway-10s,265,0.7276717403559636
lan-gateway-10s,265,0.727712007731336
lan-gateway-10s,265,0.7277522751067086
lan-gateway-10s,265,0.727792542482081
lan-gateway-10s,265,0.7278328098574535
lan-gateway-10s,265,0.727873077232826
lan-gateway-10s,265,0.7279133446081985
lan-gateway-10s,265,0.7279536119835709
lan-gateway-10s,265,0.7279938793589433
lan-gateway-10s,265,0.7280341467343159
lan-gateway-10s,265,0.7280744141096883
lan-gateway-10s,265,0.7281146814850608
lan-gateway-10s,265,0.7281549488604333
lan-gateway-10s,265,0.7281952162358057
lan-gateway-10s,265,0.7282354836111782
lan-gateway-10s,265,0.7282757509865507
lan-gateway-10s,265,0.7283160183619232
lan-gateway-10s,265,0.7283562857372956
lan-gateway-10s,265,0.7283965531126682
lan-gateway-10s,265,0.7284368204880406
lan-gateway-10s,265,0.728477087863413
lan-gateway-10s,265,0.7285173552387856
lan-gateway-10s,265,0.728557622614158
lan-gateway-10s,265,0.7285978899895305
lan-gateway-10s,265,0.728638157364903
lan-gateway-10s,265,0.7286784247402754
lan-gateway-10s,265,0.7287186921156479
lan-gateway-10s,265,0.7287589594910204
lan-gateway-10s,265,0.7287992268663929
lan-gateway-10s,265,0.7288394942417653
lan-gateway-10s,265,0.7288797616171377
lan-gateway-10s,265,0.7289200289925103
lan-gateway-10s,265,0.7289602963678827
lan-gateway-10s,265,0.7290005637432552
lan-gateway-10s,265,0.7290408311186277
lan-gateway-10s,265,0.7290810984940002
lan-gateway-10s,265,0.7291213658693726
lan-gateway-10s,265,0.7291616332447451
lan-gateway-10s,265,0.7292019006201176
lan-gateway-10s,265,0.72924216799549
lan-gateway-10s,265,0.7292824353708626
lan-gateway-10s,265,0.729322702746235
lan-gateway-10s,265,0.7293629701216074
lan-gateway-10s,265,0.72940323749698
lan-gateway-10s,265,0.7294435048723524
lan-gateway-10s,265,0.7294837722477249
lan-gateway-10s,265,0.7295240396230974
lan-gateway-10s,265,0.7295643069984699
lan-gateway-10s,265,0.7296045743738423
lan-gateway-10s,265,0.7296448417492147
lan-gateway-10s,265,0.7296851091245873
lan-gateway-10s,265,0.7297253764999597
lan-gateway-10s,265,0.7297656438753322
lan-gateway-10s,265,0.7298059112507047
lan-gateway-10s,265,0.7298461786260771
lan-gateway-10s,265,0.7298864460014496
lan-gateway-10s,265,0.7299267133768221
lan-gateway-10s,265,0.7299669807521946
lan-gateway-10s,265,0.730007248127567
lan-gateway-10s,265,0.7300475155029396
lan-gateway-10s,265,0.730087782878312
lan-gateway-10s,265,0.7301280502536844
lan-gateway-10s,265,0.730168317629057
lan-gateway-10s,265,0.7302085850044294
lan-gateway-10s,265,0.7302488523798019
lan-gateway-10s,265,0.7302891197551744
lan-gateway-10s,265,0.7303293871305468
lan-gateway-10s,265,0.7303696545059193
lan-gateway-10s,265,0.7304099218812917
lan-gateway-10s,265,0.7304501892566643
lan-gateway-10s,265,0.7304904566320367
lan-gateway-10s,265,0.7305307240074091
lan-gateway-10s,265,0.7305709913827817
lan-gateway-10s,265,0.7306112587581541
lan-gateway-10s,265,0.7306515261335266
lan-gateway-10s,265,0.7306917935088991
lan-gateway-10s,265,0.7307320608842716
lan-gateway-10s,265,0.730772328259644
lan-gateway-10s,265,0.7308125956350165
lan-gateway-10s,265,0.730852863010389
lan-gateway-10s,265,0.7308931303857614
lan-gateway-10s,265,0.730933397761134
lan-gateway-10s,265,0.7309736651365064
lan-gateway-10s,265,0.7310139325118789
lan-gateway-10s,265,0.7310541998872514
lan-gateway-10s,265,0.7310944672626238
lan-gateway-10s,265,0.7311347346379963
lan-gateway-10s,265,0.7311750020133687
lan-gateway-10s,265,0.7312152693887413
lan-gateway-10s,265,0.7312555367641137
lan-gateway-10s,265,0.7312958041394861
lan-gateway-10s,265,0.7313360715148587
lan-gateway-10s,265,0.7313763388902311
lan-gateway-10s,265,0.7314166062656036
lan-gateway-10s,265,0.7314568736409761
lan-gateway-10s,265,0.7314971410163486
lan-gateway-10s,265,0.731537408391721
lan-gateway-10s,265,0.7315776757670935
lan-gateway-10s,265,0.731617943142466
lan-gateway-10s,265,0.7316582105178384
lan-gateway-10s,265,0.731698477893211
lan-gateway-10s,265,0.7317387452685834
lan-gateway-10s,265,0.7317790126439558
lan-gateway-10s,265,0.7318192800193284
lan-gateway-10s,265,0.7318595473947008
lan-gateway-10s,265,0.7318998147700733
lan-gateway-10s,265,0.7319400821454458
lan-gateway-10s,265,0.7319803495208183
lan-gateway-10s,265,0.7320206168961907
lan-gateway-10s,265,0.7320608842715631
lan-gateway-10s,265,0.7321011516469357
lan-gateway-10s,265,0.7321414190223081
lan-gateway-10s,265,0.7321816863976806
lan-gateway-10s,265,0.7322219537730531
lan-gateway-10s,265,0.7322622211484255
lan-gateway-10s,265,0.732302488523798
lan-gateway-10s,265,0.7323427558991705
lan-gateway-10s,265,0.732383023274543
lan-gateway-10s,265,0.7324232906499154
lan-gateway-10s,265,0.732463558025288
lan-gateway-10s,265,0.7325038254006604
lan-gateway-10s,265,0.7325440927760328
lan-gateway-10s,265,0.7325843601514054
lan-gateway-10s,265,0.7326246275267778
lan-gateway-10s,265,0.7326648949021503
lan-gateway-10s,265,0.7327051622775228
lan-gateway-10s,265,0.7327454296528952
lan-gateway-10s,265,0.7327856970282677
lan-gateway-10s,265,0.7328259644036401
lan-gateway-10s,265,0.7328662317790127
lan-gateway-10s,265,0.7329064991543851
lan-gateway-10s,265,0.7329467665297575
lan-gateway-10s,265,0.7329870339051301
lan-gateway-10s,265,0.7330273012805025
lan-gateway-10s,265,0.733067568655875
lan-gateway-10s,265,0.7331078360312475
lan-gateway-10s,265,0.73314810340662
lan-gateway-10s,265,0.7331883707819924
lan-gateway-10s,265,0.7332286381573649
lan-gateway-10s,265,0.7332689055327374
lan-gateway-10s,265,0.7333091729081098
lan-gateway-10s,265,0.7333494402834824
lan-gateway-10s,265,0.7333897076588548
lan-gateway-10s,265,0.7334299750342272
lan-gateway-10s,265,0.7334702424095998
lan-gateway-10s,265,0.7335105097849722
lan-gateway-10s,265,0.7335507771603447
lan-gateway-10s,265,0.7335910445357171
lan-gateway-10s,265,0.7336313119110897
lan-gateway-10s,265,0.7336715792864621
lan-gateway-10s,265,0.7337118466618345
lan-gateway-10s,265,0.7337521140372071
lan-gateway-10s,265,0.7337923814125795
lan-gateway-10s,265,0.733832648787952
lan-gateway-10s,265,0.7338729161633245
lan-gateway-10s,265,0.733913183538697
lan-gateway-10s,265,0.7339534509140694
lan-gateway-10s,265,0.7339937182894419
lan-gateway-10s,265,0.7340339856648144
lan-gateway-10s,265,0.7340742530401868
lan-gateway-10s,265,0.7341145204155594
lan-gateway-10s,265,0.7341547877909318
lan-gateway-10s,265,0.7341950551663042
lan-gateway-10s,265,0.7342353225416768
lan-gateway-10s,265,0.7342755899170492
lan-gateway-10s,265,0.7343158572924217
lan-gateway-10s,265,0.7343561246677942
lan-gateway-10s,265,0.7343963920431666
lan-gateway-10s,265,0.7344366594185391
lan-gateway-10s,265,0.7344769267939115
lan-gateway-10s,265,0.7345171941692841
lan-gateway-10s,265,0.7345574615446565
lan-gateway-10s,265,0.734597728920029
lan-gateway-10s,265,0.7346379962954015
lan-gateway-10s,265,0.7346782636707739
lan-gateway-10s,265,0.7347185310461464
lan-gateway-10s,265,0.7347587984215189
lan-gateway-10s,265,0.7347990657968914
lan-gateway-10s,265,0.7348393331722638
lan-gateway-10s,265,0.7348796005476363
lan-gateway-10s,265,0.7349198679230088
lan-gateway-10s,265,0.7349601352983812
lan-gateway-10s,265,0.7350004026737538
lan-gateway-10s,265,0.7350406700491262
lan-gateway-10s,265,0.7350809374244986
lan-gateway-10s,265,0.7351212047998712
lan-gateway-10s,265,0.7351614721752436
lan-gateway-10s,265,0.7352017395506161
lan-gateway-10s,265,0.7352420069259885
lan-gateway-10s,265,0.7352822743013611
lan-gateway-10s,265,0.7353225416767335
lan-gateway-10s,265,0.7353628090521059
lan-gateway-10s,265,0.7354030764274785
lan-gateway-10s,265,0.7354433438028509
lan-gateway-10s,265,0.7354836111782234
lan-gateway-10s,265,0.7355238785535959
lan-gateway-10s,265,0.7355641459289683
lan-gateway-10s,265,0.7356044133043408
lan-gateway-10s,265,0.7356446806797133
lan-gateway-10s,265,0.7356849480550858
lan-gateway-10s,265,0.7357252154304582
lan-gateway-10s,265,0.7357654828058308
lan-gateway-10s,265,0.7358057501812032
lan-gateway-10s,265,0.7358460175565756
lan-gateway-10s,265,0.7358862849319482
lan-gateway-10s,265,0.7359265523073206
lan-gateway-10s,265,0.7359668196826931
lan-gateway-10s,265,0.7360070870580655
lan-gateway-10s,265,0.736047354433438
lan-gateway-10s,265,0.7360876218088105
lan-gateway-10s,265,0.7361278891841829
lan-gateway-10s,265,0.7361681565595555
lan-gateway-10s,265,0.7362084239349279
lan-gateway-10s,265,0.7362486913103004
lan-gateway-10s,265,0.7362889586856729
lan-gateway-10s,265,0.7363292260610453
lan-gateway-10s,265,0.7363694934364178
lan-gateway-10s,265,0.7364097608117903
lan-gateway-10s,265,0.7364500281871628
lan-gateway-10s,265,0.7364902955625352
lan-gateway-10s,265,0.7365305629379078
lan-gateway-10s,265,0.7365708303132802
lan-gateway-10s,265,0.7366110976886526
lan-gateway-10s,265,0.7366513650640252
lan-gateway-10s,265,0.7366916324393976
lan-gateway-10s,265,0.73673189981477
lan-gateway-10s,265,0.7367721671901426
lan-gateway-10s,265,0.736812434565515
lan-gateway-10s,265,0.7368527019408875
lan-gateway-10s,265,0.7368929693162599
lan-gateway-10s,265,0.7369332366916325
lan-gateway-10s,265,0.7369735040670049
lan-gateway-10s,265,0.7370137714423773
lan-gateway-10s,265,0.7370540388177499
lan-gateway-10s,265,0.7370943061931223
lan-gateway-10s,265,0.7371345735684948
lan-gateway-10s,265,0.7371748409438673
lan-gateway-10s,265,0.7372151083192398
lan-gateway-10s,265,0.7372553756946122
lan-gateway-10s,265,0.7372956430699847
lan-gateway-10s,265,0.7373359104453572
lan-gateway-10s,265,0.7373761778207296
lan-gateway-10s,265,0.7374164451961022
lan-gateway-10s,265,0.7374567125714746
lan-gateway-10s,265,0.737496979946847
lan-gateway-10s,265,0.7375372473222196
lan-gateway-10s,265,0.737577514697592
lan-gateway-10s,265,0.7376177820729645
lan-gateway-10s,265,0.7376580494483369
lan-gateway-10s,265,0.7376983168237095
lan-gateway-10s,265,0.7377385841990819
lan-gateway-10s,265,0.7377788515744543
lan-gateway-10s,265,0.7378191189498269
lan-gateway-10s,265,0.7378593863251993
lan-gateway-10s,265,0.7378996537005718
lan-gateway-10s,265,0.7379399210759443
lan-gateway-10s,265,0.7379801884513167
lan-gateway-10s,265,0.7380204558266892
lan-gateway-10s,265,0.7380607232020617
lan-gateway-10s,265,0.7381009905774342
lan-gateway-10s,265,0.7381412579528066
lan-gateway-10s,265,0.7381815253281792
lan-gateway-10s,265,0.7382217927035516
lan-gateway-10s,265,0.738262060078924
lan-gateway-10s,265,0.7383023274542966
lan-gateway-10s,265,0.738342594829669
lan-gateway-10s,265,0.7383828622050415
lan-gateway-10s,265,0.7384231295804139
lan-gateway-10s,265,0.7384633969557864
lan-gateway-10s,265,0.7385036643311589
lan-gateway-10s,265,0.7385439317065313
lan-gateway-10s,265,0.7385841990819039
lan-gateway-10s,265,0.7386244664572763
lan-gateway-10s,265,0.7386647338326487
lan-gateway-10s,265,0.7387050012080213
lan-gateway-10s,265,0.7387452685833937
lan-gateway-10s,265,0.7387855359587662
lan-gateway-10s,265,0.7388258033341387
lan-gateway-10s,265,0.7388660707095112
lan-gateway-10s,265,0.7389063380848836
lan-gateway-10s,265,0.7389466054602561
lan-gateway-10s,265,0.7389868728356286
lan-gateway-10s,265,0.739027140211001
lan-gateway-10s,265,0.7390674075863736
lan-gateway-10s,265,0.739107674961746
lan-gateway-10s,265,0.7391479423371184
lan-gateway-10s,265,0.7391882097124909
lan-gateway-10s,265,0.7392284770878634
lan-gateway-10s,265,0.7392687444632359
lan-gateway-10s,265,0.7393090118386083
lan-gateway-10s,265,0.7393492792139809
lan-gateway-10s,265,0.7393895465893533
lan-gateway-10s,265,0.7394298139647257
lan-gateway-10s,265,0.7394700813400983
lan-gateway-10s,265,0.7395103487154707
lan-gateway-10s,265,0.7395506160908432
lan-gateway-10s,265,0.7395908834662157
lan-gateway-10s,265,0.7396311508415881
lan-gateway-10s,265,0.7396714182169606
lan-gateway-10s,265,0.7397116855923331
lan-gateway-10s,265,0.7397519529677056
lan-gateway-10s,265,0.739792220343078
lan-gateway-10s,265,0.7398324877184506
lan-gateway-10s,265,0.739872755093823
lan-gateway-10s,265,0.7399130224691954
lan-gateway-10s,265,0.739953289844568
lan-gateway-10s,265,0.7399935572199404
lan-gateway-10s,265,0.7400338245953129
lan-gateway-10s,265,0.7400740919706853
lan-gateway-10s,265,0.7401143593460578
lan-gateway-10s,265,0.7401546267214303
lan-gateway-10s,265,0.7401948940968027
lan-gateway-10s,265,0.7402351614721753
lan-gateway-10s,265,0.7402754288475477
lan-gateway-10s,265,0.7403156962229201
lan-gateway-10s,265,0.7403559635982927
lan-gateway-10s,265,0.7403962309736651
lan-gateway-10s,265,0.7404364983490376
lan-gateway-10s,265,0.7404767657244101
lan-gateway-10s,265,0.7405170330997826
lan-gateway-10s,265,0.740557300475155
lan-gateway-10s,265,0.7405975678505275
lan-gateway-10s,265,0.7406378352259
lan-gateway-10s,265,0.7406781026012724
lan-gateway-10s,265,0.740718369976645
lan-gateway-10s,265,0.7407586373520174
lan-gateway-10s,265,0.7407989047273899
lan-gateway-10s,265,0.7408391721027623
lan-gateway-10s,265,0.7408794394781348
lan-gateway-10s,265,0.7409197068535073
lan-gateway-10s,265,0.7409599742288797
lan-gateway-10s,265,0.7410002416042523
lan-gateway-10s,265,0.7410405089796247
lan-gateway-10s,265,0.7410807763549971
lan-gateway-10s,265,0.7411210437303697
lan-gateway-10s,265,0.7411613111057421
lan-gateway-10s,265,0.7412015784811146
lan-gateway-10s,265,0.7412418458564871
lan-gateway-10s,265,0.7412821132318596
lan-gateway-10s,265,0.741322380607232
lan-gateway-10s,265,0.7413626479826045
lan-gateway-10s,265,0.741402915357977
lan-gateway-10s,265,0.7414431827333494
lan-gateway-10s,265,0.741483450108722
lan-gateway-10s,265,0.7415237174840944
lan-gateway-10s,265,0.7415639848594668
lan-gateway-10s,265,0.7416042522348393
lan-gateway-10s,265,0.7416445196102118
lan-gateway-10s,265,0.7416847869855843
lan-gateway-10s,265,0.7417250543609567
lan-gateway-10s,265,0.7417653217363293
lan-gateway-10s,265,0.7418055891117017
lan-gateway-10s,265,0.7418458564870741
lan-gateway-10s,265,0.7418861238624467
lan-gateway-10s,265,0.7419263912378191
lan-gateway-10s,265,0.7419666586131916
lan-gateway-10s,265,0.7420069259885641
lan-gateway-10s,265,0.7420471933639365
lan-gateway-10s,265,0.742087460739309
lan-gateway-10s,265,0.7421277281146815
lan-gateway-10s,265,0.742167995490054
lan-gateway-10s,265,0.7422082628654264
lan-gateway-10s,265,0.742248530240799
lan-gateway-10s,265,0.7422887976161714
lan-gateway-10s,265,0.7423290649915438
lan-gateway-10s,265,0.7423693323669164
lan-gateway-10s,265,0.7424095997422888
lan-gateway-10s,265,0.7424498671176613
lan-gateway-10s,265,0.7424901344930337
lan-gateway-10s,265,0.7425304018684062
lan-gateway-10s,265,0.7425706692437787
lan-gateway-10s,265,0.7426109366191511
lan-gateway-10s,265,0.7426512039945237
lan-gateway-10s,265,0.7426914713698961
lan-gateway-10s,265,0.7427317387452685
lan-gateway-10s,265,0.7427720061206411
lan-gateway-10s,265,0.7428122734960135
lan-gateway-10s,265,0.742852540871386
lan-gateway-10s,265,0.7428928082467585
lan-gateway-10s,265,0.742933075622131
lan-gateway-10s,265,0.7429733429975034
lan-gateway-10s,265,0.7430136103728759
lan-gateway-10s,265,0.7430538777482484
lan-gateway-10s,265,0.7430941451236208
lan-gateway-10s,265,0.7431344124989934
lan-gateway-10s,265,0.7431746798743658
lan-gateway-10s,265,0.7432149472497382
lan-gateway-10s,265,0.7432552146251107
lan-gateway-10s,265,0.7432954820004832
lan-gateway-10s,265,0.7433357493758557
lan-gateway-10s,265,0.7433760167512281
lan-gateway-10s,265,0.7434162841266007
lan-gateway-10s,265,0.7434565515019731
lan-gateway-10s,265,0.7434968188773455
lan-gateway-10s,265,0.7435370862527181
lan-gateway-10s,265,0.7435773536280905
lan-gateway-10s,265,0.743617621003463
lan-gateway-10s,265,0.7436578883788355
lan-gateway-10s,265,0.743698155754208
lan-gateway-10s,265,0.7437384231295804
lan-gateway-10s,265,0.7437786905049529
lan-gateway-10s,265,0.7438189578803254
lan-gateway-10s,265,0.7438592252556978
lan-gateway-10s,265,0.7438994926310704
lan-gateway-10s,265,0.7439397600064428
lan-gateway-10s,265,0.7439800273818152
lan-gateway-10s,265,0.7440202947571877
lan-gateway-10s,265,0.7440605621325602
lan-gateway-10s,265,0.7441008295079327
lan-gateway-10s,265,0.7441410968833051
lan-gateway-10s,265,0.7441813642586776
lan-gateway-10s,265,0.7442216316340501
lan-gateway-10s,265,0.7442618990094225
lan-gateway-10s,265,0.7443021663847951
lan-gateway-10s,265,0.7443424337601675
lan-gateway-10s,265,0.74438270113554
lan-gateway-10s,265,0.7444229685109125
lan-gateway-10s,265,0.7444632358862849
lan-gateway-10s,265,0.7445035032616574
lan-gateway-10s,265,0.7445437706370299
lan-gateway-10s,265,0.7445840380124024
lan-gateway-10s,265,0.7446243053877748
lan-gateway-10s,265,0.7446645727631473
lan-gateway-10s,265,0.7447048401385198
lan-gateway-10s,265,0.7447451075138922
lan-gateway-10s,265,0.7447853748892648
lan-gateway-10s,265,0.7448256422646372
lan-gateway-10s,265,0.7448659096400096
lan-gateway-10s,265,0.7449061770153821
lan-gateway-10s,265,0.7449464443907546
lan-gateway-10s,265,0.7449867117661271
lan-gateway-10s,265,0.7450269791414995
lan-gateway-10s,265,0.7450672465168721
lan-gateway-10s,265,0.7451075138922445
lan-gateway-10s,265,0.7451477812676169
lan-gateway-10s,265,0.7451880486429895
lan-gateway-10s,265,0.7452283160183619
lan-gateway-10s,265,0.7452685833937344
lan-gateway-10s,265,0.7453088507691069
lan-gateway-10s,265,0.7453491181444794
lan-gateway-10s,265,0.7453893855198518
lan-gateway-10s,265,0.7454296528952243
lan-gateway-10s,265,0.7454699202705968
lan-gateway-10s,265,0.7455101876459692
lan-gateway-10s,265,0.7455504550213418
lan-gateway-10s,265,0.7455907223967142
lan-gateway-10s,265,0.7456309897720866
lan-gateway-10s,265,0.7456712571474591
lan-gateway-10s,265,0.7457115245228316
lan-gateway-10s,265,0.7457517918982041
lan-gateway-10s,265,0.7457920592735765
lan-gateway-10s,265,0.745832326648949
lan-gateway-10s,265,0.7458725940243215
lan-gateway-10s,265,0.7459128613996939
lan-gateway-10s,265,0.7459531287750665
lan-gateway-10s,265,0.7459933961504389
lan-gateway-10s,265,0.7460336635258114
lan-gateway-10s,265,0.7460739309011839
lan-gateway-10s,265,0.7461141982765563
lan-gateway-10s,265,0.7461544656519288
lan-gateway-10s,265,0.7461947330273013
lan-gateway-10s,265,0.7462350004026738
lan-gateway-10s,265,0.7462752677780462
lan-gateway-10s,265,0.7463155351534188
lan-gateway-10s,265,0.7463558025287912
lan-gateway-10s,265,0.7463960699041636
lan-gateway-10s,265,0.7464363372795361
lan-gateway-10s,265,0.7464766046549086
lan-gateway-10s,265,0.746516872030281
lan-gateway-10s,265,0.7465571394056535
lan-gateway-10s,265,0.746597406781026
lan-gateway-10s,265,0.7466376741563985
lan-gateway-10s,265,0.7466779415317709
lan-gateway-10s,265,0.7467182089071435
lan-gateway-10s,265,0.7467584762825159
lan-gateway-10s,265,0.7467987436578883
lan-gateway-10s,265,0.7468390110332609
lan-gateway-10s,265,0.7468792784086333
lan-gateway-10s,265,0.7469195457840058
lan-gateway-10s,265,0.7469598131593783
lan-gateway-10s,265,0.7470000805347508
lan-gateway-10s,265,0.7470403479101232
lan-gateway-10s,265,0.7470806152854957
lan-gateway-10s,265,0.7471208826608682
lan-gateway-10s,265,0.7471611500362406
lan-gateway-10s,265,0.7472014174116131
lan-gateway-10s,265,0.7472416847869856
lan-gateway-10s,265,0.747281952162358
lan-gateway-10s,265,0.7473222195377305
lan-gateway-10s,265,0.747362486913103
lan-gateway-10s,265,0.7474027542884755
lan-gateway-10s,265,0.7474430216638479
lan-gateway-10s,265,0.7474832890392205
lan-gateway-10s,265,0.7475235564145929
lan-gateway-10s,265,0.7475638237899653
lan-gateway-10s,265,0.7476040911653379
lan-gateway-10s,265,0.7476443585407103
lan-gateway-10s,265,0.7476846259160828
lan-gateway-10s,265,0.7477248932914553
lan-gateway-10s,265,0.7477651606668277
lan-gateway-10s,265,0.7478054280422002
lan-gateway-10s,265,0.7478456954175727
lan-gateway-10s,265,0.7478859627929452
lan-gateway-10s,265,0.7479262301683176
lan-gateway-10s,265,0.7479664975436902
lan-gateway-10s,265,0.7480067649190626
lan-gateway-10s,265,0.748047032294435
lan-gateway-10s,265,0.7480872996698075
lan-gateway-10s,265,0.74812756704518
lan-gateway-10s,265,0.7481678344205525
lan-gateway-10s,265,0.7482081017959249
lan-gateway-10s,265,0.7482483691712974
lan-gateway-10s,265,0.7482886365466699
lan-gateway-10s,265,0.7483289039220423
lan-gateway-10s,265,0.7483691712974149
lan-gateway-10s,265,0.7484094386727873
lan-gateway-10s,265,0.7484497060481597
lan-gateway-10s,265,0.7484899734235323
lan-gateway-10s,265,0.7485302407989047
lan-gateway-10s,265,0.7485705081742772
lan-gateway-10s,265,0.7486107755496497
lan-gateway-10s,265,0.7486510429250222
lan-gateway-10s,265,0.7486913103003946
lan-gateway-10s,265,0.7487315776757671
lan-gateway-10s,265,0.7487718450511396
lan-gateway-10s,265,0.748812112426512
lan-gateway-10s,265,0.7488523798018845
lan-gateway-10s,265,0.748892647177257
lan-gateway-10s,265,0.7489329145526294
lan-gateway-10s,265,0.7489731819280019
lan-gateway-10s,265,0.7490134493033744
lan-gateway-10s,265,0.7490537166787469
lan-gateway-10s,265,0.7490939840541193
lan-gateway-10s,265,0.7491342514294919
lan-gateway-10s,265,0.7491745188048643
lan-gateway-10s,265,0.7492147861802367
lan-gateway-10s,265,0.7492550535556093
lan-gateway-10s,265,0.7492953209309817
lan-gateway-10s,265,0.7493355883063542
lan-gateway-10s,265,0.7493758556817267
lan-gateway-10s,265,0.7494161230570991
lan-gateway-10s,265,0.7494563904324716
lan-gateway-10s,265,0.7494966578078441
lan-gateway-10s,265,0.7495369251832166
lan-gateway-10s,265,0.749577192558589
lan-gateway-10s,265,0.7496174599339614
lan-gateway-10s,265,0.749657727309334
lan-gateway-10s,265,0.7496979946847064
lan-gateway-10s,265,0.7497382620600789
lan-gateway-10s,265,0.7497785294354514
lan-gateway-10s,265,0.7498187968108239
lan-gateway-10s,265,0.7498590641861963
lan-gateway-10s,265,0.7498993315615688
lan-gateway-10s,265,0.7499395989369413
lan-gateway-10s,265,0.7499798663123137
lan-gateway-10s,265,0.7500201336876863
lan-gateway-10s,265,0.7500604010630587
lan-gateway-10s,265,0.7501006684384312
lan-gateway-10s,265,0.7501409358138037
lan-gateway-10s,265,0.7501812031891761
lan-gateway-10s,265,0.7502214705645486
lan-gateway-10s,265,0.7502617379399211
lan-gateway-10s,265,0.7503020053152936
lan-gateway-10s,265,0.750342272690666
lan-gateway-10s,265,0.7503825400660386
lan-gateway-10s,265,0.750422807441411
lan-gateway-10s,265,0.7504630748167834
lan-gateway-10s,265,0.7505033421921559
lan-gateway-10s,265,0.7505436095675284
lan-gateway-10s,265,0.7505838769429009
lan-gateway-10s,265,0.7506241443182733
lan-gateway-10s,265,0.7506644116936458
lan-gateway-10s,265,0.7507046790690183
lan-gateway-10s,265,0.7507449464443907
lan-gateway-10s,265,0.7507852138197633
lan-gateway-10s,265,0.7508254811951357
lan-gateway-10s,265,0.7508657485705081
lan-gateway-10s,265,0.7509060159458807
lan-gateway-10s,265,0.7509462833212531
lan-gateway-10s,265,0.7509865506966256
lan-gateway-10s,265,0.7510268180719981
lan-gateway-10s,265,0.7510670854473706
lan-gateway-10s,265,0.751107352822743
lan-gateway-10s,265,0.7511476201981155
lan-gateway-10s,265,0.751187887573488
lan-gateway-10s,265,0.7512281549488604
lan-gateway-10s,265,0.7512684223242329
lan-gateway-10s,265,0.7513086896996054
lan-gateway-10s,265,0.7513489570749778
lan-gateway-10s,265,0.7513892244503503
lan-gateway-10s,265,0.7514294918257228
lan-gateway-10s,265,0.7514697592010953
lan-gateway-10s,265,0.7515100265764677
lan-gateway-10s,265,0.7515502939518403
lan-gateway-10s,265,0.7515905613272127
lan-gateway-10s,265,0.7516308287025851
lan-gateway-10s,265,0.7516710960779577
lan-gateway-10s,265,0.7517113634533301
lan-gateway-10s,265,0.7517516308287026
lan-gateway-10s,265,0.7517918982040751
lan-gateway-10s,265,0.7518321655794475
lan-gateway-10s,265,0.75187243295482
lan-gateway-10s,265,0.7519127003301925
lan-gateway-10s,265,0.751952967705565
lan-gateway-10s,265,0.7519932350809374
lan-gateway-10s,265,0.7520335024563098
lan-gateway-10s,265,0.7520737698316824
lan-gateway-10s,265,0.7521140372070548
lan-gateway-10s,265,0.7521543045824273
lan-gateway-10s,265,0.7521945719577998
lan-gateway-10s,265,0.7522348393331723
lan-gateway-10s,265,0.7522751067085447
lan-gateway-10s,265,0.7523153740839172
lan-gateway-10s,265,0.7523556414592897
lan-gateway-10s,265,0.7523959088346621
lan-gateway-10s,265,0.7524361762100347
lan-gateway-10s,265,0.7524764435854071
lan-gateway-10s,265,0.7525167109607795
lan-gateway-10s,265,0.7525569783361521
lan-gateway-10s,265,0.7525972457115245
lan-gateway-10s,265,0.752637513086897
lan-gateway-10s,265,0.7526777804622695
lan-gateway-10s,265,0.752718047837642
lan-gateway-10s,265,0.7527583152130144
lan-gateway-10s,265,0.7527985825883869
lan-gateway-10s,265,0.7528388499637594
lan-gateway-10s,265,0.7528791173391318
lan-gateway-10s,265,0.7529193847145043
lan-gateway-10s,265,0.7529596520898768
lan-gateway-10s,265,0.7529999194652492
lan-gateway-10s,265,0.7530401868406217
lan-gateway-10s,265,0.7530804542159942
lan-gateway-10s,265,0.7531207215913667
lan-gateway-10s,265,0.7531609889667391
lan-gateway-10s,265,0.7532012563421117
lan-gateway-10s,265,0.7532415237174841
lan-gateway-10s,265,0.7532817910928565
lan-gateway-10s,265,0.7533220584682291
lan-gateway-10s,265,0.7533623258436015
lan-gateway-10s,265,0.753402593218974
lan-gateway-10s,265,0.7534428605943465
lan-gateway-10s,265,0.753483127969719
lan-gateway-10s,265,0.7535233953450914
lan-gateway-10s,265,0.7535636627204639
lan-gateway-10s,265,0.7536039300958364
lan-gateway-10s,265,0.7536441974712088
lan-gateway-10s,265,0.7536844648465812
lan-gateway-10s,265,0.7537247322219538
lan-gateway-10s,265,0.7537649995973262
lan-gateway-10s,265,0.7538052669726987
lan-gateway-10s,265,0.7538455343480712
lan-gateway-10s,265,0.7538858017234437
lan-gateway-10s,265,0.7539260690988161
lan-gateway-10s,265,0.7539663364741886
lan-gateway-10s,265,0.7540066038495611
lan-gateway-10s,265,0.7540468712249335
lan-gateway-10s,265,0.7540871386003061
lan-gateway-10s,265,0.7541274059756785
lan-gateway-10s,265,0.754167673351051
lan-gateway-10s,265,0.7542079407264235
lan-gateway-10s,265,0.7542482081017959
lan-gateway-10s,265,0.7542884754771684
lan-gateway-10s,265,0.7543287428525409
lan-gateway-10s,265,0.7543690102279134
lan-gateway-10s,265,0.7544092776032858
lan-gateway-10s,265,0.7544495449786582
lan-gateway-10s,265,0.7544898123540308
lan-gateway-10s,265,0.7545300797294032
lan-gateway-10s,265,0.7545703471047757
lan-gateway-10s,265,0.7546106144801482
lan-gateway-10s,265,0.7546508818555206
lan-gateway-10s,265,0.7546911492308931
lan-gateway-10s,265,0.7547314166062656
lan-gateway-10s,265,0.7547716839816381
lan-gateway-10s,265,0.7548119513570105
lan-gateway-10s,265,0.7548522187323831
lan-gateway-10s,265,0.7548924861077555
lan-gateway-10s,265,0.7549327534831279
lan-gateway-10s,265,0.7549730208585005
lan-gateway-10s,265,0.7550132882338729
lan-gateway-10s,265,0.7550535556092454
lan-gateway-10s,265,0.7550938229846179
lan-gateway-10s,265,0.7551340903599904
lan-gateway-10s,265,0.7551743577353628
lan-gateway-10s,265,0.7552146251107352
lan-gateway-10s,265,0.7552548924861078
lan-gateway-10s,265,0.7552951598614802
lan-gateway-10s,265,0.7553354272368527
lan-gateway-10s,265,0.7553756946122252
lan-gateway-10s,265,0.7554159619875976
lan-gateway-10s,265,0.7554562293629701
lan-gateway-10s,265,0.7554964967383426
lan-gateway-10s,265,0.7555367641137151
lan-gateway-10s,266,0.7555770314890875
lan-gateway-10s,266,0.75561729886446
lan-gateway-10s,266,0.7556575662398325
lan-gateway-10s,267,0.7556978336152049
lan-gateway-10s,267,0.7557381009905775
lan-gateway-10s,267,0.7557783683659499
lan-gateway-10s,267,0.7558186357413224
lan-gateway-10s,267,0.7558589031166949
lan-gateway-10s,267,0.7558991704920673
lan-gateway-10s,267,0.7559394378674398
lan-gateway-10s,267,0.7559797052428123
lan-gateway-10s,267,0.7560199726181848
lan-gateway-10s,267,0.7560602399935572
lan-gateway-10s,267,0.7561005073689296
lan-gateway-10s,267,0.7561407747443022
lan-gateway-10s,267,0.7561810421196746
lan-gateway-10s,267,0.7562213094950471
lan-gateway-10s,267,0.7562615768704196
lan-gateway-10s,268,0.756301844245792
lan-gateway-10s,268,0.7563421116211645
lan-gateway-10s,268,0.756382378996537
lan-gateway-10s,269,0.7564226463719095
lan-gateway-10s,269,0.7564629137472819
lan-gateway-10s,269,0.7565031811226545
lan-gateway-10s,270,0.7565434484980269
lan-gateway-10s,270,0.7565837158733993
lan-gateway-10s,271,0.7566239832487719
lan-gateway-10s,271,0.7566642506241443
lan-gateway-10s,271,0.7567045179995168
lan-gateway-10s,271,0.7567447853748893
lan-gateway-10s,271,0.7567850527502618
lan-gateway-10s,271,0.7568253201256342
lan-gateway-10s,271,0.7568655875010066
lan-gateway-10s,271,0.7569058548763792
lan-gateway-10s,271,0.7569461222517516
lan-gateway-10s,273,0.7569863896271241
lan-gateway-10s,273,0.7570266570024966
lan-gateway-10s,273,0.757066924377869
lan-gateway-10s,273,0.7571071917532415
lan-gateway-10s,273,0.757147459128614
lan-gateway-10s,273,0.7571877265039865
lan-gateway-10s,273,0.7572279938793589
lan-gateway-10s,273,0.7572682612547315
lan-gateway-10s,273,0.7573085286301039
lan-gateway-10s,277,0.7573487960054763
lan-gateway-10s,277,0.7573890633808489
lan-gateway-10s,278,0.7574293307562213
lan-gateway-10s,278,0.7574695981315938
lan-gateway-10s,278,0.7575098655069663
lan-gateway-10s,278,0.7575501328823387
lan-gateway-10s,278,0.7575904002577112
lan-gateway-10s,278,0.7576306676330836
lan-gateway-10s,279,0.7576709350084562
lan-gateway-10s,279,0.7577112023838286
lan-gateway-10s,279,0.757751469759201
lan-gateway-10s,279,0.7577917371345736
lan-gateway-10s,279,0.757832004509946
lan-gateway-10s,279,0.7578722718853185
lan-gateway-10s,279,0.757912539260691
lan-gateway-10s,279,0.7579528066360635
lan-gateway-10s,279,0.7579930740114359
lan-gateway-10s,279,0.7580333413868084
lan-gateway-10s,279,0.7580736087621809
lan-gateway-10s,280,0.7581138761375533
lan-gateway-10s,280,0.7581541435129259
lan-gateway-10s,280,0.7581944108882983
lan-gateway-10s,280,0.7582346782636707
lan-gateway-10s,280,0.7582749456390433
lan-gateway-10s,281,0.7583152130144157
lan-gateway-10s,281,0.7583554803897882
lan-gateway-10s,282,0.7583957477651607
lan-gateway-10s,282,0.7584360151405332
lan-gateway-10s,282,0.7584762825159056
lan-gateway-10s,283,0.758516549891278
lan-gateway-10s,283,0.7585568172666506
lan-gateway-10s,283,0.758597084642023
lan-gateway-10s,283,0.7586373520173955
lan-gateway-10s,283,0.758677619392768
lan-gateway-10s,283,0.7587178867681404
lan-gateway-10s,283,0.7587581541435129
lan-gateway-10s,283,0.7587984215188854
lan-gateway-10s,283,0.7588386888942579
lan-gateway-10s,283,0.7588789562696303
lan-gateway-10s,283,0.7589192236450029
lan-gateway-10s,283,0.7589594910203753
lan-gateway-10s,283,0.7589997583957477
lan-gateway-10s,283,0.7590400257711203
lan-gateway-10s,283,0.7590802931464927
lan-gateway-10s,283,0.7591205605218652
lan-gateway-10s,284,0.7591608278972377
lan-gateway-10s,284,0.7592010952726101
lan-gateway-10s,285,0.7592413626479826
lan-gateway-10s,285,0.759281630023355
lan-gateway-10s,285,0.7593218973987276
lan-gateway-10s,285,0.7593621647741
lan-gateway-10s,285,0.7594024321494725
lan-gateway-10s,285,0.759442699524845
lan-gateway-10s,285,0.7594829669002174
lan-gateway-10s,286,0.7595232342755899
lan-gateway-10s,286,0.7595635016509624
lan-gateway-10s,286,0.7596037690263349
lan-gateway-10s,287,0.7596440364017073
lan-gateway-10s,287,0.7596843037770799
lan-gateway-10s,287,0.7597245711524523
lan-gateway-10s,287,0.7597648385278247
lan-gateway-10s,287,0.7598051059031973
lan-gateway-10s,287,0.7598453732785697
lan-gateway-10s,287,0.7598856406539422
lan-gateway-10s,288,0.7599259080293147
lan-gateway-10s,290,0.7599661754046871
lan-gateway-10s,290,0.7600064427800596
lan-gateway-10s,290,0.760046710155432
lan-gateway-10s,290,0.7600869775308046
lan-gateway-10s,290,0.760127244906177
lan-gateway-10s,291,0.7601675122815494
lan-gateway-10s,291,0.760207779656922
lan-gateway-10s,292,0.7602480470322944
lan-gateway-10s,292,0.7602883144076669
lan-gateway-10s,292,0.7603285817830394
lan-gateway-10s,293,0.7603688491584119
lan-gateway-10s,293,0.7604091165337843
lan-gateway-10s,294,0.7604493839091568
lan-gateway-10s,295,0.7604896512845293
lan-gateway-10s,295,0.7605299186599017
lan-gateway-10s,296,0.7605701860352743
lan-gateway-10s,296,0.7606104534106467
lan-gateway-10s,296,0.7606507207860191
lan-gateway-10s,296,0.7606909881613917
lan-gateway-10s,297,0.7607312555367641
lan-gateway-10s,297,0.7607715229121366
lan-gateway-10s,297,0.7608117902875091
lan-gateway-10s,297,0.7608520576628816
lan-gateway-10s,297,0.760892325038254
lan-gateway-10s,297,0.7609325924136264
lan-gateway-10s,298,0.760972859788999
lan-gateway-10s,298,0.7610131271643714
lan-gateway-10s,298,0.7610533945397439
lan-gateway-10s,298,0.7610936619151164
lan-gateway-10s,298,0.7611339292904888
lan-gateway-10s,299,0.7611741966658613
lan-gateway-10s,299,0.7612144640412338
lan-gateway-10s,299,0.7612547314166063
lan-gateway-10s,299,0.7612949987919787
lan-gateway-10s,299,0.7613352661673513
lan-gateway-10s,299,0.7613755335427237
lan-gateway-10s,299,0.7614158009180961
lan-gateway-10s,299,0.7614560682934687
lan-gateway-10s,299,0.7614963356688411
lan-gateway-10s,299,0.7615366030442136
lan-gateway-10s,299,0.7615768704195861
lan-gateway-10s,300,0.7616171377949585
lan-gateway-10s,300,0.761657405170331
lan-gateway-10s,300,0.7616976725457034
lan-gateway-10s,300,0.761737939921076
lan-gateway-10s,300,0.7617782072964484
lan-gateway-10s,300,0.7618184746718208
lan-gateway-10s,300,0.7618587420471934
lan-gateway-10s,301,0.7618990094225658
lan-gateway-10s,301,0.7619392767979383
lan-gateway-10s,302,0.7619795441733108
lan-gateway-10s,302,0.7620198115486833
lan-gateway-10s,302,0.7620600789240557
lan-gateway-10s,303,0.7621003462994282
lan-gateway-10s,303,0.7621406136748007
lan-gateway-10s,303,0.7621808810501731
lan-gateway-10s,303,0.7622211484255457
lan-gateway-10s,304,0.7622614158009181
lan-gateway-10s,304,0.7623016831762905
lan-gateway-10s,304,0.7623419505516631
lan-gateway-10s,304,0.7623822179270355
lan-gateway-10s,304,0.762422485302408
lan-gateway-10s,304,0.7624627526777804
lan-gateway-10s,304,0.762503020053153
lan-gateway-10s,304,0.7625432874285254
lan-gateway-10s,304,0.7625835548038978
lan-gateway-10s,304,0.7626238221792704
lan-gateway-10s,304,0.7626640895546428
lan-gateway-10s,304,0.7627043569300153
lan-gateway-10s,304,0.7627446243053878
lan-gateway-10s,304,0.7627848916807602
lan-gateway-10s,304,0.7628251590561327
lan-gateway-10s,304,0.7628654264315052
lan-gateway-10s,304,0.7629056938068777
lan-gateway-10s,304,0.7629459611822501
lan-gateway-10s,304,0.7629862285576227
lan-gateway-10s,304,0.7630264959329951
lan-gateway-10s,304,0.7630667633083675
lan-gateway-10s,304,0.7631070306837401
lan-gateway-10s,304,0.7631472980591125
lan-gateway-10s,304,0.763187565434485
lan-gateway-10s,305,0.7632278328098574
lan-gateway-10s,305,0.76326810018523
lan-gateway-10s,306,0.7633083675606024
lan-gateway-10s,307,0.7633486349359748
lan-gateway-10s,307,0.7633889023113474
lan-gateway-10s,309,0.7634291696867198
lan-gateway-10s,310,0.7634694370620922
lan-gateway-10s,310,0.7635097044374648
lan-gateway-10s,310,0.7635499718128372
lan-gateway-10s,312,0.7635902391882097
lan-gateway-10s,312,0.7636305065635822
lan-gateway-10s,312,0.7636707739389547
lan-gateway-10s,313,0.7637110413143271
lan-gateway-10s,314,0.7637513086896996
lan-gateway-10s,315,0.7637915760650721
lan-gateway-10s,315,0.7638318434404445
lan-gateway-10s,315,0.7638721108158171
lan-gateway-10s,316,0.7639123781911895
lan-gateway-10s,316,0.763952645566562
lan-gateway-10s,316,0.7639929129419345
lan-gateway-10s,316,0.7640331803173069
lan-gateway-10s,316,0.7640734476926794
lan-gateway-10s,316,0.7641137150680518
lan-gateway-10s,316,0.7641539824434244
lan-gateway-10s,317,0.7641942498187968
lan-gateway-10s,317,0.7642345171941692
lan-gateway-10s,318,0.7642747845695418
lan-gateway-10s,318,0.7643150519449142
lan-gateway-10s,319,0.7643553193202867
lan-gateway-10s,319,0.7643955866956592
lan-gateway-10s,319,0.7644358540710317
lan-gateway-10s,319,0.7644761214464041
lan-gateway-10s,320,0.7645163888217766
lan-gateway-10s,320,0.7645566561971491
lan-gateway-10s,320,0.7645969235725215
lan-gateway-10s,321,0.7646371909478941
lan-gateway-10s,322,0.7646774583232665
lan-gateway-10s,322,0.7647177256986389
lan-gateway-10s,323,0.7647579930740115
lan-gateway-10s,323,0.7647982604493839
lan-gateway-10s,324,0.7648385278247564
lan-gateway-10s,324,0.7648787952001288
lan-gateway-10s,324,0.7649190625755014
lan-gateway-10s,325,0.7649593299508738
lan-gateway-10s,328,0.7649995973262462
lan-gateway-10s,330,0.7650398647016188
lan-gateway-10s,330,0.7650801320769912
lan-gateway-10s,330,0.7651203994523637
lan-gateway-10s,331,0.7651606668277362
lan-gateway-10s,331,0.7652009342031086
lan-gateway-10s,333,0.7652412015784811
lan-gateway-10s,334,0.7652814689538536
lan-gateway-10s,334,0.7653217363292261
lan-gateway-10s,334,0.7653620037045985
lan-gateway-10s,334,0.765402271079971
lan-gateway-10s,334,0.7654425384553435
lan-gateway-10s,334,0.7654828058307159
lan-gateway-10s,334,0.7655230732060885
lan-gateway-10s,335,0.7655633405814609
lan-gateway-10s,335,0.7656036079568334
lan-gateway-10s,335,0.7656438753322058
lan-gateway-10s,335,0.7656841427075783
lan-gateway-10s,336,0.7657244100829508
lan-gateway-10s,336,0.7657646774583232
lan-gateway-10s,338,0.7658049448336958
lan-gateway-10s,338,0.7658452122090682
lan-gateway-10s,339,0.7658854795844406
lan-gateway-10s,340,0.7659257469598132
lan-gateway-10s,340,0.7659660143351856
lan-gateway-10s,341,0.7660062817105581
lan-gateway-10s,341,0.7660465490859306
lan-gateway-10s,341,0.766086816461303
lan-gateway-10s,341,0.7661270838366755
lan-gateway-10s,342,0.766167351212048
lan-gateway-10s,342,0.7662076185874205
lan-gateway-10s,342,0.7662478859627929
lan-gateway-10s,342,0.7662881533381655
lan-gateway-10s,342,0.7663284207135379
lan-gateway-10s,342,0.7663686880889103
lan-gateway-10s,342,0.7664089554642829
lan-gateway-10s,345,0.7664492228396553
lan-gateway-10s,346,0.7664894902150278
lan-gateway-10s,346,0.7665297575904002
lan-gateway-10s,346,0.7665700249657728
lan-gateway-10s,346,0.7666102923411452
lan-gateway-10s,347,0.7666505597165176
lan-gateway-10s,347,0.7666908270918902
lan-gateway-10s,348,0.7667310944672626
lan-gateway-10s,348,0.7667713618426351
lan-gateway-10s,348,0.7668116292180076
lan-gateway-10s,348,0.76685189659338
lan-gateway-10s,348,0.7668921639687525
lan-gateway-10s,348,0.766932431344125
lan-gateway-10s,348,0.7669726987194975
lan-gateway-10s,348,0.7670129660948699
lan-gateway-10s,348,0.7670532334702425
lan-gateway-10s,348,0.7670935008456149
lan-gateway-10s,348,0.7671337682209873
lan-gateway-10s,348,0.7671740355963599
lan-gateway-10s,348,0.7672143029717323
lan-gateway-10s,348,0.7672545703471048
lan-gateway-10s,348,0.7672948377224772
lan-gateway-10s,349,0.7673351050978497
lan-gateway-10s,349,0.7673753724732222
lan-gateway-10s,350,0.7674156398485946
lan-gateway-10s,350,0.7674559072239672
lan-gateway-10s,351,0.7674961745993396
lan-gateway-10s,351,0.767536441974712
lan-gateway-10s,351,0.7675767093500846
lan-gateway-10s,352,0.767616976725457
lan-gateway-10s,352,0.7676572441008295
lan-gateway-10s,352,0.767697511476202
lan-gateway-10s,353,0.7677377788515745
lan-gateway-10s,354,0.7677780462269469
lan-gateway-10s,354,0.7678183136023194
lan-gateway-10s,354,0.7678585809776919
lan-gateway-10s,355,0.7678988483530643
lan-gateway-10s,355,0.7679391157284369
lan-gateway-10s,355,0.7679793831038093
lan-gateway-10s,356,0.7680196504791817
lan-gateway-10s,356,0.7680599178545542
lan-gateway-10s,356,0.7681001852299267
lan-gateway-10s,356,0.7681404526052992
lan-gateway-10s,357,0.7681807199806716
lan-gateway-10s,358,0.7682209873560442
lan-gateway-10s,358,0.7682612547314166
lan-gateway-10s,358,0.768301522106789
lan-gateway-10s,358,0.7683417894821616
lan-gateway-10s,359,0.768382056857534
lan-gateway-10s,359,0.7684223242329065
lan-gateway-10s,359,0.768462591608279
lan-gateway-10s,359,0.7685028589836514
lan-gateway-10s,359,0.7685431263590239
lan-gateway-10s,359,0.7685833937343964
lan-gateway-10s,359,0.7686236611097689
lan-gateway-10s,360,0.7686639284851413
lan-gateway-10s,360,0.7687041958605139
lan-gateway-10s,360,0.7687444632358863
lan-gateway-10s,360,0.7687847306112587
lan-gateway-10s,361,0.7688249979866313
lan-gateway-10s,361,0.7688652653620037
lan-gateway-10s,362,0.7689055327373762
lan-gateway-10s,362,0.7689458001127486
lan-gateway-10s,362,0.7689860674881211
lan-gateway-10s,362,0.7690263348634936
lan-gateway-10s,362,0.769066602238866
lan-gateway-10s,362,0.7691068696142386
lan-gateway-10s,362,0.769147136989611
lan-gateway-10s,362,0.7691874043649835
lan-gateway-10s,362,0.769227671740356
lan-gateway-10s,362,0.7692679391157284
lan-gateway-10s,362,0.7693082064911009
lan-gateway-10s,362,0.7693484738664734
lan-gateway-10s,363,0.7693887412418459
lan-gateway-10s,363,0.7694290086172183
lan-gateway-10s,364,0.7694692759925909
lan-gateway-10s,364,0.7695095433679633
lan-gateway-10s,364,0.7695498107433357
lan-gateway-10s,364,0.7695900781187083
lan-gateway-10s,364,0.7696303454940807
lan-gateway-10s,364,0.7696706128694532
lan-gateway-10s,364,0.7697108802448256
lan-gateway-10s,364,0.7697511476201981
lan-gateway-10s,364,0.7697914149955706
lan-gateway-10s,365,0.769831682370943
lan-gateway-10s,365,0.7698719497463156
lan-gateway-10s,365,0.769912217121688
lan-gateway-10s,365,0.7699524844970604
lan-gateway-10s,365,0.769992751872433
lan-gateway-10s,365,0.7700330192478054
lan-gateway-10s,365,0.7700732866231779
lan-gateway-10s,365,0.7701135539985504
lan-gateway-10s,366,0.7701538213739229
lan-gateway-10s,367,0.7701940887492953
lan-gateway-10s,368,0.7702343561246678
lan-gateway-10s,368,0.7702746235000403
lan-gateway-10s,368,0.7703148908754127
lan-gateway-10s,368,0.7703551582507853
lan-gateway-10s,368,0.7703954256261577
lan-gateway-10s,368,0.7704356930015301
lan-gateway-10s,368,0.7704759603769026
lan-gateway-10s,368,0.7705162277522751
lan-gateway-10s,373,0.7705564951276476
lan-gateway-10s,373,0.77059676250302
lan-gateway-10s,374,0.7706370298783926
lan-gateway-10s,374,0.770677297253765
lan-gateway-10s,375,0.7707175646291374
lan-gateway-10s,376,0.77075783200451
lan-gateway-10s,376,0.7707980993798824
lan-gateway-10s,376,0.7708383667552549
lan-gateway-10s,376,0.7708786341306274
lan-gateway-10s,376,0.7709189015059998
lan-gateway-10s,376,0.7709591688813723
lan-gateway-10s,376,0.7709994362567448
lan-gateway-10s,377,0.7710397036321173
lan-gateway-10s,377,0.7710799710074897
lan-gateway-10s,378,0.7711202383828623
lan-gateway-10s,378,0.7711605057582347
lan-gateway-10s,378,0.7712007731336071
lan-gateway-10s,378,0.7712410405089796
lan-gateway-10s,379,0.7712813078843521
lan-gateway-10s,379,0.7713215752597246
lan-gateway-10s,380,0.771361842635097
lan-gateway-10s,380,0.7714021100104695
lan-gateway-10s,381,0.771442377385842
lan-gateway-10s,381,0.7714826447612144
lan-gateway-10s,381,0.771522912136587
lan-gateway-10s,382,0.7715631795119594
lan-gateway-10s,382,0.7716034468873318
lan-gateway-10s,383,0.7716437142627044
lan-gateway-10s,383,0.7716839816380768
lan-gateway-10s,383,0.7717242490134493
lan-gateway-10s,384,0.7717645163888218
lan-gateway-10s,384,0.7718047837641943
lan-gateway-10s,384,0.7718450511395667
lan-gateway-10s,384,0.7718853185149392
lan-gateway-10s,384,0.7719255858903117
lan-gateway-10s,384,0.7719658532656841
lan-gateway-10s,385,0.7720061206410567
lan-gateway-10s,386,0.7720463880164291
lan-gateway-10s,386,0.7720866553918015
lan-gateway-10s,386,0.772126922767174
lan-gateway-10s,386,0.7721671901425465
lan-gateway-10s,386,0.772207457517919
lan-gateway-10s,386,0.7722477248932914
lan-gateway-10s,386,0.772287992268664
lan-gateway-10s,386,0.7723282596440364
lan-gateway-10s,386,0.7723685270194088
lan-gateway-10s,386,0.7724087943947814
lan-gateway-10s,386,0.7724490617701538
lan-gateway-10s,386,0.7724893291455263
lan-gateway-10s,386,0.7725295965208988
lan-gateway-10s,386,0.7725698638962712
lan-gateway-10s,386,0.7726101312716437
lan-gateway-10s,386,0.7726503986470162
lan-gateway-10s,386,0.7726906660223887
lan-gateway-10s,386,0.7727309333977611
lan-gateway-10s,386,0.7727712007731337
lan-gateway-10s,386,0.7728114681485061
lan-gateway-10s,389,0.7728517355238785
lan-gateway-10s,392,0.772892002899251
lan-gateway-10s,392,0.7729322702746235
lan-gateway-10s,393,0.772972537649996
lan-gateway-10s,393,0.7730128050253684
lan-gateway-10s,393,0.773053072400741
lan-gateway-10s,394,0.7730933397761134
lan-gateway-10s,394,0.7731336071514858
lan-gateway-10s,394,0.7731738745268584
lan-gateway-10s,394,0.7732141419022308
lan-gateway-10s,394,0.7732544092776032
lan-gateway-10s,395,0.7732946766529758
lan-gateway-10s,395,0.7733349440283482
lan-gateway-10s,395,0.7733752114037207
lan-gateway-10s,395,0.7734154787790932
lan-gateway-10s,395,0.7734557461544657
lan-gateway-10s,395,0.7734960135298381
lan-gateway-10s,395,0.7735362809052106
lan-gateway-10s,395,0.7735765482805831
lan-gateway-10s,395,0.7736168156559555
lan-gateway-10s,395,0.773657083031328
lan-gateway-10s,395,0.7736973504067005
lan-gateway-10s,395,0.773737617782073
lan-gateway-10s,395,0.7737778851574454
lan-gateway-10s,395,0.7738181525328179
lan-gateway-10s,395,0.7738584199081904
lan-gateway-10s,395,0.7738986872835628
lan-gateway-10s,395,0.7739389546589354
lan-gateway-10s,395,0.7739792220343078
lan-gateway-10s,395,0.7740194894096802
lan-gateway-10s,395,0.7740597567850528
lan-gateway-10s,395,0.7741000241604252
lan-gateway-10s,395,0.7741402915357977
lan-gateway-10s,395,0.7741805589111702
lan-gateway-10s,396,0.7742208262865427
lan-gateway-10s,396,0.7742610936619151
lan-gateway-10s,397,0.7743013610372876
lan-gateway-10s,398,0.7743416284126601
lan-gateway-10s,399,0.7743818957880325
lan-gateway-10s,399,0.7744221631634051
lan-gateway-10s,399,0.7744624305387775
lan-gateway-10s,399,0.7745026979141499
lan-gateway-10s,400,0.7745429652895224
lan-gateway-10s,400,0.7745832326648949
lan-gateway-10s,400,0.7746235000402674
lan-gateway-10s,402,0.7746637674156398
lan-gateway-10s,402,0.7747040347910124
lan-gateway-10s,402,0.7747443021663848
lan-gateway-10s,403,0.7747845695417572
lan-gateway-10s,404,0.7748248369171298
lan-gateway-10s,405,0.7748651042925022
lan-gateway-10s,406,0.7749053716678747
lan-gateway-10s,406,0.7749456390432472
lan-gateway-10s,407,0.7749859064186196
lan-gateway-10s,407,0.7750261737939921
lan-gateway-10s,407,0.7750664411693646
lan-gateway-10s,408,0.7751067085447371
lan-gateway-10s,409,0.7751469759201095
lan-gateway-10s,409,0.775187243295482
lan-gateway-10s,410,0.7752275106708545
lan-gateway-10s,411,0.7752677780462269
lan-gateway-10s,411,0.7753080454215994
lan-gateway-10s,411,0.7753483127969719
lan-gateway-10s,411,0.7753885801723444
lan-gateway-10s,412,0.7754288475477168
lan-gateway-10s,412,0.7754691149230893
lan-gateway-10s,412,0.7755093822984618
lan-gateway-10s,413,0.7755496496738342
lan-gateway-10s,413,0.7755899170492068
lan-gateway-10s,414,0.7756301844245792
lan-gateway-10s,415,0.7756704517999516
lan-gateway-10s,416,0.7757107191753242
lan-gateway-10s,416,0.7757509865506966
lan-gateway-10s,418,0.7757912539260691
lan-gateway-10s,419,0.7758315213014416
lan-gateway-10s,420,0.7758717886768141
lan-gateway-10s,420,0.7759120560521865
lan-gateway-10s,421,0.775952323427559
lan-gateway-10s,421,0.7759925908029315
lan-gateway-10s,425,0.7760328581783039
lan-gateway-10s,425,0.7760731255536764
lan-gateway-10s,426,0.7761133929290489
lan-gateway-10s,426,0.7761536603044213
lan-gateway-10s,427,0.7761939276797938
lan-gateway-10s,427,0.7762341950551663
lan-gateway-10s,427,0.7762744624305388
lan-gateway-10s,427,0.7763147298059112
lan-gateway-10s,428,0.7763549971812838
lan-gateway-10s,428,0.7763952645566562
lan-gateway-10s,430,0.7764355319320286
lan-gateway-10s,430,0.7764757993074012
lan-gateway-10s,430,0.7765160666827736
lan-gateway-10s,431,0.7765563340581461
lan-gateway-10s,431,0.7765966014335186
lan-gateway-10s,431,0.776636868808891
lan-gateway-10s,431,0.7766771361842635
lan-gateway-10s,431,0.776717403559636
lan-gateway-10s,431,0.7767576709350085
lan-gateway-10s,431,0.7767979383103809
lan-gateway-10s,431,0.7768382056857535
lan-gateway-10s,431,0.7768784730611259
lan-gateway-10s,431,0.7769187404364983
lan-gateway-10s,431,0.7769590078118708
lan-gateway-10s,432,0.7769992751872433
lan-gateway-10s,432,0.7770395425626158
lan-gateway-10s,432,0.7770798099379882
lan-gateway-10s,433,0.7771200773133607
lan-gateway-10s,433,0.7771603446887332
lan-gateway-10s,434,0.7772006120641056
lan-gateway-10s,434,0.7772408794394782
lan-gateway-10s,434,0.7772811468148506
lan-gateway-10s,435,0.777321414190223
lan-gateway-10s,436,0.7773616815655956
lan-gateway-10s,436,0.777401948940968
lan-gateway-10s,436,0.7774422163163405
lan-gateway-10s,437,0.777482483691713
lan-gateway-10s,437,0.7775227510670855
lan-gateway-10s,437,0.7775630184424579
lan-gateway-10s,437,0.7776032858178304
lan-gateway-10s,438,0.7776435531932029
lan-gateway-10s,438,0.7776838205685753
lan-gateway-10s,438,0.7777240879439478
lan-gateway-10s,438,0.7777643553193203
lan-gateway-10s,438,0.7778046226946927
lan-gateway-10s,438,0.7778448900700652
lan-gateway-10s,438,0.7778851574454377
lan-gateway-10s,438,0.7779254248208102
lan-gateway-10s,438,0.7779656921961826
lan-gateway-10s,438,0.7780059595715552
lan-gateway-10s,438,0.7780462269469276
lan-gateway-10s,438,0.7780864943223
lan-gateway-10s,438,0.7781267616976726
lan-gateway-10s,438,0.778167029073045
lan-gateway-10s,438,0.7782072964484175
lan-gateway-10s,438,0.77824756382379
lan-gateway-10s,438,0.7782878311991624
lan-gateway-10s,439,0.7783280985745349
lan-gateway-10s,440,0.7783683659499074
lan-gateway-10s,440,0.7784086333252799
lan-gateway-10s,441,0.7784489007006523
lan-gateway-10s,441,0.7784891680760248
lan-gateway-10s,442,0.7785294354513973
lan-gateway-10s,443,0.7785697028267697
lan-gateway-10s,443,0.7786099702021422
lan-gateway-10s,443,0.7786502375775147
lan-gateway-10s,443,0.7786905049528872
lan-gateway-10s,443,0.7787307723282596
lan-gateway-10s,443,0.7787710397036322
lan-gateway-10s,443,0.7788113070790046
lan-gateway-10s,443,0.778851574454377
lan-gateway-10s,443,0.7788918418297496
lan-gateway-10s,443,0.778932109205122
lan-gateway-10s,443,0.7789723765804945
lan-gateway-10s,443,0.779012643955867
lan-gateway-10s,443,0.7790529113312394
lan-gateway-10s,443,0.7790931787066119
lan-gateway-10s,443,0.7791334460819844
lan-gateway-10s,443,0.7791737134573569
lan-gateway-10s,443,0.7792139808327293
lan-gateway-10s,443,0.7792542482081017
lan-gateway-10s,443,0.7792945155834743
lan-gateway-10s,443,0.7793347829588467
lan-gateway-10s,443,0.7793750503342192
lan-gateway-10s,443,0.7794153177095917
lan-gateway-10s,444,0.7794555850849642
lan-gateway-10s,444,0.7794958524603366
lan-gateway-10s,444,0.7795361198357091
lan-gateway-10s,445,0.7795763872110816
lan-gateway-10s,445,0.779616654586454
lan-gateway-10s,445,0.7796569219618266
lan-gateway-10s,445,0.779697189337199
lan-gateway-10s,445,0.7797374567125714
lan-gateway-10s,445,0.779777724087944
lan-gateway-10s,445,0.7798179914633164
lan-gateway-10s,445,0.7798582588386889
lan-gateway-10s,445,0.7798985262140614
lan-gateway-10s,445,0.7799387935894339
lan-gateway-10s,445,0.7799790609648063
lan-gateway-10s,445,0.7800193283401788
lan-gateway-10s,445,0.7800595957155513
lan-gateway-10s,445,0.7800998630909237
lan-gateway-10s,445,0.7801401304662962
lan-gateway-10s,445,0.7801803978416687
lan-gateway-10s,445,0.7802206652170411
lan-gateway-10s,445,0.7802609325924136
lan-gateway-10s,445,0.7803011999677861
lan-gateway-10s,445,0.7803414673431586
lan-gateway-10s,446,0.780381734718531
lan-gateway-10s,446,0.7804220020939036
lan-gateway-10s,446,0.780462269469276
lan-gateway-10s,446,0.7805025368446484
lan-gateway-10s,446,0.780542804220021
lan-gateway-10s,446,0.7805830715953934
lan-gateway-10s,446,0.7806233389707659
lan-gateway-10s,446,0.7806636063461384
lan-gateway-10s,446,0.7807038737215108
lan-gateway-10s,446,0.7807441410968833
lan-gateway-10s,446,0.7807844084722558
lan-gateway-10s,446,0.7808246758476283
lan-gateway-10s,446,0.7808649432230007
lan-gateway-10s,446,0.7809052105983731
lan-gateway-10s,446,0.7809454779737457
lan-gateway-10s,446,0.7809857453491181
lan-gateway-10s,446,0.7810260127244906
lan-gateway-10s,446,0.7810662800998631
lan-gateway-10s,446,0.7811065474752356
lan-gateway-10s,447,0.781146814850608
lan-gateway-10s,447,0.7811870822259805
lan-gateway-10s,447,0.781227349601353
lan-gateway-10s,448,0.7812676169767254
lan-gateway-10s,448,0.781307884352098
lan-gateway-10s,448,0.7813481517274704
lan-gateway-10s,449,0.7813884191028428
lan-gateway-10s,450,0.7814286864782154
lan-gateway-10s,450,0.7814689538535878
lan-gateway-10s,450,0.7815092212289603
lan-gateway-10s,450,0.7815494886043328
lan-gateway-10s,450,0.7815897559797053
lan-gateway-10s,450,0.7816300233550777
lan-gateway-10s,450,0.7816702907304501
lan-gateway-10s,450,0.7817105581058227
lan-gateway-10s,450,0.7817508254811951
lan-gateway-10s,450,0.7817910928565676
lan-gateway-10s,450,0.7818313602319401
lan-gateway-10s,450,0.7818716276073125
lan-gateway-10s,450,0.781911894982685
lan-gateway-10s,450,0.7819521623580575
lan-gateway-10s,450,0.78199242973343
lan-gateway-10s,450,0.7820326971088024
lan-gateway-10s,450,0.782072964484175
lan-gateway-10s,451,0.7821132318595474
lan-gateway-10s,452,0.7821534992349198
lan-gateway-10s,452,0.7821937666102924
lan-gateway-10s,452,0.7822340339856648
lan-gateway-10s,452,0.7822743013610373
lan-gateway-10s,453,0.7823145687364098
lan-gateway-10s,454,0.7823548361117822
lan-gateway-10s,454,0.7823951034871547
lan-gateway-10s,454,0.7824353708625272
lan-gateway-10s,456,0.7824756382378997
lan-gateway-10s,459,0.7825159056132721
lan-gateway-10s,459,0.7825561729886445
lan-gateway-10s,459,0.7825964403640171
lan-gateway-10s,460,0.7826367077393895
lan-gateway-10s,460,0.782676975114762
lan-gateway-10s,460,0.7827172424901345
lan-gateway-10s,460,0.782757509865507
lan-gateway-10s,460,0.7827977772408794
lan-gateway-10s,460,0.782838044616252
lan-gateway-10s,460,0.7828783119916244
lan-gateway-10s,461,0.7829185793669968
lan-gateway-10s,461,0.7829588467423694
lan-gateway-10s,461,0.7829991141177418
lan-gateway-10s,461,0.7830393814931143
lan-gateway-10s,461,0.7830796488684868
lan-gateway-10s,461,0.7831199162438592
lan-gateway-10s,461,0.7831601836192317
lan-gateway-10s,461,0.7832004509946042
lan-gateway-10s,461,0.7832407183699767
lan-gateway-10s,461,0.7832809857453491
lan-gateway-10s,461,0.7833212531207215
lan-gateway-10s,461,0.7833615204960941
lan-gateway-10s,461,0.7834017878714665
lan-gateway-10s,461,0.783442055246839
lan-gateway-10s,461,0.7834823226222115
lan-gateway-10s,461,0.783522589997584
lan-gateway-10s,461,0.7835628573729564
lan-gateway-10s,462,0.7836031247483289
lan-gateway-10s,462,0.7836433921237014
lan-gateway-10s,463,0.7836836594990738
lan-gateway-10s,463,0.7837239268744464
lan-gateway-10s,463,0.7837641942498188
lan-gateway-10s,463,0.7838044616251912
lan-gateway-10s,464,0.7838447290005638
lan-gateway-10s,464,0.7838849963759362
lan-gateway-10s,465,0.7839252637513087
lan-gateway-10s,465,0.7839655311266812
lan-gateway-10s,465,0.7840057985020537
lan-gateway-10s,465,0.7840460658774261
lan-gateway-10s,466,0.7840863332527985
lan-gateway-10s,466,0.7841266006281711
lan-gateway-10s,466,0.7841668680035435
lan-gateway-10s,467,0.784207135378916
lan-gateway-10s,467,0.7842474027542885
lan-gateway-10s,469,0.7842876701296609
lan-gateway-10s,471,0.7843279375050334
lan-gateway-10s,471,0.7843682048804059
lan-gateway-10s,471,0.7844084722557784
lan-gateway-10s,471,0.7844487396311508
lan-gateway-10s,471,0.7844890070065234
lan-gateway-10s,472,0.7845292743818958
lan-gateway-10s,472,0.7845695417572682
lan-gateway-10s,472,0.7846098091326408
lan-gateway-10s,472,0.7846500765080132
lan-gateway-10s,472,0.7846903438833857
lan-gateway-10s,472,0.7847306112587582
lan-gateway-10s,472,0.7847708786341306
lan-gateway-10s,472,0.7848111460095031
lan-gateway-10s,472,0.7848514133848756
lan-gateway-10s,472,0.7848916807602481
lan-gateway-10s,472,0.7849319481356205
lan-gateway-10s,472,0.7849722155109929
lan-gateway-10s,472,0.7850124828863655
lan-gateway-10s,472,0.7850527502617379
lan-gateway-10s,472,0.7850930176371104
lan-gateway-10s,472,0.7851332850124829
lan-gateway-10s,472,0.7851735523878554
lan-gateway-10s,472,0.7852138197632278
lan-gateway-10s,472,0.7852540871386003
lan-gateway-10s,473,0.7852943545139728
lan-gateway-10s,474,0.7853346218893452
lan-gateway-10s,475,0.7853748892647178
lan-gateway-10s,475,0.7854151566400902
lan-gateway-10s,476,0.7854554240154626
lan-gateway-10s,476,0.7854956913908352
lan-gateway-10s,476,0.7855359587662076
lan-gateway-10s,476,0.7855762261415801
lan-gateway-10s,476,0.7856164935169526
lan-gateway-10s,476,0.7856567608923251
lan-gateway-10s,476,0.7856970282676975
lan-gateway-10s,476,0.7857372956430699
lan-gateway-10s,476,0.7857775630184425
lan-gateway-10s,477,0.7858178303938149
lan-gateway-10s,478,0.7858580977691874
lan-gateway-10s,478,0.7858983651445599
lan-gateway-10s,479,0.7859386325199323
lan-gateway-10s,480,0.7859788998953048
lan-gateway-10s,481,0.7860191672706773
lan-gateway-10s,481,0.7860594346460498
lan-gateway-10s,481,0.7860997020214222
lan-gateway-10s,481,0.7861399693967948
lan-gateway-10s,481,0.7861802367721672
lan-gateway-10s,481,0.7862205041475396
lan-gateway-10s,481,0.7862607715229122
lan-gateway-10s,481,0.7863010388982846
lan-gateway-10s,481,0.7863413062736571
lan-gateway-10s,481,0.7863815736490296
lan-gateway-10s,482,0.786421841024402
lan-gateway-10s,482,0.7864621083997745
lan-gateway-10s,482,0.7865023757751469
lan-gateway-10s,482,0.7865426431505195
lan-gateway-10s,483,0.7865829105258919
lan-gateway-10s,483,0.7866231779012643
lan-gateway-10s,483,0.7866634452766369
lan-gateway-10s,484,0.7867037126520093
lan-gateway-10s,484,0.7867439800273818
lan-gateway-10s,486,0.7867842474027543
lan-gateway-10s,487,0.7868245147781268
lan-gateway-10s,487,0.7868647821534992
lan-gateway-10s,489,0.7869050495288717
lan-gateway-10s,491,0.7869453169042442
lan-gateway-10s,491,0.7869855842796166
lan-gateway-10s,491,0.7870258516549892
lan-gateway-10s,491,0.7870661190303616
lan-gateway-10s,492,0.787106386405734
lan-gateway-10s,492,0.7871466537811066
lan-gateway-10s,492,0.787186921156479
lan-gateway-10s,492,0.7872271885318515
lan-gateway-10s,495,0.7872674559072239
lan-gateway-10s,497,0.7873077232825965
lan-gateway-10s,498,0.7873479906579689
lan-gateway-10s,500,0.7873882580333413
lan-gateway-10s,501,0.7874285254087139
lan-gateway-10s,502,0.7874687927840863
lan-gateway-10s,502,0.7875090601594588
lan-gateway-10s,502,0.7875493275348313
lan-gateway-10s,502,0.7875895949102037
lan-gateway-10s,502,0.7876298622855762
lan-gateway-10s,502,0.7876701296609487
lan-gateway-10s,502,0.7877103970363212
lan-gateway-10s,502,0.7877506644116936
lan-gateway-10s,502,0.7877909317870662
lan-gateway-10s,503,0.7878311991624386
lan-gateway-10s,505,0.787871466537811
lan-gateway-10s,506,0.7879117339131836
lan-gateway-10s,507,0.787952001288556
lan-gateway-10s,507,0.7879922686639285
lan-gateway-10s,507,0.788032536039301
lan-gateway-10s,507,0.7880728034146735
lan-gateway-10s,507,0.7881130707900459
lan-gateway-10s,507,0.7881533381654183
lan-gateway-10s,507,0.7881936055407909
lan-gateway-10s,507,0.7882338729161633
lan-gateway-10s,507,0.7882741402915358
lan-gateway-10s,507,0.7883144076669083
lan-gateway-10s,507,0.7883546750422807
lan-gateway-10s,507,0.7883949424176532
lan-gateway-10s,507,0.7884352097930257
lan-gateway-10s,507,0.7884754771683982
lan-gateway-10s,507,0.7885157445437706
lan-gateway-10s,507,0.7885560119191432
lan-gateway-10s,507,0.7885962792945156
lan-gateway-10s,507,0.788636546669888
lan-gateway-10s,507,0.7886768140452606
lan-gateway-10s,507,0.788717081420633
lan-gateway-10s,507,0.7887573487960055
lan-gateway-10s,508,0.788797616171378
lan-gateway-10s,509,0.7888378835467504
lan-gateway-10s,509,0.7888781509221229
lan-gateway-10s,509,0.7889184182974953
lan-gateway-10s,509,0.7889586856728679
lan-gateway-10s,509,0.7889989530482403
lan-gateway-10s,509,0.7890392204236127
lan-gateway-10s,509,0.7890794877989853
lan-gateway-10s,509,0.7891197551743577
lan-gateway-10s,510,0.7891600225497302
lan-gateway-10s,512,0.7892002899251027
lan-gateway-10s,512,0.7892405573004752
lan-gateway-10s,513,0.7892808246758476
lan-gateway-10s,518,0.7893210920512201
lan-gateway-10s,518,0.7893613594265926
lan-gateway-10s,518,0.789401626801965
lan-gateway-10s,518,0.7894418941773376
lan-gateway-10s,518,0.78948216155271
lan-gateway-10s,519,0.7895224289280824
lan-gateway-10s,519,0.789562696303455
lan-gateway-10s,520,0.7896029636788274
lan-gateway-10s,521,0.7896432310541999
lan-gateway-10s,521,0.7896834984295723
lan-gateway-10s,521,0.7897237658049449
lan-gateway-10s,521,0.7897640331803173
lan-gateway-10s,521,0.7898043005556897
lan-gateway-10s,521,0.7898445679310623
lan-gateway-10s,521,0.7898848353064347
lan-gateway-10s,521,0.7899251026818072
lan-gateway-10s,521,0.7899653700571797
lan-gateway-10s,521,0.7900056374325521
lan-gateway-10s,521,0.7900459048079246
lan-gateway-10s,522,0.7900861721832971
lan-gateway-10s,523,0.7901264395586696
lan-gateway-10s,523,0.790166706934042
lan-gateway-10s,523,0.7902069743094146
lan-gateway-10s,523,0.790247241684787
lan-gateway-10s,524,0.7902875090601594
lan-gateway-10s,526,0.790327776435532
lan-gateway-10s,528,0.7903680438109044
lan-gateway-10s,529,0.7904083111862769
lan-gateway-10s,529,0.7904485785616494
lan-gateway-10s,531,0.7904888459370218
lan-gateway-10s,531,0.7905291133123943
lan-gateway-10s,531,0.7905693806877667
lan-gateway-10s,531,0.7906096480631393
lan-gateway-10s,533,0.7906499154385117
lan-gateway-10s,534,0.7906901828138841
lan-gateway-10s,534,0.7907304501892567
lan-gateway-10s,534,0.7907707175646291
lan-gateway-10s,534,0.7908109849400016
lan-gateway-10s,534,0.7908512523153741
lan-gateway-10s,535,0.7908915196907466
lan-gateway-10s,536,0.790931787066119
lan-gateway-10s,536,0.7909720544414915
lan-gateway-10s,536,0.791012321816864
lan-gateway-10s,536,0.7910525891922364
lan-gateway-10s,536,0.791092856567609
lan-gateway-10s,536,0.7911331239429814
lan-gateway-10s,537,0.7911733913183538
lan-gateway-10s,537,0.7912136586937264
lan-gateway-10s,537,0.7912539260690988
lan-gateway-10s,539,0.7912941934444713
lan-gateway-10s,539,0.7913344608198437
lan-gateway-10s,539,0.7913747281952163
lan-gateway-10s,539,0.7914149955705887
lan-gateway-10s,539,0.7914552629459611
lan-gateway-10s,539,0.7914955303213337
lan-gateway-10s,539,0.7915357976967061
lan-gateway-10s,539,0.7915760650720786
lan-gateway-10s,539,0.7916163324474511
lan-gateway-10s,539,0.7916565998228235
lan-gateway-10s,539,0.791696867198196
lan-gateway-10s,540,0.7917371345735685
lan-gateway-10s,540,0.791777401948941
lan-gateway-10s,540,0.7918176693243134
lan-gateway-10s,541,0.791857936699686
lan-gateway-10s,541,0.7918982040750584
lan-gateway-10s,542,0.7919384714504308
lan-gateway-10s,542,0.7919787388258034
lan-gateway-10s,542,0.7920190062011758
lan-gateway-10s,542,0.7920592735765483
lan-gateway-10s,542,0.7920995409519207
lan-gateway-10s,543,0.7921398083272932
lan-gateway-10s,543,0.7921800757026657
lan-gateway-10s,543,0.7922203430780381
lan-gateway-10s,544,0.7922606104534107
lan-gateway-10s,545,0.7923008778287831
lan-gateway-10s,545,0.7923411452041556
lan-gateway-10s,545,0.7923814125795281
lan-gateway-10s,545,0.7924216799549005
lan-gateway-10s,546,0.792461947330273
lan-gateway-10s,546,0.7925022147056455
lan-gateway-10s,547,0.792542482081018
lan-gateway-10s,547,0.7925827494563904
lan-gateway-10s,548,0.792623016831763
lan-gateway-10s,548,0.7926632842071354
lan-gateway-10s,548,0.7927035515825078
lan-gateway-10s,549,0.7927438189578804
lan-gateway-10s,549,0.7927840863332528
lan-gateway-10s,550,0.7928243537086253
lan-gateway-10s,551,0.7928646210839978
lan-gateway-10s,551,0.7929048884593702
lan-gateway-10s,552,0.7929451558347427
lan-gateway-10s,552,0.7929854232101151
lan-gateway-10s,553,0.7930256905854877
lan-gateway-10s,554,0.7930659579608601
lan-gateway-10s,554,0.7931062253362325
lan-gateway-10s,554,0.7931464927116051
lan-gateway-10s,554,0.7931867600869775
lan-gateway-10s,555,0.79322702746235
lan-gateway-10s,555,0.7932672948377225
lan-gateway-10s,555,0.793307562213095
lan-gateway-10s,555,0.7933478295884674
lan-gateway-10s,556,0.7933880969638399
lan-gateway-10s,557,0.7934283643392124
lan-gateway-10s,560,0.7934686317145848
lan-gateway-10s,560,0.7935088990899574
lan-gateway-10s,560,0.7935491664653298
lan-gateway-10s,560,0.7935894338407022
lan-gateway-10s,560,0.7936297012160748
lan-gateway-10s,563,0.7936699685914472
lan-gateway-10s,564,0.7937102359668197
lan-gateway-10s,566,0.7937505033421921
lan-gateway-10s,568,0.7937907707175647
lan-gateway-10s,568,0.7938310380929371
lan-gateway-10s,568,0.7938713054683095
lan-gateway-10s,569,0.7939115728436821
lan-gateway-10s,570,0.7939518402190545
lan-gateway-10s,571,0.793992107594427
lan-gateway-10s,571,0.7940323749697995
lan-gateway-10s,572,0.7940726423451719
lan-gateway-10s,572,0.7941129097205444
lan-gateway-10s,572,0.7941531770959169
lan-gateway-10s,573,0.7941934444712894
lan-gateway-10s,573,0.7942337118466618
lan-gateway-10s,573,0.7942739792220344
lan-gateway-10s,574,0.7943142465974068
lan-gateway-10s,574,0.7943545139727792
lan-gateway-10s,575,0.7943947813481518
lan-gateway-10s,575,0.7944350487235242
lan-gateway-10s,575,0.7944753160988967
lan-gateway-10s,575,0.7945155834742691
lan-gateway-10s,575,0.7945558508496416
lan-gateway-10s,575,0.7945961182250141
lan-gateway-10s,575,0.7946363856003865
lan-gateway-10s,575,0.7946766529757591
lan-gateway-10s,576,0.7947169203511315
lan-gateway-10s,576,0.7947571877265039
lan-gateway-10s,576,0.7947974551018765
lan-gateway-10s,576,0.7948377224772489
lan-gateway-10s,576,0.7948779898526214
lan-gateway-10s,576,0.7949182572279939
lan-gateway-10s,577,0.7949585246033664
lan-gateway-10s,577,0.7949987919787388
lan-gateway-10s,577,0.7950390593541113
lan-gateway-10s,577,0.7950793267294838
lan-gateway-10s,577,0.7951195941048562
lan-gateway-10s,578,0.7951598614802288
lan-gateway-10s,578,0.7952001288556012
lan-gateway-10s,579,0.7952403962309736
lan-gateway-10s,579,0.7952806636063461
lan-gateway-10s,579,0.7953209309817186
lan-gateway-10s,579,0.7953611983570911
lan-gateway-10s,579,0.7954014657324635
lan-gateway-10s,579,0.7954417331078361
lan-gateway-10s,579,0.7954820004832085
lan-gateway-10s,579,0.7955222678585809
lan-gateway-10s,579,0.7955625352339535
lan-gateway-10s,579,0.7956028026093259
lan-gateway-10s,579,0.7956430699846984
lan-gateway-10s,580,0.7956833373600709
lan-gateway-10s,580,0.7957236047354433
lan-gateway-10s,581,0.7957638721108158
lan-gateway-10s,581,0.7958041394861883
lan-gateway-10s,581,0.7958444068615608
lan-gateway-10s,581,0.7958846742369332
lan-gateway-10s,582,0.7959249416123058
lan-gateway-10s,582,0.7959652089876782
lan-gateway-10s,582,0.7960054763630506
lan-gateway-10s,582,0.7960457437384232
lan-gateway-10s,582,0.7960860111137956
lan-gateway-10s,582,0.7961262784891681
lan-gateway-10s,582,0.7961665458645405
lan-gateway-10s,582,0.796206813239913
lan-gateway-10s,582,0.7962470806152855
lan-gateway-10s,582,0.7962873479906579
lan-gateway-10s,582,0.7963276153660305
lan-gateway-10s,582,0.7963678827414029
lan-gateway-10s,582,0.7964081501167753
lan-gateway-10s,583,0.7964484174921479
lan-gateway-10s,583,0.7964886848675203
lan-gateway-10s,583,0.7965289522428928
lan-gateway-10s,583,0.7965692196182653
lan-gateway-10s,584,0.7966094869936378
lan-gateway-10s,584,0.7966497543690102
lan-gateway-10s,585,0.7966900217443827
lan-gateway-10s,585,0.7967302891197552
lan-gateway-10s,585,0.7967705564951276
lan-gateway-10s,585,0.7968108238705002
lan-gateway-10s,585,0.7968510912458726
lan-gateway-10s,586,0.796891358621245
lan-gateway-10s,587,0.7969316259966175
lan-gateway-10s,587,0.79697189337199
lan-gateway-10s,587,0.7970121607473625
lan-gateway-10s,587,0.7970524281227349
lan-gateway-10s,587,0.7970926954981075
lan-gateway-10s,588,0.7971329628734799
lan-gateway-10s,588,0.7971732302488523
lan-gateway-10s,589,0.7972134976242249
lan-gateway-10s,589,0.7972537649995973
lan-gateway-10s,589,0.7972940323749698
lan-gateway-10s,590,0.7973342997503423
lan-gateway-10s,590,0.7973745671257148
lan-gateway-10s,590,0.7974148345010872
lan-gateway-10s,590,0.7974551018764597
lan-gateway-10s,590,0.7974953692518322
lan-gateway-10s,590,0.7975356366272046
lan-gateway-10s,590,0.7975759040025772
lan-gateway-10s,590,0.7976161713779496
lan-gateway-10s,590,0.797656438753322
lan-gateway-10s,590,0.7976967061286945
lan-gateway-10s,590,0.797736973504067
lan-gateway-10s,590,0.7977772408794395
lan-gateway-10s,590,0.7978175082548119
lan-gateway-10s,590,0.7978577756301845
lan-gateway-10s,590,0.7978980430055569
lan-gateway-10s,590,0.7979383103809293
lan-gateway-10s,590,0.7979785777563019
lan-gateway-10s,590,0.7980188451316743
lan-gateway-10s,590,0.7980591125070468
lan-gateway-10s,590,0.7980993798824193
lan-gateway-10s,590,0.7981396472577917
lan-gateway-10s,590,0.7981799146331642
lan-gateway-10s,590,0.7982201820085367
lan-gateway-10s,590,0.7982604493839092
lan-gateway-10s,590,0.7983007167592816
lan-gateway-10s,590,0.7983409841346542
lan-gateway-10s,590,0.7983812515100266
lan-gateway-10s,590,0.798421518885399
lan-gateway-10s,590,0.7984617862607716
lan-gateway-10s,590,0.798502053636144
lan-gateway-10s,590,0.7985423210115165
lan-gateway-10s,590,0.7985825883868889
lan-gateway-10s,590,0.7986228557622614
lan-gateway-10s,590,0.7986631231376339
lan-gateway-10s,590,0.7987033905130063
lan-gateway-10s,590,0.7987436578883789
lan-gateway-10s,590,0.7987839252637513
lan-gateway-10s,590,0.7988241926391237
lan-gateway-10s,590,0.7988644600144963
lan-gateway-10s,590,0.7989047273898687
lan-gateway-10s,590,0.7989449947652412
lan-gateway-10s,590,0.7989852621406137
lan-gateway-10s,590,0.7990255295159862
lan-gateway-10s,590,0.7990657968913586
lan-gateway-10s,590,0.7991060642667311
lan-gateway-10s,590,0.7991463316421036
lan-gateway-10s,590,0.799186599017476
lan-gateway-10s,590,0.7992268663928486
lan-gateway-10s,590,0.799267133768221
lan-gateway-10s,590,0.7993074011435934
lan-gateway-10s,590,0.7993476685189659
lan-gateway-10s,590,0.7993879358943384
lan-gateway-10s,590,0.7994282032697109
lan-gateway-10s,590,0.7994684706450833
lan-gateway-10s,590,0.7995087380204559
lan-gateway-10s,590,0.7995490053958283
lan-gateway-10s,590,0.7995892727712007
lan-gateway-10s,590,0.7996295401465733
lan-gateway-10s,590,0.7996698075219457
lan-gateway-10s,590,0.7997100748973182
lan-gateway-10s,590,0.7997503422726907
lan-gateway-10s,590,0.7997906096480631
lan-gateway-10s,590,0.7998308770234356
lan-gateway-10s,590,0.7998711443988081
lan-gateway-10s,590,0.7999114117741806
lan-gateway-10s,590,0.799951679149553
lan-gateway-10s,590,0.7999919465249256
lan-gateway-10s,590,0.800032213900298
lan-gateway-10s,590,0.8000724812756704
lan-gateway-10s,590,0.8001127486510429
lan-gateway-10s,590,0.8001530160264154
lan-gateway-10s,590,0.8001932834017879
lan-gateway-10s,590,0.8002335507771603
lan-gateway-10s,590,0.8002738181525328
lan-gateway-10s,590,0.8003140855279053
lan-gateway-10s,592,0.8003543529032777
lan-gateway-10s,596,0.8003946202786503
lan-gateway-10s,596,0.8004348876540227
lan-gateway-10s,596,0.8004751550293951
lan-gateway-10s,596,0.8005154224047677
lan-gateway-10s,596,0.8005556897801401
lan-gateway-10s,599,0.8005959571555126
lan-gateway-10s,599,0.8006362245308851
lan-gateway-10s,599,0.8006764919062576
lan-gateway-10s,599,0.80071675928163
lan-gateway-10s,601,0.8007570266570025
lan-gateway-10s,602,0.800797294032375
lan-gateway-10s,603,0.8008375614077474
lan-gateway-10s,605,0.80087782878312
lan-gateway-10s,605,0.8009180961584924
lan-gateway-10s,606,0.8009583635338648
lan-gateway-10s,607,0.8009986309092373
lan-gateway-10s,608,0.8010388982846098
lan-gateway-10s,608,0.8010791656599823
lan-gateway-10s,608,0.8011194330353547
lan-gateway-10s,608,0.8011597004107273
lan-gateway-10s,608,0.8011999677860997
lan-gateway-10s,608,0.8012402351614721
lan-gateway-10s,608,0.8012805025368447
lan-gateway-10s,609,0.8013207699122171
lan-gateway-10s,609,0.8013610372875896
lan-gateway-10s,611,0.8014013046629621
lan-gateway-10s,611,0.8014415720383345
lan-gateway-10s,613,0.801481839413707
lan-gateway-10s,613,0.8015221067890795
lan-gateway-10s,617,0.801562374164452
lan-gateway-10s,619,0.8016026415398244
lan-gateway-10s,620,0.801642908915197
lan-gateway-10s,620,0.8016831762905694
lan-gateway-10s,620,0.8017234436659418
lan-gateway-10s,621,0.8017637110413143
lan-gateway-10s,622,0.8018039784166868
lan-gateway-10s,622,0.8018442457920593
lan-gateway-10s,623,0.8018845131674317
lan-gateway-10s,623,0.8019247805428042
lan-gateway-10s,623,0.8019650479181767
lan-gateway-10s,623,0.8020053152935491
lan-gateway-10s,623,0.8020455826689217
lan-gateway-10s,624,0.8020858500442941
lan-gateway-10s,624,0.8021261174196666
lan-gateway-10s,624,0.8021663847950391
lan-gateway-10s,624,0.8022066521704115
lan-gateway-10s,624,0.802246919545784
lan-gateway-10s,624,0.8022871869211565
lan-gateway-10s,624,0.802327454296529
lan-gateway-10s,624,0.8023677216719014
lan-gateway-10s,624,0.802407989047274
lan-gateway-10s,625,0.8024482564226464
lan-gateway-10s,625,0.8024885237980188
lan-gateway-10s,627,0.8025287911733913
lan-gateway-10s,627,0.8025690585487638
lan-gateway-10s,627,0.8026093259241363
lan-gateway-10s,628,0.8026495932995087
lan-gateway-10s,629,0.8026898606748812
lan-gateway-10s,630,0.8027301280502537
lan-gateway-10s,630,0.8027703954256261
lan-gateway-10s,630,0.8028106628009987
lan-gateway-10s,630,0.8028509301763711
lan-gateway-10s,630,0.8028911975517435
lan-gateway-10s,630,0.8029314649271161
lan-gateway-10s,630,0.8029717323024885
lan-gateway-10s,630,0.803011999677861
lan-gateway-10s,630,0.8030522670532335
lan-gateway-10s,630,0.803092534428606
lan-gateway-10s,630,0.8031328018039784
lan-gateway-10s,630,0.8031730691793509
lan-gateway-10s,630,0.8032133365547234
lan-gateway-10s,630,0.8032536039300958
lan-gateway-10s,630,0.8032938713054683
lan-gateway-10s,630,0.8033341386808408
lan-gateway-10s,630,0.8033744060562132
lan-gateway-10s,630,0.8034146734315857
lan-gateway-10s,630,0.8034549408069582
lan-gateway-10s,630,0.8034952081823307
lan-gateway-10s,630,0.8035354755577031
lan-gateway-10s,630,0.8035757429330757
lan-gateway-10s,630,0.8036160103084481
lan-gateway-10s,630,0.8036562776838205
lan-gateway-10s,630,0.8036965450591931
lan-gateway-10s,631,0.8037368124345655
lan-gateway-10s,631,0.803777079809938
lan-gateway-10s,631,0.8038173471853105
lan-gateway-10s,632,0.8038576145606829
lan-gateway-10s,632,0.8038978819360554
lan-gateway-10s,633,0.8039381493114279
lan-gateway-10s,633,0.8039784166868004
lan-gateway-10s,635,0.8040186840621728
lan-gateway-10s,636,0.8040589514375454
lan-gateway-10s,637,0.8040992188129178
lan-gateway-10s,637,0.8041394861882902
lan-gateway-10s,639,0.8041797535636627
lan-gateway-10s,642,0.8042200209390352
lan-gateway-10s,642,0.8042602883144077
lan-gateway-10s,642,0.8043005556897801
lan-gateway-10s,642,0.8043408230651526
lan-gateway-10s,643,0.8043810904405251
lan-gateway-10s,646,0.8044213578158975
lan-gateway-10s,648,0.8044616251912701
lan-gateway-10s,648,0.8045018925666425
lan-gateway-10s,648,0.804542159942015
lan-gateway-10s,648,0.8045824273173875
lan-gateway-10s,648,0.8046226946927599
lan-gateway-10s,649,0.8046629620681324
lan-gateway-10s,651,0.8047032294435049
lan-gateway-10s,651,0.8047434968188774
lan-gateway-10s,652,0.8047837641942498
lan-gateway-10s,652,0.8048240315696223
lan-gateway-10s,652,0.8048642989449948
lan-gateway-10s,652,0.8049045663203672
lan-gateway-10s,658,0.8049448336957397
lan-gateway-10s,659,0.8049851010711122
lan-gateway-10s,659,0.8050253684464846
lan-gateway-10s,661,0.8050656358218571
lan-gateway-10s,662,0.8051059031972296
lan-gateway-10s,662,0.8051461705726021
lan-gateway-10s,662,0.8051864379479745
lan-gateway-10s,665,0.8052267053233471
lan-gateway-10s,666,0.8052669726987195
lan-gateway-10s,670,0.8053072400740919
lan-gateway-10s,670,0.8053475074494645
lan-gateway-10s,673,0.8053877748248369
lan-gateway-10s,673,0.8054280422002094
lan-gateway-10s,676,0.8054683095755819
lan-gateway-10s,676,0.8055085769509543
lan-gateway-10s,676,0.8055488443263268
lan-gateway-10s,676,0.8055891117016993
lan-gateway-10s,676,0.8056293790770718
lan-gateway-10s,676,0.8056696464524442
lan-gateway-10s,676,0.8057099138278166
lan-gateway-10s,676,0.8057501812031892
lan-gateway-10s,676,0.8057904485785616
lan-gateway-10s,676,0.8058307159539341
lan-gateway-10s,676,0.8058709833293066
lan-gateway-10s,676,0.8059112507046791
lan-gateway-10s,676,0.8059515180800515
lan-gateway-10s,676,0.805991785455424
lan-gateway-10s,676,0.8060320528307965
lan-gateway-10s,676,0.8060723202061689
lan-gateway-10s,676,0.8061125875815415
lan-gateway-10s,676,0.8061528549569139
lan-gateway-10s,676,0.8061931223322863
lan-gateway-10s,676,0.8062333897076589
lan-gateway-10s,676,0.8062736570830313
lan-gateway-10s,676,0.8063139244584038
lan-gateway-10s,676,0.8063541918337763
lan-gateway-10s,676,0.8063944592091488
lan-gateway-10s,676,0.8064347265845212
lan-gateway-10s,676,0.8064749939598937
lan-gateway-10s,677,0.8065152613352662
lan-gateway-10s,677,0.8065555287106386
lan-gateway-10s,678,0.8065957960860111
lan-gateway-10s,678,0.8066360634613836
lan-gateway-10s,679,0.806676330836756
lan-gateway-10s,680,0.8067165982121285
lan-gateway-10s,680,0.806756865587501
lan-gateway-10s,680,0.8067971329628735
lan-gateway-10s,681,0.8068374003382459
lan-gateway-10s,681,0.8068776677136185
lan-gateway-10s,685,0.8069179350889909
lan-gateway-10s,687,0.8069582024643633
lan-gateway-10s,690,0.8069984698397359
lan-gateway-10s,694,0.8070387372151083
lan-gateway-10s,694,0.8070790045904808
lan-gateway-10s,695,0.8071192719658533
lan-gateway-10s,695,0.8071595393412258
lan-gateway-10s,698,0.8071998067165982
lan-gateway-10s,698,0.8072400740919707
lan-gateway-10s,699,0.8072803414673432
lan-gateway-10s,701,0.8073206088427156
lan-gateway-10s,701,0.807360876218088
lan-gateway-10s,701,0.8074011435934606
lan-gateway-10s,701,0.807441410968833
lan-gateway-10s,701,0.8074816783442055
lan-gateway-10s,701,0.807521945719578
lan-gateway-10s,702,0.8075622130949505
lan-gateway-10s,702,0.8076024804703229
lan-gateway-10s,703,0.8076427478456955
lan-gateway-10s,704,0.8076830152210679
lan-gateway-10s,704,0.8077232825964403
lan-gateway-10s,705,0.8077635499718129
lan-gateway-10s,707,0.8078038173471853
lan-gateway-10s,707,0.8078440847225578
lan-gateway-10s,708,0.8078843520979303
lan-gateway-10s,709,0.8079246194733027
lan-gateway-10s,712,0.8079648868486752
lan-gateway-10s,713,0.8080051542240477
lan-gateway-10s,714,0.8080454215994202
lan-gateway-10s,715,0.8080856889747926
lan-gateway-10s,715,0.808125956350165
lan-gateway-10s,715,0.8081662237255376
lan-gateway-10s,715,0.80820649110091
lan-gateway-10s,715,0.8082467584762825
lan-gateway-10s,715,0.808287025851655
lan-gateway-10s,715,0.8083272932270275
lan-gateway-10s,715,0.8083675606023999
lan-gateway-10s,715,0.8084078279777724
lan-gateway-10s,715,0.8084480953531449
lan-gateway-10s,715,0.8084883627285173
lan-gateway-10s,718,0.8085286301038899
lan-gateway-10s,718,0.8085688974792623
lan-gateway-10s,721,0.8086091648546347
lan-gateway-10s,722,0.8086494322300073
lan-gateway-10s,722,0.8086896996053797
lan-gateway-10s,722,0.8087299669807522
lan-gateway-10s,724,0.8087702343561247
lan-gateway-10s,724,0.8088105017314972
lan-gateway-10s,724,0.8088507691068696
lan-gateway-10s,724,0.8088910364822421
lan-gateway-10s,724,0.8089313038576146
lan-gateway-10s,725,0.808971571232987
lan-gateway-10s,726,0.8090118386083595
lan-gateway-10s,726,0.809052105983732
lan-gateway-10s,726,0.8090923733591044
lan-gateway-10s,726,0.8091326407344769
lan-gateway-10s,726,0.8091729081098494
lan-gateway-10s,727,0.8092131754852219
lan-gateway-10s,733,0.8092534428605943
lan-gateway-10s,736,0.8092937102359669
lan-gateway-10s,737,0.8093339776113393
lan-gateway-10s,737,0.8093742449867117
lan-gateway-10s,738,0.8094145123620843
lan-gateway-10s,738,0.8094547797374567
lan-gateway-10s,741,0.8094950471128292
lan-gateway-10s,742,0.8095353144882017
lan-gateway-10s,744,0.8095755818635741
lan-gateway-10s,744,0.8096158492389466
lan-gateway-10s,744,0.8096561166143191
lan-gateway-10s,744,0.8096963839896916
lan-gateway-10s,744,0.809736651365064
lan-gateway-10s,744,0.8097769187404364
lan-gateway-10s,744,0.809817186115809
lan-gateway-10s,744,0.8098574534911814
lan-gateway-10s,744,0.8098977208665539
lan-gateway-10s,744,0.8099379882419264
lan-gateway-10s,744,0.8099782556172989
lan-gateway-10s,744,0.8100185229926713
lan-gateway-10s,744,0.8100587903680438
lan-gateway-10s,744,0.8100990577434163
lan-gateway-10s,744,0.8101393251187887
lan-gateway-10s,745,0.8101795924941613
lan-gateway-10s,745,0.8102198598695337
lan-gateway-10s,745,0.8102601272449061
lan-gateway-10s,745,0.8103003946202787
lan-gateway-10s,745,0.8103406619956511
lan-gateway-10s,745,0.8103809293710236
lan-gateway-10s,745,0.8104211967463961
lan-gateway-10s,746,0.8104614641217686
lan-gateway-10s,746,0.810501731497141
lan-gateway-10s,746,0.8105419988725134
lan-gateway-10s,746,0.810582266247886
lan-gateway-10s,746,0.8106225336232584
lan-gateway-10s,746,0.8106628009986309
lan-gateway-10s,746,0.8107030683740034
lan-gateway-10s,746,0.8107433357493758
lan-gateway-10s,746,0.8107836031247483
lan-gateway-10s,746,0.8108238705001208
lan-gateway-10s,746,0.8108641378754933
lan-gateway-10s,746,0.8109044052508657
lan-gateway-10s,746,0.8109446726262383
lan-gateway-10s,746,0.8109849400016107
lan-gateway-10s,746,0.8110252073769831
lan-gateway-10s,746,0.8110654747523557
lan-gateway-10s,746,0.8111057421277281
lan-gateway-10s,746,0.8111460095031006
lan-gateway-10s,746,0.8111862768784731
lan-gateway-10s,746,0.8112265442538455
lan-gateway-10s,746,0.811266811629218
lan-gateway-10s,746,0.8113070790045904
lan-gateway-10s,746,0.811347346379963
lan-gateway-10s,746,0.8113876137553354
lan-gateway-10s,746,0.8114278811307079
lan-gateway-10s,746,0.8114681485060804
lan-gateway-10s,746,0.8115084158814528
lan-gateway-10s,748,0.8115486832568253
lan-gateway-10s,748,0.8115889506321978
lan-gateway-10s,748,0.8116292180075703
lan-gateway-10s,748,0.8116694853829427
lan-gateway-10s,748,0.8117097527583153
lan-gateway-10s,748,0.8117500201336877
lan-gateway-10s,748,0.8117902875090601
lan-gateway-10s,748,0.8118305548844327
lan-gateway-10s,749,0.8118708222598051
lan-gateway-10s,750,0.8119110896351776
lan-gateway-10s,752,0.8119513570105501
lan-gateway-10s,752,0.8119916243859225
lan-gateway-10s,753,0.812031891761295
lan-gateway-10s,753,0.8120721591366675
lan-gateway-10s,757,0.81211242651204
lan-gateway-10s,761,0.8121526938874124
lan-gateway-10s,761,0.8121929612627848
lan-gateway-10s,763,0.8122332286381574
lan-gateway-10s,763,0.8122734960135298
lan-gateway-10s,768,0.8123137633889023
lan-gateway-10s,768,0.8123540307642748
lan-gateway-10s,768,0.8123942981396473
lan-gateway-10s,768,0.8124345655150197
lan-gateway-10s,768,0.8124748328903922
lan-gateway-10s,770,0.8125151002657647
lan-gateway-10s,770,0.8125553676411371
lan-gateway-10s,777,0.8125956350165097
lan-gateway-10s,777,0.8126359023918821
lan-gateway-10s,777,0.8126761697672545
lan-gateway-10s,777,0.8127164371426271
lan-gateway-10s,777,0.8127567045179995
lan-gateway-10s,777,0.812796971893372
lan-gateway-10s,777,0.8128372392687445
lan-gateway-10s,777,0.812877506644117
lan-gateway-10s,777,0.8129177740194894
lan-gateway-10s,777,0.8129580413948618
lan-gateway-10s,777,0.8129983087702344
lan-gateway-10s,777,0.8130385761456068
lan-gateway-10s,777,0.8130788435209793
lan-gateway-10s,777,0.8131191108963518
lan-gateway-10s,777,0.8131593782717242
lan-gateway-10s,777,0.8131996456470967
lan-gateway-10s,777,0.8132399130224692
lan-gateway-10s,777,0.8132801803978417
lan-gateway-10s,778,0.8133204477732141
lan-gateway-10s,779,0.8133607151485867
lan-gateway-10s,780,0.8134009825239591
lan-gateway-10s,781,0.8134412498993315
lan-gateway-10s,781,0.8134815172747041
lan-gateway-10s,781,0.8135217846500765
lan-gateway-10s,782,0.813562052025449
lan-gateway-10s,782,0.8136023194008215
lan-gateway-10s,782,0.8136425867761939
lan-gateway-10s,782,0.8136828541515664
lan-gateway-10s,782,0.8137231215269388
lan-gateway-10s,782,0.8137633889023114
lan-gateway-10s,782,0.8138036562776838
lan-gateway-10s,782,0.8138439236530562
lan-gateway-10s,782,0.8138841910284288
lan-gateway-10s,782,0.8139244584038012
lan-gateway-10s,782,0.8139647257791737
lan-gateway-10s,782,0.8140049931545462
lan-gateway-10s,782,0.8140452605299187
lan-gateway-10s,782,0.8140855279052911
lan-gateway-10s,788,0.8141257952806636
lan-gateway-10s,790,0.8141660626560361
lan-gateway-10s,796,0.8142063300314085
lan-gateway-10s,799,0.8142465974067811
lan-gateway-10s,800,0.8142868647821535
lan-gateway-10s,802,0.814327132157526
lan-gateway-10s,803,0.8143673995328985
lan-gateway-10s,805,0.8144076669082709
lan-gateway-10s,805,0.8144479342836434
lan-gateway-10s,808,0.8144882016590159
lan-gateway-10s,809,0.8145284690343884
lan-gateway-10s,809,0.8145687364097608
lan-gateway-10s,811,0.8146090037851332
lan-gateway-10s,811,0.8146492711605058
lan-gateway-10s,812,0.8146895385358782
lan-gateway-10s,815,0.8147298059112507
lan-gateway-10s,816,0.8147700732866232
lan-gateway-10s,816,0.8148103406619956
lan-gateway-10s,817,0.8148506080373681
lan-gateway-10s,819,0.8148908754127406
lan-gateway-10s,820,0.8149311427881131
lan-gateway-10s,822,0.8149714101634855
lan-gateway-10s,822,0.8150116775388581
lan-gateway-10s,822,0.8150519449142305
lan-gateway-10s,823,0.8150922122896029
lan-gateway-10s,830,0.8151324796649755
lan-gateway-10s,830,0.8151727470403479
lan-gateway-10s,832,0.8152130144157204
lan-gateway-10s,832,0.8152532817910929
lan-gateway-10s,832,0.8152935491664653
lan-gateway-10s,833,0.8153338165418378
lan-gateway-10s,833,0.8153740839172102
lan-gateway-10s,834,0.8154143512925828
lan-gateway-10s,834,0.8154546186679552
lan-gateway-10s,834,0.8154948860433276
lan-gateway-10s,836,0.8155351534187002
lan-gateway-10s,838,0.8155754207940726
lan-gateway-10s,839,0.8156156881694451
lan-gateway-10s,840,0.8156559555448176
lan-gateway-10s,842,0.8156962229201901
lan-gateway-10s,845,0.8157364902955625
lan-gateway-10s,851,0.815776757670935
lan-gateway-10s,852,0.8158170250463075
lan-gateway-10s,859,0.8158572924216799
lan-gateway-10s,859,0.8158975597970525
lan-gateway-10s,860,0.8159378271724249
lan-gateway-10s,860,0.8159780945477974
lan-gateway-10s,860,0.8160183619231699
lan-gateway-10s,862,0.8160586292985423
lan-gateway-10s,863,0.8160988966739148
lan-gateway-10s,863,0.8161391640492872
lan-gateway-10s,863,0.8161794314246598
lan-gateway-10s,863,0.8162196988000322
lan-gateway-10s,864,0.8162599661754046
lan-gateway-10s,865,0.8163002335507772
lan-gateway-10s,866,0.8163405009261496
lan-gateway-10s,866,0.8163807683015221
lan-gateway-10s,866,0.8164210356768946
lan-gateway-10s,870,0.816461303052267
lan-gateway-10s,870,0.8165015704276395
lan-gateway-10s,874,0.816541837803012
lan-gateway-10s,876,0.8165821051783845
lan-gateway-10s,877,0.8166223725537569
lan-gateway-10s,878,0.8166626399291295
lan-gateway-10s,879,0.8167029073045019
lan-gateway-10s,880,0.8167431746798743
lan-gateway-10s,884,0.8167834420552469
lan-gateway-10s,885,0.8168237094306193
lan-gateway-10s,889,0.8168639768059918
lan-gateway-10s,890,0.8169042441813643
lan-gateway-10s,891,0.8169445115567368
lan-gateway-10s,891,0.8169847789321092
lan-gateway-10s,892,0.8170250463074816
lan-gateway-10s,893,0.8170653136828542
lan-gateway-10s,894,0.8171055810582266
lan-gateway-10s,894,0.817145848433599
lan-gateway-10s,894,0.8171861158089716
lan-gateway-10s,894,0.817226383184344
lan-gateway-10s,896,0.8172666505597165
lan-gateway-10s,896,0.817306917935089
lan-gateway-10s,896,0.8173471853104615
lan-gateway-10s,896,0.8173874526858339
lan-gateway-10s,896,0.8174277200612065
lan-gateway-10s,899,0.8174679874365789
lan-gateway-10s,901,0.8175082548119513
lan-gateway-10s,901,0.8175485221873239
lan-gateway-10s,901,0.8175887895626963
lan-gateway-10s,903,0.8176290569380688
lan-gateway-10s,905,0.8176693243134413
lan-gateway-10s,907,0.8177095916888137
lan-gateway-10s,908,0.8177498590641862
lan-gateway-10s,908,0.8177901264395586
lan-gateway-10s,910,0.8178303938149312
lan-gateway-10s,915,0.8178706611903036
lan-gateway-10s,918,0.817910928565676
lan-gateway-10s,918,0.8179511959410486
lan-gateway-10s,918,0.817991463316421
lan-gateway-10s,919,0.8180317306917935
lan-gateway-10s,921,0.818071998067166
lan-gateway-10s,923,0.8181122654425385
lan-gateway-10s,925,0.8181525328179109
lan-gateway-10s,925,0.8181928001932834
lan-gateway-10s,927,0.8182330675686559
lan-gateway-10s,927,0.8182733349440283
lan-gateway-10s,927,0.8183136023194009
lan-gateway-10s,927,0.8183538696947733
lan-gateway-10s,928,0.8183941370701457
lan-gateway-10s,931,0.8184344044455183
lan-gateway-10s,931,0.8184746718208907
lan-gateway-10s,932,0.8185149391962632
lan-gateway-10s,936,0.8185552065716356
lan-gateway-10s,936,0.8185954739470082
lan-gateway-10s,937,0.8186357413223806
lan-gateway-10s,938,0.818676008697753
lan-gateway-10s,945,0.8187162760731256
lan-gateway-10s,945,0.818756543448498
lan-gateway-10s,948,0.8187968108238705
lan-gateway-10s,952,0.818837078199243
lan-gateway-10s,952,0.8188773455746154
lan-gateway-10s,954,0.8189176129499879
lan-gateway-10s,955,0.8189578803253604
lan-gateway-10s,956,0.8189981477007329
lan-gateway-10s,957,0.8190384150761053
lan-gateway-10s,958,0.8190786824514779
lan-gateway-10s,958,0.8191189498268503
lan-gateway-10s,961,0.8191592172022227
lan-gateway-10s,968,0.8191994845775953
lan-gateway-10s,968,0.8192397519529677
lan-gateway-10s,968,0.8192800193283402
lan-gateway-10s,968,0.8193202867037126
lan-gateway-10s,968,0.8193605540790851
lan-gateway-10s,968,0.8194008214544576
lan-gateway-10s,968,0.81944108882983
lan-gateway-10s,968,0.8194813562052026
lan-gateway-10s,970,0.819521623580575
lan-gateway-10s,971,0.8195618909559474
lan-gateway-10s,971,0.81960215833132
lan-gateway-10s,972,0.8196424257066924
lan-gateway-10s,972,0.8196826930820649
lan-gateway-10s,972,0.8197229604574374
lan-gateway-10s,972,0.8197632278328099
lan-gateway-10s,972,0.8198034952081823
lan-gateway-10s,978,0.8198437625835548
lan-gateway-10s,980,0.8198840299589273
lan-gateway-10s,982,0.8199242973342997
lan-gateway-10s,983,0.8199645647096723
lan-gateway-10s,986,0.8200048320850447
lan-gateway-10s,986,0.8200450994604171
lan-gateway-10s,986,0.8200853668357897
lan-gateway-10s,986,0.8201256342111621
lan-gateway-10s,990,0.8201659015865346
lan-gateway-10s,991,0.820206168961907
lan-gateway-10s,991,0.8202464363372796
lan-gateway-10s,992,0.820286703712652
lan-gateway-10s,996,0.8203269710880244
lan-gateway-10s,999,0.820367238463397
lan-gateway-10s,999,0.8204075058387694
lan-gateway-10s,999,0.8204477732141419
lan-gateway-10s,999,0.8204880405895144
lan-gateway-10s,999,0.8205283079648868
lan-gateway-10s,1000,0.8205685753402593
lan-gateway-10s,1000,0.8206088427156318
lan-gateway-10s,1000,0.8206491100910043
lan-gateway-10s,1000,0.8206893774663767
lan-gateway-10s,1000,0.8207296448417493
lan-gateway-10s,1000,0.8207699122171217
lan-gateway-10s,1000,0.8208101795924941
lan-gateway-10s,1000,0.8208504469678667
lan-gateway-10s,1000,0.8208907143432391
lan-gateway-10s,1000,0.8209309817186116
lan-gateway-10s,1000,0.820971249093984
lan-gateway-10s,1001,0.8210115164693566
lan-gateway-10s,1001,0.821051783844729
lan-gateway-10s,1001,0.8210920512201014
lan-gateway-10s,1001,0.821132318595474
lan-gateway-10s,1001,0.8211725859708464
lan-gateway-10s,1001,0.8212128533462189
lan-gateway-10s,1001,0.8212531207215914
lan-gateway-10s,1002,0.8212933880969638
lan-gateway-10s,1002,0.8213336554723363
lan-gateway-10s,1002,0.8213739228477088
lan-gateway-10s,1002,0.8214141902230813
lan-gateway-10s,1002,0.8214544575984537
lan-gateway-10s,1002,0.8214947249738263
lan-gateway-10s,1003,0.8215349923491987
lan-gateway-10s,1003,0.8215752597245711
lan-gateway-10s,1003,0.8216155270999437
lan-gateway-10s,1004,0.8216557944753161
lan-gateway-10s,1004,0.8216960618506886
lan-gateway-10s,1004,0.821736329226061
lan-gateway-10s,1004,0.8217765966014335
lan-gateway-10s,1006,0.821816863976806
lan-gateway-10s,1007,0.8218571313521784
lan-gateway-10s,1007,0.821897398727551
lan-gateway-10s,1007,0.8219376661029234
lan-gateway-10s,1007,0.8219779334782958
lan-gateway-10s,1008,0.8220182008536684
lan-gateway-10s,1010,0.8220584682290408
lan-gateway-10s,1010,0.8220987356044133
lan-gateway-10s,1011,0.8221390029797858
lan-gateway-10s,1011,0.8221792703551583
lan-gateway-10s,1014,0.8222195377305307
lan-gateway-10s,1014,0.8222598051059032
lan-gateway-10s,1016,0.8223000724812757
lan-gateway-10s,1016,0.8223403398566481
lan-gateway-10s,1016,0.8223806072320207
lan-gateway-10s,1017,0.8224208746073931
lan-gateway-10s,1018,0.8224611419827655
lan-gateway-10s,1018,0.8225014093581381
lan-gateway-10s,1018,0.8225416767335105
lan-gateway-10s,1018,0.822581944108883
lan-gateway-10s,1018,0.8226222114842554
lan-gateway-10s,1019,0.822662478859628
lan-gateway-10s,1020,0.8227027462350004
lan-gateway-10s,1022,0.8227430136103728
lan-gateway-10s,1023,0.8227832809857454
lan-gateway-10s,1023,0.8228235483611178
lan-gateway-10s,1023,0.8228638157364903
lan-gateway-10s,1023,0.8229040831118628
lan-gateway-10s,1024,0.8229443504872352
lan-gateway-10s,1024,0.8229846178626077
lan-gateway-10s,1024,0.8230248852379802
lan-gateway-10s,1026,0.8230651526133527
lan-gateway-10s,1028,0.8231054199887251
lan-gateway-10s,1030,0.8231456873640977
lan-gateway-10s,1031,0.8231859547394701
lan-gateway-10s,1037,0.8232262221148425
lan-gateway-10s,1037,0.8232664894902151
lan-gateway-10s,1039,0.8233067568655875
lan-gateway-10s,1039,0.82334702424096
lan-gateway-10s,1040,0.8233872916163324
lan-gateway-10s,1040,0.8234275589917049
lan-gateway-10s,1040,0.8234678263670774
lan-gateway-10s,1041,0.8235080937424498
lan-gateway-10s,1041,0.8235483611178224
lan-gateway-10s,1042,0.8235886284931948
lan-gateway-10s,1042,0.8236288958685672
lan-gateway-10s,1043,0.8236691632439398
lan-gateway-10s,1043,0.8237094306193122
lan-gateway-10s,1044,0.8237496979946847
lan-gateway-10s,1045,0.8237899653700572
lan-gateway-10s,1046,0.8238302327454297
lan-gateway-10s,1046,0.8238705001208021
lan-gateway-10s,1046,0.8239107674961746
lan-gateway-10s,1046,0.8239510348715471
lan-gateway-10s,1046,0.8239913022469195
lan-gateway-10s,1047,0.8240315696222921
lan-gateway-10s,1048,0.8240718369976645
lan-gateway-10s,1048,0.824112104373037
lan-gateway-10s,1048,0.8241523717484094
lan-gateway-10s,1048,0.8241926391237819
lan-gateway-10s,1048,0.8242329064991544
lan-gateway-10s,1048,0.8242731738745268
lan-gateway-10s,1048,0.8243134412498994
lan-gateway-10s,1048,0.8243537086252718
lan-gateway-10s,1048,0.8243939760006442
lan-gateway-10s,1048,0.8244342433760168
lan-gateway-10s,1048,0.8244745107513892
lan-gateway-10s,1048,0.8245147781267617
lan-gateway-10s,1049,0.8245550455021342
lan-gateway-10s,1051,0.8245953128775066
lan-gateway-10s,1052,0.8246355802528791
lan-gateway-10s,1053,0.8246758476282516
lan-gateway-10s,1053,0.8247161150036241
lan-gateway-10s,1053,0.8247563823789965
lan-gateway-10s,1055,0.8247966497543691
lan-gateway-10s,1055,0.8248369171297415
lan-gateway-10s,1055,0.8248771845051139
lan-gateway-10s,1055,0.8249174518804865
lan-gateway-10s,1055,0.8249577192558589
lan-gateway-10s,1057,0.8249979866312314
lan-gateway-10s,1059,0.8250382540066038
lan-gateway-10s,1061,0.8250785213819763
lan-gateway-10s,1062,0.8251187887573488
lan-gateway-10s,1062,0.8251590561327212
lan-gateway-10s,1062,0.8251993235080938
lan-gateway-10s,1063,0.8252395908834662
lan-gateway-10s,1063,0.8252798582588387
lan-gateway-10s,1064,0.8253201256342112
lan-gateway-10s,1065,0.8253603930095836
lan-gateway-10s,1065,0.8254006603849561
lan-gateway-10s,1065,0.8254409277603286
lan-gateway-10s,1065,0.8254811951357011
lan-gateway-10s,1065,0.8255214625110735
lan-gateway-10s,1071,0.825561729886446
lan-gateway-10s,1073,0.8256019972618185
lan-gateway-10s,1073,0.8256422646371909
lan-gateway-10s,1074,0.8256825320125635
lan-gateway-10s,1074,0.8257227993879359
lan-gateway-10s,1076,0.8257630667633084
lan-gateway-10s,1076,0.8258033341386808
lan-gateway-10s,1076,0.8258436015140533
lan-gateway-10s,1076,0.8258838688894258
lan-gateway-10s,1076,0.8259241362647982
lan-gateway-10s,1076,0.8259644036401708
lan-gateway-10s,1076,0.8260046710155432
lan-gateway-10s,1076,0.8260449383909156
lan-gateway-10s,1076,0.8260852057662882
lan-gateway-10s,1076,0.8261254731416606
lan-gateway-10s,1076,0.8261657405170331
lan-gateway-10s,1076,0.8262060078924056
lan-gateway-10s,1076,0.826246275267778
lan-gateway-10s,1076,0.8262865426431505
lan-gateway-10s,1076,0.826326810018523
lan-gateway-10s,1076,0.8263670773938955
lan-gateway-10s,1076,0.8264073447692679
lan-gateway-10s,1076,0.8264476121446405
lan-gateway-10s,1076,0.8264878795200129
lan-gateway-10s,1076,0.8265281468953853
lan-gateway-10s,1076,0.8265684142707578
lan-gateway-10s,1076,0.8266086816461303
lan-gateway-10s,1076,0.8266489490215028
lan-gateway-10s,1076,0.8266892163968752
lan-gateway-10s,1078,0.8267294837722478
lan-gateway-10s,1079,0.8267697511476202
lan-gateway-10s,1080,0.8268100185229926
lan-gateway-10s,1080,0.8268502858983652
lan-gateway-10s,1080,0.8268905532737376
lan-gateway-10s,1080,0.82693082064911
lan-gateway-10s,1080,0.8269710880244826
lan-gateway-10s,1081,0.827011355399855
lan-gateway-10s,1082,0.8270516227752275
lan-gateway-10s,1082,0.8270918901506
lan-gateway-10s,1084,0.8271321575259725
lan-gateway-10s,1084,0.8271724249013449
lan-gateway-10s,1084,0.8272126922767175
lan-gateway-10s,1084,0.8272529596520899
lan-gateway-10s,1085,0.8272932270274623
lan-gateway-10s,1085,0.8273334944028348
lan-gateway-10s,1086,0.8273737617782073
lan-gateway-10s,1087,0.8274140291535798
lan-gateway-10s,1088,0.8274542965289522
lan-gateway-10s,1089,0.8274945639043247
lan-gateway-10s,1090,0.8275348312796972
lan-gateway-10s,1093,0.8275750986550696
lan-gateway-10s,1095,0.8276153660304422
lan-gateway-10s,1095,0.8276556334058146
lan-gateway-10s,1096,0.827695900781187
lan-gateway-10s,1096,0.8277361681565596
lan-gateway-10s,1100,0.827776435531932
lan-gateway-10s,1100,0.8278167029073045
lan-gateway-10s,1104,0.827856970282677
lan-gateway-10s,1109,0.8278972376580495
lan-gateway-10s,1110,0.8279375050334219
lan-gateway-10s,1110,0.8279777724087944
lan-gateway-10s,1113,0.8280180397841669
lan-gateway-10s,1116,0.8280583071595393
lan-gateway-10s,1117,0.8280985745349119
lan-gateway-10s,1117,0.8281388419102843
lan-gateway-10s,1117,0.8281791092856567
lan-gateway-10s,1118,0.8282193766610292
lan-gateway-10s,1122,0.8282596440364017
lan-gateway-10s,1125,0.8282999114117742
lan-gateway-10s,1127,0.8283401787871466
lan-gateway-10s,1127,0.8283804461625192
lan-gateway-10s,1128,0.8284207135378916
lan-gateway-10s,1131,0.828460980913264
lan-gateway-10s,1132,0.8285012482886366
lan-gateway-10s,1133,0.828541515664009
lan-gateway-10s,1133,0.8285817830393815
lan-gateway-10s,1135,0.828622050414754
lan-gateway-10s,1136,0.8286623177901264
lan-gateway-10s,1138,0.8287025851654989
lan-gateway-10s,1139,0.8287428525408714
lan-gateway-10s,1141,0.8287831199162439
lan-gateway-10s,1141,0.8288233872916163
lan-gateway-10s,1142,0.8288636546669889
lan-gateway-10s,1145,0.8289039220423613
lan-gateway-10s,1147,0.8289441894177337
lan-gateway-10s,1148,0.8289844567931062
lan-gateway-10s,1148,0.8290247241684787
lan-gateway-10s,1148,0.8290649915438512
lan-gateway-10s,1149,0.8291052589192236
lan-gateway-10s,1151,0.8291455262945961
lan-gateway-10s,1153,0.8291857936699686
lan-gateway-10s,1155,0.829226061045341
lan-gateway-10s,1155,0.8292663284207136
lan-gateway-10s,1158,0.829306595796086
lan-gateway-10s,1158,0.8293468631714584
lan-gateway-10s,1158,0.829387130546831
lan-gateway-10s,1158,0.8294273979222034
lan-gateway-10s,1158,0.8294676652975759
lan-gateway-10s,1158,0.8295079326729484
lan-gateway-10s,1161,0.8295482000483209
lan-gateway-10s,1162,0.8295884674236933
lan-gateway-10s,1165,0.8296287347990658
lan-gateway-10s,1168,0.8296690021744383
lan-gateway-10s,1168,0.8297092695498107
lan-gateway-10s,1168,0.8297495369251832
lan-gateway-10s,1168,0.8297898043005557
lan-gateway-10s,1168,0.8298300716759281
lan-gateway-10s,1168,0.8298703390513006
lan-gateway-10s,1168,0.8299106064266731
lan-gateway-10s,1168,0.8299508738020456
lan-gateway-10s,1168,0.829991141177418
lan-gateway-10s,1168,0.8300314085527906
lan-gateway-10s,1168,0.830071675928163
lan-gateway-10s,1168,0.8301119433035354
lan-gateway-10s,1168,0.830152210678908
lan-gateway-10s,1168,0.8301924780542804
lan-gateway-10s,1168,0.8302327454296529
lan-gateway-10s,1168,0.8302730128050254
lan-gateway-10s,1168,0.8303132801803979
lan-gateway-10s,1168,0.8303535475557703
lan-gateway-10s,1168,0.8303938149311428
lan-gateway-10s,1168,0.8304340823065153
lan-gateway-10s,1168,0.8304743496818877
lan-gateway-10s,1168,0.8305146170572603
lan-gateway-10s,1168,0.8305548844326327
lan-gateway-10s,1168,0.8305951518080051
lan-gateway-10s,1168,0.8306354191833776
lan-gateway-10s,1168,0.8306756865587501
lan-gateway-10s,1168,0.8307159539341226
lan-gateway-10s,1168,0.830756221309495
lan-gateway-10s,1168,0.8307964886848676
lan-gateway-10s,1168,0.83083675606024
lan-gateway-10s,1168,0.8308770234356124
lan-gateway-10s,1168,0.830917290810985
lan-gateway-10s,1168,0.8309575581863574
lan-gateway-10s,1168,0.8309978255617299
lan-gateway-10s,1168,0.8310380929371024
lan-gateway-10s,1168,0.8310783603124748
lan-gateway-10s,1168,0.8311186276878473
lan-gateway-10s,1168,0.8311588950632198
lan-gateway-10s,1168,0.8311991624385923
lan-gateway-10s,1168,0.8312394298139647
lan-gateway-10s,1168,0.8312796971893373
lan-gateway-10s,1168,0.8313199645647097
lan-gateway-10s,1168,0.8313602319400821
lan-gateway-10s,1168,0.8314004993154546
lan-gateway-10s,1168,0.8314407666908271
lan-gateway-10s,1168,0.8314810340661996
lan-gateway-10s,1168,0.831521301441572
lan-gateway-10s,1168,0.8315615688169445
lan-gateway-10s,1168,0.831601836192317
lan-gateway-10s,1168,0.8316421035676894
lan-gateway-10s,1168,0.831682370943062
lan-gateway-10s,1168,0.8317226383184344
lan-gateway-10s,1168,0.8317629056938068
lan-gateway-10s,1168,0.8318031730691794
lan-gateway-10s,1168,0.8318434404445518
lan-gateway-10s,1168,0.8318837078199243
lan-gateway-10s,1168,0.8319239751952968
lan-gateway-10s,1168,0.8319642425706693
lan-gateway-10s,1168,0.8320045099460417
lan-gateway-10s,1168,0.8320447773214142
lan-gateway-10s,1168,0.8320850446967867
lan-gateway-10s,1168,0.8321253120721591
lan-gateway-10s,1168,0.8321655794475316
lan-gateway-10s,1168,0.8322058468229041
lan-gateway-10s,1168,0.8322461141982765
lan-gateway-10s,1168,0.832286381573649
lan-gateway-10s,1168,0.8323266489490215
lan-gateway-10s,1168,0.832366916324394
lan-gateway-10s,1168,0.8324071836997664
lan-gateway-10s,1168,0.832447451075139
lan-gateway-10s,1168,0.8324877184505114
lan-gateway-10s,1168,0.8325279858258838
lan-gateway-10s,1168,0.8325682532012564
lan-gateway-10s,1168,0.8326085205766288
lan-gateway-10s,1168,0.8326487879520013
lan-gateway-10s,1168,0.8326890553273738
lan-gateway-10s,1168,0.8327293227027462
lan-gateway-10s,1168,0.8327695900781187
lan-gateway-10s,1168,0.8328098574534912
lan-gateway-10s,1168,0.8328501248288637
lan-gateway-10s,1168,0.8328903922042361
lan-gateway-10s,1168,0.8329306595796087
lan-gateway-10s,1168,0.8329709269549811
lan-gateway-10s,1168,0.8330111943303535
lan-gateway-10s,1168,0.833051461705726
lan-gateway-10s,1168,0.8330917290810985
lan-gateway-10s,1168,0.833131996456471
lan-gateway-10s,1168,0.8331722638318434
lan-gateway-10s,1168,0.833212531207216
lan-gateway-10s,1168,0.8332527985825884
lan-gateway-10s,1168,0.8332930659579608
lan-gateway-10s,1168,0.8333333333333334
lan-gateway-10s,1168,0.8333736007087058
lan-gateway-10s,1168,0.8334138680840782
lan-gateway-10s,1168,0.8334541354594508
lan-gateway-10s,1168,0.8334944028348232
lan-gateway-10s,1168,0.8335346702101957
lan-gateway-10s,1168,0.8335749375855682
lan-gateway-10s,1168,0.8336152049609407
lan-gateway-10s,1168,0.8336554723363131
lan-gateway-10s,1168,0.8336957397116856
lan-gateway-10s,1168,0.8337360070870581
lan-gateway-10s,1168,0.8337762744624305
lan-gateway-10s,1168,0.833816541837803
lan-gateway-10s,1168,0.8338568092131755
lan-gateway-10s,1168,0.833897076588548
lan-gateway-10s,1168,0.8339373439639204
lan-gateway-10s,1168,0.8339776113392929
lan-gateway-10s,1168,0.8340178787146654
lan-gateway-10s,1168,0.8340581460900378
lan-gateway-10s,1168,0.8340984134654104
lan-gateway-10s,1168,0.8341386808407828
lan-gateway-10s,1168,0.8341789482161552
lan-gateway-10s,1168,0.8342192155915278
lan-gateway-10s,1168,0.8342594829669002
lan-gateway-10s,1168,0.8342997503422727
lan-gateway-10s,1168,0.8343400177176452
lan-gateway-10s,1168,0.8343802850930176
lan-gateway-10s,1168,0.8344205524683901
lan-gateway-10s,1168,0.8344608198437626
lan-gateway-10s,1168,0.8345010872191351
lan-gateway-10s,1168,0.8345413545945075
lan-gateway-10s,1168,0.83458162196988
lan-gateway-10s,1168,0.8346218893452525
lan-gateway-10s,1168,0.8346621567206249
lan-gateway-10s,1168,0.8347024240959974
lan-gateway-10s,1168,0.8347426914713699
lan-gateway-10s,1168,0.8347829588467424
lan-gateway-10s,1168,0.8348232262221148
lan-gateway-10s,1168,0.8348634935974873
lan-gateway-10s,1168,0.8349037609728598
lan-gateway-10s,1168,0.8349440283482322
lan-gateway-10s,1168,0.8349842957236048
lan-gateway-10s,1168,0.8350245630989772
lan-gateway-10s,1168,0.8350648304743497
lan-gateway-10s,1168,0.8351050978497222
lan-gateway-10s,1168,0.8351453652250946
lan-gateway-10s,1168,0.8351856326004671
lan-gateway-10s,1168,0.8352258999758396
lan-gateway-10s,1168,0.8352661673512121
lan-gateway-10s,1168,0.8353064347265845
lan-gateway-10s,1168,0.8353467021019569
lan-gateway-10s,1168,0.8353869694773295
lan-gateway-10s,1168,0.8354272368527019
lan-gateway-10s,1168,0.8354675042280744
lan-gateway-10s,1168,0.8355077716034469
lan-gateway-10s,1168,0.8355480389788194
lan-gateway-10s,1168,0.8355883063541918
lan-gateway-10s,1168,0.8356285737295643
lan-gateway-10s,1168,0.8356688411049368
lan-gateway-10s,1168,0.8357091084803092
lan-gateway-10s,1168,0.8357493758556818
lan-gateway-10s,1168,0.8357896432310542
lan-gateway-10s,1168,0.8358299106064266
lan-gateway-10s,1168,0.8358701779817992
lan-gateway-10s,1168,0.8359104453571716
lan-gateway-10s,1168,0.8359507127325441
lan-gateway-10s,1168,0.8359909801079166
lan-gateway-10s,1168,0.836031247483289
lan-gateway-10s,1168,0.8360715148586615
lan-gateway-10s,1168,0.836111782234034
lan-gateway-10s,1168,0.8361520496094065
lan-gateway-10s,1168,0.8361923169847789
lan-gateway-10s,1168,0.8362325843601514
lan-gateway-10s,1168,0.8362728517355239
lan-gateway-10s,1168,0.8363131191108963
lan-gateway-10s,1168,0.8363533864862688
lan-gateway-10s,1168,0.8363936538616413
lan-gateway-10s,1168,0.8364339212370138
lan-gateway-10s,1168,0.8364741886123862
lan-gateway-10s,1168,0.8365144559877588
lan-gateway-10s,1168,0.8365547233631312
lan-gateway-10s,1168,0.8365949907385036
lan-gateway-10s,1168,0.8366352581138762
lan-gateway-10s,1168,0.8366755254892486
lan-gateway-10s,1168,0.836715792864621
lan-gateway-10s,1168,0.8367560602399936
lan-gateway-10s,1168,0.836796327615366
lan-gateway-10s,1168,0.8368365949907385
lan-gateway-10s,1168,0.836876862366111
lan-gateway-10s,1168,0.8369171297414835
lan-gateway-10s,1168,0.8369573971168559
lan-gateway-10s,1168,0.8369976644922283
lan-gateway-10s,1168,0.8370379318676009
lan-gateway-10s,1168,0.8370781992429733
lan-gateway-10s,1168,0.8371184666183458
lan-gateway-10s,1168,0.8371587339937183
lan-gateway-10s,1168,0.8371990013690908
lan-gateway-10s,1168,0.8372392687444632
lan-gateway-10s,1168,0.8372795361198357
lan-gateway-10s,1168,0.8373198034952082
lan-gateway-10s,1168,0.8373600708705806
lan-gateway-10s,1168,0.8374003382459532
lan-gateway-10s,1168,0.8374406056213256
lan-gateway-10s,1168,0.837480872996698
lan-gateway-10s,1168,0.8375211403720706
lan-gateway-10s,1168,0.837561407747443
lan-gateway-10s,1168,0.8376016751228155
lan-gateway-10s,1168,0.837641942498188
lan-gateway-10s,1168,0.8376822098735605
lan-gateway-10s,1168,0.8377224772489329
lan-gateway-10s,1168,0.8377627446243053
lan-gateway-10s,1168,0.8378030119996779
lan-gateway-10s,1168,0.8378432793750503
lan-gateway-10s,1168,0.8378835467504228
lan-gateway-10s,1168,0.8379238141257953
lan-gateway-10s,1168,0.8379640815011677
lan-gateway-10s,1168,0.8380043488765402
lan-gateway-10s,1168,0.8380446162519127
lan-gateway-10s,1168,0.8380848836272852
lan-gateway-10s,1168,0.8381251510026576
lan-gateway-10s,1168,0.8381654183780302
lan-gateway-10s,1168,0.8382056857534026
lan-gateway-10s,1168,0.838245953128775
lan-gateway-10s,1168,0.8382862205041476
lan-gateway-10s,1168,0.83832648787952
lan-gateway-10s,1168,0.8383667552548925
lan-gateway-10s,1168,0.838407022630265
lan-gateway-10s,1168,0.8384472900056374
lan-gateway-10s,1168,0.8384875573810099
lan-gateway-10s,1168,0.8385278247563824
lan-gateway-10s,1168,0.8385680921317549
lan-gateway-10s,1168,0.8386083595071273
lan-gateway-10s,1168,0.8386486268824997
lan-gateway-10s,1168,0.8386888942578723
lan-gateway-10s,1168,0.8387291616332447
lan-gateway-10s,1168,0.8387694290086172
lan-gateway-10s,1168,0.8388096963839897
lan-gateway-10s,1168,0.8388499637593622
lan-gateway-10s,1168,0.8388902311347346
lan-gateway-10s,1168,0.8389304985101071
lan-gateway-10s,1168,0.8389707658854796
lan-gateway-10s,1168,0.839011033260852
lan-gateway-10s,1168,0.8390513006362246
lan-gateway-10s,1168,0.839091568011597
lan-gateway-10s,1168,0.8391318353869694
lan-gateway-10s,1168,0.839172102762342
lan-gateway-10s,1168,0.8392123701377144
lan-gateway-10s,1168,0.8392526375130869
lan-gateway-10s,1168,0.8392929048884594
lan-gateway-10s,1168,0.8393331722638319
lan-gateway-10s,1168,0.8393734396392043
lan-gateway-10s,1168,0.8394137070145767
lan-gateway-10s,1168,0.8394539743899493
lan-gateway-10s,1168,0.8394942417653217
lan-gateway-10s,1168,0.8395345091406942
lan-gateway-10s,1168,0.8395747765160667
lan-gateway-10s,1168,0.8396150438914392
lan-gateway-10s,1168,0.8396553112668116
lan-gateway-10s,1168,0.8396955786421841
lan-gateway-10s,1168,0.8397358460175566
lan-gateway-10s,1168,0.839776113392929
lan-gateway-10s,1168,0.8398163807683016
lan-gateway-10s,1168,0.839856648143674
lan-gateway-10s,1168,0.8398969155190464
lan-gateway-10s,1168,0.839937182894419
lan-gateway-10s,1168,0.8399774502697914
lan-gateway-10s,1168,0.8400177176451639
lan-gateway-10s,1168,0.8400579850205364
lan-gateway-10s,1168,0.8400982523959089
lan-gateway-10s,1168,0.8401385197712813
lan-gateway-10s,1168,0.8401787871466537
lan-gateway-10s,1168,0.8402190545220263
lan-gateway-10s,1168,0.8402593218973987
lan-gateway-10s,1168,0.8402995892727712
lan-gateway-10s,1168,0.8403398566481437
lan-gateway-10s,1168,0.8403801240235161
lan-gateway-10s,1168,0.8404203913988886
lan-gateway-10s,1168,0.8404606587742611
lan-gateway-10s,1168,0.8405009261496336
lan-gateway-10s,1168,0.840541193525006
lan-gateway-10s,1168,0.8405814609003786
lan-gateway-10s,1168,0.840621728275751
lan-gateway-10s,1168,0.8406619956511234
lan-gateway-10s,1168,0.840702263026496
lan-gateway-10s,1168,0.8407425304018684
lan-gateway-10s,1168,0.8407827977772409
lan-gateway-10s,1168,0.8408230651526134
lan-gateway-10s,1168,0.8408633325279858
lan-gateway-10s,1168,0.8409035999033583
lan-gateway-10s,1168,0.8409438672787308
lan-gateway-10s,1168,0.8409841346541033
lan-gateway-10s,1168,0.8410244020294757
lan-gateway-10s,1168,0.8410646694048481
lan-gateway-10s,1168,0.8411049367802207
lan-gateway-10s,1168,0.8411452041555931
lan-gateway-10s,1168,0.8411854715309656
lan-gateway-10s,1168,0.8412257389063381
lan-gateway-10s,1168,0.8412660062817106
lan-gateway-10s,1168,0.841306273657083
lan-gateway-10s,1168,0.8413465410324555
lan-gateway-10s,1168,0.841386808407828
lan-gateway-10s,1168,0.8414270757832004
lan-gateway-10s,1168,0.841467343158573
lan-gateway-10s,1168,0.8415076105339454
lan-gateway-10s,1168,0.8415478779093178
lan-gateway-10s,1168,0.8415881452846904
lan-gateway-10s,1168,0.8416284126600628
lan-gateway-10s,1168,0.8416686800354353
lan-gateway-10s,1168,0.8417089474108078
lan-gateway-10s,1168,0.8417492147861803
lan-gateway-10s,1168,0.8417894821615527
lan-gateway-10s,1168,0.8418297495369251
lan-gateway-10s,1168,0.8418700169122977
lan-gateway-10s,1168,0.8419102842876701
lan-gateway-10s,1168,0.8419505516630426
lan-gateway-10s,1170,0.8419908190384151
lan-gateway-10s,1170,0.8420310864137875
lan-gateway-10s,1170,0.84207135378916
lan-gateway-10s,1170,0.8421116211645325
lan-gateway-10s,1173,0.842151888539905
lan-gateway-10s,1174,0.8421921559152774
lan-gateway-10s,1174,0.84223242329065
lan-gateway-10s,1175,0.8422726906660224
lan-gateway-10s,1175,0.8423129580413948
lan-gateway-10s,1178,0.8423532254167674
lan-gateway-10s,1179,0.8423934927921398
lan-gateway-10s,1180,0.8424337601675123
lan-gateway-10s,1180,0.8424740275428848
lan-gateway-10s,1180,0.8425142949182572
lan-gateway-10s,1180,0.8425545622936297
lan-gateway-10s,1180,0.8425948296690021
lan-gateway-10s,1180,0.8426350970443747
lan-gateway-10s,1181,0.8426753644197471
lan-gateway-10s,1185,0.8427156317951195
lan-gateway-10s,1192,0.8427558991704921
lan-gateway-10s,1192,0.8427961665458645
lan-gateway-10s,1198,0.842836433921237
lan-gateway-10s,1198,0.8428767012966095
lan-gateway-10s,1199,0.842916968671982
lan-gateway-10s,1200,0.8429572360473544
lan-gateway-10s,1200,0.842997503422727
lan-gateway-10s,1202,0.8430377707980994
lan-gateway-10s,1207,0.8430780381734718
lan-gateway-10s,1213,0.8431183055488444
lan-gateway-10s,1215,0.8431585729242168
lan-gateway-10s,1215,0.8431988402995892
lan-gateway-10s,1216,0.8432391076749618
lan-gateway-10s,1216,0.8432793750503342
lan-gateway-10s,1216,0.8433196424257067
lan-gateway-10s,1216,0.8433599098010791
lan-gateway-10s,1216,0.8434001771764517
lan-gateway-10s,1216,0.8434404445518241
lan-gateway-10s,1216,0.8434807119271965
lan-gateway-10s,1219,0.8435209793025691
lan-gateway-10s,1224,0.8435612466779415
lan-gateway-10s,1230,0.843601514053314
lan-gateway-10s,1230,0.8436417814286865
lan-gateway-10s,1230,0.843682048804059
lan-gateway-10s,1230,0.8437223161794314
lan-gateway-10s,1230,0.8437625835548039
lan-gateway-10s,1230,0.8438028509301764
lan-gateway-10s,1230,0.8438431183055488
lan-gateway-10s,1230,0.8438833856809214
lan-gateway-10s,1230,0.8439236530562938
lan-gateway-10s,1230,0.8439639204316662
lan-gateway-10s,1232,0.8440041878070388
lan-gateway-10s,1233,0.8440444551824112
lan-gateway-10s,1236,0.8440847225577837
lan-gateway-10s,1236,0.8441249899331562
lan-gateway-10s,1239,0.8441652573085286
lan-gateway-10s,1239,0.8442055246839011
lan-gateway-10s,1239,0.8442457920592735
lan-gateway-10s,1239,0.8442860594346461
lan-gateway-10s,1239,0.8443263268100185
lan-gateway-10s,1239,0.844366594185391
lan-gateway-10s,1239,0.8444068615607635
lan-gateway-10s,1239,0.8444471289361359
lan-gateway-10s,1247,0.8444873963115084
lan-gateway-10s,1247,0.8445276636868809
lan-gateway-10s,1247,0.8445679310622534
lan-gateway-10s,1248,0.8446081984376258
lan-gateway-10s,1248,0.8446484658129984
lan-gateway-10s,1248,0.8446887331883708
lan-gateway-10s,1248,0.8447290005637432
lan-gateway-10s,1248,0.8447692679391158
lan-gateway-10s,1248,0.8448095353144882
lan-gateway-10s,1248,0.8448498026898607
lan-gateway-10s,1250,0.8448900700652332
lan-gateway-10s,1251,0.8449303374406056
lan-gateway-10s,1254,0.8449706048159781
lan-gateway-10s,1254,0.8450108721913505
lan-gateway-10s,1254,0.8450511395667231
lan-gateway-10s,1254,0.8450914069420955
lan-gateway-10s,1254,0.8451316743174679
lan-gateway-10s,1254,0.8451719416928405
lan-gateway-10s,1254,0.8452122090682129
lan-gateway-10s,1255,0.8452524764435854
lan-gateway-10s,1266,0.8452927438189579
lan-gateway-10s,1266,0.8453330111943304
lan-gateway-10s,1266,0.8453732785697028
lan-gateway-10s,1266,0.8454135459450753
lan-gateway-10s,1266,0.8454538133204478
lan-gateway-10s,1266,0.8454940806958202
lan-gateway-10s,1266,0.8455343480711928
lan-gateway-10s,1266,0.8455746154465652
lan-gateway-10s,1266,0.8456148828219376
lan-gateway-10s,1266,0.8456551501973102
lan-gateway-10s,1266,0.8456954175726826
lan-gateway-10s,1266,0.8457356849480551
lan-gateway-10s,1266,0.8457759523234275
lan-gateway-10s,1266,0.8458162196988
lan-gateway-10s,1266,0.8458564870741725
lan-gateway-10s,1266,0.8458967544495449
lan-gateway-10s,1266,0.8459370218249175
lan-gateway-10s,1266,0.8459772892002899
lan-gateway-10s,1266,0.8460175565756624
lan-gateway-10s,1266,0.8460578239510349
lan-gateway-10s,1266,0.8460980913264073
lan-gateway-10s,1266,0.8461383587017798
lan-gateway-10s,1266,0.8461786260771523
lan-gateway-10s,1266,0.8462188934525248
lan-gateway-10s,1266,0.8462591608278972
lan-gateway-10s,1266,0.8462994282032698
lan-gateway-10s,1266,0.8463396955786422
lan-gateway-10s,1266,0.8463799629540146
lan-gateway-10s,1266,0.8464202303293872
lan-gateway-10s,1266,0.8464604977047596
lan-gateway-10s,1266,0.8465007650801321
lan-gateway-10s,1266,0.8465410324555046
lan-gateway-10s,1266,0.846581299830877
lan-gateway-10s,1266,0.8466215672062495
lan-gateway-10s,1266,0.8466618345816219
lan-gateway-10s,1266,0.8467021019569945
lan-gateway-10s,1266,0.8467423693323669
lan-gateway-10s,1266,0.8467826367077393
lan-gateway-10s,1266,0.8468229040831119
lan-gateway-10s,1266,0.8468631714584843
lan-gateway-10s,1266,0.8469034388338568
lan-gateway-10s,1266,0.8469437062092293
lan-gateway-10s,1266,0.8469839735846018
lan-gateway-10s,1266,0.8470242409599742
lan-gateway-10s,1266,0.8470645083353467
lan-gateway-10s,1266,0.8471047757107192
lan-gateway-10s,1266,0.8471450430860916
lan-gateway-10s,1266,0.8471853104614642
lan-gateway-10s,1266,0.8472255778368366
lan-gateway-10s,1266,0.847265845212209
lan-gateway-10s,1266,0.8473061125875816
lan-gateway-10s,1266,0.847346379962954
lan-gateway-10s,1266,0.8473866473383265
lan-gateway-10s,1266,0.8474269147136989
lan-gateway-10s,1266,0.8474671820890715
lan-gateway-10s,1266,0.8475074494644439
lan-gateway-10s,1266,0.8475477168398163
lan-gateway-10s,1266,0.8475879842151889
lan-gateway-10s,1266,0.8476282515905613
lan-gateway-10s,1266,0.8476685189659338
lan-gateway-10s,1266,0.8477087863413063
lan-gateway-10s,1266,0.8477490537166787
lan-gateway-10s,1266,0.8477893210920512
lan-gateway-10s,1266,0.8478295884674237
lan-gateway-10s,1266,0.8478698558427962
lan-gateway-10s,1266,0.8479101232181686
lan-gateway-10s,1266,0.8479503905935412
lan-gateway-10s,1266,0.8479906579689136
lan-gateway-10s,1266,0.848030925344286
lan-gateway-10s,1266,0.8480711927196586
lan-gateway-10s,1266,0.848111460095031
lan-gateway-10s,1266,0.8481517274704035
lan-gateway-10s,1266,0.8481919948457759
lan-gateway-10s,1266,0.8482322622211484
lan-gateway-10s,1266,0.8482725295965209
lan-gateway-10s,1266,0.8483127969718933
lan-gateway-10s,1266,0.8483530643472659
lan-gateway-10s,1266,0.8483933317226383
lan-gateway-10s,1266,0.8484335990980107
lan-gateway-10s,1266,0.8484738664733833
lan-gateway-10s,1266,0.8485141338487557
lan-gateway-10s,1266,0.8485544012241282
lan-gateway-10s,1266,0.8485946685995007
lan-gateway-10s,1266,0.8486349359748732
lan-gateway-10s,1266,0.8486752033502456
lan-gateway-10s,1266,0.8487154707256181
lan-gateway-10s,1266,0.8487557381009906
lan-gateway-10s,1266,0.848796005476363
lan-gateway-10s,1266,0.8488362728517356
lan-gateway-10s,1266,0.848876540227108
lan-gateway-10s,1266,0.8489168076024804
lan-gateway-10s,1266,0.848957074977853
lan-gateway-10s,1266,0.8489973423532254
lan-gateway-10s,1268,0.8490376097285979
lan-gateway-10s,1268,0.8490778771039703
lan-gateway-10s,1272,0.8491181444793429
lan-gateway-10s,1276,0.8491584118547153
lan-gateway-10s,1276,0.8491986792300877
lan-gateway-10s,1278,0.8492389466054603
lan-gateway-10s,1278,0.8492792139808327
lan-gateway-10s,1278,0.8493194813562052
lan-gateway-10s,1278,0.8493597487315777
lan-gateway-10s,1280,0.8494000161069502
lan-gateway-10s,1280,0.8494402834823226
lan-gateway-10s,1280,0.8494805508576951
lan-gateway-10s,1280,0.8495208182330676
lan-gateway-10s,1280,0.84956108560844
lan-gateway-10s,1280,0.8496013529838126
lan-gateway-10s,1280,0.849641620359185
lan-gateway-10s,1280,0.8496818877345574
lan-gateway-10s,1280,0.84972215510993
lan-gateway-10s,1283,0.8497624224853024
lan-gateway-10s,1290,0.8498026898606749
lan-gateway-10s,1290,0.8498429572360473
lan-gateway-10s,1290,0.8498832246114199
lan-gateway-10s,1292,0.8499234919867923
lan-gateway-10s,1292,0.8499637593621647
lan-gateway-10s,1294,0.8500040267375373
lan-gateway-10s,1294,0.8500442941129097
lan-gateway-10s,1294,0.8500845614882822
lan-gateway-10s,1294,0.8501248288636547
lan-gateway-10s,1294,0.8501650962390271
lan-gateway-10s,1294,0.8502053636143996
lan-gateway-10s,1294,0.8502456309897721
lan-gateway-10s,1294,0.8502858983651446
lan-gateway-10s,1294,0.850326165740517
lan-gateway-10s,1294,0.8503664331158896
lan-gateway-10s,1298,0.850406700491262
lan-gateway-10s,1299,0.8504469678666344
lan-gateway-10s,1302,0.850487235242007
lan-gateway-10s,1303,0.8505275026173794
lan-gateway-10s,1303,0.8505677699927519
lan-gateway-10s,1304,0.8506080373681243
lan-gateway-10s,1304,0.8506483047434968
lan-gateway-10s,1304,0.8506885721188693
lan-gateway-10s,1304,0.8507288394942417
lan-gateway-10s,1306,0.8507691068696143
lan-gateway-10s,1307,0.8508093742449867
lan-gateway-10s,1310,0.8508496416203591
lan-gateway-10s,1310,0.8508899089957317
lan-gateway-10s,1312,0.8509301763711041
lan-gateway-10s,1313,0.8509704437464766
lan-gateway-10s,1318,0.8510107111218491
lan-gateway-10s,1318,0.8510509784972216
lan-gateway-10s,1319,0.851091245872594
lan-gateway-10s,1320,0.8511315132479665
lan-gateway-10s,1323,0.851171780623339
lan-gateway-10s,1324,0.8512120479987114
lan-gateway-10s,1326,0.851252315374084
lan-gateway-10s,1326,0.8512925827494564
lan-gateway-10s,1326,0.8513328501248288
lan-gateway-10s,1326,0.8513731175002013
lan-gateway-10s,1327,0.8514133848755738
lan-gateway-10s,1327,0.8514536522509463
lan-gateway-10s,1328,0.8514939196263187
lan-gateway-10s,1329,0.8515341870016913
lan-gateway-10s,1329,0.8515744543770637
lan-gateway-10s,1333,0.8516147217524361
lan-gateway-10s,1334,0.8516549891278087
lan-gateway-10s,1334,0.8516952565031811
lan-gateway-10s,1334,0.8517355238785536
lan-gateway-10s,1334,0.8517757912539261
lan-gateway-10s,1334,0.8518160586292985
lan-gateway-10s,1334,0.851856326004671
lan-gateway-10s,1334,0.8518965933800435
lan-gateway-10s,1334,0.851936860755416
lan-gateway-10s,1334,0.8519771281307884
lan-gateway-10s,1334,0.852017395506161
lan-gateway-10s,1334,0.8520576628815334
lan-gateway-10s,1334,0.8520979302569058
lan-gateway-10s,1334,0.8521381976322784
lan-gateway-10s,1334,0.8521784650076508
lan-gateway-10s,1334,0.8522187323830233
lan-gateway-10s,1334,0.8522589997583957
lan-gateway-10s,1334,0.8522992671337682
lan-gateway-10s,1334,0.8523395345091407
lan-gateway-10s,1334,0.8523798018845131
lan-gateway-10s,1334,0.8524200692598857
lan-gateway-10s,1334,0.8524603366352581
lan-gateway-10s,1334,0.8525006040106305
lan-gateway-10s,1334,0.8525408713860031
lan-gateway-10s,1334,0.8525811387613755
lan-gateway-10s,1334,0.852621406136748
lan-gateway-10s,1334,0.8526616735121205
lan-gateway-10s,1334,0.852701940887493
lan-gateway-10s,1334,0.8527422082628654
lan-gateway-10s,1334,0.852782475638238
lan-gateway-10s,1334,0.8528227430136104
lan-gateway-10s,1334,0.8528630103889828
lan-gateway-10s,1334,0.8529032777643554
lan-gateway-10s,1334,0.8529435451397278
lan-gateway-10s,1334,0.8529838125151002
lan-gateway-10s,1334,0.8530240798904727
lan-gateway-10s,1334,0.8530643472658452
lan-gateway-10s,1334,0.8531046146412177
lan-gateway-10s,1334,0.8531448820165901
lan-gateway-10s,1334,0.8531851493919627
lan-gateway-10s,1334,0.8532254167673351
lan-gateway-10s,1334,0.8532656841427075
lan-gateway-10s,1334,0.8533059515180801
lan-gateway-10s,1334,0.8533462188934525
lan-gateway-10s,1334,0.853386486268825
lan-gateway-10s,1334,0.8534267536441975
lan-gateway-10s,1334,0.85346702101957
lan-gateway-10s,1334,0.8535072883949424
lan-gateway-10s,1334,0.8535475557703149
lan-gateway-10s,1334,0.8535878231456874
lan-gateway-10s,1334,0.8536280905210598
lan-gateway-10s,1334,0.8536683578964324
lan-gateway-10s,1334,0.8537086252718048
lan-gateway-10s,1334,0.8537488926471772
lan-gateway-10s,1334,0.8537891600225497
lan-gateway-10s,1334,0.8538294273979222
lan-gateway-10s,1334,0.8538696947732947
lan-gateway-10s,1334,0.8539099621486671
lan-gateway-10s,1334,0.8539502295240397
lan-gateway-10s,1334,0.8539904968994121
lan-gateway-10s,1334,0.8540307642747845
lan-gateway-10s,1334,0.8540710316501571
lan-gateway-10s,1334,0.8541112990255295
lan-gateway-10s,1334,0.854151566400902
lan-gateway-10s,1334,0.8541918337762745
lan-gateway-10s,1336,0.8542321011516469
lan-gateway-10s,1338,0.8542723685270194
lan-gateway-10s,1338,0.8543126359023919
lan-gateway-10s,1338,0.8543529032777644
lan-gateway-10s,1340,0.8543931706531368
lan-gateway-10s,1340,0.8544334380285094
lan-gateway-10s,1340,0.8544737054038818
lan-gateway-10s,1342,0.8545139727792542
lan-gateway-10s,1342,0.8545542401546268
lan-gateway-10s,1342,0.8545945075299992
lan-gateway-10s,1343,0.8546347749053717
lan-gateway-10s,1345,0.8546750422807441
lan-gateway-10s,1345,0.8547153096561166
lan-gateway-10s,1345,0.8547555770314891
lan-gateway-10s,1345,0.8547958444068615
lan-gateway-10s,1345,0.8548361117822341
lan-gateway-10s,1345,0.8548763791576065
lan-gateway-10s,1345,0.8549166465329789
lan-gateway-10s,1345,0.8549569139083515
lan-gateway-10s,1345,0.8549971812837239
lan-gateway-10s,1345,0.8550374486590964
lan-gateway-10s,1345,0.8550777160344689
lan-gateway-10s,1345,0.8551179834098414
lan-gateway-10s,1345,0.8551582507852138
lan-gateway-10s,1345,0.8551985181605863
lan-gateway-10s,1345,0.8552387855359588
lan-gateway-10s,1345,0.8552790529113312
lan-gateway-10s,1345,0.8553193202867038
lan-gateway-10s,1346,0.8553595876620762
lan-gateway-10s,1349,0.8553998550374486
lan-gateway-10s,1356,0.8554401224128211
lan-gateway-10s,1358,0.8554803897881936
lan-gateway-10s,1359,0.8555206571635661
lan-gateway-10s,1359,0.8555609245389385
lan-gateway-10s,1362,0.855601191914311
lan-gateway-10s,1362,0.8556414592896835
lan-gateway-10s,1364,0.8556817266650559
lan-gateway-10s,1366,0.8557219940404285
lan-gateway-10s,1366,0.8557622614158009
lan-gateway-10s,1366,0.8558025287911734
lan-gateway-10s,1366,0.8558427961665459
lan-gateway-10s,1366,0.8558830635419183
lan-gateway-10s,1370,0.8559233309172908
lan-gateway-10s,1374,0.8559635982926633
lan-gateway-10s,1375,0.8560038656680358
lan-gateway-10s,1375,0.8560441330434082
lan-gateway-10s,1376,0.8560844004187808
lan-gateway-10s,1378,0.8561246677941532
lan-gateway-10s,1378,0.8561649351695256
lan-gateway-10s,1382,0.8562052025448981
lan-gateway-10s,1382,0.8562454699202706
lan-gateway-10s,1384,0.8562857372956431
lan-gateway-10s,1388,0.8563260046710155
lan-gateway-10s,1388,0.856366272046388
lan-gateway-10s,1388,0.8564065394217605
lan-gateway-10s,1392,0.8564468067971329
lan-gateway-10s,1392,0.8564870741725055
lan-gateway-10s,1393,0.8565273415478779
lan-gateway-10s,1394,0.8565676089232503
lan-gateway-10s,1398,0.8566078762986229
lan-gateway-10s,1399,0.8566481436739953
lan-gateway-10s,1399,0.8566884110493678
lan-gateway-10s,1401,0.8567286784247403
lan-gateway-10s,1404,0.8567689458001128
lan-gateway-10s,1404,0.8568092131754852
lan-gateway-10s,1404,0.8568494805508577
lan-gateway-10s,1404,0.8568897479262302
lan-gateway-10s,1404,0.8569300153016026
lan-gateway-10s,1404,0.8569702826769752
lan-gateway-10s,1404,0.8570105500523476
lan-gateway-10s,1404,0.85705081742772
lan-gateway-10s,1404,0.8570910848030925
lan-gateway-10s,1404,0.857131352178465
lan-gateway-10s,1404,0.8571716195538375
lan-gateway-10s,1404,0.8572118869292099
lan-gateway-10s,1404,0.8572521543045825
lan-gateway-10s,1404,0.8572924216799549
lan-gateway-10s,1404,0.8573326890553273
lan-gateway-10s,1404,0.8573729564306999
lan-gateway-10s,1404,0.8574132238060723
lan-gateway-10s,1404,0.8574534911814448
lan-gateway-10s,1404,0.8574937585568173
lan-gateway-10s,1404,0.8575340259321897
lan-gateway-10s,1404,0.8575742933075622
lan-gateway-10s,1404,0.8576145606829347
lan-gateway-10s,1404,0.8576548280583072
lan-gateway-10s,1404,0.8576950954336796
lan-gateway-10s,1404,0.8577353628090522
lan-gateway-10s,1404,0.8577756301844246
lan-gateway-10s,1404,0.857815897559797
lan-gateway-10s,1404,0.8578561649351695
lan-gateway-10s,1404,0.857896432310542
lan-gateway-10s,1404,0.8579366996859145
lan-gateway-10s,1404,0.8579769670612869
lan-gateway-10s,1404,0.8580172344366594
lan-gateway-10s,1404,0.8580575018120319
lan-gateway-10s,1404,0.8580977691874043
lan-gateway-10s,1404,0.8581380365627769
lan-gateway-10s,1404,0.8581783039381493
lan-gateway-10s,1404,0.8582185713135217
lan-gateway-10s,1404,0.8582588386888943
lan-gateway-10s,1404,0.8582991060642667
lan-gateway-10s,1404,0.8583393734396392
lan-gateway-10s,1404,0.8583796408150117
lan-gateway-10s,1404,0.8584199081903842
lan-gateway-10s,1404,0.8584601755657566
lan-gateway-10s,1404,0.8585004429411291
lan-gateway-10s,1404,0.8585407103165016
lan-gateway-10s,1404,0.858580977691874
lan-gateway-10s,1404,0.8586212450672465
lan-gateway-10s,1404,0.858661512442619
lan-gateway-10s,1404,0.8587017798179915
lan-gateway-10s,1404,0.8587420471933639
lan-gateway-10s,1406,0.8587823145687364
lan-gateway-10s,1410,0.8588225819441089
lan-gateway-10s,1410,0.8588628493194813
lan-gateway-10s,1413,0.8589031166948539
lan-gateway-10s,1414,0.8589433840702263
lan-gateway-10s,1414,0.8589836514455987
lan-gateway-10s,1414,0.8590239188209713
lan-gateway-10s,1414,0.8590641861963437
lan-gateway-10s,1414,0.8591044535717162
lan-gateway-10s,1414,0.8591447209470887
lan-gateway-10s,1414,0.8591849883224612
lan-gateway-10s,1414,0.8592252556978336
lan-gateway-10s,1414,0.8592655230732061
lan-gateway-10s,1414,0.8593057904485786
lan-gateway-10s,1414,0.859346057823951
lan-gateway-10s,1414,0.8593863251993235
lan-gateway-10s,1414,0.859426592574696
lan-gateway-10s,1414,0.8594668599500684
lan-gateway-10s,1414,0.8595071273254409
lan-gateway-10s,1414,0.8595473947008134
lan-gateway-10s,1414,0.8595876620761859
lan-gateway-10s,1414,0.8596279294515583
lan-gateway-10s,1414,0.8596681968269309
lan-gateway-10s,1414,0.8597084642023033
lan-gateway-10s,1414,0.8597487315776757
lan-gateway-10s,1414,0.8597889989530483
lan-gateway-10s,1414,0.8598292663284207
lan-gateway-10s,1414,0.8598695337037932
lan-gateway-10s,1414,0.8599098010791657
lan-gateway-10s,1414,0.8599500684545381
lan-gateway-10s,1414,0.8599903358299106
lan-gateway-10s,1414,0.8600306032052831
lan-gateway-10s,1414,0.8600708705806556
lan-gateway-10s,1414,0.860111137956028
lan-gateway-10s,1414,0.8601514053314006
lan-gateway-10s,1414,0.860191672706773
lan-gateway-10s,1414,0.8602319400821454
lan-gateway-10s,1414,0.8602722074575179
lan-gateway-10s,1414,0.8603124748328904
lan-gateway-10s,1414,0.8603527422082629
lan-gateway-10s,1414,0.8603930095836353
lan-gateway-10s,1414,0.8604332769590078
lan-gateway-10s,1414,0.8604735443343803
lan-gateway-10s,1414,0.8605138117097527
lan-gateway-10s,1414,0.8605540790851253
lan-gateway-10s,1414,0.8605943464604977
lan-gateway-10s,1414,0.8606346138358701
lan-gateway-10s,1414,0.8606748812112427
lan-gateway-10s,1414,0.8607151485866151
lan-gateway-10s,1414,0.8607554159619876
lan-gateway-10s,1414,0.8607956833373601
lan-gateway-10s,1414,0.8608359507127326
lan-gateway-10s,1414,0.860876218088105
lan-gateway-10s,1414,0.8609164854634775
lan-gateway-10s,1414,0.86095675283885
lan-gateway-10s,1414,0.8609970202142224
lan-gateway-10s,1414,0.8610372875895949
lan-gateway-10s,1414,0.8610775549649674
lan-gateway-10s,1414,0.8611178223403398
lan-gateway-10s,1414,0.8611580897157123
lan-gateway-10s,1414,0.8611983570910848
lan-gateway-10s,1414,0.8612386244664573
lan-gateway-10s,1414,0.8612788918418297
lan-gateway-10s,1414,0.8613191592172023
lan-gateway-10s,1414,0.8613594265925747
lan-gateway-10s,1414,0.8613996939679471
lan-gateway-10s,1414,0.8614399613433197
lan-gateway-10s,1414,0.8614802287186921
lan-gateway-10s,1414,0.8615204960940646
lan-gateway-10s,1414,0.8615607634694371
lan-gateway-10s,1414,0.8616010308448095
lan-gateway-10s,1414,0.861641298220182
lan-gateway-10s,1414,0.8616815655955545
lan-gateway-10s,1414,0.861721832970927
lan-gateway-10s,1414,0.8617621003462994
lan-gateway-10s,1414,0.8618023677216718
lan-gateway-10s,1414,0.8618426350970444
lan-gateway-10s,1414,0.8618829024724168
lan-gateway-10s,1414,0.8619231698477893
lan-gateway-10s,1414,0.8619634372231618
lan-gateway-10s,1414,0.8620037045985343
lan-gateway-10s,1414,0.8620439719739067
lan-gateway-10s,1414,0.8620842393492792
lan-gateway-10s,1414,0.8621245067246517
lan-gateway-10s,1414,0.8621647741000241
lan-gateway-10s,1414,0.8622050414753967
lan-gateway-10s,1414,0.8622453088507691
lan-gateway-10s,1414,0.8622855762261415
lan-gateway-10s,1414,0.8623258436015141
lan-gateway-10s,1414,0.8623661109768865
lan-gateway-10s,1414,0.862406378352259
lan-gateway-10s,1414,0.8624466457276315
lan-gateway-10s,1414,0.862486913103004
lan-gateway-10s,1414,0.8625271804783764
lan-gateway-10s,1414,0.862567447853749
lan-gateway-10s,1414,0.8626077152291214
lan-gateway-10s,1414,0.8626479826044938
lan-gateway-10s,1414,0.8626882499798663
lan-gateway-10s,1414,0.8627285173552388
lan-gateway-10s,1414,0.8627687847306112
lan-gateway-10s,1414,0.8628090521059837
lan-gateway-10s,1414,0.8628493194813562
lan-gateway-10s,1414,0.8628895868567287
lan-gateway-10s,1414,0.8629298542321011
lan-gateway-10s,1414,0.8629701216074737
lan-gateway-10s,1414,0.8630103889828461
lan-gateway-10s,1414,0.8630506563582185
lan-gateway-10s,1414,0.8630909237335911
lan-gateway-10s,1414,0.8631311911089635
lan-gateway-10s,1414,0.863171458484336
lan-gateway-10s,1414,0.8632117258597085
lan-gateway-10s,1414,0.863251993235081
lan-gateway-10s,1414,0.8632922606104534
lan-gateway-10s,1414,0.8633325279858259
lan-gateway-10s,1414,0.8633727953611984
lan-gateway-10s,1414,0.8634130627365708
lan-gateway-10s,1414,0.8634533301119433
lan-gateway-10s,1414,0.8634935974873158
lan-gateway-10s,1414,0.8635338648626882
lan-gateway-10s,1414,0.8635741322380607
lan-gateway-10s,1414,0.8636143996134332
lan-gateway-10s,1414,0.8636546669888057
lan-gateway-10s,1414,0.8636949343641781
lan-gateway-10s,1414,0.8637352017395507
lan-gateway-10s,1414,0.8637754691149231
lan-gateway-10s,1414,0.8638157364902955
lan-gateway-10s,1414,0.8638560038656681
lan-gateway-10s,1414,0.8638962712410405
lan-gateway-10s,1414,0.863936538616413
lan-gateway-10s,1414,0.8639768059917855
lan-gateway-10s,1414,0.8640170733671579
lan-gateway-10s,1414,0.8640573407425304
lan-gateway-10s,1414,0.8640976081179029
lan-gateway-10s,1414,0.8641378754932754
lan-gateway-10s,1414,0.8641781428686478
lan-gateway-10s,1414,0.8642184102440202
lan-gateway-10s,1414,0.8642586776193928
lan-gateway-10s,1414,0.8642989449947652
lan-gateway-10s,1414,0.8643392123701377
lan-gateway-10s,1414,0.8643794797455102
lan-gateway-10s,1414,0.8644197471208827
lan-gateway-10s,1414,0.8644600144962551
lan-gateway-10s,1414,0.8645002818716276
lan-gateway-10s,1414,0.8645405492470001
lan-gateway-10s,1414,0.8645808166223725
lan-gateway-10s,1414,0.8646210839977451
lan-gateway-10s,1414,0.8646613513731175
lan-gateway-10s,1414,0.8647016187484899
lan-gateway-10s,1414,0.8647418861238625
lan-gateway-10s,1414,0.8647821534992349
lan-gateway-10s,1414,0.8648224208746074
lan-gateway-10s,1414,0.8648626882499799
lan-gateway-10s,1414,0.8649029556253524
lan-gateway-10s,1414,0.8649432230007248
lan-gateway-10s,1414,0.8649834903760973
lan-gateway-10s,1414,0.8650237577514698
lan-gateway-10s,1414,0.8650640251268422
lan-gateway-10s,1414,0.8651042925022147
lan-gateway-10s,1414,0.8651445598775872
lan-gateway-10s,1414,0.8651848272529596
lan-gateway-10s,1414,0.8652250946283321
lan-gateway-10s,1414,0.8652653620037046
lan-gateway-10s,1414,0.8653056293790771
lan-gateway-10s,1414,0.8653458967544495
lan-gateway-10s,1414,0.865386164129822
lan-gateway-10s,1414,0.8654264315051945
lan-gateway-10s,1414,0.8654666988805669
lan-gateway-10s,1414,0.8655069662559395
lan-gateway-10s,1414,0.8655472336313119
lan-gateway-10s,1414,0.8655875010066844
lan-gateway-10s,1414,0.8656277683820569
lan-gateway-10s,1414,0.8656680357574293
lan-gateway-10s,1414,0.8657083031328018
lan-gateway-10s,1414,0.8657485705081743
lan-gateway-10s,1414,0.8657888378835468
lan-gateway-10s,1414,0.8658291052589192
lan-gateway-10s,1414,0.8658693726342916
lan-gateway-10s,1414,0.8659096400096642
lan-gateway-10s,1414,0.8659499073850366
lan-gateway-10s,1414,0.8659901747604091
lan-gateway-10s,1414,0.8660304421357816
lan-gateway-10s,1414,0.8660707095111541
lan-gateway-10s,1414,0.8661109768865265
lan-gateway-10s,1414,0.866151244261899
lan-gateway-10s,1414,0.8661915116372715
lan-gateway-10s,1414,0.8662317790126439
lan-gateway-10s,1414,0.8662720463880165
lan-gateway-10s,1414,0.8663123137633889
lan-gateway-10s,1414,0.8663525811387613
lan-gateway-10s,1414,0.8663928485141339
lan-gateway-10s,1414,0.8664331158895063
lan-gateway-10s,1414,0.8664733832648788
lan-gateway-10s,1414,0.8665136506402513
lan-gateway-10s,1414,0.8665539180156238
lan-gateway-10s,1414,0.8665941853909962
lan-gateway-10s,1414,0.8666344527663686
lan-gateway-10s,1414,0.8666747201417412
lan-gateway-10s,1414,0.8667149875171136
lan-gateway-10s,1414,0.8667552548924861
lan-gateway-10s,1414,0.8667955222678586
lan-gateway-10s,1414,0.866835789643231
lan-gateway-10s,1414,0.8668760570186035
lan-gateway-10s,1414,0.866916324393976
lan-gateway-10s,1414,0.8669565917693485
lan-gateway-10s,1414,0.8669968591447209
lan-gateway-10s,1414,0.8670371265200935
lan-gateway-10s,1414,0.8670773938954659
lan-gateway-10s,1414,0.8671176612708383
lan-gateway-10s,1414,0.8671579286462109
lan-gateway-10s,1414,0.8671981960215833
lan-gateway-10s,1414,0.8672384633969558
lan-gateway-10s,1414,0.8672787307723283
lan-gateway-10s,1414,0.8673189981477007
lan-gateway-10s,1414,0.8673592655230732
lan-gateway-10s,1414,0.8673995328984456
lan-gateway-10s,1414,0.8674398002738182
lan-gateway-10s,1414,0.8674800676491906
lan-gateway-10s,1414,0.867520335024563
lan-gateway-10s,1414,0.8675606023999356
lan-gateway-10s,1414,0.867600869775308
lan-gateway-10s,1414,0.8676411371506805
lan-gateway-10s,1414,0.867681404526053
lan-gateway-10s,1414,0.8677216719014255
lan-gateway-10s,1414,0.8677619392767979
lan-gateway-10s,1414,0.8678022066521704
lan-gateway-10s,1414,0.8678424740275429
lan-gateway-10s,1414,0.8678827414029153
lan-gateway-10s,1414,0.8679230087782879
lan-gateway-10s,1414,0.8679632761536603
lan-gateway-10s,1414,0.8680035435290328
lan-gateway-10s,1414,0.8680438109044053
lan-gateway-10s,1414,0.8680840782797777
lan-gateway-10s,1414,0.8681243456551502
lan-gateway-10s,1414,0.8681646130305227
lan-gateway-10s,1414,0.8682048804058952
lan-gateway-10s,1414,0.8682451477812676
lan-gateway-10s,1414,0.86828541515664
lan-gateway-10s,1414,0.8683256825320126
lan-gateway-10s,1414,0.868365949907385
lan-gateway-10s,1414,0.8684062172827575
lan-gateway-10s,1414,0.86844648465813
lan-gateway-10s,1414,0.8684867520335025
lan-gateway-10s,1414,0.8685270194088749
lan-gateway-10s,1414,0.8685672867842474
lan-gateway-10s,1414,0.8686075541596199
lan-gateway-10s,1414,0.8686478215349923
lan-gateway-10s,1414,0.8686880889103649
lan-gateway-10s,1414,0.8687283562857373
lan-gateway-10s,1414,0.8687686236611097
lan-gateway-10s,1414,0.8688088910364823
lan-gateway-10s,1414,0.8688491584118547
lan-gateway-10s,1414,0.8688894257872272
lan-gateway-10s,1414,0.8689296931625997
lan-gateway-10s,1414,0.8689699605379722
lan-gateway-10s,1414,0.8690102279133446
lan-gateway-10s,1414,0.869050495288717
lan-gateway-10s,1414,0.8690907626640896
lan-gateway-10s,1414,0.869131030039462
lan-gateway-10s,1414,0.8691712974148345
lan-gateway-10s,1414,0.869211564790207
lan-gateway-10s,1414,0.8692518321655794
lan-gateway-10s,1414,0.8692920995409519
lan-gateway-10s,1414,0.8693323669163244
lan-gateway-10s,1414,0.8693726342916969
lan-gateway-10s,1414,0.8694129016670693
lan-gateway-10s,1414,0.8694531690424419
lan-gateway-10s,1414,0.8694934364178143
lan-gateway-10s,1414,0.8695337037931867
lan-gateway-10s,1414,0.8695739711685593
lan-gateway-10s,1414,0.8696142385439317
lan-gateway-10s,1414,0.8696545059193042
lan-gateway-10s,1414,0.8696947732946767
lan-gateway-10s,1414,0.8697350406700491
lan-gateway-10s,1414,0.8697753080454216
lan-gateway-10s,1414,0.869815575420794
lan-gateway-10s,1414,0.8698558427961666
lan-gateway-10s,1414,0.869896110171539
lan-gateway-10s,1414,0.8699363775469114
lan-gateway-10s,1414,0.869976644922284
lan-gateway-10s,1414,0.8700169122976564
lan-gateway-10s,1414,0.8700571796730289
lan-gateway-10s,1414,0.8700974470484014
lan-gateway-10s,1414,0.8701377144237739
lan-gateway-10s,1414,0.8701779817991463
lan-gateway-10s,1414,0.8702182491745188
lan-gateway-10s,1414,0.8702585165498913
lan-gateway-10s,1414,0.8702987839252637
lan-gateway-10s,1414,0.8703390513006363
lan-gateway-10s,1414,0.8703793186760087
lan-gateway-10s,1414,0.8704195860513811
lan-gateway-10s,1414,0.8704598534267537
lan-gateway-10s,1414,0.8705001208021261
lan-gateway-10s,1414,0.8705403881774986
lan-gateway-10s,1414,0.8705806555528711
lan-gateway-10s,1414,0.8706209229282436
lan-gateway-10s,1414,0.870661190303616
lan-gateway-10s,1414,0.8707014576789884
lan-gateway-10s,1414,0.870741725054361
lan-gateway-10s,1414,0.8707819924297334
lan-gateway-10s,1414,0.8708222598051059
lan-gateway-10s,1414,0.8708625271804784
lan-gateway-10s,1414,0.8709027945558508
lan-gateway-10s,1414,0.8709430619312233
lan-gateway-10s,1414,0.8709833293065958
lan-gateway-10s,1414,0.8710235966819683
lan-gateway-10s,1414,0.8710638640573407
lan-gateway-10s,1414,0.8711041314327133
lan-gateway-10s,1414,0.8711443988080857
lan-gateway-10s,1414,0.8711846661834581
lan-gateway-10s,1414,0.8712249335588307
lan-gateway-10s,1414,0.8712652009342031
lan-gateway-10s,1414,0.8713054683095756
lan-gateway-10s,1414,0.8713457356849481
lan-gateway-10s,1414,0.8713860030603205
lan-gateway-10s,1414,0.871426270435693
lan-gateway-10s,1414,0.8714665378110654
lan-gateway-10s,1414,0.871506805186438
lan-gateway-10s,1414,0.8715470725618104
lan-gateway-10s,1414,0.8715873399371828
lan-gateway-10s,1414,0.8716276073125554
lan-gateway-10s,1414,0.8716678746879278
lan-gateway-10s,1414,0.8717081420633003
lan-gateway-10s,1414,0.8717484094386728
lan-gateway-10s,1414,0.8717886768140453
lan-gateway-10s,1414,0.8718289441894177
lan-gateway-10s,1414,0.8718692115647902
lan-gateway-10s,1414,0.8719094789401627
lan-gateway-10s,1414,0.8719497463155351
lan-gateway-10s,1414,0.8719900136909077
lan-gateway-10s,1414,0.8720302810662801
lan-gateway-10s,1414,0.8720705484416525
lan-gateway-10s,1414,0.8721108158170251
lan-gateway-10s,1414,0.8721510831923975
lan-gateway-10s,1414,0.87219135056777
lan-gateway-10s,1414,0.8722316179431424
lan-gateway-10s,1414,0.872271885318515
lan-gateway-10s,1414,0.8723121526938874
lan-gateway-10s,1414,0.8723524200692598
lan-gateway-10s,1414,0.8723926874446324
lan-gateway-10s,1414,0.8724329548200048
lan-gateway-10s,1414,0.8724732221953773
lan-gateway-10s,1414,0.8725134895707498
lan-gateway-10s,1414,0.8725537569461222
lan-gateway-10s,1414,0.8725940243214947
lan-gateway-10s,1414,0.8726342916968672
lan-gateway-10s,1414,0.8726745590722397
lan-gateway-10s,1414,0.8727148264476121
lan-gateway-10s,1414,0.8727550938229847
lan-gateway-10s,1414,0.8727953611983571
lan-gateway-10s,1414,0.8728356285737295
lan-gateway-10s,1414,0.8728758959491021
lan-gateway-10s,1414,0.8729161633244745
lan-gateway-10s,1414,0.872956430699847
lan-gateway-10s,1414,0.8729966980752195
lan-gateway-10s,1414,0.873036965450592
lan-gateway-10s,1414,0.8730772328259644
lan-gateway-10s,1414,0.8731175002013368
lan-gateway-10s,1414,0.8731577675767094
lan-gateway-10s,1414,0.8731980349520818
lan-gateway-10s,1414,0.8732383023274543
lan-gateway-10s,1414,0.8732785697028268
lan-gateway-10s,1414,0.8733188370781992
lan-gateway-10s,1414,0.8733591044535717
lan-gateway-10s,1414,0.8733993718289442
lan-gateway-10s,1414,0.8734396392043167
lan-gateway-10s,1414,0.8734799065796891
lan-gateway-10s,1414,0.8735201739550617
lan-gateway-10s,1414,0.8735604413304341
lan-gateway-10s,1414,0.8736007087058065
lan-gateway-10s,1414,0.8736409760811791
lan-gateway-10s,1414,0.8736812434565515
lan-gateway-10s,1414,0.873721510831924
lan-gateway-10s,1414,0.8737617782072965
lan-gateway-10s,1414,0.8738020455826689
lan-gateway-10s,1414,0.8738423129580414
lan-gateway-10s,1414,0.8738825803334138
lan-gateway-10s,1414,0.8739228477087864
lan-gateway-10s,1414,0.8739631150841588
lan-gateway-10s,1414,0.8740033824595312
lan-gateway-10s,1414,0.8740436498349038
lan-gateway-10s,1414,0.8740839172102762
lan-gateway-10s,1414,0.8741241845856487
lan-gateway-10s,1414,0.8741644519610212
lan-gateway-10s,1414,0.8742047193363937
lan-gateway-10s,1414,0.8742449867117661
lan-gateway-10s,1414,0.8742852540871386
lan-gateway-10s,1414,0.8743255214625111
lan-gateway-10s,1414,0.8743657888378835
lan-gateway-10s,1414,0.8744060562132561
lan-gateway-10s,1414,0.8744463235886285
lan-gateway-10s,1414,0.8744865909640009
lan-gateway-10s,1414,0.8745268583393735
lan-gateway-10s,1414,0.8745671257147459
lan-gateway-10s,1414,0.8746073930901184
lan-gateway-10s,1414,0.8746476604654908
lan-gateway-10s,1414,0.8746879278408634
lan-gateway-10s,1414,0.8747281952162358
lan-gateway-10s,1414,0.8747684625916082
lan-gateway-10s,1414,0.8748087299669808
lan-gateway-10s,1414,0.8748489973423532
lan-gateway-10s,1414,0.8748892647177257
lan-gateway-10s,1414,0.8749295320930982
lan-gateway-10s,1414,0.8749697994684706
lan-gateway-10s,1414,0.8750100668438431
lan-gateway-10s,1414,0.8750503342192156
lan-gateway-10s,1414,0.8750906015945881
lan-gateway-10s,1414,0.8751308689699605
lan-gateway-10s,1414,0.8751711363453331
lan-gateway-10s,1414,0.8752114037207055
lan-gateway-10s,1414,0.8752516710960779
lan-gateway-10s,1414,0.8752919384714505
lan-gateway-10s,1414,0.8753322058468229
lan-gateway-10s,1414,0.8753724732221954
lan-gateway-10s,1414,0.8754127405975678
lan-gateway-10s,1414,0.8754530079729403
lan-gateway-10s,1414,0.8754932753483128
lan-gateway-10s,1414,0.8755335427236852
lan-gateway-10s,1414,0.8755738100990578
lan-gateway-10s,1414,0.8756140774744302
lan-gateway-10s,1414,0.8756543448498026
lan-gateway-10s,1414,0.8756946122251752
lan-gateway-10s,1414,0.8757348796005476
lan-gateway-10s,1414,0.8757751469759201
lan-gateway-10s,1414,0.8758154143512926
lan-gateway-10s,1414,0.8758556817266651
lan-gateway-10s,1414,0.8758959491020375
lan-gateway-10s,1414,0.87593621647741
lan-gateway-10s,1414,0.8759764838527825
lan-gateway-10s,1414,0.8760167512281549
lan-gateway-10s,1414,0.8760570186035275
lan-gateway-10s,1414,0.8760972859788999
lan-gateway-10s,1414,0.8761375533542723
lan-gateway-10s,1414,0.8761778207296449
lan-gateway-10s,1414,0.8762180881050173
lan-gateway-10s,1414,0.8762583554803898
lan-gateway-10s,1414,0.8762986228557622
lan-gateway-10s,1414,0.8763388902311348
lan-gateway-10s,1414,0.8763791576065072
lan-gateway-10s,1414,0.8764194249818796
lan-gateway-10s,1414,0.8764596923572522
lan-gateway-10s,1414,0.8764999597326246
lan-gateway-10s,1414,0.8765402271079971
lan-gateway-10s,1414,0.8765804944833696
lan-gateway-10s,1414,0.876620761858742
lan-gateway-10s,1414,0.8766610292341145
lan-gateway-10s,1414,0.876701296609487
lan-gateway-10s,1414,0.8767415639848595
lan-gateway-10s,1414,0.8767818313602319
lan-gateway-10s,1414,0.8768220987356045
lan-gateway-10s,1414,0.8768623661109769
lan-gateway-10s,1414,0.8769026334863493
lan-gateway-10s,1414,0.8769429008617219
lan-gateway-10s,1414,0.8769831682370943
lan-gateway-10s,1414,0.8770234356124668
lan-gateway-10s,1414,0.8770637029878392
lan-gateway-10s,1414,0.8771039703632117
lan-gateway-10s,1414,0.8771442377385842
lan-gateway-10s,1414,0.8771845051139566
lan-gateway-10s,1414,0.8772247724893292
lan-gateway-10s,1414,0.8772650398647016
lan-gateway-10s,1414,0.877305307240074
lan-gateway-10s,1414,0.8773455746154466
lan-gateway-10s,1414,0.877385841990819
lan-gateway-10s,1414,0.8774261093661915
lan-gateway-10s,1414,0.877466376741564
lan-gateway-10s,1414,0.8775066441169365
lan-gateway-10s,1414,0.8775469114923089
lan-gateway-10s,1414,0.8775871788676815
lan-gateway-10s,1414,0.8776274462430539
lan-gateway-10s,1414,0.8776677136184263
lan-gateway-10s,1414,0.8777079809937989
lan-gateway-10s,1414,0.8777482483691713
lan-gateway-10s,1414,0.8777885157445438
lan-gateway-10s,1414,0.8778287831199162
lan-gateway-10s,1414,0.8778690504952887
lan-gateway-10s,1414,0.8779093178706612
lan-gateway-10s,1414,0.8779495852460336
lan-gateway-10s,1414,0.8779898526214062
lan-gateway-10s,1414,0.8780301199967786
lan-gateway-10s,1414,0.878070387372151
lan-gateway-10s,1414,0.8781106547475236
lan-gateway-10s,1414,0.878150922122896
lan-gateway-10s,1414,0.8781911894982685
lan-gateway-10s,1414,0.878231456873641
lan-gateway-10s,1414,0.8782717242490135
lan-gateway-10s,1414,0.8783119916243859
lan-gateway-10s,1414,0.8783522589997584
lan-gateway-10s,1414,0.8783925263751309
lan-gateway-10s,1414,0.8784327937505033
lan-gateway-10s,1414,0.8784730611258759
lan-gateway-10s,1414,0.8785133285012483
lan-gateway-10s,1414,0.8785535958766207
lan-gateway-10s,1414,0.8785938632519933
lan-gateway-10s,1414,0.8786341306273657
lan-gateway-10s,1414,0.8786743980027382
lan-gateway-10s,1414,0.8787146653781106
lan-gateway-10s,1414,0.8787549327534832
lan-gateway-10s,1414,0.8787952001288556
lan-gateway-10s,1414,0.878835467504228
lan-gateway-10s,1414,0.8788757348796006
lan-gateway-10s,1414,0.878916002254973
lan-gateway-10s,1414,0.8789562696303455
lan-gateway-10s,1414,0.878996537005718
lan-gateway-10s,1414,0.8790368043810904
lan-gateway-10s,1414,0.8790770717564629
lan-gateway-10s,1414,0.8791173391318354
lan-gateway-10s,1414,0.8791576065072079
lan-gateway-10s,1414,0.8791978738825803
lan-gateway-10s,1414,0.8792381412579529
lan-gateway-10s,1414,0.8792784086333253
lan-gateway-10s,1414,0.8793186760086977
lan-gateway-10s,1414,0.8793589433840703
lan-gateway-10s,1414,0.8793992107594427
lan-gateway-10s,1414,0.8794394781348152
lan-gateway-10s,1414,0.8794797455101876
lan-gateway-10s,1414,0.8795200128855601
lan-gateway-10s,1414,0.8795602802609326
lan-gateway-10s,1414,0.879600547636305
lan-gateway-10s,1414,0.8796408150116776
lan-gateway-10s,1414,0.87968108238705
lan-gateway-10s,1414,0.8797213497624224
lan-gateway-10s,1414,0.879761617137795
lan-gateway-10s,1414,0.8798018845131674
lan-gateway-10s,1414,0.8798421518885399
lan-gateway-10s,1414,0.8798824192639124
lan-gateway-10s,1414,0.8799226866392849
lan-gateway-10s,1414,0.8799629540146573
lan-gateway-10s,1414,0.8800032213900298
lan-gateway-10s,1414,0.8800434887654023
lan-gateway-10s,1414,0.8800837561407747
lan-gateway-10s,1414,0.8801240235161473
lan-gateway-10s,1414,0.8801642908915197
lan-gateway-10s,1414,0.8802045582668921
lan-gateway-10s,1414,0.8802448256422646
lan-gateway-10s,1414,0.8802850930176371
lan-gateway-10s,1414,0.8803253603930096
lan-gateway-10s,1414,0.880365627768382
lan-gateway-10s,1414,0.8804058951437546
lan-gateway-10s,1414,0.880446162519127
lan-gateway-10s,1414,0.8804864298944994
lan-gateway-10s,1414,0.880526697269872
lan-gateway-10s,1414,0.8805669646452444
lan-gateway-10s,1414,0.8806072320206169
lan-gateway-10s,1414,0.8806474993959894
lan-gateway-10s,1414,0.8806877667713618
lan-gateway-10s,1414,0.8807280341467343
lan-gateway-10s,1414,0.8807683015221068
lan-gateway-10s,1414,0.8808085688974793
lan-gateway-10s,1414,0.8808488362728517
lan-gateway-10s,1414,0.8808891036482243
lan-gateway-10s,1414,0.8809293710235967
lan-gateway-10s,1414,0.8809696383989691
lan-gateway-10s,1414,0.8810099057743416
lan-gateway-10s,1414,0.8810501731497141
lan-gateway-10s,1414,0.8810904405250866
lan-gateway-10s,1414,0.881130707900459
lan-gateway-10s,1414,0.8811709752758315
lan-gateway-10s,1414,0.881211242651204
lan-gateway-10s,1414,0.8812515100265764
lan-gateway-10s,1414,0.881291777401949
lan-gateway-10s,1414,0.8813320447773214
lan-gateway-10s,1414,0.8813723121526938
lan-gateway-10s,1414,0.8814125795280664
lan-gateway-10s,1414,0.8814528469034388
lan-gateway-10s,1414,0.8814931142788113
lan-gateway-10s,1414,0.8815333816541838
lan-gateway-10s,1414,0.8815736490295563
lan-gateway-10s,1414,0.8816139164049287
lan-gateway-10s,1414,0.8816541837803012
lan-gateway-10s,1414,0.8816944511556737
lan-gateway-10s,1414,0.8817347185310461
lan-gateway-10s,1414,0.8817749859064187
lan-gateway-10s,1414,0.8818152532817911
lan-gateway-10s,1414,0.8818555206571635
lan-gateway-10s,1414,0.881895788032536
lan-gateway-10s,1414,0.8819360554079085
lan-gateway-10s,1414,0.881976322783281
lan-gateway-10s,1414,0.8820165901586534
lan-gateway-10s,1414,0.882056857534026
lan-gateway-10s,1414,0.8820971249093984
lan-gateway-10s,1414,0.8821373922847708
lan-gateway-10s,1414,0.8821776596601434
lan-gateway-10s,1414,0.8822179270355158
lan-gateway-10s,1414,0.8822581944108883
lan-gateway-10s,1414,0.8822984617862608
lan-gateway-10s,1414,0.8823387291616333
lan-gateway-10s,1414,0.8823789965370057
lan-gateway-10s,1414,0.8824192639123782
lan-gateway-10s,1414,0.8824595312877507
lan-gateway-10s,1414,0.8824997986631231
lan-gateway-10s,1414,0.8825400660384957
lan-gateway-10s,1414,0.8825803334138681
lan-gateway-10s,1414,0.8826206007892405
lan-gateway-10s,1414,0.882660868164613
lan-gateway-10s,1414,0.8827011355399855
lan-gateway-10s,1414,0.882741402915358
lan-gateway-10s,1414,0.8827816702907304
lan-gateway-10s,1414,0.882821937666103
lan-gateway-10s,1414,0.8828622050414754
lan-gateway-10s,1414,0.8829024724168478
lan-gateway-10s,1414,0.8829427397922204
lan-gateway-10s,1414,0.8829830071675928
lan-gateway-10s,1414,0.8830232745429653
lan-gateway-10s,1414,0.8830635419183378
lan-gateway-10s,1414,0.8831038092937102
lan-gateway-10s,1414,0.8831440766690827
lan-gateway-10s,1414,0.8831843440444552
lan-gateway-10s,1414,0.8832246114198277
lan-gateway-10s,1414,0.8832648787952001
lan-gateway-10s,1414,0.8833051461705727
lan-gateway-10s,1414,0.8833454135459451
lan-gateway-10s,1414,0.8833856809213175
lan-gateway-10s,1414,0.88342594829669
lan-gateway-10s,1414,0.8834662156720625
lan-gateway-10s,1414,0.883506483047435
lan-gateway-10s,1414,0.8835467504228074
lan-gateway-10s,1414,0.8835870177981799
lan-gateway-10s,1414,0.8836272851735524
lan-gateway-10s,1414,0.8836675525489248
lan-gateway-10s,1414,0.8837078199242974
lan-gateway-10s,1414,0.8837480872996698
lan-gateway-10s,1414,0.8837883546750422
lan-gateway-10s,1414,0.8838286220504148
lan-gateway-10s,1414,0.8838688894257872
lan-gateway-10s,1414,0.8839091568011597
lan-gateway-10s,1414,0.8839494241765322
lan-gateway-10s,1414,0.8839896915519047
lan-gateway-10s,1414,0.8840299589272771
lan-gateway-10s,1414,0.8840702263026496
lan-gateway-10s,1414,0.8841104936780221
lan-gateway-10s,1414,0.8841507610533945
lan-gateway-10s,1414,0.8841910284287671
lan-gateway-10s,1414,0.8842312958041395
lan-gateway-10s,1414,0.8842715631795119
lan-gateway-10s,1414,0.8843118305548844
lan-gateway-10s,1414,0.8843520979302569
lan-gateway-10s,1414,0.8843923653056294
lan-gateway-10s,1414,0.8844326326810018
lan-gateway-10s,1414,0.8844729000563744
lan-gateway-10s,1414,0.8845131674317468
lan-gateway-10s,1414,0.8845534348071192
lan-gateway-10s,1414,0.8845937021824918
lan-gateway-10s,1414,0.8846339695578642
lan-gateway-10s,1414,0.8846742369332367
lan-gateway-10s,1414,0.8847145043086092
lan-gateway-10s,1414,0.8847547716839816
lan-gateway-10s,1414,0.8847950390593541
lan-gateway-10s,1414,0.8848353064347266
lan-gateway-10s,1414,0.8848755738100991
lan-gateway-10s,1414,0.8849158411854715
lan-gateway-10s,1414,0.8849561085608441
lan-gateway-10s,1414,0.8849963759362165
lan-gateway-10s,1414,0.8850366433115889
lan-gateway-10s,1414,0.8850769106869614
lan-gateway-10s,1414,0.8851171780623339
lan-gateway-10s,1414,0.8851574454377064
lan-gateway-10s,1414,0.8851977128130788
lan-gateway-10s,1414,0.8852379801884513
lan-gateway-10s,1414,0.8852782475638238
lan-gateway-10s,1414,0.8853185149391962
lan-gateway-10s,1414,0.8853587823145688
lan-gateway-10s,1414,0.8853990496899412
lan-gateway-10s,1414,0.8854393170653136
lan-gateway-10s,1414,0.8854795844406862
lan-gateway-10s,1414,0.8855198518160586
lan-gateway-10s,1414,0.8855601191914311
lan-gateway-10s,1414,0.8856003865668036
lan-gateway-10s,1414,0.8856406539421761
lan-gateway-10s,1414,0.8856809213175485
lan-gateway-10s,1414,0.885721188692921
lan-gateway-10s,1414,0.8857614560682935
lan-gateway-10s,1414,0.8858017234436659
lan-gateway-10s,1414,0.8858419908190384
lan-gateway-10s,1414,0.8858822581944109
lan-gateway-10s,1414,0.8859225255697833
lan-gateway-10s,1414,0.8859627929451558
lan-gateway-10s,1414,0.8860030603205283
lan-gateway-10s,1414,0.8860433276959008
lan-gateway-10s,1414,0.8860835950712732
lan-gateway-10s,1414,0.8861238624466458
lan-gateway-10s,1414,0.8861641298220182
lan-gateway-10s,1414,0.8862043971973906
lan-gateway-10s,1414,0.8862446645727632
lan-gateway-10s,1414,0.8862849319481356
lan-gateway-10s,1414,0.8863251993235081
lan-gateway-10s,1414,0.8863654666988806
lan-gateway-10s,1414,0.886405734074253
lan-gateway-10s,1414,0.8864460014496255
lan-gateway-10s,1414,0.886486268824998
lan-gateway-10s,1414,0.8865265362003705
lan-gateway-10s,1414,0.8865668035757429
lan-gateway-10s,1414,0.8866070709511155
lan-gateway-10s,1414,0.8866473383264879
lan-gateway-10s,1414,0.8866876057018603
lan-gateway-10s,1414,0.8867278730772328
lan-gateway-10s,1414,0.8867681404526053
lan-gateway-10s,1414,0.8868084078279778
lan-gateway-10s,1414,0.8868486752033502
lan-gateway-10s,1414,0.8868889425787227
lan-gateway-10s,1414,0.8869292099540952
lan-gateway-10s,1414,0.8869694773294676
lan-gateway-10s,1414,0.8870097447048402
lan-gateway-10s,1414,0.8870500120802126
lan-gateway-10s,1414,0.887090279455585
lan-gateway-10s,1414,0.8871305468309576
lan-gateway-10s,1414,0.88717081420633
lan-gateway-10s,1414,0.8872110815817025
lan-gateway-10s,1414,0.887251348957075
lan-gateway-10s,1414,0.8872916163324475
lan-gateway-10s,1414,0.8873318837078199
lan-gateway-10s,1414,0.8873721510831925
lan-gateway-10s,1414,0.8874124184585649
lan-gateway-10s,1414,0.8874526858339373
lan-gateway-10s,1414,0.8874929532093098
lan-gateway-10s,1414,0.8875332205846823
lan-gateway-10s,1414,0.8875734879600548
lan-gateway-10s,1414,0.8876137553354272
lan-gateway-10s,1414,0.8876540227107997
lan-gateway-10s,1414,0.8876942900861722
lan-gateway-10s,1414,0.8877345574615446
lan-gateway-10s,1414,0.8877748248369172
lan-gateway-10s,1414,0.8878150922122896
lan-gateway-10s,1414,0.887855359587662
lan-gateway-10s,1414,0.8878956269630346
lan-gateway-10s,1414,0.887935894338407
lan-gateway-10s,1414,0.8879761617137795
lan-gateway-10s,1414,0.888016429089152
lan-gateway-10s,1414,0.8880566964645245
lan-gateway-10s,1414,0.8880969638398969
lan-gateway-10s,1414,0.8881372312152694
lan-gateway-10s,1414,0.8881774985906419
lan-gateway-10s,1414,0.8882177659660143
lan-gateway-10s,1414,0.8882580333413868
lan-gateway-10s,1414,0.8882983007167593
lan-gateway-10s,1414,0.8883385680921317
lan-gateway-10s,1414,0.8883788354675042
lan-gateway-10s,1414,0.8884191028428767
lan-gateway-10s,1414,0.8884593702182492
lan-gateway-10s,1414,0.8884996375936216
lan-gateway-10s,1414,0.8885399049689942
lan-gateway-10s,1414,0.8885801723443666
lan-gateway-10s,1414,0.888620439719739
lan-gateway-10s,1414,0.8886607070951116
lan-gateway-10s,1414,0.888700974470484
lan-gateway-10s,1414,0.8887412418458565
lan-gateway-10s,1414,0.888781509221229
lan-gateway-10s,1414,0.8888217765966014
lan-gateway-10s,1414,0.8888620439719739
lan-gateway-10s,1414,0.8889023113473464
lan-gateway-10s,1414,0.8889425787227189
lan-gateway-10s,1414,0.8889828460980913
lan-gateway-10s,1414,0.8890231134734637
lan-gateway-10s,1414,0.8890633808488363
lan-gateway-10s,1414,0.8891036482242087
lan-gateway-10s,1414,0.8891439155995812
lan-gateway-10s,1414,0.8891841829749537
lan-gateway-10s,1414,0.8892244503503262
lan-gateway-10s,1414,0.8892647177256986
lan-gateway-10s,1414,0.8893049851010711
lan-gateway-10s,1414,0.8893452524764436
lan-gateway-10s,1414,0.889385519851816
lan-gateway-10s,1414,0.8894257872271886
lan-gateway-10s,1414,0.889466054602561
lan-gateway-10s,1414,0.8895063219779334
lan-gateway-10s,1414,0.889546589353306
lan-gateway-10s,1414,0.8895868567286784
lan-gateway-10s,1414,0.8896271241040509
lan-gateway-10s,1414,0.8896673914794234
lan-gateway-10s,1414,0.8897076588547959
lan-gateway-10s,1414,0.8897479262301683
lan-gateway-10s,1414,0.8897881936055408
lan-gateway-10s,1414,0.8898284609809133
lan-gateway-10s,1414,0.8898687283562857
lan-gateway-10s,1414,0.8899089957316582
lan-gateway-10s,1414,0.8899492631070307
lan-gateway-10s,1414,0.8899895304824031
lan-gateway-10s,1414,0.8900297978577756
lan-gateway-10s,1414,0.8900700652331481
lan-gateway-10s,1414,0.8901103326085206
lan-gateway-10s,1414,0.890150599983893
lan-gateway-10s,1414,0.8901908673592656
lan-gateway-10s,1414,0.890231134734638
lan-gateway-10s,1414,0.8902714021100104
lan-gateway-10s,1414,0.890311669485383
lan-gateway-10s,1414,0.8903519368607554
lan-gateway-10s,1414,0.8903922042361279
lan-gateway-10s,1414,0.8904324716115004
lan-gateway-10s,1414,0.8904727389868728
lan-gateway-10s,1414,0.8905130063622453
lan-gateway-10s,1414,0.8905532737376178
lan-gateway-10s,1414,0.8905935411129903
lan-gateway-10s,1417,0.8906338084883627
lan-gateway-10s,1418,0.8906740758637351
lan-gateway-10s,1426,0.8907143432391077
lan-gateway-10s,1430,0.8907546106144801
lan-gateway-10s,1430,0.8907948779898526
lan-gateway-10s,1430,0.8908351453652251
lan-gateway-10s,1430,0.8908754127405976
lan-gateway-10s,1431,0.89091568011597
lan-gateway-10s,1431,0.8909559474913425
lan-gateway-10s,1433,0.890996214866715
lan-gateway-10s,1434,0.8910364822420874
lan-gateway-10s,1434,0.89107674961746
lan-gateway-10s,1434,0.8911170169928324
lan-gateway-10s,1434,0.8911572843682048
lan-gateway-10s,1434,0.8911975517435774
lan-gateway-10s,1434,0.8912378191189498
lan-gateway-10s,1434,0.8912780864943223
lan-gateway-10s,1434,0.8913183538696948
lan-gateway-10s,1434,0.8913586212450673
lan-gateway-10s,1434,0.8913988886204397
lan-gateway-10s,1434,0.8914391559958121
lan-gateway-10s,1434,0.8914794233711847
lan-gateway-10s,1434,0.8915196907465571
lan-gateway-10s,1434,0.8915599581219296
lan-gateway-10s,1434,0.8916002254973021
lan-gateway-10s,1434,0.8916404928726746
lan-gateway-10s,1434,0.891680760248047
lan-gateway-10s,1434,0.8917210276234195
lan-gateway-10s,1434,0.891761294998792
lan-gateway-10s,1434,0.8918015623741644
lan-gateway-10s,1434,0.891841829749537
lan-gateway-10s,1434,0.8918820971249094
lan-gateway-10s,1434,0.8919223645002818
lan-gateway-10s,1434,0.8919626318756544
lan-gateway-10s,1434,0.8920028992510268
lan-gateway-10s,1434,0.8920431666263993
lan-gateway-10s,1434,0.8920834340017718
lan-gateway-10s,1434,0.8921237013771443
lan-gateway-10s,1434,0.8921639687525167
lan-gateway-10s,1434,0.8922042361278892
lan-gateway-10s,1434,0.8922445035032617
lan-gateway-10s,1434,0.8922847708786341
lan-gateway-10s,1434,0.8923250382540066
lan-gateway-10s,1434,0.8923653056293791
lan-gateway-10s,1434,0.8924055730047515
lan-gateway-10s,1434,0.892445840380124
lan-gateway-10s,1434,0.8924861077554965
lan-gateway-10s,1434,0.892526375130869
lan-gateway-10s,1434,0.8925666425062414
lan-gateway-10s,1434,0.892606909881614
lan-gateway-10s,1434,0.8926471772569864
lan-gateway-10s,1434,0.8926874446323588
lan-gateway-10s,1434,0.8927277120077314
lan-gateway-10s,1434,0.8927679793831038
lan-gateway-10s,1434,0.8928082467584763
lan-gateway-10s,1434,0.8928485141338488
lan-gateway-10s,1434,0.8928887815092212
lan-gateway-10s,1434,0.8929290488845937
lan-gateway-10s,1434,0.8929693162599662
lan-gateway-10s,1434,0.8930095836353387
lan-gateway-10s,1434,0.8930498510107111
lan-gateway-10s,1434,0.8930901183860835
lan-gateway-10s,1434,0.8931303857614561
lan-gateway-10s,1434,0.8931706531368285
lan-gateway-10s,1434,0.893210920512201
lan-gateway-10s,1434,0.8932511878875735
lan-gateway-10s,1434,0.893291455262946
lan-gateway-10s,1434,0.8933317226383184
lan-gateway-10s,1434,0.8933719900136909
lan-gateway-10s,1434,0.8934122573890634
lan-gateway-10s,1434,0.8934525247644358
lan-gateway-10s,1434,0.8934927921398084
lan-gateway-10s,1434,0.8935330595151808
lan-gateway-10s,1434,0.8935733268905532
lan-gateway-10s,1434,0.8936135942659258
lan-gateway-10s,1434,0.8936538616412982
lan-gateway-10s,1434,0.8936941290166707
lan-gateway-10s,1434,0.8937343963920432
lan-gateway-10s,1434,0.8937746637674157
lan-gateway-10s,1434,0.8938149311427881
lan-gateway-10s,1434,0.8938551985181605
lan-gateway-10s,1434,0.8938954658935331
lan-gateway-10s,1434,0.8939357332689055
lan-gateway-10s,1434,0.893976000644278
lan-gateway-10s,1434,0.8940162680196505
lan-gateway-10s,1434,0.8940565353950229
lan-gateway-10s,1434,0.8940968027703954
lan-gateway-10s,1434,0.8941370701457679
lan-gateway-10s,1435,0.8941773375211404
lan-gateway-10s,1435,0.8942176048965128
lan-gateway-10s,1438,0.8942578722718854
lan-gateway-10s,1438,0.8942981396472578
lan-gateway-10s,1438,0.8943384070226302
lan-gateway-10s,1438,0.8943786743980028
lan-gateway-10s,1438,0.8944189417733752
lan-gateway-10s,1438,0.8944592091487477
lan-gateway-10s,1438,0.8944994765241202
lan-gateway-10s,1438,0.8945397438994926
lan-gateway-10s,1438,0.8945800112748651
lan-gateway-10s,1438,0.8946202786502376
lan-gateway-10s,1438,0.8946605460256101
lan-gateway-10s,1438,0.8947008134009825
lan-gateway-10s,1438,0.894741080776355
lan-gateway-10s,1438,0.8947813481517275
lan-gateway-10s,1438,0.8948216155270999
lan-gateway-10s,1438,0.8948618829024724
lan-gateway-10s,1438,0.8949021502778449
lan-gateway-10s,1438,0.8949424176532174
lan-gateway-10s,1438,0.8949826850285898
lan-gateway-10s,1438,0.8950229524039623
lan-gateway-10s,1438,0.8950632197793348
lan-gateway-10s,1438,0.8951034871547072
lan-gateway-10s,1438,0.8951437545300798
lan-gateway-10s,1438,0.8951840219054522
lan-gateway-10s,1438,0.8952242892808246
lan-gateway-10s,1438,0.8952645566561972
lan-gateway-10s,1438,0.8953048240315696
lan-gateway-10s,1438,0.8953450914069421
lan-gateway-10s,1442,0.8953853587823146
lan-gateway-10s,1443,0.8954256261576871
lan-gateway-10s,1451,0.8954658935330595
lan-gateway-10s,1451,0.8955061609084319
lan-gateway-10s,1452,0.8955464282838045
lan-gateway-10s,1454,0.8955866956591769
lan-gateway-10s,1454,0.8956269630345494
lan-gateway-10s,1459,0.8956672304099219
lan-gateway-10s,1464,0.8957074977852943
lan-gateway-10s,1466,0.8957477651606668
lan-gateway-10s,1475,0.8957880325360393
lan-gateway-10s,1478,0.8958282999114118
lan-gateway-10s,1478,0.8958685672867842
lan-gateway-10s,1478,0.8959088346621568
lan-gateway-10s,1484,0.8959491020375292
lan-gateway-10s,1484,0.8959893694129016
lan-gateway-10s,1484,0.8960296367882742
lan-gateway-10s,1484,0.8960699041636466
lan-gateway-10s,1484,0.8961101715390191
lan-gateway-10s,1484,0.8961504389143916
lan-gateway-10s,1484,0.896190706289764
lan-gateway-10s,1484,0.8962309736651365
lan-gateway-10s,1484,0.8962712410405089
lan-gateway-10s,1484,0.8963115084158815
lan-gateway-10s,1484,0.8963517757912539
lan-gateway-10s,1484,0.8963920431666264
lan-gateway-10s,1484,0.8964323105419989
lan-gateway-10s,1484,0.8964725779173713
lan-gateway-10s,1484,0.8965128452927438
lan-gateway-10s,1484,0.8965531126681163
lan-gateway-10s,1484,0.8965933800434888
lan-gateway-10s,1484,0.8966336474188612
lan-gateway-10s,1484,0.8966739147942338
lan-gateway-10s,1484,0.8967141821696062
lan-gateway-10s,1484,0.8967544495449786
lan-gateway-10s,1484,0.8967947169203512
lan-gateway-10s,1484,0.8968349842957236
lan-gateway-10s,1484,0.896875251671096
lan-gateway-10s,1484,0.8969155190464686
lan-gateway-10s,1484,0.896955786421841
lan-gateway-10s,1484,0.8969960537972135
lan-gateway-10s,1484,0.8970363211725859
lan-gateway-10s,1484,0.8970765885479585
lan-gateway-10s,1484,0.8971168559233309
lan-gateway-10s,1484,0.8971571232987033
lan-gateway-10s,1484,0.8971973906740759
lan-gateway-10s,1484,0.8972376580494483
lan-gateway-10s,1484,0.8972779254248208
lan-gateway-10s,1484,0.8973181928001933
lan-gateway-10s,1484,0.8973584601755658
lan-gateway-10s,1484,0.8973987275509382
lan-gateway-10s,1484,0.8974389949263107
lan-gateway-10s,1484,0.8974792623016832
lan-gateway-10s,1484,0.8975195296770556
lan-gateway-10s,1484,0.8975597970524282
lan-gateway-10s,1484,0.8976000644278006
lan-gateway-10s,1484,0.897640331803173
lan-gateway-10s,1484,0.8976805991785456
lan-gateway-10s,1484,0.897720866553918
lan-gateway-10s,1484,0.8977611339292905
lan-gateway-10s,1484,0.897801401304663
lan-gateway-10s,1484,0.8978416686800355
lan-gateway-10s,1484,0.8978819360554079
lan-gateway-10s,1484,0.8979222034307803
lan-gateway-10s,1484,0.8979624708061529
lan-gateway-10s,1484,0.8980027381815253
lan-gateway-10s,1484,0.8980430055568978
lan-gateway-10s,1484,0.8980832729322703
lan-gateway-10s,1484,0.8981235403076427
lan-gateway-10s,1484,0.8981638076830152
lan-gateway-10s,1484,0.8982040750583877
lan-gateway-10s,1484,0.8982443424337602
lan-gateway-10s,1484,0.8982846098091326
lan-gateway-10s,1484,0.8983248771845052
lan-gateway-10s,1484,0.8983651445598776
lan-gateway-10s,1484,0.89840541193525
lan-gateway-10s,1484,0.8984456793106226
lan-gateway-10s,1484,0.898485946685995
lan-gateway-10s,1484,0.8985262140613675
lan-gateway-10s,1484,0.89856648143674
lan-gateway-10s,1484,0.8986067488121124
lan-gateway-10s,1484,0.8986470161874849
lan-gateway-10s,1484,0.8986872835628573
lan-gateway-10s,1484,0.8987275509382299
lan-gateway-10s,1484,0.8987678183136023
lan-gateway-10s,1484,0.8988080856889747
lan-gateway-10s,1484,0.8988483530643473
lan-gateway-10s,1484,0.8988886204397197
lan-gateway-10s,1484,0.8989288878150922
lan-gateway-10s,1484,0.8989691551904647
lan-gateway-10s,1484,0.8990094225658372
lan-gateway-10s,1484,0.8990496899412096
lan-gateway-10s,1484,0.8990899573165821
lan-gateway-10s,1484,0.8991302246919546
lan-gateway-10s,1484,0.899170492067327
lan-gateway-10s,1484,0.8992107594426996
lan-gateway-10s,1484,0.899251026818072
lan-gateway-10s,1484,0.8992912941934444
lan-gateway-10s,1484,0.899331561568817
lan-gateway-10s,1484,0.8993718289441894
lan-gateway-10s,1484,0.8994120963195619
lan-gateway-10s,1484,0.8994523636949343
lan-gateway-10s,1484,0.8994926310703069
lan-gateway-10s,1484,0.8995328984456793
lan-gateway-10s,1484,0.8995731658210517
lan-gateway-10s,1484,0.8996134331964243
lan-gateway-10s,1484,0.8996537005717967
lan-gateway-10s,1484,0.8996939679471692
lan-gateway-10s,1484,0.8997342353225417
lan-gateway-10s,1484,0.8997745026979141
lan-gateway-10s,1484,0.8998147700732866
lan-gateway-10s,1484,0.8998550374486591
lan-gateway-10s,1484,0.8998953048240316
lan-gateway-10s,1484,0.899935572199404
lan-gateway-10s,1484,0.8999758395747766
lan-gateway-10s,1484,0.900016106950149
lan-gateway-10s,1484,0.9000563743255214
lan-gateway-10s,1484,0.900096641700894
lan-gateway-10s,1484,0.9001369090762664
lan-gateway-10s,1484,0.9001771764516389
lan-gateway-10s,1484,0.9002174438270114
lan-gateway-10s,1484,0.9002577112023838
lan-gateway-10s,1484,0.9002979785777563
lan-gateway-10s,1484,0.9003382459531287
lan-gateway-10s,1484,0.9003785133285013
lan-gateway-10s,1484,0.9004187807038737
lan-gateway-10s,1484,0.9004590480792461
lan-gateway-10s,1484,0.9004993154546187
lan-gateway-10s,1484,0.9005395828299911
lan-gateway-10s,1484,0.9005798502053636
lan-gateway-10s,1484,0.9006201175807361
lan-gateway-10s,1484,0.9006603849561086
lan-gateway-10s,1484,0.900700652331481
lan-gateway-10s,1484,0.9007409197068535
lan-gateway-10s,1484,0.900781187082226
lan-gateway-10s,1484,0.9008214544575984
lan-gateway-10s,1484,0.900861721832971
lan-gateway-10s,1484,0.9009019892083434
lan-gateway-10s,1484,0.9009422565837159
lan-gateway-10s,1484,0.9009825239590884
lan-gateway-10s,1484,0.9010227913344608
lan-gateway-10s,1484,0.9010630587098333
lan-gateway-10s,1484,0.9011033260852057
lan-gateway-10s,1484,0.9011435934605783
lan-gateway-10s,1484,0.9011838608359507
lan-gateway-10s,1484,0.9012241282113231
lan-gateway-10s,1484,0.9012643955866957
lan-gateway-10s,1484,0.9013046629620681
lan-gateway-10s,1484,0.9013449303374406
lan-gateway-10s,1484,0.9013851977128131
lan-gateway-10s,1484,0.9014254650881856
lan-gateway-10s,1484,0.901465732463558
lan-gateway-10s,1484,0.9015059998389305
lan-gateway-10s,1484,0.901546267214303
lan-gateway-10s,1484,0.9015865345896754
lan-gateway-10s,1484,0.901626801965048
lan-gateway-10s,1484,0.9016670693404204
lan-gateway-10s,1484,0.9017073367157928
lan-gateway-10s,1484,0.9017476040911654
lan-gateway-10s,1484,0.9017878714665378
lan-gateway-10s,1484,0.9018281388419103
lan-gateway-10s,1484,0.9018684062172827
lan-gateway-10s,1484,0.9019086735926553
lan-gateway-10s,1484,0.9019489409680277
lan-gateway-10s,1484,0.9019892083434001
lan-gateway-10s,1484,0.9020294757187727
lan-gateway-10s,1484,0.9020697430941451
lan-gateway-10s,1484,0.9021100104695176
lan-gateway-10s,1484,0.9021502778448901
lan-gateway-10s,1484,0.9021905452202625
lan-gateway-10s,1484,0.902230812595635
lan-gateway-10s,1484,0.9022710799710075
lan-gateway-10s,1484,0.90231134734638
lan-gateway-10s,1484,0.9023516147217524
lan-gateway-10s,1484,0.902391882097125
lan-gateway-10s,1484,0.9024321494724974
lan-gateway-10s,1484,0.9024724168478698
lan-gateway-10s,1484,0.9025126842232424
lan-gateway-10s,1484,0.9025529515986148
lan-gateway-10s,1484,0.9025932189739873
lan-gateway-10s,1484,0.9026334863493598
lan-gateway-10s,1484,0.9026737537247322
lan-gateway-10s,1484,0.9027140211001047
lan-gateway-10s,1484,0.9027542884754771
lan-gateway-10s,1484,0.9027945558508497
lan-gateway-10s,1484,0.9028348232262221
lan-gateway-10s,1484,0.9028750906015945
lan-gateway-10s,1484,0.9029153579769671
lan-gateway-10s,1484,0.9029556253523395
lan-gateway-10s,1484,0.902995892727712
lan-gateway-10s,1484,0.9030361601030845
lan-gateway-10s,1484,0.903076427478457
lan-gateway-10s,1484,0.9031166948538294
lan-gateway-10s,1484,0.9031569622292019
lan-gateway-10s,1484,0.9031972296045744
lan-gateway-10s,1484,0.9032374969799468
lan-gateway-10s,1484,0.9032777643553194
lan-gateway-10s,1484,0.9033180317306918
lan-gateway-10s,1484,0.9033582991060642
lan-gateway-10s,1484,0.9033985664814368
lan-gateway-10s,1484,0.9034388338568092
lan-gateway-10s,1484,0.9034791012321817
lan-gateway-10s,1484,0.9035193686075541
lan-gateway-10s,1484,0.9035596359829267
lan-gateway-10s,1484,0.9035999033582991
lan-gateway-10s,1484,0.9036401707336715
lan-gateway-10s,1484,0.9036804381090441
lan-gateway-10s,1484,0.9037207054844165
lan-gateway-10s,1484,0.903760972859789
lan-gateway-10s,1484,0.9038012402351615
lan-gateway-10s,1484,0.903841507610534
lan-gateway-10s,1484,0.9038817749859064
lan-gateway-10s,1484,0.9039220423612789
lan-gateway-10s,1484,0.9039623097366514
lan-gateway-10s,1484,0.9040025771120238
lan-gateway-10s,1484,0.9040428444873964
lan-gateway-10s,1484,0.9040831118627688
lan-gateway-10s,1484,0.9041233792381412
lan-gateway-10s,1484,0.9041636466135138
lan-gateway-10s,1484,0.9042039139888862
lan-gateway-10s,1484,0.9042441813642587
lan-gateway-10s,1484,0.9042844487396311
lan-gateway-10s,1484,0.9043247161150036
lan-gateway-10s,1484,0.9043649834903761
lan-gateway-10s,1484,0.9044052508657485
lan-gateway-10s,1484,0.9044455182411211
lan-gateway-10s,1484,0.9044857856164935
lan-gateway-10s,1484,0.904526052991866
lan-gateway-10s,1484,0.9045663203672385
lan-gateway-10s,1484,0.9046065877426109
lan-gateway-10s,1484,0.9046468551179834
lan-gateway-10s,1484,0.9046871224933559
lan-gateway-10s,1484,0.9047273898687284
lan-gateway-10s,1484,0.9047676572441008
lan-gateway-10s,1484,0.9048079246194733
lan-gateway-10s,1484,0.9048481919948458
lan-gateway-10s,1484,0.9048884593702182
lan-gateway-10s,1484,0.9049287267455908
lan-gateway-10s,1484,0.9049689941209632
lan-gateway-10s,1484,0.9050092614963356
lan-gateway-10s,1484,0.9050495288717081
lan-gateway-10s,1484,0.9050897962470806
lan-gateway-10s,1484,0.9051300636224531
lan-gateway-10s,1484,0.9051703309978255
lan-gateway-10s,1484,0.9052105983731981
lan-gateway-10s,1484,0.9052508657485705
lan-gateway-10s,1484,0.9052911331239429
lan-gateway-10s,1484,0.9053314004993155
lan-gateway-10s,1484,0.9053716678746879
lan-gateway-10s,1484,0.9054119352500604
lan-gateway-10s,1484,0.9054522026254329
lan-gateway-10s,1484,0.9054924700008053
lan-gateway-10s,1484,0.9055327373761778
lan-gateway-10s,1484,0.9055730047515503
lan-gateway-10s,1484,0.9056132721269228
lan-gateway-10s,1484,0.9056535395022952
lan-gateway-10s,1484,0.9056938068776678
lan-gateway-10s,1484,0.9057340742530402
lan-gateway-10s,1484,0.9057743416284126
lan-gateway-10s,1484,0.9058146090037852
lan-gateway-10s,1484,0.9058548763791576
lan-gateway-10s,1484,0.9058951437545301
lan-gateway-10s,1484,0.9059354111299025
lan-gateway-10s,1484,0.905975678505275
lan-gateway-10s,1484,0.9060159458806475
lan-gateway-10s,1484,0.9060562132560199
lan-gateway-10s,1484,0.9060964806313925
lan-gateway-10s,1484,0.9061367480067649
lan-gateway-10s,1484,0.9061770153821374
lan-gateway-10s,1484,0.9062172827575099
lan-gateway-10s,1484,0.9062575501328823
lan-gateway-10s,1484,0.9062978175082548
lan-gateway-10s,1484,0.9063380848836273
lan-gateway-10s,1484,0.9063783522589998
lan-gateway-10s,1484,0.9064186196343722
lan-gateway-10s,1484,0.9064588870097448
lan-gateway-10s,1484,0.9064991543851172
lan-gateway-10s,1484,0.9065394217604896
lan-gateway-10s,1484,0.9065796891358622
lan-gateway-10s,1484,0.9066199565112346
lan-gateway-10s,1484,0.906660223886607
lan-gateway-10s,1484,0.9067004912619795
lan-gateway-10s,1484,0.906740758637352
lan-gateway-10s,1484,0.9067810260127245
lan-gateway-10s,1484,0.9068212933880969
lan-gateway-10s,1484,0.9068615607634695
lan-gateway-10s,1484,0.9069018281388419
lan-gateway-10s,1484,0.9069420955142143
lan-gateway-10s,1484,0.9069823628895869
lan-gateway-10s,1484,0.9070226302649593
lan-gateway-10s,1484,0.9070628976403318
lan-gateway-10s,1484,0.9071031650157043
lan-gateway-10s,1484,0.9071434323910768
lan-gateway-10s,1484,0.9071836997664492
lan-gateway-10s,1484,0.9072239671418217
lan-gateway-10s,1484,0.9072642345171942
lan-gateway-10s,1484,0.9073045018925666
lan-gateway-10s,1484,0.9073447692679392
lan-gateway-10s,1484,0.9073850366433116
lan-gateway-10s,1484,0.907425304018684
lan-gateway-10s,1484,0.9074655713940565
lan-gateway-10s,1484,0.907505838769429
lan-gateway-10s,1484,0.9075461061448015
lan-gateway-10s,1484,0.9075863735201739
lan-gateway-10s,1484,0.9076266408955465
lan-gateway-10s,1484,0.9076669082709189
lan-gateway-10s,1484,0.9077071756462913
lan-gateway-10s,1484,0.9077474430216639
lan-gateway-10s,1484,0.9077877103970363
lan-gateway-10s,1484,0.9078279777724088
lan-gateway-10s,1484,0.9078682451477813
lan-gateway-10s,1484,0.9079085125231537
lan-gateway-10s,1484,0.9079487798985262
lan-gateway-10s,1484,0.9079890472738987
lan-gateway-10s,1484,0.9080293146492712
lan-gateway-10s,1484,0.9080695820246436
lan-gateway-10s,1484,0.9081098494000162
lan-gateway-10s,1484,0.9081501167753886
lan-gateway-10s,1484,0.908190384150761
lan-gateway-10s,1484,0.9082306515261336
lan-gateway-10s,1484,0.908270918901506
lan-gateway-10s,1484,0.9083111862768785
lan-gateway-10s,1484,0.9083514536522509
lan-gateway-10s,1484,0.9083917210276234
lan-gateway-10s,1484,0.9084319884029959
lan-gateway-10s,1484,0.9084722557783683
lan-gateway-10s,1484,0.9085125231537409
lan-gateway-10s,1484,0.9085527905291133
lan-gateway-10s,1484,0.9085930579044857
lan-gateway-10s,1484,0.9086333252798583
lan-gateway-10s,1484,0.9086735926552307
lan-gateway-10s,1484,0.9087138600306032
lan-gateway-10s,1484,0.9087541274059757
lan-gateway-10s,1484,0.9087943947813482
lan-gateway-10s,1484,0.9088346621567206
lan-gateway-10s,1484,0.9088749295320931
lan-gateway-10s,1484,0.9089151969074656
lan-gateway-10s,1484,0.908955464282838
lan-gateway-10s,1484,0.9089957316582106
lan-gateway-10s,1484,0.909035999033583
lan-gateway-10s,1484,0.9090762664089554
lan-gateway-10s,1484,0.9091165337843279
lan-gateway-10s,1484,0.9091568011597004
lan-gateway-10s,1484,0.9091970685350729
lan-gateway-10s,1484,0.9092373359104453
lan-gateway-10s,1484,0.9092776032858179
lan-gateway-10s,1484,0.9093178706611903
lan-gateway-10s,1484,0.9093581380365627
lan-gateway-10s,1484,0.9093984054119353
lan-gateway-10s,1484,0.9094386727873077
lan-gateway-10s,1484,0.9094789401626802
lan-gateway-10s,1484,0.9095192075380527
lan-gateway-10s,1484,0.9095594749134251
lan-gateway-10s,1484,0.9095997422887976
lan-gateway-10s,1484,0.9096400096641701
lan-gateway-10s,1484,0.9096802770395426
lan-gateway-10s,1484,0.909720544414915
lan-gateway-10s,1484,0.9097608117902876
lan-gateway-10s,1484,0.90980107916566
lan-gateway-10s,1484,0.9098413465410324
lan-gateway-10s,1484,0.9098816139164049
lan-gateway-10s,1484,0.9099218812917774
lan-gateway-10s,1484,0.9099621486671499
lan-gateway-10s,1484,0.9100024160425223
lan-gateway-10s,1484,0.9100426834178948
lan-gateway-10s,1484,0.9100829507932673
lan-gateway-10s,1484,0.9101232181686397
lan-gateway-10s,1484,0.9101634855440123
lan-gateway-10s,1484,0.9102037529193847
lan-gateway-10s,1484,0.9102440202947572
lan-gateway-10s,1484,0.9102842876701297
lan-gateway-10s,1484,0.9103245550455021
lan-gateway-10s,1484,0.9103648224208746
lan-gateway-10s,1484,0.9104050897962471
lan-gateway-10s,1484,0.9104453571716196
lan-gateway-10s,1484,0.910485624546992
lan-gateway-10s,1484,0.9105258919223645
lan-gateway-10s,1484,0.910566159297737
lan-gateway-10s,1484,0.9106064266731094
lan-gateway-10s,1484,0.910646694048482
lan-gateway-10s,1484,0.9106869614238544
lan-gateway-10s,1484,0.9107272287992269
lan-gateway-10s,1484,0.9107674961745993
lan-gateway-10s,1484,0.9108077635499718
lan-gateway-10s,1484,0.9108480309253443
lan-gateway-10s,1484,0.9108882983007167
lan-gateway-10s,1490,0.9109285656760893
lan-gateway-10s,1490,0.9109688330514617
lan-gateway-10s,1490,0.9110091004268341
lan-gateway-10s,1490,0.9110493678022067
lan-gateway-10s,1492,0.9110896351775791
lan-gateway-10s,1492,0.9111299025529516
lan-gateway-10s,1492,0.9111701699283241
lan-gateway-10s,1502,0.9112104373036966
lan-gateway-10s,1502,0.911250704679069
lan-gateway-10s,1502,0.9112909720544415
lan-gateway-10s,1502,0.911331239429814
lan-gateway-10s,1502,0.9113715068051864
lan-gateway-10s,1511,0.911411774180559
lan-gateway-10s,1513,0.9114520415559314
lan-gateway-10s,1514,0.9114923089313038
lan-gateway-10s,1514,0.9115325763066763
lan-gateway-10s,1514,0.9115728436820488
lan-gateway-10s,1514,0.9116131110574213
lan-gateway-10s,1514,0.9116533784327937
lan-gateway-10s,1514,0.9116936458081663
lan-gateway-10s,1514,0.9117339131835387
lan-gateway-10s,1514,0.9117741805589111
lan-gateway-10s,1514,0.9118144479342837
lan-gateway-10s,1514,0.9118547153096561
lan-gateway-10s,1514,0.9118949826850286
lan-gateway-10s,1514,0.9119352500604011
lan-gateway-10s,1514,0.9119755174357735
lan-gateway-10s,1514,0.912015784811146
lan-gateway-10s,1514,0.9120560521865185
lan-gateway-10s,1514,0.912096319561891
lan-gateway-10s,1514,0.9121365869372634
lan-gateway-10s,1514,0.912176854312636
lan-gateway-10s,1514,0.9122171216880084
lan-gateway-10s,1514,0.9122573890633808
lan-gateway-10s,1514,0.9122976564387533
lan-gateway-10s,1514,0.9123379238141258
lan-gateway-10s,1514,0.9123781911894983
lan-gateway-10s,1514,0.9124184585648707
lan-gateway-10s,1514,0.9124587259402432
lan-gateway-10s,1514,0.9124989933156157
lan-gateway-10s,1514,0.9125392606909881
lan-gateway-10s,1514,0.9125795280663607
lan-gateway-10s,1514,0.9126197954417331
lan-gateway-10s,1514,0.9126600628171055
lan-gateway-10s,1514,0.9127003301924781
lan-gateway-10s,1514,0.9127405975678505
lan-gateway-10s,1514,0.912780864943223
lan-gateway-10s,1514,0.9128211323185955
lan-gateway-10s,1514,0.912861399693968
lan-gateway-10s,1514,0.9129016670693404
lan-gateway-10s,1514,0.9129419344447129
lan-gateway-10s,1514,0.9129822018200854
lan-gateway-10s,1514,0.9130224691954578
lan-gateway-10s,1514,0.9130627365708303
lan-gateway-10s,1514,0.9131030039462028
lan-gateway-10s,1514,0.9131432713215752
lan-gateway-10s,1514,0.9131835386969477
lan-gateway-10s,1514,0.9132238060723202
lan-gateway-10s,1514,0.9132640734476927
lan-gateway-10s,1514,0.9133043408230651
lan-gateway-10s,1514,0.9133446081984377
lan-gateway-10s,1514,0.9133848755738101
lan-gateway-10s,1514,0.9134251429491825
lan-gateway-10s,1514,0.9134654103245551
lan-gateway-10s,1514,0.9135056776999275
lan-gateway-10s,1514,0.9135459450753
lan-gateway-10s,1514,0.9135862124506725
lan-gateway-10s,1514,0.913626479826045
lan-gateway-10s,1514,0.9136667472014174
lan-gateway-10s,1514,0.9137070145767899
lan-gateway-10s,1514,0.9137472819521624
lan-gateway-10s,1514,0.9137875493275348
lan-gateway-10s,1514,0.9138278167029074
lan-gateway-10s,1514,0.9138680840782798
lan-gateway-10s,1514,0.9139083514536522
lan-gateway-10s,1514,0.9139486188290247
lan-gateway-10s,1514,0.9139888862043972
lan-gateway-10s,1514,0.9140291535797697
lan-gateway-10s,1514,0.9140694209551421
lan-gateway-10s,1514,0.9141096883305146
lan-gateway-10s,1514,0.9141499557058871
lan-gateway-10s,1514,0.9141902230812595
lan-gateway-10s,1514,0.9142304904566321
lan-gateway-10s,1514,0.9142707578320045
lan-gateway-10s,1514,0.914311025207377
lan-gateway-10s,1514,0.9143512925827495
lan-gateway-10s,1514,0.9143915599581219
lan-gateway-10s,1514,0.9144318273334944
lan-gateway-10s,1514,0.9144720947088669
lan-gateway-10s,1514,0.9145123620842394
lan-gateway-10s,1514,0.9145526294596118
lan-gateway-10s,1514,0.9145928968349843
lan-gateway-10s,1514,0.9146331642103568
lan-gateway-10s,1514,0.9146734315857292
lan-gateway-10s,1514,0.9147136989611017
lan-gateway-10s,1514,0.9147539663364742
lan-gateway-10s,1514,0.9147942337118466
lan-gateway-10s,1514,0.9148345010872191
lan-gateway-10s,1514,0.9148747684625916
lan-gateway-10s,1514,0.9149150358379641
lan-gateway-10s,1514,0.9149553032133365
lan-gateway-10s,1514,0.9149955705887091
lan-gateway-10s,1514,0.9150358379640815
lan-gateway-10s,1514,0.9150761053394539
lan-gateway-10s,1514,0.9151163727148265
lan-gateway-10s,1514,0.9151566400901989
lan-gateway-10s,1514,0.9151969074655714
lan-gateway-10s,1514,0.9152371748409439
lan-gateway-10s,1514,0.9152774422163164
lan-gateway-10s,1514,0.9153177095916888
lan-gateway-10s,1514,0.9153579769670613
lan-gateway-10s,1514,0.9153982443424338
lan-gateway-10s,1514,0.9154385117178062
lan-gateway-10s,1514,0.9154787790931787
lan-gateway-10s,1514,0.9155190464685512
lan-gateway-10s,1514,0.9155593138439236
lan-gateway-10s,1514,0.9155995812192961
lan-gateway-10s,1514,0.9156398485946686
lan-gateway-10s,1514,0.9156801159700411
lan-gateway-10s,1514,0.9157203833454135
lan-gateway-10s,1514,0.915760650720786
lan-gateway-10s,1514,0.9158009180961585
lan-gateway-10s,1514,0.9158411854715309
lan-gateway-10s,1514,0.9158814528469035
lan-gateway-10s,1514,0.9159217202222759
lan-gateway-10s,1514,0.9159619875976484
lan-gateway-10s,1514,0.9160022549730209
lan-gateway-10s,1514,0.9160425223483933
lan-gateway-10s,1514,0.9160827897237658
lan-gateway-10s,1514,0.9161230570991383
lan-gateway-10s,1514,0.9161633244745108
lan-gateway-10s,1514,0.9162035918498832
lan-gateway-10s,1514,0.9162438592252558
lan-gateway-10s,1514,0.9162841266006282
lan-gateway-10s,1514,0.9163243939760006
lan-gateway-10s,1514,0.9163646613513731
lan-gateway-10s,1514,0.9164049287267456
lan-gateway-10s,1514,0.916445196102118
lan-gateway-10s,1514,0.9164854634774905
lan-gateway-10s,1514,0.916525730852863
lan-gateway-10s,1514,0.9165659982282355
lan-gateway-10s,1514,0.9166062656036079
lan-gateway-10s,1514,0.9166465329789805
lan-gateway-10s,1514,0.9166868003543529
lan-gateway-10s,1514,0.9167270677297253
lan-gateway-10s,1514,0.9167673351050979
lan-gateway-10s,1514,0.9168076024804703
lan-gateway-10s,1514,0.9168478698558428
lan-gateway-10s,1514,0.9168881372312153
lan-gateway-10s,1514,0.9169284046065878
lan-gateway-10s,1514,0.9169686719819602
lan-gateway-10s,1514,0.9170089393573327
lan-gateway-10s,1514,0.9170492067327052
lan-gateway-10s,1514,0.9170894741080776
lan-gateway-10s,1514,0.9171297414834501
lan-gateway-10s,1514,0.9171700088588226
lan-gateway-10s,1514,0.917210276234195
lan-gateway-10s,1514,0.9172505436095675
lan-gateway-10s,1514,0.91729081098494
lan-gateway-10s,1514,0.9173310783603125
lan-gateway-10s,1514,0.9173713457356849
lan-gateway-10s,1514,0.9174116131110575
lan-gateway-10s,1514,0.9174518804864299
lan-gateway-10s,1514,0.9174921478618023
lan-gateway-10s,1514,0.9175324152371749
lan-gateway-10s,1514,0.9175726826125473
lan-gateway-10s,1514,0.9176129499879198
lan-gateway-10s,1514,0.9176532173632923
lan-gateway-10s,1514,0.9176934847386647
lan-gateway-10s,1514,0.9177337521140372
lan-gateway-10s,1514,0.9177740194894097
lan-gateway-10s,1514,0.9178142868647822
lan-gateway-10s,1514,0.9178545542401546
lan-gateway-10s,1514,0.917894821615527
lan-gateway-10s,1514,0.9179350889908996
lan-gateway-10s,1514,0.917975356366272
lan-gateway-10s,1514,0.9180156237416445
lan-gateway-10s,1514,0.918055891117017
lan-gateway-10s,1514,0.9180961584923895
lan-gateway-10s,1514,0.9181364258677619
lan-gateway-10s,1514,0.9181766932431344
lan-gateway-10s,1514,0.9182169606185069
lan-gateway-10s,1514,0.9182572279938793
lan-gateway-10s,1514,0.9182974953692519
lan-gateway-10s,1514,0.9183377627446243
lan-gateway-10s,1514,0.9183780301199967
lan-gateway-10s,1514,0.9184182974953693
lan-gateway-10s,1514,0.9184585648707417
lan-gateway-10s,1514,0.9184988322461142
lan-gateway-10s,1514,0.9185390996214867
lan-gateway-10s,1514,0.9185793669968592
lan-gateway-10s,1514,0.9186196343722316
lan-gateway-10s,1514,0.9186599017476041
lan-gateway-10s,1514,0.9187001691229766
lan-gateway-10s,1514,0.918740436498349
lan-gateway-10s,1514,0.9187807038737215
lan-gateway-10s,1514,0.918820971249094
lan-gateway-10s,1514,0.9188612386244664
lan-gateway-10s,1514,0.9189015059998389
lan-gateway-10s,1514,0.9189417733752114
lan-gateway-10s,1514,0.9189820407505839
lan-gateway-10s,1514,0.9190223081259563
lan-gateway-10s,1514,0.9190625755013289
lan-gateway-10s,1514,0.9191028428767013
lan-gateway-10s,1514,0.9191431102520737
lan-gateway-10s,1514,0.9191833776274463
lan-gateway-10s,1514,0.9192236450028187
lan-gateway-10s,1514,0.9192639123781912
lan-gateway-10s,1514,0.9193041797535637
lan-gateway-10s,1514,0.9193444471289361
lan-gateway-10s,1514,0.9193847145043086
lan-gateway-10s,1514,0.9194249818796811
lan-gateway-10s,1514,0.9194652492550536
lan-gateway-10s,1514,0.919505516630426
lan-gateway-10s,1514,0.9195457840057984
lan-gateway-10s,1514,0.919586051381171
lan-gateway-10s,1514,0.9196263187565434
lan-gateway-10s,1514,0.9196665861319159
lan-gateway-10s,1514,0.9197068535072884
lan-gateway-10s,1514,0.9197471208826609
lan-gateway-10s,1514,0.9197873882580333
lan-gateway-10s,1514,0.9198276556334058
lan-gateway-10s,1514,0.9198679230087783
lan-gateway-10s,1514,0.9199081903841507
lan-gateway-10s,1514,0.9199484577595233
lan-gateway-10s,1514,0.9199887251348957
lan-gateway-10s,1514,0.9200289925102682
lan-gateway-10s,1514,0.9200692598856407
lan-gateway-10s,1514,0.9201095272610131
lan-gateway-10s,1514,0.9201497946363856
lan-gateway-10s,1514,0.9201900620117581
lan-gateway-10s,1514,0.9202303293871306
lan-gateway-10s,1514,0.920270596762503
lan-gateway-10s,1514,0.9203108641378754
lan-gateway-10s,1514,0.920351131513248
lan-gateway-10s,1514,0.9203913988886204
lan-gateway-10s,1514,0.9204316662639929
lan-gateway-10s,1514,0.9204719336393654
lan-gateway-10s,1514,0.9205122010147379
lan-gateway-10s,1514,0.9205524683901103
lan-gateway-10s,1514,0.9205927357654828
lan-gateway-10s,1514,0.9206330031408553
lan-gateway-10s,1514,0.9206732705162277
lan-gateway-10s,1514,0.9207135378916003
lan-gateway-10s,1514,0.9207538052669727
lan-gateway-10s,1514,0.9207940726423451
lan-gateway-10s,1514,0.9208343400177177
lan-gateway-10s,1514,0.9208746073930901
lan-gateway-10s,1514,0.9209148747684626
lan-gateway-10s,1514,0.9209551421438351
lan-gateway-10s,1514,0.9209954095192076
lan-gateway-10s,1514,0.92103567689458
lan-gateway-10s,1514,0.9210759442699524
lan-gateway-10s,1514,0.921116211645325
lan-gateway-10s,1514,0.9211564790206974
lan-gateway-10s,1514,0.9211967463960699
lan-gateway-10s,1514,0.9212370137714424
lan-gateway-10s,1514,0.9212772811468148
lan-gateway-10s,1514,0.9213175485221873
lan-gateway-10s,1514,0.9213578158975598
lan-gateway-10s,1514,0.9213980832729323
lan-gateway-10s,1514,0.9214383506483047
lan-gateway-10s,1514,0.9214786180236773
lan-gateway-10s,1514,0.9215188853990497
lan-gateway-10s,1514,0.9215591527744221
lan-gateway-10s,1514,0.9215994201497947
lan-gateway-10s,1514,0.9216396875251671
lan-gateway-10s,1514,0.9216799549005396
lan-gateway-10s,1514,0.9217202222759121
lan-gateway-10s,1514,0.9217604896512845
lan-gateway-10s,1514,0.921800757026657
lan-gateway-10s,1514,0.9218410244020295
lan-gateway-10s,1514,0.921881291777402
lan-gateway-10s,1514,0.9219215591527744
lan-gateway-10s,1514,0.9219618265281468
lan-gateway-10s,1514,0.9220020939035194
lan-gateway-10s,1514,0.9220423612788918
lan-gateway-10s,1514,0.9220826286542643
lan-gateway-10s,1514,0.9221228960296368
lan-gateway-10s,1514,0.9221631634050093
lan-gateway-10s,1514,0.9222034307803817
lan-gateway-10s,1514,0.9222436981557542
lan-gateway-10s,1514,0.9222839655311267
lan-gateway-10s,1514,0.9223242329064991
lan-gateway-10s,1514,0.9223645002818717
lan-gateway-10s,1514,0.9224047676572441
lan-gateway-10s,1514,0.9224450350326165
lan-gateway-10s,1514,0.9224853024079891
lan-gateway-10s,1514,0.9225255697833615
lan-gateway-10s,1514,0.922565837158734
lan-gateway-10s,1514,0.9226061045341065
lan-gateway-10s,1514,0.922646371909479
lan-gateway-10s,1514,0.9226866392848514
lan-gateway-10s,1514,0.9227269066602238
lan-gateway-10s,1514,0.9227671740355964
lan-gateway-10s,1514,0.9228074414109688
lan-gateway-10s,1514,0.9228477087863413
lan-gateway-10s,1514,0.9228879761617138
lan-gateway-10s,1514,0.9229282435370862
lan-gateway-10s,1514,0.9229685109124587
lan-gateway-10s,1514,0.9230087782878312
lan-gateway-10s,1514,0.9230490456632037
lan-gateway-10s,1514,0.9230893130385761
lan-gateway-10s,1514,0.9231295804139487
lan-gateway-10s,1514,0.9231698477893211
lan-gateway-10s,1514,0.9232101151646935
lan-gateway-10s,1514,0.9232503825400661
lan-gateway-10s,1514,0.9232906499154385
lan-gateway-10s,1514,0.923330917290811
lan-gateway-10s,1514,0.9233711846661835
lan-gateway-10s,1514,0.923411452041556
lan-gateway-10s,1514,0.9234517194169284
lan-gateway-10s,1514,0.9234919867923008
lan-gateway-10s,1514,0.9235322541676734
lan-gateway-10s,1514,0.9235725215430458
lan-gateway-10s,1514,0.9236127889184182
lan-gateway-10s,1514,0.9236530562937908
lan-gateway-10s,1514,0.9236933236691632
lan-gateway-10s,1514,0.9237335910445357
lan-gateway-10s,1514,0.9237738584199082
lan-gateway-10s,1514,0.9238141257952807
lan-gateway-10s,1514,0.9238543931706531
lan-gateway-10s,1514,0.9238946605460256
lan-gateway-10s,1514,0.9239349279213981
lan-gateway-10s,1514,0.9239751952967705
lan-gateway-10s,1514,0.9240154626721431
lan-gateway-10s,1514,0.9240557300475155
lan-gateway-10s,1514,0.924095997422888
lan-gateway-10s,1514,0.9241362647982605
lan-gateway-10s,1514,0.9241765321736329
lan-gateway-10s,1514,0.9242167995490054
lan-gateway-10s,1514,0.9242570669243779
lan-gateway-10s,1514,0.9242973342997504
lan-gateway-10s,1514,0.9243376016751228
lan-gateway-10s,1514,0.9243778690504952
lan-gateway-10s,1514,0.9244181364258678
lan-gateway-10s,1514,0.9244584038012402
lan-gateway-10s,1514,0.9244986711766127
lan-gateway-10s,1514,0.9245389385519852
lan-gateway-10s,1514,0.9245792059273577
lan-gateway-10s,1514,0.9246194733027301
lan-gateway-10s,1514,0.9246597406781026
lan-gateway-10s,1514,0.9247000080534751
lan-gateway-10s,1514,0.9247402754288475
lan-gateway-10s,1514,0.9247805428042201
lan-gateway-10s,1514,0.9248208101795925
lan-gateway-10s,1514,0.9248610775549649
lan-gateway-10s,1514,0.9249013449303375
lan-gateway-10s,1514,0.9249416123057099
lan-gateway-10s,1514,0.9249818796810824
lan-gateway-10s,1514,0.9250221470564549
lan-gateway-10s,1514,0.9250624144318274
lan-gateway-10s,1514,0.9251026818071998
lan-gateway-10s,1514,0.9251429491825722
lan-gateway-10s,1514,0.9251832165579448
lan-gateway-10s,1514,0.9252234839333172
lan-gateway-10s,1514,0.9252637513086897
lan-gateway-10s,1514,0.9253040186840622
lan-gateway-10s,1514,0.9253442860594346
lan-gateway-10s,1514,0.9253845534348071
lan-gateway-10s,1514,0.9254248208101796
lan-gateway-10s,1514,0.9254650881855521
lan-gateway-10s,1514,0.9255053555609245
lan-gateway-10s,1514,0.925545622936297
lan-gateway-10s,1514,0.9255858903116695
lan-gateway-10s,1514,0.9256261576870419
lan-gateway-10s,1514,0.9256664250624145
lan-gateway-10s,1514,0.9257066924377869
lan-gateway-10s,1514,0.9257469598131594
lan-gateway-10s,1514,0.9257872271885319
lan-gateway-10s,1514,0.9258274945639043
lan-gateway-10s,1514,0.9258677619392768
lan-gateway-10s,1514,0.9259080293146492
lan-gateway-10s,1514,0.9259482966900218
lan-gateway-10s,1514,0.9259885640653942
lan-gateway-10s,1514,0.9260288314407666
lan-gateway-10s,1514,0.9260690988161392
lan-gateway-10s,1514,0.9261093661915116
lan-gateway-10s,1514,0.9261496335668841
lan-gateway-10s,1514,0.9261899009422566
lan-gateway-10s,1514,0.926230168317629
lan-gateway-10s,1514,0.9262704356930015
lan-gateway-10s,1514,0.926310703068374
lan-gateway-10s,1514,0.9263509704437465
lan-gateway-10s,1514,0.9263912378191189
lan-gateway-10s,1514,0.9264315051944915
lan-gateway-10s,1514,0.9264717725698639
lan-gateway-10s,1514,0.9265120399452363
lan-gateway-10s,1514,0.9265523073206089
lan-gateway-10s,1514,0.9265925746959813
lan-gateway-10s,1514,0.9266328420713538
lan-gateway-10s,1514,0.9266731094467263
lan-gateway-10s,1514,0.9267133768220988
lan-gateway-10s,1514,0.9267536441974712
lan-gateway-10s,1514,0.9267939115728436
lan-gateway-10s,1514,0.9268341789482162
lan-gateway-10s,1514,0.9268744463235886
lan-gateway-10s,1514,0.9269147136989611
lan-gateway-10s,1514,0.9269549810743336
lan-gateway-10s,1514,0.926995248449706
lan-gateway-10s,1514,0.9270355158250785
lan-gateway-10s,1514,0.927075783200451
lan-gateway-10s,1514,0.9271160505758235
lan-gateway-10s,1514,0.9271563179511959
lan-gateway-10s,1514,0.9271965853265685
lan-gateway-10s,1514,0.9272368527019409
lan-gateway-10s,1514,0.9272771200773133
lan-gateway-10s,1514,0.9273173874526859
lan-gateway-10s,1514,0.9273576548280583
lan-gateway-10s,1514,0.9273979222034308
lan-gateway-10s,1514,0.9274381895788033
lan-gateway-10s,1514,0.9274784569541757
lan-gateway-10s,1514,0.9275187243295482
lan-gateway-10s,1514,0.9275589917049206
lan-gateway-10s,1514,0.9275992590802932
lan-gateway-10s,1514,0.9276395264556656
lan-gateway-10s,1514,0.927679793831038
lan-gateway-10s,1514,0.9277200612064106
lan-gateway-10s,1514,0.927760328581783
lan-gateway-10s,1514,0.9278005959571555
lan-gateway-10s,1514,0.927840863332528
lan-gateway-10s,1514,0.9278811307079005
lan-gateway-10s,1514,0.9279213980832729
lan-gateway-10s,1514,0.9279616654586454
lan-gateway-10s,1514,0.9280019328340179
lan-gateway-10s,1514,0.9280422002093903
lan-gateway-10s,1514,0.9280824675847629
lan-gateway-10s,1514,0.9281227349601353
lan-gateway-10s,1514,0.9281630023355077
lan-gateway-10s,1514,0.9282032697108803
lan-gateway-10s,1514,0.9282435370862527
lan-gateway-10s,1514,0.9282838044616252
lan-gateway-10s,1514,0.9283240718369976
lan-gateway-10s,1514,0.9283643392123702
lan-gateway-10s,1514,0.9284046065877426
lan-gateway-10s,1514,0.928444873963115
lan-gateway-10s,1514,0.9284851413384876
lan-gateway-10s,1514,0.92852540871386
lan-gateway-10s,1514,0.9285656760892325
lan-gateway-10s,1514,0.928605943464605
lan-gateway-10s,1514,0.9286462108399774
lan-gateway-10s,1514,0.9286864782153499
lan-gateway-10s,1514,0.9287267455907224
lan-gateway-10s,1514,0.9287670129660949
lan-gateway-10s,1514,0.9288072803414673
lan-gateway-10s,1514,0.9288475477168399
lan-gateway-10s,1514,0.9288878150922123
lan-gateway-10s,1514,0.9289280824675847
lan-gateway-10s,1514,0.9289683498429573
lan-gateway-10s,1514,0.9290086172183297
lan-gateway-10s,1514,0.9290488845937022
lan-gateway-10s,1514,0.9290891519690746
lan-gateway-10s,1514,0.9291294193444471
lan-gateway-10s,1514,0.9291696867198196
lan-gateway-10s,1514,0.929209954095192
lan-gateway-10s,1514,0.9292502214705646
lan-gateway-10s,1514,0.929290488845937
lan-gateway-10s,1514,0.9293307562213095
lan-gateway-10s,1514,0.929371023596682
lan-gateway-10s,1514,0.9294112909720544
lan-gateway-10s,1514,0.9294515583474269
lan-gateway-10s,1514,0.9294918257227994
lan-gateway-10s,1514,0.9295320930981719
lan-gateway-10s,1514,0.9295723604735443
lan-gateway-10s,1514,0.9296126278489169
lan-gateway-10s,1514,0.9296528952242893
lan-gateway-10s,1514,0.9296931625996617
lan-gateway-10s,1514,0.9297334299750343
lan-gateway-10s,1514,0.9297736973504067
lan-gateway-10s,1514,0.9298139647257792
lan-gateway-10s,1514,0.9298542321011517
lan-gateway-10s,1514,0.9298944994765241
lan-gateway-10s,1514,0.9299347668518966
lan-gateway-10s,1514,0.929975034227269
lan-gateway-10s,1514,0.9300153016026416
lan-gateway-10s,1514,0.930055568978014
lan-gateway-10s,1514,0.9300958363533864
lan-gateway-10s,1514,0.930136103728759
lan-gateway-10s,1514,0.9301763711041314
lan-gateway-10s,1514,0.9302166384795039
lan-gateway-10s,1514,0.9302569058548764
lan-gateway-10s,1514,0.9302971732302489
lan-gateway-10s,1514,0.9303374406056213
lan-gateway-10s,1514,0.9303777079809938
lan-gateway-10s,1514,0.9304179753563663
lan-gateway-10s,1514,0.9304582427317387
lan-gateway-10s,1514,0.9304985101071113
lan-gateway-10s,1514,0.9305387774824837
lan-gateway-10s,1514,0.9305790448578561
lan-gateway-10s,1514,0.9306193122332287
lan-gateway-10s,1514,0.9306595796086011
lan-gateway-10s,1514,0.9306998469839736
lan-gateway-10s,1514,0.930740114359346
lan-gateway-10s,1514,0.9307803817347186
lan-gateway-10s,1514,0.930820649110091
lan-gateway-10s,1514,0.9308609164854634
lan-gateway-10s,1514,0.930901183860836
lan-gateway-10s,1514,0.9309414512362084
lan-gateway-10s,1514,0.9309817186115809
lan-gateway-10s,1514,0.9310219859869534
lan-gateway-10s,1514,0.9310622533623258
lan-gateway-10s,1514,0.9311025207376983
lan-gateway-10s,1514,0.9311427881130708
lan-gateway-10s,1514,0.9311830554884433
lan-gateway-10s,1514,0.9312233228638157
lan-gateway-10s,1514,0.9312635902391883
lan-gateway-10s,1514,0.9313038576145607
lan-gateway-10s,1514,0.9313441249899331
lan-gateway-10s,1514,0.9313843923653057
lan-gateway-10s,1514,0.9314246597406781
lan-gateway-10s,1514,0.9314649271160506
lan-gateway-10s,1514,0.931505194491423
lan-gateway-10s,1514,0.9315454618667955
lan-gateway-10s,1514,0.931585729242168
lan-gateway-10s,1514,0.9316259966175404
lan-gateway-10s,1514,0.931666263992913
lan-gateway-10s,1514,0.9317065313682854
lan-gateway-10s,1514,0.9317467987436578
lan-gateway-10s,1514,0.9317870661190304
lan-gateway-10s,1514,0.9318273334944028
lan-gateway-10s,1514,0.9318676008697753
lan-gateway-10s,1514,0.9319078682451478
lan-gateway-10s,1514,0.9319481356205203
lan-gateway-10s,1514,0.9319884029958927
lan-gateway-10s,1514,0.9320286703712652
lan-gateway-10s,1514,0.9320689377466377
lan-gateway-10s,1514,0.9321092051220101
lan-gateway-10s,1514,0.9321494724973827
lan-gateway-10s,1514,0.9321897398727551
lan-gateway-10s,1514,0.9322300072481275
lan-gateway-10s,1514,0.9322702746235001
lan-gateway-10s,1514,0.9323105419988725
lan-gateway-10s,1514,0.932350809374245
lan-gateway-10s,1514,0.9323910767496174
lan-gateway-10s,1514,0.93243134412499
lan-gateway-10s,1514,0.9324716115003624
lan-gateway-10s,1514,0.9325118788757348
lan-gateway-10s,1514,0.9325521462511074
lan-gateway-10s,1514,0.9325924136264798
lan-gateway-10s,1514,0.9326326810018523
lan-gateway-10s,1514,0.9326729483772248
lan-gateway-10s,1514,0.9327132157525972
lan-gateway-10s,1514,0.9327534831279697
lan-gateway-10s,1514,0.9327937505033422
lan-gateway-10s,1514,0.9328340178787147
lan-gateway-10s,1514,0.9328742852540871
lan-gateway-10s,1514,0.9329145526294597
lan-gateway-10s,1514,0.9329548200048321
lan-gateway-10s,1514,0.9329950873802045
lan-gateway-10s,1514,0.9330353547555771
lan-gateway-10s,1514,0.9330756221309495
lan-gateway-10s,1514,0.933115889506322
lan-gateway-10s,1514,0.9331561568816944
lan-gateway-10s,1514,0.933196424257067
lan-gateway-10s,1514,0.9332366916324394
lan-gateway-10s,1514,0.9332769590078118
lan-gateway-10s,1514,0.9333172263831844
lan-gateway-10s,1514,0.9333574937585568
lan-gateway-10s,1514,0.9333977611339292
lan-gateway-10s,1514,0.9334380285093018
lan-gateway-10s,1514,0.9334782958846742
lan-gateway-10s,1514,0.9335185632600467
lan-gateway-10s,1514,0.9335588306354192
lan-gateway-10s,1514,0.9335990980107917
lan-gateway-10s,1514,0.9336393653861641
lan-gateway-10s,1514,0.9336796327615366
lan-gateway-10s,1514,0.9337199001369091
lan-gateway-10s,1514,0.9337601675122815
lan-gateway-10s,1514,0.9338004348876541
lan-gateway-10s,1514,0.9338407022630265
lan-gateway-10s,1514,0.933880969638399
lan-gateway-10s,1514,0.9339212370137714
lan-gateway-10s,1514,0.9339615043891439
lan-gateway-10s,1514,0.9340017717645164
lan-gateway-10s,1514,0.9340420391398888
lan-gateway-10s,1514,0.9340823065152614
lan-gateway-10s,1514,0.9341225738906338
lan-gateway-10s,1514,0.9341628412660062
lan-gateway-10s,1514,0.9342031086413788
lan-gateway-10s,1514,0.9342433760167512
lan-gateway-10s,1514,0.9342836433921237
lan-gateway-10s,1514,0.9343239107674962
lan-gateway-10s,1514,0.9343641781428687
lan-gateway-10s,1514,0.9344044455182411
lan-gateway-10s,1514,0.9344447128936136
lan-gateway-10s,1514,0.9344849802689861
lan-gateway-10s,1514,0.9345252476443585
lan-gateway-10s,1514,0.9345655150197311
lan-gateway-10s,1514,0.9346057823951035
lan-gateway-10s,1514,0.9346460497704759
lan-gateway-10s,1514,0.9346863171458485
lan-gateway-10s,1514,0.9347265845212209
lan-gateway-10s,1514,0.9347668518965934
lan-gateway-10s,1514,0.9348071192719658
lan-gateway-10s,1514,0.9348473866473384
lan-gateway-10s,1514,0.9348876540227108
lan-gateway-10s,1514,0.9349279213980832
lan-gateway-10s,1514,0.9349681887734558
lan-gateway-10s,1514,0.9350084561488282
lan-gateway-10s,1514,0.9350487235242007
lan-gateway-10s,1514,0.9350889908995732
lan-gateway-10s,1514,0.9351292582749456
lan-gateway-10s,1514,0.9351695256503181
lan-gateway-10s,1514,0.9352097930256906
lan-gateway-10s,1514,0.9352500604010631
lan-gateway-10s,1514,0.9352903277764355
lan-gateway-10s,1514,0.935330595151808
lan-gateway-10s,1514,0.9353708625271805
lan-gateway-10s,1514,0.9354111299025529
lan-gateway-10s,1514,0.9354513972779255
lan-gateway-10s,1514,0.9354916646532979
lan-gateway-10s,1514,0.9355319320286704
lan-gateway-10s,1514,0.9355721994040428
lan-gateway-10s,1514,0.9356124667794153
lan-gateway-10s,1514,0.9356527341547878
lan-gateway-10s,1514,0.9356930015301602
lan-gateway-10s,1514,0.9357332689055328
lan-gateway-10s,1514,0.9357735362809052
lan-gateway-10s,1514,0.9358138036562776
lan-gateway-10s,1514,0.9358540710316502
lan-gateway-10s,1514,0.9358943384070226
lan-gateway-10s,1514,0.9359346057823951
lan-gateway-10s,1514,0.9359748731577676
lan-gateway-10s,1514,0.93601514053314
lan-gateway-10s,1514,0.9360554079085125
lan-gateway-10s,1514,0.936095675283885
lan-gateway-10s,1514,0.9361359426592575
lan-gateway-10s,1514,0.9361762100346299
lan-gateway-10s,1514,0.9362164774100025
lan-gateway-10s,1514,0.9362567447853749
lan-gateway-10s,1514,0.9362970121607473
lan-gateway-10s,1514,0.9363372795361198
lan-gateway-10s,1514,0.9363775469114923
lan-gateway-10s,1514,0.9364178142868648
lan-gateway-10s,1514,0.9364580816622372
lan-gateway-10s,1514,0.9364983490376098
lan-gateway-10s,1514,0.9365386164129822
lan-gateway-10s,1514,0.9365788837883546
lan-gateway-10s,1514,0.9366191511637272
lan-gateway-10s,1514,0.9366594185390996
lan-gateway-10s,1514,0.9366996859144721
lan-gateway-10s,1514,0.9367399532898446
lan-gateway-10s,1514,0.936780220665217
lan-gateway-10s,1514,0.9368204880405895
lan-gateway-10s,1514,0.936860755415962
lan-gateway-10s,1514,0.9369010227913345
lan-gateway-10s,1514,0.9369412901667069
lan-gateway-10s,1514,0.9369815575420795
lan-gateway-10s,1514,0.9370218249174519
lan-gateway-10s,1514,0.9370620922928243
lan-gateway-10s,1514,0.9371023596681968
lan-gateway-10s,1514,0.9371426270435693
lan-gateway-10s,1514,0.9371828944189418
lan-gateway-10s,1514,0.9372231617943142
lan-gateway-10s,1514,0.9372634291696867
lan-gateway-10s,1514,0.9373036965450592
lan-gateway-10s,1514,0.9373439639204316
lan-gateway-10s,1514,0.9373842312958042
lan-gateway-10s,1514,0.9374244986711766
lan-gateway-10s,1514,0.937464766046549
lan-gateway-10s,1514,0.9375050334219216
lan-gateway-10s,1514,0.937545300797294
lan-gateway-10s,1514,0.9375855681726665
lan-gateway-10s,1514,0.937625835548039
lan-gateway-10s,1514,0.9376661029234115
lan-gateway-10s,1514,0.9377063702987839
lan-gateway-10s,1514,0.9377466376741564
lan-gateway-10s,1514,0.9377869050495289
lan-gateway-10s,1514,0.9378271724249013
lan-gateway-10s,1514,0.9378674398002739
lan-gateway-10s,1514,0.9379077071756463
lan-gateway-10s,1514,0.9379479745510187
lan-gateway-10s,1514,0.9379882419263912
lan-gateway-10s,1514,0.9380285093017637
lan-gateway-10s,1514,0.9380687766771362
lan-gateway-10s,1514,0.9381090440525086
lan-gateway-10s,1514,0.9381493114278812
lan-gateway-10s,1514,0.9381895788032536
lan-gateway-10s,1514,0.938229846178626
lan-gateway-10s,1514,0.9382701135539986
lan-gateway-10s,1514,0.938310380929371
lan-gateway-10s,1514,0.9383506483047435
lan-gateway-10s,1514,0.938390915680116
lan-gateway-10s,1514,0.9384311830554884
lan-gateway-10s,1514,0.9384714504308609
lan-gateway-10s,1514,0.9385117178062334
lan-gateway-10s,1514,0.9385519851816059
lan-gateway-10s,1514,0.9385922525569783
lan-gateway-10s,1514,0.9386325199323509
lan-gateway-10s,1514,0.9386727873077233
lan-gateway-10s,1514,0.9387130546830957
lan-gateway-10s,1514,0.9387533220584682
lan-gateway-10s,1514,0.9387935894338407
lan-gateway-10s,1514,0.9388338568092132
lan-gateway-10s,1514,0.9388741241845856
lan-gateway-10s,1514,0.9389143915599582
lan-gateway-10s,1514,0.9389546589353306
lan-gateway-10s,1514,0.938994926310703
lan-gateway-10s,1514,0.9390351936860756
lan-gateway-10s,1514,0.939075461061448
lan-gateway-10s,1514,0.9391157284368205
lan-gateway-10s,1514,0.939155995812193
lan-gateway-10s,1514,0.9391962631875654
lan-gateway-10s,1514,0.9392365305629379
lan-gateway-10s,1514,0.9392767979383104
lan-gateway-10s,1514,0.9393170653136829
lan-gateway-10s,1514,0.9393573326890553
lan-gateway-10s,1514,0.9393976000644279
lan-gateway-10s,1514,0.9394378674398003
lan-gateway-10s,1514,0.9394781348151727
lan-gateway-10s,1514,0.9395184021905452
lan-gateway-10s,1514,0.9395586695659177
lan-gateway-10s,1514,0.9395989369412902
lan-gateway-10s,1514,0.9396392043166626
lan-gateway-10s,1514,0.9396794716920351
lan-gateway-10s,1514,0.9397197390674076
lan-gateway-10s,1514,0.93976000644278
lan-gateway-10s,1514,0.9398002738181526
lan-gateway-10s,1514,0.939840541193525
lan-gateway-10s,1514,0.9398808085688974
lan-gateway-10s,1514,0.93992107594427
lan-gateway-10s,1514,0.9399613433196424
lan-gateway-10s,1514,0.9400016106950149
lan-gateway-10s,1514,0.9400418780703874
lan-gateway-10s,1514,0.9400821454457599
lan-gateway-10s,1514,0.9401224128211323
lan-gateway-10s,1514,0.9401626801965048
lan-gateway-10s,1514,0.9402029475718773
lan-gateway-10s,1514,0.9402432149472497
lan-gateway-10s,1514,0.9402834823226223
lan-gateway-10s,1514,0.9403237496979947
lan-gateway-10s,1514,0.9403640170733671
lan-gateway-10s,1514,0.9404042844487396
lan-gateway-10s,1514,0.9404445518241121
lan-gateway-10s,1514,0.9404848191994846
lan-gateway-10s,1514,0.940525086574857
lan-gateway-10s,1514,0.9405653539502296
lan-gateway-10s,1514,0.940605621325602
lan-gateway-10s,1514,0.9406458887009744
lan-gateway-10s,1514,0.940686156076347
lan-gateway-10s,1514,0.9407264234517194
lan-gateway-10s,1514,0.9407666908270919
lan-gateway-10s,1514,0.9408069582024644
lan-gateway-10s,1514,0.9408472255778368
lan-gateway-10s,1514,0.9408874929532093
lan-gateway-10s,1514,0.9409277603285818
lan-gateway-10s,1514,0.9409680277039543
lan-gateway-10s,1514,0.9410082950793267
lan-gateway-10s,1514,0.9410485624546993
lan-gateway-10s,1514,0.9410888298300717
lan-gateway-10s,1514,0.9411290972054441
lan-gateway-10s,1514,0.9411693645808166
lan-gateway-10s,1514,0.9412096319561891
lan-gateway-10s,1514,0.9412498993315616
lan-gateway-10s,1514,0.941290166706934
lan-gateway-10s,1514,0.9413304340823065
lan-gateway-10s,1514,0.941370701457679
lan-gateway-10s,1514,0.9414109688330514
lan-gateway-10s,1514,0.941451236208424
lan-gateway-10s,1514,0.9414915035837964
lan-gateway-10s,1514,0.9415317709591688
lan-gateway-10s,1514,0.9415720383345414
lan-gateway-10s,1514,0.9416123057099138
lan-gateway-10s,1514,0.9416525730852863
lan-gateway-10s,1514,0.9416928404606588
lan-gateway-10s,1514,0.9417331078360313
lan-gateway-10s,1514,0.9417733752114037
lan-gateway-10s,1514,0.9418136425867762
lan-gateway-10s,1514,0.9418539099621487
lan-gateway-10s,1514,0.9418941773375211
lan-gateway-10s,1514,0.9419344447128936
lan-gateway-10s,1514,0.9419747120882661
lan-gateway-10s,1514,0.9420149794636385
lan-gateway-10s,1514,0.942055246839011
lan-gateway-10s,1514,0.9420955142143835
lan-gateway-10s,1514,0.942135781589756
lan-gateway-10s,1514,0.9421760489651284
lan-gateway-10s,1514,0.942216316340501
lan-gateway-10s,1514,0.9422565837158734
lan-gateway-10s,1514,0.9422968510912458
lan-gateway-10s,1514,0.9423371184666184
lan-gateway-10s,1514,0.9423773858419908
lan-gateway-10s,1514,0.9424176532173633
lan-gateway-10s,1514,0.9424579205927358
lan-gateway-10s,1514,0.9424981879681082
lan-gateway-10s,1514,0.9425384553434807
lan-gateway-10s,1514,0.9425787227188532
lan-gateway-10s,1514,0.9426189900942257
lan-gateway-10s,1514,0.9426592574695981
lan-gateway-10s,1514,0.9426995248449707
lan-gateway-10s,1514,0.9427397922203431
lan-gateway-10s,1514,0.9427800595957155
lan-gateway-10s,1514,0.942820326971088
lan-gateway-10s,1514,0.9428605943464605
lan-gateway-10s,1514,0.942900861721833
lan-gateway-10s,1514,0.9429411290972054
lan-gateway-10s,1514,0.942981396472578
lan-gateway-10s,1514,0.9430216638479504
lan-gateway-10s,1514,0.9430619312233228
lan-gateway-10s,1514,0.9431021985986954
lan-gateway-10s,1514,0.9431424659740678
lan-gateway-10s,1514,0.9431827333494402
lan-gateway-10s,1514,0.9432230007248128
lan-gateway-10s,1514,0.9432632681001852
lan-gateway-10s,1514,0.9433035354755577
lan-gateway-10s,1514,0.9433438028509302
lan-gateway-10s,1514,0.9433840702263027
lan-gateway-10s,1514,0.9434243376016751
lan-gateway-10s,1514,0.9434646049770476
lan-gateway-10s,1514,0.9435048723524201
lan-gateway-10s,1514,0.9435451397277925
lan-gateway-10s,1514,0.943585407103165
lan-gateway-10s,1514,0.9436256744785375
lan-gateway-10s,1514,0.94366594185391
lan-gateway-10s,1514,0.9437062092292824
lan-gateway-10s,1514,0.9437464766046549
lan-gateway-10s,1514,0.9437867439800274
lan-gateway-10s,1514,0.9438270113553998
lan-gateway-10s,1514,0.9438672787307724
lan-gateway-10s,1514,0.9439075461061448
lan-gateway-10s,1514,0.9439478134815172
lan-gateway-10s,1514,0.9439880808568898
lan-gateway-10s,1514,0.9440283482322622
lan-gateway-10s,1514,0.9440686156076347
lan-gateway-10s,1514,0.9441088829830072
lan-gateway-10s,1514,0.9441491503583797
lan-gateway-10s,1514,0.9441894177337521
lan-gateway-10s,1514,0.9442296851091246
lan-gateway-10s,1514,0.9442699524844971
lan-gateway-10s,1514,0.9443102198598695
lan-gateway-10s,1514,0.944350487235242
lan-gateway-10s,1514,0.9443907546106145
lan-gateway-10s,1514,0.9444310219859869
lan-gateway-10s,1514,0.9444712893613594
lan-gateway-10s,1514,0.9445115567367319
lan-gateway-10s,1514,0.9445518241121044
lan-gateway-10s,1514,0.9445920914874768
lan-gateway-10s,1514,0.9446323588628494
lan-gateway-10s,1514,0.9446726262382218
lan-gateway-10s,1514,0.9447128936135942
lan-gateway-10s,1514,0.9447531609889668
lan-gateway-10s,1514,0.9447934283643392
lan-gateway-10s,1514,0.9448336957397117
lan-gateway-10s,1514,0.9448739631150842
lan-gateway-10s,1514,0.9449142304904566
lan-gateway-10s,1514,0.9449544978658291
lan-gateway-10s,1514,0.9449947652412016
lan-gateway-10s,1514,0.9450350326165741
lan-gateway-10s,1514,0.9450752999919465
lan-gateway-10s,1514,0.9451155673673189
lan-gateway-10s,1514,0.9451558347426915
lan-gateway-10s,1514,0.9451961021180639
lan-gateway-10s,1514,0.9452363694934364
lan-gateway-10s,1514,0.9452766368688089
lan-gateway-10s,1514,0.9453169042441814
lan-gateway-10s,1514,0.9453571716195538
lan-gateway-10s,1514,0.9453974389949263
lan-gateway-10s,1514,0.9454377063702988
lan-gateway-10s,1514,0.9454779737456712
lan-gateway-10s,1514,0.9455182411210438
lan-gateway-10s,1514,0.9455585084964162
lan-gateway-10s,1514,0.9455987758717886
lan-gateway-10s,1514,0.9456390432471612
lan-gateway-10s,1514,0.9456793106225336
lan-gateway-10s,1514,0.9457195779979061
lan-gateway-10s,1514,0.9457598453732786
lan-gateway-10s,1514,0.9458001127486511
lan-gateway-10s,1514,0.9458403801240235
lan-gateway-10s,1514,0.945880647499396
lan-gateway-10s,1514,0.9459209148747685
lan-gateway-10s,1514,0.9459611822501409
lan-gateway-10s,1514,0.9460014496255134
lan-gateway-10s,1514,0.9460417170008859
lan-gateway-10s,1514,0.9460819843762583
lan-gateway-10s,1514,0.9461222517516308
lan-gateway-10s,1514,0.9461625191270033
lan-gateway-10s,1514,0.9462027865023758
lan-gateway-10s,1514,0.9462430538777482
lan-gateway-10s,1514,0.9462833212531208
lan-gateway-10s,1514,0.9463235886284932
lan-gateway-10s,1514,0.9463638560038656
lan-gateway-10s,1514,0.9464041233792382
lan-gateway-10s,1514,0.9464443907546106
lan-gateway-10s,1514,0.9464846581299831
lan-gateway-10s,1514,0.9465249255053556
lan-gateway-10s,1514,0.946565192880728
lan-gateway-10s,1514,0.9466054602561005
lan-gateway-10s,1514,0.946645727631473
lan-gateway-10s,1514,0.9466859950068455
lan-gateway-10s,1514,0.9467262623822179
lan-gateway-10s,1514,0.9467665297575903
lan-gateway-10s,1514,0.9468067971329629
lan-gateway-10s,1514,0.9468470645083353
lan-gateway-10s,1514,0.9468873318837078
lan-gateway-10s,1514,0.9469275992590803
lan-gateway-10s,1514,0.9469678666344528
lan-gateway-10s,1514,0.9470081340098252
lan-gateway-10s,1514,0.9470484013851977
lan-gateway-10s,1514,0.9470886687605702
lan-gateway-10s,1514,0.9471289361359426
lan-gateway-10s,1514,0.9471692035113152
lan-gateway-10s,1514,0.9472094708866876
lan-gateway-10s,1514,0.94724973826206
lan-gateway-10s,1514,0.9472900056374326
lan-gateway-10s,1514,0.947330273012805
lan-gateway-10s,1514,0.9473705403881775
lan-gateway-10s,1514,0.94741080776355
lan-gateway-10s,1514,0.9474510751389225
lan-gateway-10s,1514,0.9474913425142949
lan-gateway-10s,1514,0.9475316098896673
lan-gateway-10s,1514,0.9475718772650399
lan-gateway-10s,1514,0.9476121446404123
lan-gateway-10s,1514,0.9476524120157848
lan-gateway-10s,1514,0.9476926793911573
lan-gateway-10s,1514,0.9477329467665297
lan-gateway-10s,1514,0.9477732141419022
lan-gateway-10s,1514,0.9478134815172747
lan-gateway-10s,1514,0.9478537488926472
lan-gateway-10s,1514,0.9478940162680196
lan-gateway-10s,1514,0.9479342836433922
lan-gateway-10s,1514,0.9479745510187646
lan-gateway-10s,1514,0.948014818394137
lan-gateway-10s,1514,0.9480550857695096
lan-gateway-10s,1514,0.948095353144882
lan-gateway-10s,1514,0.9481356205202545
lan-gateway-10s,1514,0.948175887895627
lan-gateway-10s,1514,0.9482161552709995
lan-gateway-10s,1514,0.9482564226463719
lan-gateway-10s,1514,0.9482966900217444
lan-gateway-10s,1514,0.9483369573971169
lan-gateway-10s,1514,0.9483772247724893
lan-gateway-10s,1514,0.9484174921478618
lan-gateway-10s,1514,0.9484577595232343
lan-gateway-10s,1514,0.9484980268986067
lan-gateway-10s,1514,0.9485382942739792
lan-gateway-10s,1514,0.9485785616493517
lan-gateway-10s,1514,0.9486188290247242
lan-gateway-10s,1514,0.9486590964000966
lan-gateway-10s,1514,0.9486993637754692
lan-gateway-10s,1514,0.9487396311508416
lan-gateway-10s,1514,0.948779898526214
lan-gateway-10s,1514,0.9488201659015866
lan-gateway-10s,1514,0.948860433276959
lan-gateway-10s,1514,0.9489007006523315
lan-gateway-10s,1514,0.948940968027704
lan-gateway-10s,1514,0.9489812354030764
lan-gateway-10s,1514,0.9490215027784489
lan-gateway-10s,1514,0.9490617701538214
lan-gateway-10s,1514,0.9491020375291939
lan-gateway-10s,1514,0.9491423049045663
lan-gateway-10s,1514,0.9491825722799387
lan-gateway-10s,1514,0.9492228396553113
lan-gateway-10s,1514,0.9492631070306837
lan-gateway-10s,1514,0.9493033744060562
lan-gateway-10s,1514,0.9493436417814287
lan-gateway-10s,1514,0.9493839091568012
lan-gateway-10s,1514,0.9494241765321736
lan-gateway-10s,1514,0.9494644439075461
lan-gateway-10s,1514,0.9495047112829186
lan-gateway-10s,1514,0.949544978658291
lan-gateway-10s,1514,0.9495852460336636
lan-gateway-10s,1514,0.949625513409036
lan-gateway-10s,1514,0.9496657807844084
lan-gateway-10s,1514,0.949706048159781
lan-gateway-10s,1514,0.9497463155351534
lan-gateway-10s,1514,0.9497865829105259
lan-gateway-10s,1514,0.9498268502858984
lan-gateway-10s,1514,0.9498671176612709
lan-gateway-10s,1514,0.9499073850366433
lan-gateway-10s,1514,0.9499476524120157
lan-gateway-10s,1514,0.9499879197873883
lan-gateway-10s,1514,0.9500281871627607
lan-gateway-10s,1514,0.9500684545381332
lan-gateway-10s,1514,0.9501087219135057
lan-gateway-10s,1514,0.9501489892888781
lan-gateway-10s,1514,0.9501892566642506
lan-gateway-10s,1514,0.9502295240396231
lan-gateway-10s,1514,0.9502697914149956
lan-gateway-10s,1514,0.950310058790368
lan-gateway-10s,1514,0.9503503261657406
lan-gateway-10s,1514,0.950390593541113
lan-gateway-10s,1514,0.9504308609164854
lan-gateway-10s,1514,0.950471128291858
lan-gateway-10s,1514,0.9505113956672304
lan-gateway-10s,1514,0.9505516630426029
lan-gateway-10s,1514,0.9505919304179754
lan-gateway-10s,1514,0.9506321977933478
lan-gateway-10s,1514,0.9506724651687203
lan-gateway-10s,1514,0.9507127325440928
lan-gateway-10s,1514,0.9507529999194653
lan-gateway-10s,1514,0.9507932672948377
lan-gateway-10s,1514,0.9508335346702101
lan-gateway-10s,1514,0.9508738020455827
lan-gateway-10s,1514,0.9509140694209551
lan-gateway-10s,1514,0.9509543367963276
lan-gateway-10s,1514,0.9509946041717001
lan-gateway-10s,1514,0.9510348715470726
lan-gateway-10s,1514,0.951075138922445
lan-gateway-10s,1514,0.9511154062978175
lan-gateway-10s,1514,0.95115567367319
lan-gateway-10s,1514,0.9511959410485624
lan-gateway-10s,1514,0.951236208423935
lan-gateway-10s,1514,0.9512764757993074
lan-gateway-10s,1514,0.9513167431746798
lan-gateway-10s,1514,0.9513570105500524
lan-gateway-10s,1514,0.9513972779254248
lan-gateway-10s,1514,0.9514375453007973
lan-gateway-10s,1514,0.9514778126761698
lan-gateway-10s,1514,0.9515180800515423
lan-gateway-10s,1514,0.9515583474269147
lan-gateway-10s,1514,0.9515986148022871
lan-gateway-10s,1514,0.9516388821776597
lan-gateway-10s,1514,0.9516791495530321
lan-gateway-10s,1514,0.9517194169284046
lan-gateway-10s,1514,0.9517596843037771
lan-gateway-10s,1514,0.9517999516791495
lan-gateway-10s,1514,0.951840219054522
lan-gateway-10s,1514,0.9518804864298945
lan-gateway-10s,1514,0.951920753805267
lan-gateway-10s,1514,0.9519610211806394
lan-gateway-10s,1514,0.952001288556012
lan-gateway-10s,1514,0.9520415559313844
lan-gateway-10s,1514,0.9520818233067568
lan-gateway-10s,1514,0.9521220906821294
lan-gateway-10s,1514,0.9521623580575018
lan-gateway-10s,1514,0.9522026254328743
lan-gateway-10s,1514,0.9522428928082468
lan-gateway-10s,1514,0.9522831601836192
lan-gateway-10s,1514,0.9523234275589917
lan-gateway-10s,1514,0.9523636949343641
lan-gateway-10s,1514,0.9524039623097367
lan-gateway-10s,1514,0.9524442296851091
lan-gateway-10s,1514,0.9524844970604815
lan-gateway-10s,1514,0.9525247644358541
lan-gateway-10s,1514,0.9525650318112265
lan-gateway-10s,1514,0.952605299186599
lan-gateway-10s,1514,0.9526455665619715
lan-gateway-10s,1514,0.952685833937344
lan-gateway-10s,1514,0.9527261013127164
lan-gateway-10s,1514,0.952766368688089
lan-gateway-10s,1514,0.9528066360634614
lan-gateway-10s,1514,0.9528469034388338
lan-gateway-10s,1514,0.9528871708142064
lan-gateway-10s,1514,0.9529274381895788
lan-gateway-10s,1514,0.9529677055649513
lan-gateway-10s,1514,0.9530079729403238
lan-gateway-10s,1514,0.9530482403156962
lan-gateway-10s,1514,0.9530885076910687
lan-gateway-10s,1514,0.9531287750664411
lan-gateway-10s,1514,0.9531690424418137
lan-gateway-10s,1514,0.9532093098171861
lan-gateway-10s,1514,0.9532495771925585
lan-gateway-10s,1514,0.9532898445679311
lan-gateway-10s,1514,0.9533301119433035
lan-gateway-10s,1514,0.953370379318676
lan-gateway-10s,1514,0.9534106466940485
lan-gateway-10s,1514,0.953450914069421
lan-gateway-10s,1514,0.9534911814447934
lan-gateway-10s,1514,0.9535314488201659
lan-gateway-10s,1514,0.9535717161955384
lan-gateway-10s,1514,0.9536119835709108
lan-gateway-10s,1514,0.9536522509462834
lan-gateway-10s,1514,0.9536925183216558
lan-gateway-10s,1514,0.9537327856970282
lan-gateway-10s,1514,0.9537730530724008
lan-gateway-10s,1514,0.9538133204477732
lan-gateway-10s,1514,0.9538535878231457
lan-gateway-10s,1514,0.9538938551985182
lan-gateway-10s,1514,0.9539341225738907
lan-gateway-10s,1514,0.9539743899492631
lan-gateway-10s,1514,0.9540146573246355
lan-gateway-10s,1514,0.9540549247000081
lan-gateway-10s,1514,0.9540951920753805
lan-gateway-10s,1514,0.954135459450753
lan-gateway-10s,1514,0.9541757268261255
lan-gateway-10s,1514,0.9542159942014979
lan-gateway-10s,1514,0.9542562615768704
lan-gateway-10s,1514,0.9542965289522429
lan-gateway-10s,1514,0.9543367963276154
lan-gateway-10s,1514,0.9543770637029878
lan-gateway-10s,1514,0.9544173310783604
lan-gateway-10s,1514,0.9544575984537328
lan-gateway-10s,1514,0.9544978658291052
lan-gateway-10s,1514,0.9545381332044778
lan-gateway-10s,1514,0.9545784005798502
lan-gateway-10s,1514,0.9546186679552227
lan-gateway-10s,1514,0.9546589353305952
lan-gateway-10s,1514,0.9546992027059676
lan-gateway-10s,1514,0.9547394700813401
lan-gateway-10s,1514,0.9547797374567125
lan-gateway-10s,1514,0.9548200048320851
lan-gateway-10s,1514,0.9548602722074575
lan-gateway-10s,1514,0.9549005395828299
lan-gateway-10s,1514,0.9549408069582025
lan-gateway-10s,1514,0.9549810743335749
lan-gateway-10s,1514,0.9550213417089474
lan-gateway-10s,1514,0.9550616090843199
lan-gateway-10s,1514,0.9551018764596924
lan-gateway-10s,1514,0.9551421438350648
lan-gateway-10s,1514,0.9551824112104373
lan-gateway-10s,1514,0.9552226785858098
lan-gateway-10s,1514,0.9552629459611822
lan-gateway-10s,1514,0.9553032133365548
lan-gateway-10s,1514,0.9553434807119272
lan-gateway-10s,1514,0.9553837480872996
lan-gateway-10s,1514,0.9554240154626722
lan-gateway-10s,1514,0.9554642828380446
lan-gateway-10s,1514,0.9555045502134171
lan-gateway-10s,1514,0.9555448175887895
lan-gateway-10s,1514,0.9555850849641621
lan-gateway-10s,1514,0.9556253523395345
lan-gateway-10s,1514,0.9556656197149069
lan-gateway-10s,1514,0.9557058870902795
lan-gateway-10s,1514,0.9557461544656519
lan-gateway-10s,1514,0.9557864218410244
lan-gateway-10s,1514,0.9558266892163969
lan-gateway-10s,1514,0.9558669565917693
lan-gateway-10s,1514,0.9559072239671418
lan-gateway-10s,1514,0.9559474913425143
lan-gateway-10s,1514,0.9559877587178868
lan-gateway-10s,1514,0.9560280260932592
lan-gateway-10s,1514,0.9560682934686318
lan-gateway-10s,1514,0.9561085608440042
lan-gateway-10s,1514,0.9561488282193766
lan-gateway-10s,1514,0.9561890955947492
lan-gateway-10s,1514,0.9562293629701216
lan-gateway-10s,1514,0.9562696303454941
lan-gateway-10s,1514,0.9563098977208666
lan-gateway-10s,1514,0.956350165096239
lan-gateway-10s,1514,0.9563904324716115
lan-gateway-10s,1514,0.9564306998469839
lan-gateway-10s,1514,0.9564709672223565
lan-gateway-10s,1514,0.9565112345977289
lan-gateway-10s,1514,0.9565515019731013
lan-gateway-10s,1514,0.9565917693484739
lan-gateway-10s,1514,0.9566320367238463
lan-gateway-10s,1514,0.9566723040992188
lan-gateway-10s,1514,0.9567125714745913
lan-gateway-10s,1514,0.9567528388499638
lan-gateway-10s,1514,0.9567931062253362
lan-gateway-10s,1514,0.9568333736007087
lan-gateway-10s,1514,0.9568736409760812
lan-gateway-10s,1514,0.9569139083514536
lan-gateway-10s,1514,0.9569541757268262
lan-gateway-10s,1514,0.9569944431021986
lan-gateway-10s,1514,0.957034710477571
lan-gateway-10s,1514,0.9570749778529436
lan-gateway-10s,1514,0.957115245228316
lan-gateway-10s,1514,0.9571555126036885
lan-gateway-10s,1514,0.9571957799790609
lan-gateway-10s,1514,0.9572360473544335
lan-gateway-10s,1514,0.9572763147298059
lan-gateway-10s,1514,0.9573165821051783
lan-gateway-10s,1514,0.9573568494805509
lan-gateway-10s,1514,0.9573971168559233
lan-gateway-10s,1514,0.9574373842312958
lan-gateway-10s,1514,0.9574776516066683
lan-gateway-10s,1514,0.9575179189820407
lan-gateway-10s,1514,0.9575581863574132
lan-gateway-10s,1514,0.9575984537327857
lan-gateway-10s,1514,0.9576387211081582
lan-gateway-10s,1514,0.9576789884835306
lan-gateway-10s,1514,0.9577192558589032
lan-gateway-10s,1514,0.9577595232342756
lan-gateway-10s,1514,0.957799790609648
lan-gateway-10s,1514,0.9578400579850206
lan-gateway-10s,1514,0.957880325360393
lan-gateway-10s,1514,0.9579205927357655
lan-gateway-10s,1514,0.9579608601111379
lan-gateway-10s,1514,0.9580011274865105
lan-gateway-10s,1514,0.9580413948618829
lan-gateway-10s,1514,0.9580816622372553
lan-gateway-10s,1514,0.9581219296126279
lan-gateway-10s,1514,0.9581621969880003
lan-gateway-10s,1514,0.9582024643633728
lan-gateway-10s,1514,0.9582427317387453
lan-gateway-10s,1514,0.9582829991141177
lan-gateway-10s,1514,0.9583232664894902
lan-gateway-10s,1514,0.9583635338648627
lan-gateway-10s,1514,0.9584038012402352
lan-gateway-10s,1514,0.9584440686156076
lan-gateway-10s,1514,0.9584843359909802
lan-gateway-10s,1514,0.9585246033663526
lan-gateway-10s,1514,0.958564870741725
lan-gateway-10s,1514,0.9586051381170976
lan-gateway-10s,1514,0.95864540549247
lan-gateway-10s,1514,0.9586856728678425
lan-gateway-10s,1514,0.958725940243215
lan-gateway-10s,1514,0.9587662076185874
lan-gateway-10s,1514,0.9588064749939599
lan-gateway-10s,1514,0.9588467423693323
lan-gateway-10s,1514,0.9588870097447049
lan-gateway-10s,1514,0.9589272771200773
lan-gateway-10s,1514,0.9589675444954497
lan-gateway-10s,1514,0.9590078118708223
lan-gateway-10s,1514,0.9590480792461947
lan-gateway-10s,1514,0.9590883466215672
lan-gateway-10s,1514,0.9591286139969397
lan-gateway-10s,1514,0.9591688813723122
lan-gateway-10s,1514,0.9592091487476846
lan-gateway-10s,1514,0.9592494161230571
lan-gateway-10s,1514,0.9592896834984296
lan-gateway-10s,1514,0.959329950873802
lan-gateway-10s,1514,0.9593702182491746
lan-gateway-10s,1514,0.959410485624547
lan-gateway-10s,1514,0.9594507529999194
lan-gateway-10s,1514,0.959491020375292
lan-gateway-10s,1514,0.9595312877506644
lan-gateway-10s,1514,0.9595715551260369
lan-gateway-10s,1514,0.9596118225014093
lan-gateway-10s,1514,0.9596520898767819
lan-gateway-10s,1514,0.9596923572521543
lan-gateway-10s,1514,0.9597326246275267
lan-gateway-10s,1514,0.9597728920028993
lan-gateway-10s,1514,0.9598131593782717
lan-gateway-10s,1514,0.9598534267536442
lan-gateway-10s,1514,0.9598936941290167
lan-gateway-10s,1514,0.9599339615043891
lan-gateway-10s,1514,0.9599742288797616
lan-gateway-10s,1514,0.9600144962551341
lan-gateway-10s,1514,0.9600547636305066
lan-gateway-10s,1514,0.960095031005879
lan-gateway-10s,1514,0.9601352983812516
lan-gateway-10s,1514,0.960175565756624
lan-gateway-10s,1514,0.9602158331319964
lan-gateway-10s,1514,0.960256100507369
lan-gateway-10s,1514,0.9602963678827414
lan-gateway-10s,1514,0.9603366352581139
lan-gateway-10s,1514,0.9603769026334863
lan-gateway-10s,1514,0.9604171700088588
lan-gateway-10s,1514,0.9604574373842313
lan-gateway-10s,1514,0.9604977047596037
lan-gateway-10s,1514,0.9605379721349763
lan-gateway-10s,1514,0.9605782395103487
lan-gateway-10s,1514,0.9606185068857211
lan-gateway-10s,1514,0.9606587742610937
lan-gateway-10s,1514,0.9606990416364661
lan-gateway-10s,1514,0.9607393090118386
lan-gateway-10s,1514,0.9607795763872111
lan-gateway-10s,1514,0.9608198437625836
lan-gateway-10s,1514,0.960860111137956
lan-gateway-10s,1514,0.9609003785133285
lan-gateway-10s,1514,0.960940645888701
lan-gateway-10s,1514,0.9609809132640734
lan-gateway-10s,1514,0.961021180639446
lan-gateway-10s,1514,0.9610614480148184
lan-gateway-10s,1514,0.9611017153901908
lan-gateway-10s,1514,0.9611419827655633
lan-gateway-10s,1514,0.9611822501409358
lan-gateway-10s,1514,0.9612225175163083
lan-gateway-10s,1514,0.9612627848916807
lan-gateway-10s,1514,0.9613030522670533
lan-gateway-10s,1514,0.9613433196424257
lan-gateway-10s,1514,0.9613835870177981
lan-gateway-10s,1514,0.9614238543931707
lan-gateway-10s,1514,0.9614641217685431
lan-gateway-10s,1514,0.9615043891439156
lan-gateway-10s,1514,0.9615446565192881
lan-gateway-10s,1514,0.9615849238946605
lan-gateway-10s,1514,0.961625191270033
lan-gateway-10s,1514,0.9616654586454055
lan-gateway-10s,1514,0.961705726020778
lan-gateway-10s,1514,0.9617459933961504
lan-gateway-10s,1514,0.961786260771523
lan-gateway-10s,1514,0.9618265281468954
lan-gateway-10s,1514,0.9618667955222678
lan-gateway-10s,1514,0.9619070628976404
lan-gateway-10s,1514,0.9619473302730128
lan-gateway-10s,1514,0.9619875976483853
lan-gateway-10s,1514,0.9620278650237577
lan-gateway-10s,1514,0.9620681323991302
lan-gateway-10s,1514,0.9621083997745027
lan-gateway-10s,1514,0.9621486671498751
lan-gateway-10s,1514,0.9621889345252477
lan-gateway-10s,1514,0.9622292019006201
lan-gateway-10s,1514,0.9622694692759926
lan-gateway-10s,1514,0.9623097366513651
lan-gateway-10s,1514,0.9623500040267375
lan-gateway-10s,1514,0.96239027140211
lan-gateway-10s,1514,0.9624305387774825
lan-gateway-10s,1514,0.962470806152855
lan-gateway-10s,1514,0.9625110735282274
lan-gateway-10s,1514,0.9625513409036
lan-gateway-10s,1514,0.9625916082789724
lan-gateway-10s,1514,0.9626318756543448
lan-gateway-10s,1514,0.9626721430297174
lan-gateway-10s,1514,0.9627124104050898
lan-gateway-10s,1514,0.9627526777804623
lan-gateway-10s,1514,0.9627929451558347
lan-gateway-10s,1514,0.9628332125312072
lan-gateway-10s,1514,0.9628734799065797
lan-gateway-10s,1514,0.9629137472819521
lan-gateway-10s,1514,0.9629540146573247
lan-gateway-10s,1514,0.9629942820326971
lan-gateway-10s,1514,0.9630345494080695
lan-gateway-10s,1514,0.9630748167834421
lan-gateway-10s,1514,0.9631150841588145
lan-gateway-10s,1514,0.963155351534187
lan-gateway-10s,1514,0.9631956189095595
lan-gateway-10s,1514,0.963235886284932
lan-gateway-10s,1514,0.9632761536603044
lan-gateway-10s,1514,0.9633164210356769
lan-gateway-10s,1514,0.9633566884110494
lan-gateway-10s,1514,0.9633969557864218
lan-gateway-10s,1514,0.9634372231617944
lan-gateway-10s,1514,0.9634774905371668
lan-gateway-10s,1514,0.9635177579125392
lan-gateway-10s,1514,0.9635580252879117
lan-gateway-10s,1514,0.9635982926632842
lan-gateway-10s,1514,0.9636385600386567
lan-gateway-10s,1514,0.9636788274140291
lan-gateway-10s,1514,0.9637190947894017
lan-gateway-10s,1514,0.9637593621647741
lan-gateway-10s,1514,0.9637996295401465
lan-gateway-10s,1514,0.9638398969155191
lan-gateway-10s,1514,0.9638801642908915
lan-gateway-10s,1514,0.963920431666264
lan-gateway-10s,1514,0.9639606990416365
lan-gateway-10s,1514,0.9640009664170089
lan-gateway-10s,1514,0.9640412337923814
lan-gateway-10s,1514,0.9640815011677539
lan-gateway-10s,1514,0.9641217685431264
lan-gateway-10s,1514,0.9641620359184988
lan-gateway-10s,1514,0.9642023032938714
lan-gateway-10s,1514,0.9642425706692438
lan-gateway-10s,1514,0.9642828380446162
lan-gateway-10s,1514,0.9643231054199888
lan-gateway-10s,1514,0.9643633727953612
lan-gateway-10s,1514,0.9644036401707337
lan-gateway-10s,1514,0.9644439075461061
lan-gateway-10s,1514,0.9644841749214786
lan-gateway-10s,1514,0.9645244422968511
lan-gateway-10s,1514,0.9645647096722235
lan-gateway-10s,1514,0.9646049770475961
lan-gateway-10s,1514,0.9646452444229685
lan-gateway-10s,1514,0.9646855117983409
lan-gateway-10s,1514,0.9647257791737135
lan-gateway-10s,1514,0.9647660465490859
lan-gateway-10s,1514,0.9648063139244584
lan-gateway-10s,1514,0.9648465812998309
lan-gateway-10s,1514,0.9648868486752034
lan-gateway-10s,1514,0.9649271160505758
lan-gateway-10s,1514,0.9649673834259483
lan-gateway-10s,1514,0.9650076508013208
lan-gateway-10s,1514,0.9650479181766932
lan-gateway-10s,1514,0.9650881855520658
lan-gateway-10s,1514,0.9651284529274382
lan-gateway-10s,1514,0.9651687203028106
lan-gateway-10s,1514,0.9652089876781831
lan-gateway-10s,1514,0.9652492550535556
lan-gateway-10s,1514,0.9652895224289281
lan-gateway-10s,1514,0.9653297898043005
lan-gateway-10s,1514,0.9653700571796731
lan-gateway-10s,1514,0.9654103245550455
lan-gateway-10s,1514,0.9654505919304179
lan-gateway-10s,1514,0.9654908593057905
lan-gateway-10s,1514,0.9655311266811629
lan-gateway-10s,1514,0.9655713940565354
lan-gateway-10s,1514,0.9656116614319079
lan-gateway-10s,1514,0.9656519288072803
lan-gateway-10s,1514,0.9656921961826528
lan-gateway-10s,1514,0.9657324635580253
lan-gateway-10s,1514,0.9657727309333978
lan-gateway-10s,1514,0.9658129983087702
lan-gateway-10s,1514,0.9658532656841428
lan-gateway-10s,1514,0.9658935330595152
lan-gateway-10s,1514,0.9659338004348876
lan-gateway-10s,1514,0.9659740678102601
lan-gateway-10s,1514,0.9660143351856326
lan-gateway-10s,1514,0.9660546025610051
lan-gateway-10s,1514,0.9660948699363775
lan-gateway-10s,1514,0.96613513731175
lan-gateway-10s,1514,0.9661754046871225
lan-gateway-10s,1514,0.9662156720624949
lan-gateway-10s,1514,0.9662559394378675
lan-gateway-10s,1514,0.9662962068132399
lan-gateway-10s,1514,0.9663364741886123
lan-gateway-10s,1514,0.9663767415639849
lan-gateway-10s,1514,0.9664170089393573
lan-gateway-10s,1514,0.9664572763147298
lan-gateway-10s,1514,0.9664975436901023
lan-gateway-10s,1514,0.9665378110654748
lan-gateway-10s,1514,0.9665780784408472
lan-gateway-10s,1514,0.9666183458162197
lan-gateway-10s,1514,0.9666586131915922
lan-gateway-10s,1514,0.9666988805669646
lan-gateway-10s,1514,0.9667391479423372
lan-gateway-10s,1514,0.9667794153177096
lan-gateway-10s,1514,0.966819682693082
lan-gateway-10s,1514,0.9668599500684545
lan-gateway-10s,1514,0.966900217443827
lan-gateway-10s,1514,0.9669404848191995
lan-gateway-10s,1514,0.9669807521945719
lan-gateway-10s,1514,0.9670210195699445
lan-gateway-10s,1514,0.9670612869453169
lan-gateway-10s,1514,0.9671015543206893
lan-gateway-10s,1514,0.9671418216960619
lan-gateway-10s,1514,0.9671820890714343
lan-gateway-10s,1514,0.9672223564468068
lan-gateway-10s,1514,0.9672626238221793
lan-gateway-10s,1514,0.9673028911975518
lan-gateway-10s,1514,0.9673431585729242
lan-gateway-10s,1514,0.9673834259482967
lan-gateway-10s,1514,0.9674236933236692
lan-gateway-10s,1514,0.9674639606990416
lan-gateway-10s,1514,0.9675042280744142
lan-gateway-10s,1514,0.9675444954497866
lan-gateway-10s,1514,0.967584762825159
lan-gateway-10s,1514,0.9676250302005315
lan-gateway-10s,1514,0.967665297575904
lan-gateway-10s,1514,0.9677055649512765
lan-gateway-10s,1514,0.9677458323266489
lan-gateway-10s,1514,0.9677860997020215
lan-gateway-10s,1514,0.9678263670773939
lan-gateway-10s,1514,0.9678666344527663
lan-gateway-10s,1514,0.9679069018281389
lan-gateway-10s,1514,0.9679471692035113
lan-gateway-10s,1514,0.9679874365788838
lan-gateway-10s,1514,0.9680277039542563
lan-gateway-10s,1514,0.9680679713296287
lan-gateway-10s,1514,0.9681082387050012
lan-gateway-10s,1514,0.9681485060803737
lan-gateway-10s,1514,0.9681887734557462
lan-gateway-10s,1514,0.9682290408311186
lan-gateway-10s,1514,0.9682693082064912
lan-gateway-10s,1514,0.9683095755818636
lan-gateway-10s,1514,0.968349842957236
lan-gateway-10s,1514,0.9683901103326085
lan-gateway-10s,1514,0.968430377707981
lan-gateway-10s,1514,0.9684706450833535
lan-gateway-10s,1514,0.9685109124587259
lan-gateway-10s,1514,0.9685511798340984
lan-gateway-10s,1514,0.9685914472094709
lan-gateway-10s,1514,0.9686317145848433
lan-gateway-10s,1514,0.9686719819602159
lan-gateway-10s,1514,0.9687122493355883
lan-gateway-10s,1514,0.9687525167109607
lan-gateway-10s,1514,0.9687927840863333
lan-gateway-10s,1514,0.9688330514617057
lan-gateway-10s,1514,0.9688733188370782
lan-gateway-10s,1514,0.9689135862124507
lan-gateway-10s,1514,0.9689538535878232
lan-gateway-10s,1514,0.9689941209631956
lan-gateway-10s,1514,0.9690343883385681
lan-gateway-10s,1514,0.9690746557139406
lan-gateway-10s,1514,0.969114923089313
lan-gateway-10s,1514,0.9691551904646855
lan-gateway-10s,1514,0.969195457840058
lan-gateway-10s,1514,0.9692357252154304
lan-gateway-10s,1514,0.9692759925908029
lan-gateway-10s,1514,0.9693162599661754
lan-gateway-10s,1514,0.9693565273415479
lan-gateway-10s,1514,0.9693967947169203
lan-gateway-10s,1514,0.9694370620922929
lan-gateway-10s,1514,0.9694773294676653
lan-gateway-10s,1514,0.9695175968430377
lan-gateway-10s,1514,0.9695578642184103
lan-gateway-10s,1514,0.9695981315937827
lan-gateway-10s,1514,0.9696383989691552
lan-gateway-10s,1514,0.9696786663445277
lan-gateway-10s,1514,0.9697189337199001
lan-gateway-10s,1514,0.9697592010952726
lan-gateway-10s,1514,0.9697994684706451
lan-gateway-10s,1514,0.9698397358460176
lan-gateway-10s,1514,0.96988000322139
lan-gateway-10s,1514,0.9699202705967626
lan-gateway-10s,1514,0.969960537972135
lan-gateway-10s,1514,0.9700008053475074
lan-gateway-10s,1514,0.9700410727228799
lan-gateway-10s,1514,0.9700813400982524
lan-gateway-10s,1514,0.9701216074736249
lan-gateway-10s,1514,0.9701618748489973
lan-gateway-10s,1514,0.9702021422243698
lan-gateway-10s,1514,0.9702424095997423
lan-gateway-10s,1514,0.9702826769751147
lan-gateway-10s,1514,0.9703229443504873
lan-gateway-10s,1514,0.9703632117258597
lan-gateway-10s,1514,0.9704034791012321
lan-gateway-10s,1514,0.9704437464766047
lan-gateway-10s,1514,0.9704840138519771
lan-gateway-10s,1514,0.9705242812273496
lan-gateway-10s,1514,0.9705645486027221
lan-gateway-10s,1514,0.9706048159780946
lan-gateway-10s,1514,0.970645083353467
lan-gateway-10s,1514,0.9706853507288395
lan-gateway-10s,1514,0.970725618104212
lan-gateway-10s,1514,0.9707658854795844
lan-gateway-10s,1514,0.9708061528549569
lan-gateway-10s,1514,0.9708464202303294
lan-gateway-10s,1514,0.9708866876057018
lan-gateway-10s,1514,0.9709269549810743
lan-gateway-10s,1514,0.9709672223564468
lan-gateway-10s,1514,0.9710074897318193
lan-gateway-10s,1514,0.9710477571071917
lan-gateway-10s,1514,0.9710880244825643
lan-gateway-10s,1514,0.9711282918579367
lan-gateway-10s,1514,0.9711685592333091
lan-gateway-10s,1514,0.9712088266086817
lan-gateway-10s,1514,0.9712490939840541
lan-gateway-10s,1514,0.9712893613594266
lan-gateway-10s,1514,0.9713296287347991
lan-gateway-10s,1514,0.9713698961101715
lan-gateway-10s,1514,0.971410163485544
lan-gateway-10s,1514,0.9714504308609165
lan-gateway-10s,1514,0.971490698236289
lan-gateway-10s,1514,0.9715309656116614
lan-gateway-10s,1514,0.9715712329870339
lan-gateway-10s,1514,0.9716115003624064
lan-gateway-10s,1514,0.9716517677377788
lan-gateway-10s,1514,0.9716920351131513
lan-gateway-10s,1514,0.9717323024885238
lan-gateway-10s,1514,0.9717725698638963
lan-gateway-10s,1514,0.9718128372392687
lan-gateway-10s,1514,0.9718531046146412
lan-gateway-10s,1514,0.9718933719900137
lan-gateway-10s,1514,0.9719336393653861
lan-gateway-10s,1514,0.9719739067407587
lan-gateway-10s,1514,0.9720141741161311
lan-gateway-10s,1514,0.9720544414915036
lan-gateway-10s,1514,0.9720947088668761
lan-gateway-10s,1514,0.9721349762422485
lan-gateway-10s,1514,0.972175243617621
lan-gateway-10s,1514,0.9722155109929935
lan-gateway-10s,1514,0.972255778368366
lan-gateway-10s,1514,0.9722960457437384
lan-gateway-10s,1514,0.972336313119111
lan-gateway-10s,1514,0.9723765804944834
lan-gateway-10s,1514,0.9724168478698558
lan-gateway-10s,1514,0.9724571152452283
lan-gateway-10s,1514,0.9724973826206008
lan-gateway-10s,1514,0.9725376499959733
lan-gateway-10s,1514,0.9725779173713457
lan-gateway-10s,1514,0.9726181847467182
lan-gateway-10s,1514,0.9726584521220907
lan-gateway-10s,1514,0.9726987194974631
lan-gateway-10s,1514,0.9727389868728357
lan-gateway-10s,1514,0.9727792542482081
lan-gateway-10s,1514,0.9728195216235805
lan-gateway-10s,1514,0.9728597889989531
lan-gateway-10s,1514,0.9729000563743255
lan-gateway-10s,1514,0.972940323749698
lan-gateway-10s,1514,0.9729805911250705
lan-gateway-10s,1514,0.973020858500443
lan-gateway-10s,1514,0.9730611258758154
lan-gateway-10s,1514,0.9731013932511879
lan-gateway-10s,1514,0.9731416606265604
lan-gateway-10s,1514,0.9731819280019328
lan-gateway-10s,1514,0.9732221953773053
lan-gateway-10s,1514,0.9732624627526778
lan-gateway-10s,1514,0.9733027301280502
lan-gateway-10s,1514,0.9733429975034227
lan-gateway-10s,1514,0.9733832648787952
lan-gateway-10s,1514,0.9734235322541677
lan-gateway-10s,1514,0.9734637996295401
lan-gateway-10s,1514,0.9735040670049127
lan-gateway-10s,1514,0.9735443343802851
lan-gateway-10s,1514,0.9735846017556575
lan-gateway-10s,1514,0.9736248691310301
lan-gateway-10s,1514,0.9736651365064025
lan-gateway-10s,1514,0.973705403881775
lan-gateway-10s,1514,0.9737456712571475
lan-gateway-10s,1514,0.9737859386325199
lan-gateway-10s,1514,0.9738262060078924
lan-gateway-10s,1514,0.9738664733832649
lan-gateway-10s,1514,0.9739067407586374
lan-gateway-10s,1514,0.9739470081340098
lan-gateway-10s,1514,0.9739872755093822
lan-gateway-10s,1514,0.9740275428847548
lan-gateway-10s,1514,0.9740678102601272
lan-gateway-10s,1514,0.9741080776354997
lan-gateway-10s,1514,0.9741483450108722
lan-gateway-10s,1514,0.9741886123862447
lan-gateway-10s,1514,0.9742288797616171
lan-gateway-10s,1514,0.9742691471369896
lan-gateway-10s,1514,0.9743094145123621
lan-gateway-10s,1514,0.9743496818877345
lan-gateway-10s,1514,0.9743899492631071
lan-gateway-10s,1514,0.9744302166384795
lan-gateway-10s,1514,0.974470484013852
lan-gateway-10s,1514,0.9745107513892245
lan-gateway-10s,1514,0.9745510187645969
lan-gateway-10s,1514,0.9745912861399694
lan-gateway-10s,1514,0.9746315535153419
lan-gateway-10s,1514,0.9746718208907144
lan-gateway-10s,1514,0.9747120882660868
lan-gateway-10s,1514,0.9747523556414593
lan-gateway-10s,1514,0.9747926230168318
lan-gateway-10s,1514,0.9748328903922042
lan-gateway-10s,1514,0.9748731577675767
lan-gateway-10s,1514,0.9749134251429492
lan-gateway-10s,1514,0.9749536925183216
lan-gateway-10s,1514,0.9749939598936941
lan-gateway-10s,1514,0.9750342272690666
lan-gateway-10s,1514,0.9750744946444391
lan-gateway-10s,1514,0.9751147620198115
lan-gateway-10s,1514,0.9751550293951841
lan-gateway-10s,1514,0.9751952967705565
lan-gateway-10s,1514,0.9752355641459289
lan-gateway-10s,1514,0.9752758315213015
lan-gateway-10s,1514,0.9753160988966739
lan-gateway-10s,1514,0.9753563662720464
lan-gateway-10s,1514,0.9753966336474189
lan-gateway-10s,1514,0.9754369010227913
lan-gateway-10s,1514,0.9754771683981638
lan-gateway-10s,1514,0.9755174357735363
lan-gateway-10s,1514,0.9755577031489088
lan-gateway-10s,1514,0.9755979705242812
lan-gateway-10s,1514,0.9756382378996536
lan-gateway-10s,1514,0.9756785052750262
lan-gateway-10s,1514,0.9757187726503986
lan-gateway-10s,1514,0.9757590400257711
lan-gateway-10s,1514,0.9757993074011436
lan-gateway-10s,1514,0.9758395747765161
lan-gateway-10s,1514,0.9758798421518885
lan-gateway-10s,1514,0.975920109527261
lan-gateway-10s,1514,0.9759603769026335
lan-gateway-10s,1514,0.9760006442780059
lan-gateway-10s,1514,0.9760409116533785
lan-gateway-10s,1514,0.9760811790287509
lan-gateway-10s,1514,0.9761214464041233
lan-gateway-10s,1514,0.9761617137794959
lan-gateway-10s,1514,0.9762019811548683
lan-gateway-10s,1514,0.9762422485302408
lan-gateway-10s,1514,0.9762825159056133
lan-gateway-10s,1514,0.9763227832809858
lan-gateway-10s,1514,0.9763630506563582
lan-gateway-10s,1514,0.9764033180317306
lan-gateway-10s,1514,0.9764435854071032
lan-gateway-10s,1514,0.9764838527824756
lan-gateway-10s,1514,0.9765241201578481
lan-gateway-10s,1514,0.9765643875332206
lan-gateway-10s,1514,0.976604654908593
lan-gateway-10s,1514,0.9766449222839655
lan-gateway-10s,1514,0.976685189659338
lan-gateway-10s,1514,0.9767254570347105
lan-gateway-10s,1514,0.9767657244100829
lan-gateway-10s,1514,0.9768059917854555
lan-gateway-10s,1514,0.9768462591608279
lan-gateway-10s,1514,0.9768865265362003
lan-gateway-10s,1514,0.9769267939115729
lan-gateway-10s,1514,0.9769670612869453
lan-gateway-10s,1514,0.9770073286623178
lan-gateway-10s,1514,0.9770475960376903
lan-gateway-10s,1514,0.9770878634130628
lan-gateway-10s,1514,0.9771281307884352
lan-gateway-10s,1514,0.9771683981638076
lan-gateway-10s,1514,0.9772086655391802
lan-gateway-10s,1514,0.9772489329145526
lan-gateway-10s,1514,0.977289200289925
lan-gateway-10s,1514,0.9773294676652976
lan-gateway-10s,1514,0.97736973504067
lan-gateway-10s,1514,0.9774100024160425
lan-gateway-10s,1514,0.977450269791415
lan-gateway-10s,1514,0.9774905371667875
lan-gateway-10s,1514,0.9775308045421599
lan-gateway-10s,1514,0.9775710719175325
lan-gateway-10s,1514,0.9776113392929049
lan-gateway-10s,1514,0.9776516066682773
lan-gateway-10s,1514,0.9776918740436499
lan-gateway-10s,1514,0.9777321414190223
lan-gateway-10s,1514,0.9777724087943948
lan-gateway-10s,1514,0.9778126761697673
lan-gateway-10s,1514,0.9778529435451397
lan-gateway-10s,1514,0.9778932109205122
lan-gateway-10s,1514,0.9779334782958847
lan-gateway-10s,1514,0.9779737456712572
lan-gateway-10s,1514,0.9780140130466296
lan-gateway-10s,1514,0.978054280422002
lan-gateway-10s,1514,0.9780945477973746
lan-gateway-10s,1514,0.978134815172747
lan-gateway-10s,1514,0.9781750825481195
lan-gateway-10s,1514,0.978215349923492
lan-gateway-10s,1514,0.9782556172988645
lan-gateway-10s,1514,0.9782958846742369
lan-gateway-10s,1514,0.9783361520496094
lan-gateway-10s,1514,0.9783764194249819
lan-gateway-10s,1514,0.9784166868003543
lan-gateway-10s,1514,0.9784569541757269
lan-gateway-10s,1514,0.9784972215510993
lan-gateway-10s,1514,0.9785374889264717
lan-gateway-10s,1514,0.9785777563018443
lan-gateway-10s,1514,0.9786180236772167
lan-gateway-10s,1514,0.9786582910525892
lan-gateway-10s,1514,0.9786985584279617
lan-gateway-10s,1514,0.9787388258033342
lan-gateway-10s,1514,0.9787790931787066
lan-gateway-10s,1514,0.978819360554079
lan-gateway-10s,1514,0.9788596279294516
lan-gateway-10s,1514,0.978899895304824
lan-gateway-10s,1514,0.9789401626801965
lan-gateway-10s,1514,0.978980430055569
lan-gateway-10s,1514,0.9790206974309414
lan-gateway-10s,1514,0.9790609648063139
lan-gateway-10s,1514,0.9791012321816864
lan-gateway-10s,1514,0.9791414995570589
lan-gateway-10s,1514,0.9791817669324313
lan-gateway-10s,1514,0.9792220343078039
lan-gateway-10s,1514,0.9792623016831763
lan-gateway-10s,1514,0.9793025690585487
lan-gateway-10s,1514,0.9793428364339213
lan-gateway-10s,1514,0.9793831038092937
lan-gateway-10s,1514,0.9794233711846662
lan-gateway-10s,1514,0.9794636385600387
lan-gateway-10s,1514,0.9795039059354111
lan-gateway-10s,1514,0.9795441733107836
lan-gateway-10s,1514,0.979584440686156
lan-gateway-10s,1514,0.9796247080615286
lan-gateway-10s,1514,0.979664975436901
lan-gateway-10s,1514,0.9797052428122734
lan-gateway-10s,1514,0.979745510187646
lan-gateway-10s,1514,0.9797857775630184
lan-gateway-10s,1514,0.9798260449383909
lan-gateway-10s,1514,0.9798663123137634
lan-gateway-10s,1514,0.9799065796891359
lan-gateway-10s,1514,0.9799468470645083
lan-gateway-10s,1514,0.9799871144398808
lan-gateway-10s,1514,0.9800273818152533
lan-gateway-10s,1514,0.9800676491906257
lan-gateway-10s,1514,0.9801079165659983
lan-gateway-10s,1514,0.9801481839413707
lan-gateway-10s,1514,0.9801884513167431
lan-gateway-10s,1514,0.9802287186921157
lan-gateway-10s,1514,0.9802689860674881
lan-gateway-10s,1514,0.9803092534428606
lan-gateway-10s,1514,0.9803495208182331
lan-gateway-10s,1514,0.9803897881936056
lan-gateway-10s,1514,0.980430055568978
lan-gateway-10s,1514,0.9804703229443504
lan-gateway-10s,1514,0.980510590319723
lan-gateway-10s,1514,0.9805508576950954
lan-gateway-10s,1514,0.9805911250704679
lan-gateway-10s,1514,0.9806313924458404
lan-gateway-10s,1514,0.9806716598212128
lan-gateway-10s,1514,0.9807119271965853
lan-gateway-10s,1514,0.9807521945719578
lan-gateway-10s,1514,0.9807924619473303
lan-gateway-10s,1514,0.9808327293227027
lan-gateway-10s,1514,0.9808729966980753
lan-gateway-10s,1514,0.9809132640734477
lan-gateway-10s,1514,0.9809535314488201
lan-gateway-10s,1514,0.9809937988241927
lan-gateway-10s,1514,0.9810340661995651
lan-gateway-10s,1514,0.9810743335749376
lan-gateway-10s,1514,0.9811146009503101
lan-gateway-10s,1514,0.9811548683256825
lan-gateway-10s,1514,0.981195135701055
lan-gateway-10s,1514,0.9812354030764274
lan-gateway-10s,1514,0.9812756704518
lan-gateway-10s,1514,0.9813159378271724
lan-gateway-10s,1514,0.9813562052025449
lan-gateway-10s,1514,0.9813964725779174
lan-gateway-10s,1514,0.9814367399532898
lan-gateway-10s,1514,0.9814770073286623
lan-gateway-10s,1514,0.9815172747040348
lan-gateway-10s,1514,0.9815575420794073
lan-gateway-10s,1514,0.9815978094547797
lan-gateway-10s,1514,0.9816380768301523
lan-gateway-10s,1514,0.9816783442055247
lan-gateway-10s,1514,0.9817186115808971
lan-gateway-10s,1514,0.9817588789562697
lan-gateway-10s,1514,0.9817991463316421
lan-gateway-10s,1514,0.9818394137070146
lan-gateway-10s,1514,0.9818796810823871
lan-gateway-10s,1514,0.9819199484577595
lan-gateway-10s,1514,0.981960215833132
lan-gateway-10s,1514,0.9820004832085044
lan-gateway-10s,1514,0.982040750583877
lan-gateway-10s,1514,0.9820810179592494
lan-gateway-10s,1514,0.9821212853346218
lan-gateway-10s,1514,0.9821615527099944
lan-gateway-10s,1514,0.9822018200853668
lan-gateway-10s,1514,0.9822420874607393
lan-gateway-10s,1514,0.9822823548361118
lan-gateway-10s,1514,0.9823226222114843
lan-gateway-10s,1514,0.9823628895868567
lan-gateway-10s,1514,0.9824031569622292
lan-gateway-10s,1514,0.9824434243376017
lan-gateway-10s,1514,0.9824836917129741
lan-gateway-10s,1514,0.9825239590883467
lan-gateway-10s,1514,0.9825642264637191
lan-gateway-10s,1514,0.9826044938390915
lan-gateway-10s,1514,0.9826447612144641
lan-gateway-10s,1514,0.9826850285898365
lan-gateway-10s,1514,0.982725295965209
lan-gateway-10s,1514,0.9827655633405815
lan-gateway-10s,1514,0.982805830715954
lan-gateway-10s,1514,0.9828460980913264
lan-gateway-10s,1514,0.9828863654666988
lan-gateway-10s,1514,0.9829266328420714
lan-gateway-10s,1514,0.9829669002174438
lan-gateway-10s,1514,0.9830071675928163
lan-gateway-10s,1514,0.9830474349681888
lan-gateway-10s,1514,0.9830877023435612
lan-gateway-10s,1514,0.9831279697189337
lan-gateway-10s,1514,0.9831682370943062
lan-gateway-10s,1514,0.9832085044696787
lan-gateway-10s,1514,0.9832487718450511
lan-gateway-10s,1514,0.9832890392204237
lan-gateway-10s,1514,0.9833293065957961
lan-gateway-10s,1514,0.9833695739711685
lan-gateway-10s,1514,0.9834098413465411
lan-gateway-10s,1514,0.9834501087219135
lan-gateway-10s,1514,0.983490376097286
lan-gateway-10s,1514,0.9835306434726585
lan-gateway-10s,1514,0.9835709108480309
lan-gateway-10s,1514,0.9836111782234034
lan-gateway-10s,1514,0.9836514455987758
lan-gateway-10s,1514,0.9836917129741484
lan-gateway-10s,1514,0.9837319803495208
lan-gateway-10s,1514,0.9837722477248932
lan-gateway-10s,1514,0.9838125151002658
lan-gateway-10s,1514,0.9838527824756382
lan-gateway-10s,1514,0.9838930498510107
lan-gateway-10s,1514,0.9839333172263832
lan-gateway-10s,1514,0.9839735846017557
lan-gateway-10s,1514,0.9840138519771281
lan-gateway-10s,1514,0.9840541193525006
lan-gateway-10s,1514,0.9840943867278731
lan-gateway-10s,1514,0.9841346541032455
lan-gateway-10s,1514,0.9841749214786181
lan-gateway-10s,1514,0.9842151888539905
lan-gateway-10s,1514,0.984255456229363
lan-gateway-10s,1514,0.9842957236047355
lan-gateway-10s,1514,0.9843359909801079
lan-gateway-10s,1514,0.9843762583554804
lan-gateway-10s,1514,0.9844165257308528
lan-gateway-10s,1514,0.9844567931062254
lan-gateway-10s,1514,0.9844970604815978
lan-gateway-10s,1514,0.9845373278569702
lan-gateway-10s,1514,0.9845775952323428
lan-gateway-10s,1514,0.9846178626077152
lan-gateway-10s,1514,0.9846581299830877
lan-gateway-10s,1514,0.9846983973584602
lan-gateway-10s,1514,0.9847386647338326
lan-gateway-10s,1514,0.9847789321092051
lan-gateway-10s,1514,0.9848191994845776
lan-gateway-10s,1514,0.9848594668599501
lan-gateway-10s,1514,0.9848997342353225
lan-gateway-10s,1514,0.9849400016106951
lan-gateway-10s,1514,0.9849802689860675
lan-gateway-10s,1514,0.9850205363614399
lan-gateway-10s,1514,0.9850608037368125
lan-gateway-10s,1514,0.9851010711121849
lan-gateway-10s,1514,0.9851413384875574
lan-gateway-10s,1514,0.9851816058629298
lan-gateway-10s,1514,0.9852218732383023
lan-gateway-10s,1514,0.9852621406136748
lan-gateway-10s,1514,0.9853024079890472
lan-gateway-10s,1514,0.9853426753644198
lan-gateway-10s,1514,0.9853829427397922
lan-gateway-10s,1514,0.9854232101151646
lan-gateway-10s,1514,0.9854634774905372
lan-gateway-10s,1514,0.9855037448659096
lan-gateway-10s,1514,0.9855440122412821
lan-gateway-10s,1514,0.9855842796166546
lan-gateway-10s,1514,0.9856245469920271
lan-gateway-10s,1514,0.9856648143673995
lan-gateway-10s,1514,0.985705081742772
lan-gateway-10s,1514,0.9857453491181445
lan-gateway-10s,1514,0.9857856164935169
lan-gateway-10s,1514,0.9858258838688895
lan-gateway-10s,1514,0.9858661512442619
lan-gateway-10s,1514,0.9859064186196344
lan-gateway-10s,1514,0.9859466859950069
lan-gateway-10s,1514,0.9859869533703793
lan-gateway-10s,1514,0.9860272207457518
lan-gateway-10s,1514,0.9860674881211242
lan-gateway-10s,1514,0.9861077554964968
lan-gateway-10s,1514,0.9861480228718692
lan-gateway-10s,1514,0.9861882902472416
lan-gateway-10s,1514,0.9862285576226142
lan-gateway-10s,1514,0.9862688249979866
lan-gateway-10s,1514,0.9863090923733591
lan-gateway-10s,1514,0.9863493597487316
lan-gateway-10s,1514,0.986389627124104
lan-gateway-10s,1514,0.9864298944994765
lan-gateway-10s,1514,0.986470161874849
lan-gateway-10s,1514,0.9865104292502215
lan-gateway-10s,1514,0.9865506966255939
lan-gateway-10s,1514,0.9865909640009665
lan-gateway-10s,1514,0.9866312313763389
lan-gateway-10s,1514,0.9866714987517113
lan-gateway-10s,1514,0.9867117661270839
lan-gateway-10s,1514,0.9867520335024563
lan-gateway-10s,1514,0.9867923008778288
lan-gateway-10s,1514,0.9868325682532012
lan-gateway-10s,1514,0.9868728356285738
lan-gateway-10s,1514,0.9869131030039462
lan-gateway-10s,1514,0.9869533703793186
lan-gateway-10s,1514,0.9869936377546912
lan-gateway-10s,1514,0.9870339051300636
lan-gateway-10s,1514,0.987074172505436
lan-gateway-10s,1514,0.9871144398808086
lan-gateway-10s,1514,0.987154707256181
lan-gateway-10s,1514,0.9871949746315535
lan-gateway-10s,1514,0.987235242006926
lan-gateway-10s,1514,0.9872755093822985
lan-gateway-10s,1514,0.9873157767576709
lan-gateway-10s,1514,0.9873560441330435
lan-gateway-10s,1514,0.9873963115084159
lan-gateway-10s,1514,0.9874365788837883
lan-gateway-10s,1514,0.9874768462591609
lan-gateway-10s,1514,0.9875171136345333
lan-gateway-10s,1514,0.9875573810099058
lan-gateway-10s,1514,0.9875976483852782
lan-gateway-10s,1514,0.9876379157606507
lan-gateway-10s,1514,0.9876781831360232
lan-gateway-10s,1514,0.9877184505113956
lan-gateway-10s,1514,0.9877587178867682
lan-gateway-10s,1514,0.9877989852621406
lan-gateway-10s,1514,0.987839252637513
lan-gateway-10s,1514,0.9878795200128856
lan-gateway-10s,1514,0.987919787388258
lan-gateway-10s,1514,0.9879600547636305
lan-gateway-10s,1514,0.988000322139003
lan-gateway-10s,1514,0.9880405895143755
lan-gateway-10s,1514,0.9880808568897479
lan-gateway-10s,1514,0.9881211242651204
lan-gateway-10s,1514,0.9881613916404929
lan-gateway-10s,1514,0.9882016590158653
lan-gateway-10s,1514,0.9882419263912379
lan-gateway-10s,1514,0.9882821937666103
lan-gateway-10s,1514,0.9883224611419827
lan-gateway-10s,1514,0.9883627285173553
lan-gateway-10s,1514,0.9884029958927277
lan-gateway-10s,1514,0.9884432632681002
lan-gateway-10s,1514,0.9884835306434726
lan-gateway-10s,1514,0.9885237980188452
lan-gateway-10s,1514,0.9885640653942176
lan-gateway-10s,1514,0.98860433276959
lan-gateway-10s,1514,0.9886446001449626
lan-gateway-10s,1514,0.988684867520335
lan-gateway-10s,1514,0.9887251348957075
lan-gateway-10s,1514,0.98876540227108
lan-gateway-10s,1514,0.9888056696464524
lan-gateway-10s,1514,0.9888459370218249
lan-gateway-10s,1514,0.9888862043971974
lan-gateway-10s,1514,0.9889264717725699
lan-gateway-10s,1514,0.9889667391479423
lan-gateway-10s,1514,0.9890070065233149
lan-gateway-10s,1514,0.9890472738986873
lan-gateway-10s,1514,0.9890875412740597
lan-gateway-10s,1514,0.9891278086494323
lan-gateway-10s,1514,0.9891680760248047
lan-gateway-10s,1514,0.9892083434001772
lan-gateway-10s,1514,0.9892486107755496
lan-gateway-10s,1514,0.9892888781509221
lan-gateway-10s,1514,0.9893291455262946
lan-gateway-10s,1514,0.989369412901667
lan-gateway-10s,1514,0.9894096802770396
lan-gateway-10s,1514,0.989449947652412
lan-gateway-10s,1514,0.9894902150277844
lan-gateway-10s,1514,0.989530482403157
lan-gateway-10s,1514,0.9895707497785294
lan-gateway-10s,1514,0.9896110171539019
lan-gateway-10s,1514,0.9896512845292744
lan-gateway-10s,1514,0.9896915519046469
lan-gateway-10s,1514,0.9897318192800193
lan-gateway-10s,1514,0.9897720866553918
lan-gateway-10s,1514,0.9898123540307643
lan-gateway-10s,1514,0.9898526214061367
lan-gateway-10s,1514,0.9898928887815093
lan-gateway-10s,1514,0.9899331561568817
lan-gateway-10s,1514,0.9899734235322541
lan-gateway-10s,1514,0.9900136909076266
lan-gateway-10s,1514,0.9900539582829991
lan-gateway-10s,1514,0.9900942256583716
lan-gateway-10s,1514,0.990134493033744
lan-gateway-10s,1514,0.9901747604091166
lan-gateway-10s,1514,0.990215027784489
lan-gateway-10s,1514,0.9902552951598614
lan-gateway-10s,1514,0.990295562535234
lan-gateway-10s,1514,0.9903358299106064
lan-gateway-10s,1514,0.9903760972859789
lan-gateway-10s,1514,0.9904163646613514
lan-gateway-10s,1514,0.9904566320367238
lan-gateway-10s,1514,0.9904968994120963
lan-gateway-10s,1514,0.9905371667874688
lan-gateway-10s,1514,0.9905774341628413
lan-gateway-10s,1514,0.9906177015382137
lan-gateway-10s,1514,0.9906579689135863
lan-gateway-10s,1514,0.9906982362889587
lan-gateway-10s,1514,0.9907385036643311
lan-gateway-10s,1514,0.9907787710397037
lan-gateway-10s,1514,0.9908190384150761
lan-gateway-10s,1514,0.9908593057904486
lan-gateway-10s,1514,0.990899573165821
lan-gateway-10s,1514,0.9909398405411936
lan-gateway-10s,1514,0.990980107916566
lan-gateway-10s,1514,0.9910203752919384
lan-gateway-10s,1514,0.991060642667311
lan-gateway-10s,1514,0.9911009100426834
lan-gateway-10s,1514,0.9911411774180559
lan-gateway-10s,1514,0.9911814447934284
lan-gateway-10s,1514,0.9912217121688008
lan-gateway-10s,1514,0.9912619795441733
lan-gateway-10s,1514,0.9913022469195458
lan-gateway-10s,1514,0.9913425142949183
lan-gateway-10s,1514,0.9913827816702907
lan-gateway-10s,1514,0.9914230490456633
lan-gateway-10s,1514,0.9914633164210357
lan-gateway-10s,1514,0.9915035837964081
lan-gateway-10s,1514,0.9915438511717807
lan-gateway-10s,1514,0.9915841185471531
lan-gateway-10s,1514,0.9916243859225256
lan-gateway-10s,1514,0.991664653297898
lan-gateway-10s,1514,0.9917049206732705
lan-gateway-10s,1514,0.991745188048643
lan-gateway-10s,1514,0.9917854554240154
lan-gateway-10s,1514,0.991825722799388
lan-gateway-10s,1514,0.9918659901747604
lan-gateway-10s,1514,0.9919062575501328
lan-gateway-10s,1514,0.9919465249255054
lan-gateway-10s,1514,0.9919867923008778
lan-gateway-10s,1514,0.9920270596762503
lan-gateway-10s,1514,0.9920673270516228
lan-gateway-10s,1514,0.9921075944269953
lan-gateway-10s,1514,0.9921478618023677
lan-gateway-10s,1514,0.9921881291777402
lan-gateway-10s,1514,0.9922283965531127
lan-gateway-10s,1514,0.9922686639284851
lan-gateway-10s,1514,0.9923089313038577
lan-gateway-10s,1514,0.9923491986792301
lan-gateway-10s,1514,0.9923894660546025
lan-gateway-10s,1514,0.992429733429975
lan-gateway-10s,1514,0.9924700008053475
lan-gateway-10s,1514,0.99251026818072
lan-gateway-10s,1514,0.9925505355560924
lan-gateway-10s,1514,0.992590802931465
lan-gateway-10s,1514,0.9926310703068374
lan-gateway-10s,1514,0.9926713376822098
lan-gateway-10s,1514,0.9927116050575824
lan-gateway-10s,1514,0.9927518724329548
lan-gateway-10s,1514,0.9927921398083273
lan-gateway-10s,1514,0.9928324071836998
lan-gateway-10s,1514,0.9928726745590722
lan-gateway-10s,1514,0.9929129419344447
lan-gateway-10s,1514,0.9929532093098172
lan-gateway-10s,1514,0.9929934766851897
lan-gateway-10s,1514,0.9930337440605621
lan-gateway-10s,1514,0.9930740114359347
lan-gateway-10s,1514,0.9931142788113071
lan-gateway-10s,1514,0.9931545461866795
lan-gateway-10s,1514,0.993194813562052
lan-gateway-10s,1514,0.9932350809374245
lan-gateway-10s,1514,0.993275348312797
lan-gateway-10s,1514,0.9933156156881694
lan-gateway-10s,1514,0.993355883063542
lan-gateway-10s,1514,0.9933961504389144
lan-gateway-10s,1514,0.9934364178142868
lan-gateway-10s,1514,0.9934766851896594
lan-gateway-10s,1514,0.9935169525650318
lan-gateway-10s,1514,0.9935572199404042
lan-gateway-10s,1514,0.9935974873157768
lan-gateway-10s,1514,0.9936377546911492
lan-gateway-10s,1514,0.9936780220665217
lan-gateway-10s,1514,0.9937182894418942
lan-gateway-10s,1514,0.9937585568172667
lan-gateway-10s,1514,0.9937988241926391
lan-gateway-10s,1514,0.9938390915680116
lan-gateway-10s,1514,0.9938793589433841
lan-gateway-10s,1514,0.9939196263187565
lan-gateway-10s,1514,0.9939598936941291
lan-gateway-10s,1514,0.9940001610695015
lan-gateway-10s,1514,0.994040428444874
lan-gateway-10s,1514,0.9940806958202464
lan-gateway-10s,1514,0.9941209631956189
lan-gateway-10s,1514,0.9941612305709914
lan-gateway-10s,1514,0.9942014979463638
lan-gateway-10s,1514,0.9942417653217364
lan-gateway-10s,1514,0.9942820326971088
lan-gateway-10s,1514,0.9943223000724812
lan-gateway-10s,1514,0.9943625674478538
lan-gateway-10s,1514,0.9944028348232262
lan-gateway-10s,1514,0.9944431021985987
lan-gateway-10s,1514,0.9944833695739712
lan-gateway-10s,1514,0.9945236369493436
lan-gateway-10s,1514,0.9945639043247161
lan-gateway-10s,1514,0.9946041717000886
lan-gateway-10s,1514,0.9946444390754611
lan-gateway-10s,1514,0.9946847064508335
lan-gateway-10s,1514,0.9947249738262061
lan-gateway-10s,1514,0.9947652412015785
lan-gateway-10s,1514,0.9948055085769509
lan-gateway-10s,1514,0.9948457759523234
lan-gateway-10s,1514,0.9948860433276959
lan-gateway-10s,1514,0.9949263107030684
lan-gateway-10s,1514,0.9949665780784408
lan-gateway-10s,1514,0.9950068454538133
lan-gateway-10s,1514,0.9950471128291858
lan-gateway-10s,1514,0.9950873802045582
lan-gateway-10s,1514,0.9951276475799308
lan-gateway-10s,1514,0.9951679149553032
lan-gateway-10s,1514,0.9952081823306757
lan-gateway-10s,1514,0.9952484497060482
lan-gateway-10s,1514,0.9952887170814206
lan-gateway-10s,1514,0.9953289844567931
lan-gateway-10s,1514,0.9953692518321656
lan-gateway-10s,1514,0.9954095192075381
lan-gateway-10s,1514,0.9954497865829105
lan-gateway-10s,1514,0.995490053958283
lan-gateway-10s,1514,0.9955303213336555
lan-gateway-10s,1514,0.9955705887090279
lan-gateway-10s,1514,0.9956108560844004
lan-gateway-10s,1514,0.9956511234597729
lan-gateway-10s,1514,0.9956913908351454
lan-gateway-10s,1514,0.9957316582105178
lan-gateway-10s,1514,0.9957719255858903
lan-gateway-10s,1514,0.9958121929612628
lan-gateway-10s,1514,0.9958524603366352
lan-gateway-10s,1514,0.9958927277120078
lan-gateway-10s,1514,0.9959329950873802
lan-gateway-10s,1514,0.9959732624627526
lan-gateway-10s,1514,0.9960135298381252
lan-gateway-10s,1514,0.9960537972134976
lan-gateway-10s,1514,0.9960940645888701
lan-gateway-10s,1514,0.9961343319642426
lan-gateway-10s,1514,0.996174599339615
lan-gateway-10s,1514,0.9962148667149875
lan-gateway-10s,1514,0.99625513409036
lan-gateway-10s,1514,0.9962954014657325
lan-gateway-10s,1514,0.9963356688411049
lan-gateway-10s,1514,0.9963759362164775
lan-gateway-10s,1514,0.9964162035918499
lan-gateway-10s,1514,0.9964564709672223
lan-gateway-10s,1514,0.9964967383425948
lan-gateway-10s,1514,0.9965370057179673
lan-gateway-10s,1514,0.9965772730933398
lan-gateway-10s,1514,0.9966175404687122
lan-gateway-10s,1514,0.9966578078440848
lan-gateway-10s,1514,0.9966980752194572
lan-gateway-10s,1514,0.9967383425948296
lan-gateway-10s,1514,0.9967786099702022
lan-gateway-10s,1514,0.9968188773455746
lan-gateway-10s,1514,0.996859144720947
lan-gateway-10s,1514,0.9968994120963196
lan-gateway-10s,1514,0.996939679471692
lan-gateway-10s,1514,0.9969799468470645
lan-gateway-10s,1514,0.997020214222437
lan-gateway-10s,1514,0.9970604815978095
lan-gateway-10s,1514,0.9971007489731819
lan-gateway-10s,1514,0.9971410163485545
lan-gateway-10s,1514,0.9971812837239269
lan-gateway-10s,1514,0.9972215510992993
lan-gateway-10s,1514,0.9972618184746718
lan-gateway-10s,1514,0.9973020858500443
lan-gateway-10s,1514,0.9973423532254168
lan-gateway-10s,1514,0.9973826206007892
lan-gateway-10s,1514,0.9974228879761617
lan-gateway-10s,1514,0.9974631553515342
lan-gateway-10s,1514,0.9975034227269066
lan-gateway-10s,1514,0.9975436901022792
lan-gateway-10s,1514,0.9975839574776516
lan-gateway-10s,1514,0.997624224853024
lan-gateway-10s,1514,0.9976644922283966
lan-gateway-10s,1514,0.997704759603769
lan-gateway-10s,1514,0.9977450269791415
lan-gateway-10s,1514,0.997785294354514
lan-gateway-10s,1514,0.9978255617298865
lan-gateway-10s,1514,0.9978658291052589
lan-gateway-10s,1514,0.9979060964806314
lan-gateway-10s,1514,0.9979463638560039
lan-gateway-10s,1514,0.9979866312313763
lan-gateway-10s,1514,0.9980268986067488
lan-gateway-10s,1514,0.9980671659821213
lan-gateway-10s,1514,0.9981074333574937
lan-gateway-10s,1514,0.9981477007328662
lan-gateway-10s,1514,0.9981879681082387
lan-gateway-10s,1514,0.9982282354836112
lan-gateway-10s,1514,0.9982685028589836
lan-gateway-10s,1514,0.9983087702343562
lan-gateway-10s,1514,0.9983490376097286
lan-gateway-10s,1514,0.998389304985101
lan-gateway-10s,1514,0.9984295723604736
lan-gateway-10s,1514,0.998469839735846
lan-gateway-10s,1514,0.9985101071112185
lan-gateway-10s,1514,0.998550374486591
lan-gateway-10s,1514,0.9985906418619634
lan-gateway-10s,1514,0.9986309092373359
lan-gateway-10s,1514,0.9986711766127084
lan-gateway-10s,1514,0.9987114439880809
lan-gateway-10s,1514,0.9987517113634533
lan-gateway-10s,1514,0.9987919787388259
lan-gateway-10s,1514,0.9988322461141983
lan-gateway-10s,1514,0.9988725134895707
lan-gateway-10s,1514,0.9989127808649432
lan-gateway-10s,1514,0.9989530482403157
lan-gateway-10s,1514,0.9989933156156882
lan-gateway-10s,1514,0.9990335829910606
lan-gateway-10s,1514,0.9990738503664331
lan-gateway-10s,1514,0.9991141177418056
lan-gateway-10s,1514,0.999154385117178
lan-gateway-10s,1514,0.9991946524925506
lan-gateway-10s,1514,0.999234919867923
lan-gateway-10s,1514,0.9992751872432954
lan-gateway-10s,1514,0.999315454618668
lan-gateway-10s,1514,0.9993557219940404
lan-gateway-10s,1514,0.9993959893694129
lan-gateway-10s,1514,0.9994362567447854
lan-gateway-10s,1514,0.9994765241201579
lan-gateway-10s,1514,0.9995167914955303
lan-gateway-10s,1514,0.9995570588709028
lan-gateway-10s,1514,0.9995973262462753
lan-gateway-10s,1514,0.9996375936216477
lan-gateway-10s,1514,0.9996778609970202
lan-gateway-10s,1514,0.9997181283723927
lan-gateway-10s,1514,0.9997583957477651
lan-gateway-10s,1514,0.9997986631231376
lan-gateway-10s,1514,0.9998389304985101
lan-gateway-10s,1514,0.9998791978738826
lan-gateway-10s,1514,0.999919465249255
lan-gateway-10s,1514,0.9999597326246276
iperf,66,0.0
iperf,66,0.002207505518763797
iperf,66,0.004415011037527594
iperf,66,0.006622516556291391
iperf,66,0.008830022075055188
iperf,66,0.011037527593818985
iperf,66,0.013245033112582781
iperf,66,0.01545253863134658
iperf,66,0.017660044150110375
iperf,66,0.019867549668874173
iperf,66,0.02207505518763797
iperf,66,0.024282560706401765
iperf,66,0.026490066225165563
iperf,66,0.02869757174392936
iperf,66,0.03090507726269316
iperf,66,0.033112582781456956
iperf,66,0.03532008830022075
iperf,66,0.037527593818984545
iperf,66,0.039735099337748346
iperf,66,0.04194260485651214
iperf,66,0.04415011037527594
iperf,66,0.046357615894039736
iperf,66,0.04856512141280353
iperf,66,0.05077262693156733
iperf,66,0.052980132450331126
iperf,66,0.05518763796909492
iperf,66,0.05739514348785872
iperf,66,0.059602649006622516
iperf,66,0.06181015452538632
iperf,66,0.0640176600441501
iperf,66,0.06622516556291391
iperf,66,0.0684326710816777
iperf,66,0.0706401766004415
iperf,66,0.0728476821192053
iperf,66,0.07505518763796909
iperf,66,0.0772626931567329
iperf,66,0.07947019867549669
iperf,66,0.08167770419426049
iperf,66,0.08388520971302428
iperf,66,0.08609271523178808
iperf,66,0.08830022075055188
iperf,66,0.09050772626931568
iperf,66,0.09271523178807947
iperf,66,0.09492273730684327
iperf,66,0.09713024282560706
iperf,66,0.09933774834437085
iperf,66,0.10154525386313466
iperf,66,0.10375275938189846
iperf,66,0.10596026490066225
iperf,66,0.10816777041942605
iperf,66,0.11037527593818984
iperf,66,0.11258278145695365
iperf,66,0.11479028697571744
iperf,66,0.11699779249448124
iperf,66,0.11920529801324503
iperf,66,0.12141280353200883
iperf,66,0.12362030905077263
iperf,66,0.12582781456953643
iperf,66,0.1280353200883002
iperf,66,0.13024282560706402
iperf,66,0.13245033112582782
iperf,66,0.1346578366445916
iperf,66,0.1368653421633554
iperf,66,0.1390728476821192
iperf,66,0.141280353200883
iperf,66,0.1434878587196468
iperf,66,0.1456953642384106
iperf,66,0.1479028697571744
iperf,66,0.15011037527593818
iperf,66,0.152317880794702
iperf,66,0.1545253863134658
iperf,66,0.15673289183222958
iperf,66,0.15894039735099338
iperf,66,0.16114790286975716
iperf,66,0.16335540838852097
iperf,66,0.16556291390728478
iperf,66,0.16777041942604856
iperf,66,0.16997792494481237
iperf,66,0.17218543046357615
iperf,66,0.17439293598233996
iperf,66,0.17660044150110377
iperf,66,0.17880794701986755
iperf,66,0.18101545253863136
iperf,66,0.18322295805739514
iperf,66,0.18543046357615894
iperf,66,0.18763796909492272
iperf,66,0.18984547461368653
iperf,66,0.19205298013245034
iperf,66,0.19426048565121412
iperf,66,0.19646799116997793
iperf,66,0.1986754966887417
iperf,66,0.20088300220750552
iperf,66,0.20309050772626933
iperf,66,0.2052980132450331
iperf,66,0.20750551876379691
iperf,66,0.2097130242825607
iperf,66,0.2119205298013245
iperf,66,0.2141280353200883
iperf,66,0.2163355408388521
iperf,66,0.2185430463576159
iperf,66,0.22075055187637968
iperf,66,0.2229580573951435
iperf,66,0.2251655629139073
iperf,66,0.22737306843267108
iperf,66,0.22958057395143489
iperf,66,0.23178807947019867
iperf,66,0.23399558498896247
iperf,66,0.23620309050772628
iperf,66,0.23841059602649006
iperf,66,0.24061810154525387
iperf,66,0.24282560706401765
iperf,66,0.24503311258278146
iperf,66,0.24724061810154527
iperf,66,0.24944812362030905
iperf,66,0.25165562913907286
iperf,66,0.25386313465783666
iperf,66,0.2560706401766004
iperf,66,0.2582781456953642
iperf,66,0.26048565121412803
iperf,66,0.26269315673289184
iperf,66,0.26490066225165565
iperf,66,0.2671081677704194
iperf,66,0.2693156732891832
iperf,66,0.271523178807947
iperf,66,0.2737306843267108
iperf,66,0.27593818984547464
iperf,66,0.2781456953642384
iperf,66,0.2803532008830022
iperf,66,0.282560706401766
iperf,66,0.2847682119205298
iperf,66,0.2869757174392936
iperf,66,0.2891832229580574
iperf,66,0.2913907284768212
iperf,66,0.293598233995585
iperf,66,0.2958057395143488
iperf,66,0.2980132450331126
iperf,66,0.30022075055187636
iperf,66,0.30242825607064017
iperf,66,0.304635761589404
iperf,66,0.3068432671081678
iperf,66,0.3090507726269316
iperf,66,0.31125827814569534
iperf,66,0.31346578366445915
iperf,66,0.31567328918322296
iperf,66,0.31788079470198677
iperf,66,0.3200883002207506
iperf,66,0.32229580573951433
iperf,66,0.32450331125827814
iperf,66,0.32671081677704195
iperf,66,0.32891832229580575
iperf,66,0.33112582781456956
iperf,66,0.3333333333333333
iperf,66,0.3355408388520971
iperf,66,0.33774834437086093
iperf,66,0.33995584988962474
iperf,66,0.34216335540838855
iperf,66,0.3443708609271523
iperf,66,0.3465783664459161
iperf,66,0.3487858719646799
iperf,66,0.3509933774834437
iperf,66,0.35320088300220753
iperf,66,0.3554083885209713
iperf,66,0.3576158940397351
iperf,66,0.3598233995584989
iperf,66,0.3620309050772627
iperf,66,0.36423841059602646
iperf,66,0.36644591611479027
iperf,66,0.3686534216335541
iperf,66,0.3708609271523179
iperf,66,0.3730684326710817
iperf,66,0.37527593818984545
iperf,66,0.37748344370860926
iperf,66,0.37969094922737306
iperf,66,0.3818984547461369
iperf,66,0.3841059602649007
iperf,66,0.38631346578366443
iperf,66,0.38852097130242824
iperf,66,0.39072847682119205
iperf,66,0.39293598233995586
iperf,66,0.39514348785871967
iperf,66,0.3973509933774834
iperf,66,0.3995584988962472
iperf,66,0.40176600441501104
iperf,66,0.40397350993377484
iperf,66,0.40618101545253865
iperf,66,0.4083885209713024
iperf,66,0.4105960264900662
iperf,66,0.41280353200883
iperf,66,0.41501103752759383
iperf,66,0.41721854304635764
iperf,67,0.4194260485651214
iperf,67,0.4216335540838852
iperf,67,0.423841059602649
iperf,67,0.4260485651214128
iperf,68,0.4282560706401766
iperf,70,0.4304635761589404
iperf,70,0.4326710816777042
iperf,70,0.434878587196468
iperf,70,0.4370860927152318
iperf,70,0.4392935982339956
iperf,70,0.44150110375275936
iperf,70,0.44370860927152317
iperf,74,0.445916114790287
iperf,74,0.4481236203090508
iperf,103,0.4503311258278146
iperf,185,0.45253863134657835
iperf,339,0.45474613686534215
iperf,352,0.45695364238410596
iperf,818,0.45916114790286977
iperf,818,0.4613686534216336
iperf,818,0.46357615894039733
iperf,818,0.46578366445916114
iperf,818,0.46799116997792495
iperf,818,0.47019867549668876
iperf,818,0.47240618101545256
iperf,818,0.4746136865342163
iperf,818,0.4768211920529801
iperf,818,0.47902869757174393
iperf,818,0.48123620309050774
iperf,818,0.48344370860927155
iperf,818,0.4856512141280353
iperf,818,0.4878587196467991
iperf,818,0.4900662251655629
iperf,818,0.4922737306843267
iperf,818,0.49448123620309054
iperf,818,0.4966887417218543
iperf,818,0.4988962472406181
iperf,818,0.5011037527593819
iperf,818,0.5033112582781457
iperf,818,0.5055187637969095
iperf,818,0.5077262693156733
iperf,818,0.5099337748344371
iperf,818,0.5121412803532008
iperf,818,0.5143487858719646
iperf,818,0.5165562913907285
iperf,818,0.5187637969094923
iperf,818,0.5209713024282561
iperf,818,0.5231788079470199
iperf,818,0.5253863134657837
iperf,818,0.5275938189845475
iperf,818,0.5298013245033113
iperf,818,0.5320088300220751
iperf,818,0.5342163355408388
iperf,818,0.5364238410596026
iperf,818,0.5386313465783664
iperf,818,0.5408388520971302
iperf,818,0.543046357615894
iperf,818,0.5452538631346578
iperf,818,0.5474613686534217
iperf,818,0.5496688741721855
iperf,818,0.5518763796909493
iperf,818,0.5540838852097131
iperf,818,0.5562913907284768
iperf,818,0.5584988962472406
iperf,818,0.5607064017660044
iperf,818,0.5629139072847682
iperf,818,0.565121412803532
iperf,818,0.5673289183222958
iperf,818,0.5695364238410596
iperf,818,0.5717439293598234
iperf,818,0.5739514348785872
iperf,818,0.5761589403973509
iperf,818,0.5783664459161147
iperf,818,0.5805739514348786
iperf,818,0.5827814569536424
iperf,818,0.5849889624724062
iperf,818,0.58719646799117
iperf,818,0.5894039735099338
iperf,818,0.5916114790286976
iperf,818,0.5938189845474614
iperf,818,0.5960264900662252
iperf,818,0.5982339955849889
iperf,818,0.6004415011037527
iperf,818,0.6026490066225165
iperf,818,0.6048565121412803
iperf,818,0.6070640176600441
iperf,818,0.609271523178808
iperf,818,0.6114790286975718
iperf,818,0.6136865342163356
iperf,818,0.6158940397350994
iperf,818,0.6181015452538632
iperf,818,0.6203090507726269
iperf,818,0.6225165562913907
iperf,818,0.6247240618101545
iperf,850,0.6269315673289183
iperf,1906,0.6291390728476821
iperf,2962,0.6313465783664459
iperf,5858,0.6335540838852097
iperf,5858,0.6357615894039735
iperf,7306,0.6379690949227373
iperf,7306,0.6401766004415012
iperf,7306,0.6423841059602649
iperf,8754,0.6445916114790287
iperf,12314,0.6467991169977925
iperf,13098,0.6490066225165563
iperf,14546,0.6512141280353201
iperf,15994,0.6534216335540839
iperf,20698,0.6556291390728477
iperf,36266,0.6578366445916115
iperf,36266,0.6600441501103753
iperf,36266,0.6622516556291391
iperf,65226,0.6644591611479028
iperf,65226,0.6666666666666666
iperf,65226,0.6688741721854304
iperf,65226,0.6710816777041942
iperf,65226,0.673289183222958
iperf,65226,0.6754966887417219
iperf,65226,0.6777041942604857
iperf,65226,0.6799116997792495
iperf,65226,0.6821192052980133
iperf,65226,0.6843267108167771
iperf,65226,0.6865342163355408
iperf,65226,0.6887417218543046
iperf,65226,0.6909492273730684
iperf,65226,0.6931567328918322
iperf,65226,0.695364238410596
iperf,65226,0.6975717439293598
iperf,65226,0.6997792494481236
iperf,65226,0.7019867549668874
iperf,65226,0.7041942604856513
iperf,65226,0.7064017660044151
iperf,65226,0.7086092715231788
iperf,65226,0.7108167770419426
iperf,65226,0.7130242825607064
iperf,65226,0.7152317880794702
iperf,65226,0.717439293598234
iperf,65226,0.7196467991169978
iperf,65226,0.7218543046357616
iperf,65226,0.7240618101545254
iperf,65226,0.7262693156732892
iperf,65226,0.7284768211920529
iperf,65226,0.7306843267108167
iperf,65226,0.7328918322295805
iperf,65226,0.7350993377483444
iperf,65226,0.7373068432671082
iperf,65226,0.739514348785872
iperf,65226,0.7417218543046358
iperf,65226,0.7439293598233996
iperf,65226,0.7461368653421634
iperf,65226,0.7483443708609272
iperf,65226,0.7505518763796909
iperf,65226,0.7527593818984547
iperf,65226,0.7549668874172185
iperf,65226,0.7571743929359823
iperf,65226,0.7593818984547461
iperf,65226,0.7615894039735099
iperf,65226,0.7637969094922737
iperf,65226,0.7660044150110376
iperf,65226,0.7682119205298014
iperf,65226,0.7704194260485652
iperf,65226,0.7726269315673289
iperf,65226,0.7748344370860927
iperf,65226,0.7770419426048565
iperf,65226,0.7792494481236203
iperf,65226,0.7814569536423841
iperf,65226,0.7836644591611479
iperf,65226,0.7858719646799117
iperf,65226,0.7880794701986755
iperf,65226,0.7902869757174393
iperf,65226,0.7924944812362031
iperf,65226,0.7947019867549668
iperf,65226,0.7969094922737306
iperf,65226,0.7991169977924945
iperf,65226,0.8013245033112583
iperf,65226,0.8035320088300221
iperf,65226,0.8057395143487859
iperf,65226,0.8079470198675497
iperf,65226,0.8101545253863135
iperf,65226,0.8123620309050773
iperf,65226,0.8145695364238411
iperf,65226,0.8167770419426048
iperf,65226,0.8189845474613686
iperf,65226,0.8211920529801324
iperf,65226,0.8233995584988962
iperf,65226,0.82560706401766
iperf,65226,0.8278145695364238
iperf,65226,0.8300220750551877
iperf,65226,0.8322295805739515
iperf,65226,0.8344370860927153
iperf,65226,0.8366445916114791
iperf,65226,0.8388520971302428
iperf,65226,0.8410596026490066
iperf,65226,0.8432671081677704
iperf,65226,0.8454746136865342
iperf,65226,0.847682119205298
iperf,65226,0.8498896247240618
iperf,65226,0.8520971302428256
iperf,65226,0.8543046357615894
iperf,65226,0.8565121412803532
iperf,65226,0.8587196467991169
iperf,65226,0.8609271523178808
iperf,65226,0.8631346578366446
iperf,65226,0.8653421633554084
iperf,65226,0.8675496688741722
iperf,65226,0.869757174392936
iperf,65226,0.8719646799116998
iperf,65226,0.8741721854304636
iperf,65226,0.8763796909492274
iperf,65226,0.8785871964679912
iperf,65226,0.8807947019867549
iperf,65226,0.8830022075055187
iperf,65226,0.8852097130242825
iperf,65226,0.8874172185430463
iperf,65226,0.8896247240618101
iperf,65226,0.891832229580574
iperf,65226,0.8940397350993378
iperf,65226,0.8962472406181016
iperf,65226,0.8984547461368654
iperf,65226,0.9006622516556292
iperf,65226,0.9028697571743929
iperf,65226,0.9050772626931567
iperf,65226,0.9072847682119205
iperf,65226,0.9094922737306843
iperf,65226,0.9116997792494481
iperf,65226,0.9139072847682119
iperf,65226,0.9161147902869757
iperf,65226,0.9183222958057395
iperf,65226,0.9205298013245033
iperf,65226,0.9227373068432672
iperf,65226,0.9249448123620309
iperf,65226,0.9271523178807947
iperf,65226,0.9293598233995585
iperf,65226,0.9315673289183223
iperf,65226,0.9337748344370861
iperf,65226,0.9359823399558499
iperf,65226,0.9381898454746137
iperf,65226,0.9403973509933775
iperf,65226,0.9426048565121413
iperf,65226,0.9448123620309051
iperf,65226,0.9470198675496688
iperf,65226,0.9492273730684326
iperf,65226,0.9514348785871964
iperf,65226,0.9536423841059603
iperf,65226,0.9558498896247241
iperf,65226,0.9580573951434879
iperf,65226,0.9602649006622517
iperf,65226,0.9624724061810155
iperf,65226,0.9646799116997793
iperf,65226,0.9668874172185431
iperf,65226,0.9690949227373068
iperf,65226,0.9713024282560706
iperf,65226,0.9735099337748344
iperf,65226,0.9757174392935982
iperf,65226,0.977924944812362
iperf,65226,0.9801324503311258
iperf,65226,0.9823399558498896
iperf,65226,0.9845474613686535
iperf,65226,0.9867549668874173
iperf,65226,0.9889624724061811
iperf,65226,0.9911699779249448
iperf,65226,0.9933774834437086
iperf,65226,0.9955849889624724
iperf,65226,0.9977924944812362
